[2025-09-14T09:51:17.445+0000] {taskinstance.py:1956} INFO - Dependencies all met for dep_context=non-requeueable deps ti=<TaskInstance: update_car_data.import_car_data scheduled__2025-09-10T15:00:00+00:00 [queued]>
[2025-09-14T09:51:17.456+0000] {taskinstance.py:1956} INFO - Dependencies all met for dep_context=requeueable deps ti=<TaskInstance: update_car_data.import_car_data scheduled__2025-09-10T15:00:00+00:00 [queued]>
[2025-09-14T09:51:17.456+0000] {taskinstance.py:2170} INFO - Starting attempt 1 of 1
[2025-09-14T09:51:17.472+0000] {taskinstance.py:2191} INFO - Executing <Task(BashOperator): import_car_data> on 2025-09-10 15:00:00+00:00
[2025-09-14T09:51:17.480+0000] {standard_task_runner.py:60} INFO - Started process 727 to run task
[2025-09-14T09:51:17.484+0000] {standard_task_runner.py:87} INFO - Running: ['airflow', 'tasks', 'run', 'update_car_data', 'import_car_data', 'scheduled__2025-09-10T15:00:00+00:00', '--job-id', '38', '--raw', '--subdir', 'DAGS_FOLDER/update_car_data_dag.py', '--cfg-path', '/tmp/tmp8eqe1o54']
[2025-09-14T09:51:17.486+0000] {standard_task_runner.py:88} INFO - Job 38: Subtask import_car_data
[2025-09-14T09:51:17.573+0000] {task_command.py:423} INFO - Running <TaskInstance: update_car_data.import_car_data scheduled__2025-09-10T15:00:00+00:00 [running]> on host cd0ba00f68ef
[2025-09-14T09:51:17.699+0000] {taskinstance.py:2480} INFO - Exporting env vars: AIRFLOW_CTX_DAG_OWNER='airflow' AIRFLOW_CTX_DAG_ID='update_car_data' AIRFLOW_CTX_TASK_ID='import_car_data' AIRFLOW_CTX_EXECUTION_DATE='2025-09-10T15:00:00+00:00' AIRFLOW_CTX_TRY_NUMBER='1' AIRFLOW_CTX_DAG_RUN_ID='scheduled__2025-09-10T15:00:00+00:00'
[2025-09-14T09:51:17.700+0000] {subprocess.py:63} INFO - Tmp dir root location: /tmp
[2025-09-14T09:51:17.701+0000] {subprocess.py:75} INFO - Running command: ['/usr/bin/bash', '-c', 'docker exec babsim_django_gunicorn_1 python manage.py import_data']
[2025-09-14T09:51:17.717+0000] {subprocess.py:86} INFO - Output:
[2025-09-14T09:51:26.821+0000] {subprocess.py:93} INFO - App 'JJACKLETTE' ready (no heavy init).
[2025-09-14T09:51:29.524+0000] {subprocess.py:93} INFO - 1. '/app/text_data/DB/car_specs'에서 CSV 스펙 데이터 임포트를 시작합니다...
[2025-09-14T09:51:29.530+0000] {subprocess.py:93} INFO - CSV에서 26개의 차량을 찾았습니다.
[2025-09-14T09:51:29.580+0000] {subprocess.py:93} INFO -   > '코나' 스펙을 직접 CSV에서 로드했습니다.
[2025-09-14T09:51:29.587+0000] {subprocess.py:93} INFO -   > '쏘나타 디 엣지' 스펙을 직접 CSV에서 로드했습니다.
[2025-09-14T09:51:29.593+0000] {subprocess.py:93} INFO -   > 'G80' 스펙을 직접 CSV에서 로드했습니다.
[2025-09-14T09:51:29.599+0000] {subprocess.py:93} INFO -   > '베뉴' 스펙을 직접 CSV에서 로드했습니다.
[2025-09-14T09:51:29.605+0000] {subprocess.py:93} INFO -   > '카운티' 스펙을 직접 CSV에서 로드했습니다.
[2025-09-14T09:51:29.610+0000] {subprocess.py:93} INFO -   > 'G70' 스펙을 직접 CSV에서 로드했습니다.
[2025-09-14T09:51:29.616+0000] {subprocess.py:93} INFO -   > 'New GV60' 스펙을 직접 CSV에서 로드했습니다.
[2025-09-14T09:51:29.622+0000] {subprocess.py:93} INFO -   > '그랜저' 스펙을 직접 CSV에서 로드했습니다.
[2025-09-14T09:51:29.628+0000] {subprocess.py:93} INFO -   > '아반떼' 스펙을 직접 CSV에서 로드했습니다.
[2025-09-14T09:51:29.634+0000] {subprocess.py:93} INFO -   > '아이오닉 5 N' 스펙을 직접 CSV에서 로드했습니다.
[2025-09-14T09:51:29.640+0000] {subprocess.py:93} INFO -   > '아이오닉 9' 스펙을 직접 CSV에서 로드했습니다.
[2025-09-14T09:51:29.646+0000] {subprocess.py:93} INFO -   > '디 올 뉴 넥쏘' 스펙을 직접 CSV에서 로드했습니다.
[2025-09-14T09:51:29.652+0000] {subprocess.py:93} INFO -   > 'G90' 스펙을 직접 CSV에서 로드했습니다.
[2025-09-14T09:51:29.658+0000] {subprocess.py:93} INFO -   > 'Electrified G80' 스펙을 직접 CSV에서 로드했습니다.
[2025-09-14T09:51:29.663+0000] {subprocess.py:93} INFO -   > '아반떼 N' 스펙을 직접 CSV에서 로드했습니다.
[2025-09-14T09:51:29.669+0000] {subprocess.py:93} INFO -   > '디 올 뉴 팰리세이드' 스펙을 직접 CSV에서 로드했습니다.
[2025-09-14T09:51:29.674+0000] {subprocess.py:93} INFO -   > 'GV80' 스펙을 직접 CSV에서 로드했습니다.
[2025-09-14T09:51:29.680+0000] {subprocess.py:93} INFO -   > '쏠라티' 스펙을 직접 CSV에서 로드했습니다.
[2025-09-14T09:51:29.686+0000] {subprocess.py:93} INFO -   > '아이오닉 5' 스펙을 직접 CSV에서 로드했습니다.
[2025-09-14T09:51:29.692+0000] {subprocess.py:93} INFO -   > 'Electrified GV70' 스펙을 직접 CSV에서 로드했습니다.
[2025-09-14T09:51:29.697+0000] {subprocess.py:93} INFO -   > '더 뉴 아이오닉 6' 스펙을 직접 CSV에서 로드했습니다.
[2025-09-14T09:51:29.704+0000] {subprocess.py:93} INFO -   > '카운티 일렉트릭' 스펙을 직접 CSV에서 로드했습니다.
[2025-09-14T09:51:29.709+0000] {subprocess.py:93} INFO -   > '투싼' 스펙을 직접 CSV에서 로드했습니다.
[2025-09-14T09:51:29.715+0000] {subprocess.py:93} INFO -   > 'ST1' 스펙을 직접 CSV에서 로드했습니다.
[2025-09-14T09:51:29.721+0000] {subprocess.py:93} INFO -   > '스타리아' 스펙을 직접 CSV에서 로드했습니다.
[2025-09-14T09:51:29.727+0000] {subprocess.py:93} INFO -   > 'GV70' 스펙을 직접 CSV에서 로드했습니다.
[2025-09-14T09:51:29.730+0000] {subprocess.py:93} INFO - 
[2025-09-14T09:51:29.731+0000] {subprocess.py:93} INFO - 총 0개의 새로운 차종이 추가되었습니다.
[2025-09-14T09:51:29.732+0000] {subprocess.py:93} INFO - 총 0개의 엔지니어링 스펙이 추가/업데이트되었습니다.
[2025-09-14T09:51:29.732+0000] {subprocess.py:93} INFO - CSV 스펙 임포트가 완료되었습니다.
[2025-09-14T09:51:29.732+0000] {subprocess.py:93} INFO - 2. '/app/text_data/DB/hyundai_car_reviews.json'에서 리뷰 데이터 임포트를 시작합니다...
[2025-09-14T09:51:29.833+0000] {subprocess.py:93} INFO - 경고: JSON의 '싼타페'에 해당하는 차종을 DB에서 찾을 수 없어 리뷰를 건너뜁니다.
[2025-09-14T09:51:29.837+0000] {subprocess.py:93} INFO - 경고: JSON의 '싼타페'에 해당하는 차종을 DB에서 찾을 수 없어 리뷰를 건너뜁니다.
[2025-09-14T09:51:29.852+0000] {subprocess.py:93} INFO - 경고: JSON의 '싼타페 Hybrid'에 해당하는 차종을 DB에서 찾을 수 없어 리뷰를 건너뜁니다.
[2025-09-14T09:51:29.852+0000] {subprocess.py:93} INFO - 경고: JSON의 '포터 II Electric'에 해당하는 차종을 DB에서 찾을 수 없어 리뷰를 건너뜁니다.
[2025-09-14T09:51:29.884+0000] {subprocess.py:93} INFO - 경고: JSON의 '싼타페 Hybrid'에 해당하는 차종을 DB에서 찾을 수 없어 리뷰를 건너뜁니다.
[2025-09-14T09:51:29.884+0000] {subprocess.py:93} INFO - 경고: JSON의 '싼타페'에 해당하는 차종을 DB에서 찾을 수 없어 리뷰를 건너뜁니다.
[2025-09-14T09:51:29.897+0000] {subprocess.py:93} INFO - 경고: JSON의 '싼타페'에 해당하는 차종을 DB에서 찾을 수 없어 리뷰를 건너뜁니다.
[2025-09-14T09:51:29.908+0000] {subprocess.py:93} INFO - 경고: JSON의 '싼타페 Hybrid'에 해당하는 차종을 DB에서 찾을 수 없어 리뷰를 건너뜁니다.
[2025-09-14T09:51:29.918+0000] {subprocess.py:93} INFO - 경고: JSON의 '싼타페'에 해당하는 차종을 DB에서 찾을 수 없어 리뷰를 건너뜁니다.
[2025-09-14T09:51:29.951+0000] {subprocess.py:93} INFO - 경고: JSON의 '싼타페 Hybrid'에 해당하는 차종을 DB에서 찾을 수 없어 리뷰를 건너뜁니다.
[2025-09-14T09:51:29.975+0000] {subprocess.py:93} INFO - 경고: JSON의 '싼타페'에 해당하는 차종을 DB에서 찾을 수 없어 리뷰를 건너뜁니다.
[2025-09-14T09:51:29.975+0000] {subprocess.py:93} INFO - 경고: JSON의 '싼타페 Hybrid'에 해당하는 차종을 DB에서 찾을 수 없어 리뷰를 건너뜁니다.
[2025-09-14T09:51:30.008+0000] {subprocess.py:93} INFO - 경고: JSON의 '싼타페 Hybrid'에 해당하는 차종을 DB에서 찾을 수 없어 리뷰를 건너뜁니다.
[2025-09-14T09:51:30.031+0000] {subprocess.py:93} INFO - 경고: JSON의 '싼타페 Hybrid'에 해당하는 차종을 DB에서 찾을 수 없어 리뷰를 건너뜁니다.
[2025-09-14T09:51:30.054+0000] {subprocess.py:93} INFO - 경고: JSON의 '싼타페 Hybrid'에 해당하는 차종을 DB에서 찾을 수 없어 리뷰를 건너뜁니다.
[2025-09-14T09:51:30.087+0000] {subprocess.py:93} INFO - 경고: JSON의 '싼타페 Hybrid'에 해당하는 차종을 DB에서 찾을 수 없어 리뷰를 건너뜁니다.
[2025-09-14T09:51:30.111+0000] {subprocess.py:93} INFO - 경고: JSON의 '싼타페 Hybrid'에 해당하는 차종을 DB에서 찾을 수 없어 리뷰를 건너뜁니다.
[2025-09-14T09:51:30.112+0000] {subprocess.py:93} INFO - 경고: JSON의 '싼타페'에 해당하는 차종을 DB에서 찾을 수 없어 리뷰를 건너뜁니다.
[2025-09-14T09:51:30.155+0000] {subprocess.py:93} INFO - 경고: JSON의 '싼타페 Hybrid'에 해당하는 차종을 DB에서 찾을 수 없어 리뷰를 건너뜁니다.
[2025-09-14T09:51:30.158+0000] {subprocess.py:93} INFO - 경고: JSON의 '싼타페 Hybrid'에 해당하는 차종을 DB에서 찾을 수 없어 리뷰를 건너뜁니다.
[2025-09-14T09:51:30.162+0000] {subprocess.py:93} INFO - 경고: JSON의 '싼타페 Hybrid'에 해당하는 차종을 DB에서 찾을 수 없어 리뷰를 건너뜁니다.
[2025-09-14T09:51:30.172+0000] {subprocess.py:93} INFO - 경고: JSON의 '싼타페'에 해당하는 차종을 DB에서 찾을 수 없어 리뷰를 건너뜁니다.
[2025-09-14T09:51:30.190+0000] {subprocess.py:93} INFO - 경고: JSON의 '싼타페 Hybrid'에 해당하는 차종을 DB에서 찾을 수 없어 리뷰를 건너뜁니다.
[2025-09-14T09:51:30.210+0000] {subprocess.py:93} INFO - 경고: JSON의 '싼타페 Hybrid'에 해당하는 차종을 DB에서 찾을 수 없어 리뷰를 건너뜁니다.
[2025-09-14T09:51:30.211+0000] {subprocess.py:93} INFO - 경고: JSON의 '싼타페'에 해당하는 차종을 DB에서 찾을 수 없어 리뷰를 건너뜁니다.
[2025-09-14T09:51:30.220+0000] {subprocess.py:93} INFO - 경고: JSON의 '싼타페 Hybrid'에 해당하는 차종을 DB에서 찾을 수 없어 리뷰를 건너뜁니다.
[2025-09-14T09:51:30.221+0000] {subprocess.py:93} INFO - 경고: JSON의 '포터 II Electric 특장차'에 해당하는 차종을 DB에서 찾을 수 없어 리뷰를 건너뜁니다.
[2025-09-14T09:51:30.227+0000] {subprocess.py:93} INFO - 경고: JSON의 '싼타페 Hybrid'에 해당하는 차종을 DB에서 찾을 수 없어 리뷰를 건너뜁니다.
[2025-09-14T09:51:30.228+0000] {subprocess.py:93} INFO - 경고: JSON의 '싼타페'에 해당하는 차종을 DB에서 찾을 수 없어 리뷰를 건너뜁니다.
[2025-09-14T09:51:30.247+0000] {subprocess.py:93} INFO - 경고: JSON의 '싼타페 Hybrid'에 해당하는 차종을 DB에서 찾을 수 없어 리뷰를 건너뜁니다.
[2025-09-14T09:51:30.254+0000] {subprocess.py:93} INFO - 경고: JSON의 '싼타페 Hybrid'에 해당하는 차종을 DB에서 찾을 수 없어 리뷰를 건너뜁니다.
[2025-09-14T09:51:30.261+0000] {subprocess.py:93} INFO - 경고: JSON의 '싼타페'에 해당하는 차종을 DB에서 찾을 수 없어 리뷰를 건너뜁니다.
[2025-09-14T09:51:30.282+0000] {subprocess.py:93} INFO - 경고: JSON의 '싼타페 Hybrid'에 해당하는 차종을 DB에서 찾을 수 없어 리뷰를 건너뜁니다.
[2025-09-14T09:51:30.329+0000] {subprocess.py:93} INFO - 경고: JSON의 '싼타페 Hybrid'에 해당하는 차종을 DB에서 찾을 수 없어 리뷰를 건너뜁니다.
[2025-09-14T09:51:30.336+0000] {subprocess.py:93} INFO - 경고: JSON의 '포터 II'에 해당하는 차종을 DB에서 찾을 수 없어 리뷰를 건너뜁니다.
[2025-09-14T09:51:30.337+0000] {subprocess.py:93} INFO - 경고: JSON의 '싼타페'에 해당하는 차종을 DB에서 찾을 수 없어 리뷰를 건너뜁니다.
[2025-09-14T09:51:30.343+0000] {subprocess.py:93} INFO - 경고: JSON의 '싼타페'에 해당하는 차종을 DB에서 찾을 수 없어 리뷰를 건너뜁니다.
[2025-09-14T09:51:30.363+0000] {subprocess.py:93} INFO - 경고: JSON의 '싼타페 Hybrid'에 해당하는 차종을 DB에서 찾을 수 없어 리뷰를 건너뜁니다.
[2025-09-14T09:51:30.370+0000] {subprocess.py:93} INFO - 경고: JSON의 '싼타페 Hybrid'에 해당하는 차종을 DB에서 찾을 수 없어 리뷰를 건너뜁니다.
[2025-09-14T09:51:30.377+0000] {subprocess.py:93} INFO - 경고: JSON의 '싼타페 Hybrid'에 해당하는 차종을 DB에서 찾을 수 없어 리뷰를 건너뜁니다.
[2025-09-14T09:51:30.402+0000] {subprocess.py:93} INFO - 경고: JSON의 '싼타페 Hybrid'에 해당하는 차종을 DB에서 찾을 수 없어 리뷰를 건너뜁니다.
[2025-09-14T09:51:30.414+0000] {subprocess.py:93} INFO - 경고: JSON의 '싼타페 Hybrid'에 해당하는 차종을 DB에서 찾을 수 없어 리뷰를 건너뜁니다.
[2025-09-14T09:51:30.414+0000] {subprocess.py:93} INFO - 경고: JSON의 '싼타페 Hybrid'에 해당하는 차종을 DB에서 찾을 수 없어 리뷰를 건너뜁니다.
[2025-09-14T09:51:30.471+0000] {subprocess.py:93} INFO - 경고: JSON의 '포터 II'에 해당하는 차종을 DB에서 찾을 수 없어 리뷰를 건너뜁니다.
[2025-09-14T09:51:30.536+0000] {subprocess.py:93} INFO - 경고: JSON의 '쏘나타 택시'에 해당하는 차종을 DB에서 찾을 수 없어 리뷰를 건너뜁니다.
[2025-09-14T09:51:30.537+0000] {subprocess.py:93} INFO - 경고: JSON의 '싼타페 Hybrid'에 해당하는 차종을 DB에서 찾을 수 없어 리뷰를 건너뜁니다.
[2025-09-14T09:51:30.559+0000] {subprocess.py:93} INFO - 경고: JSON의 '포터 II'에 해당하는 차종을 DB에서 찾을 수 없어 리뷰를 건너뜁니다.
[2025-09-14T09:51:30.562+0000] {subprocess.py:93} INFO - 경고: JSON의 '포터 II 특장차'에 해당하는 차종을 DB에서 찾을 수 없어 리뷰를 건너뜁니다.
[2025-09-14T09:51:30.563+0000] {subprocess.py:93} INFO - 경고: JSON의 '싼타페 Hybrid'에 해당하는 차종을 DB에서 찾을 수 없어 리뷰를 건너뜁니다.
[2025-09-14T09:51:30.577+0000] {subprocess.py:93} INFO - 경고: JSON의 '싼타페 Hybrid'에 해당하는 차종을 DB에서 찾을 수 없어 리뷰를 건너뜁니다.
[2025-09-14T09:51:30.580+0000] {subprocess.py:93} INFO - 경고: JSON의 '싼타페 Hybrid'에 해당하는 차종을 DB에서 찾을 수 없어 리뷰를 건너뜁니다.
[2025-09-14T09:51:30.588+0000] {subprocess.py:93} INFO - 경고: JSON의 '싼타페'에 해당하는 차종을 DB에서 찾을 수 없어 리뷰를 건너뜁니다.
[2025-09-14T09:51:30.591+0000] {subprocess.py:93} INFO - 경고: JSON의 '싼타페'에 해당하는 차종을 DB에서 찾을 수 없어 리뷰를 건너뜁니다.
[2025-09-14T09:51:30.598+0000] {subprocess.py:93} INFO - 경고: JSON의 '포터 II'에 해당하는 차종을 DB에서 찾을 수 없어 리뷰를 건너뜁니다.
[2025-09-14T09:51:30.598+0000] {subprocess.py:93} INFO - 경고: JSON의 '싼타페'에 해당하는 차종을 DB에서 찾을 수 없어 리뷰를 건너뜁니다.
[2025-09-14T09:51:30.604+0000] {subprocess.py:93} INFO - 경고: JSON의 '포터 II'에 해당하는 차종을 DB에서 찾을 수 없어 리뷰를 건너뜁니다.
[2025-09-14T09:51:30.625+0000] {subprocess.py:93} INFO - 경고: JSON의 '싼타페 Hybrid'에 해당하는 차종을 DB에서 찾을 수 없어 리뷰를 건너뜁니다.
[2025-09-14T09:51:30.628+0000] {subprocess.py:93} INFO - 경고: JSON의 '싼타페 Hybrid'에 해당하는 차종을 DB에서 찾을 수 없어 리뷰를 건너뜁니다.
[2025-09-14T09:51:30.637+0000] {subprocess.py:93} INFO - 경고: JSON의 '포터 II'에 해당하는 차종을 DB에서 찾을 수 없어 리뷰를 건너뜁니다.
[2025-09-14T09:51:30.637+0000] {subprocess.py:93} INFO - 경고: JSON의 '싼타페 Hybrid'에 해당하는 차종을 DB에서 찾을 수 없어 리뷰를 건너뜁니다.
[2025-09-14T09:51:30.641+0000] {subprocess.py:93} INFO - 경고: JSON의 '싼타페 Hybrid'에 해당하는 차종을 DB에서 찾을 수 없어 리뷰를 건너뜁니다.
[2025-09-14T09:51:30.642+0000] {subprocess.py:93} INFO - 경고: JSON의 '싼타페'에 해당하는 차종을 DB에서 찾을 수 없어 리뷰를 건너뜁니다.
[2025-09-14T09:51:30.645+0000] {subprocess.py:93} INFO - 경고: JSON의 '싼타페 Hybrid'에 해당하는 차종을 DB에서 찾을 수 없어 리뷰를 건너뜁니다.
[2025-09-14T09:51:30.666+0000] {subprocess.py:93} INFO - 경고: JSON의 '싼타페 Hybrid'에 해당하는 차종을 DB에서 찾을 수 없어 리뷰를 건너뜁니다.
[2025-09-14T09:51:30.670+0000] {subprocess.py:93} INFO - 경고: JSON의 '싼타페'에 해당하는 차종을 DB에서 찾을 수 없어 리뷰를 건너뜁니다.
[2025-09-14T09:51:30.673+0000] {subprocess.py:93} INFO - 경고: JSON의 '싼타페'에 해당하는 차종을 DB에서 찾을 수 없어 리뷰를 건너뜁니다.
[2025-09-14T09:51:30.674+0000] {subprocess.py:93} INFO - 경고: JSON의 '싼타페 Hybrid'에 해당하는 차종을 DB에서 찾을 수 없어 리뷰를 건너뜁니다.
[2025-09-14T09:51:30.710+0000] {subprocess.py:93} INFO - 경고: JSON의 '싼타페 Hybrid'에 해당하는 차종을 DB에서 찾을 수 없어 리뷰를 건너뜁니다.
[2025-09-14T09:51:30.714+0000] {subprocess.py:93} INFO - 경고: JSON의 '싼타페'에 해당하는 차종을 DB에서 찾을 수 없어 리뷰를 건너뜁니다.
[2025-09-14T09:51:30.718+0000] {subprocess.py:93} INFO - 경고: JSON의 '싼타페'에 해당하는 차종을 DB에서 찾을 수 없어 리뷰를 건너뜁니다.
[2025-09-14T09:51:30.747+0000] {subprocess.py:93} INFO - 경고: JSON의 '포터 II'에 해당하는 차종을 DB에서 찾을 수 없어 리뷰를 건너뜁니다.
[2025-09-14T09:51:30.747+0000] {subprocess.py:93} INFO - 경고: JSON의 '싼타페 Hybrid'에 해당하는 차종을 DB에서 찾을 수 없어 리뷰를 건너뜁니다.
[2025-09-14T09:51:30.754+0000] {subprocess.py:93} INFO - 경고: JSON의 '싼타페 Hybrid'에 해당하는 차종을 DB에서 찾을 수 없어 리뷰를 건너뜁니다.
[2025-09-14T09:51:30.755+0000] {subprocess.py:93} INFO - 경고: JSON의 '싼타페 Hybrid'에 해당하는 차종을 DB에서 찾을 수 없어 리뷰를 건너뜁니다.
[2025-09-14T09:51:30.765+0000] {subprocess.py:93} INFO - 경고: JSON의 '쏘나타 택시'에 해당하는 차종을 DB에서 찾을 수 없어 리뷰를 건너뜁니다.
[2025-09-14T09:51:30.765+0000] {subprocess.py:93} INFO - 경고: JSON의 '싼타페 Hybrid'에 해당하는 차종을 DB에서 찾을 수 없어 리뷰를 건너뜁니다.
[2025-09-14T09:51:30.766+0000] {subprocess.py:93} INFO - 경고: JSON의 '싼타페 Hybrid'에 해당하는 차종을 DB에서 찾을 수 없어 리뷰를 건너뜁니다.
[2025-09-14T09:51:30.766+0000] {subprocess.py:93} INFO - 경고: JSON의 '쏘나타 택시'에 해당하는 차종을 DB에서 찾을 수 없어 리뷰를 건너뜁니다.
[2025-09-14T09:51:30.766+0000] {subprocess.py:93} INFO - 경고: JSON의 '싼타페 Hybrid'에 해당하는 차종을 DB에서 찾을 수 없어 리뷰를 건너뜁니다.
[2025-09-14T09:51:30.790+0000] {subprocess.py:93} INFO - 경고: JSON의 '포터 II Electric'에 해당하는 차종을 DB에서 찾을 수 없어 리뷰를 건너뜁니다.
[2025-09-14T09:51:30.790+0000] {subprocess.py:93} INFO - 경고: JSON의 '포터 II Electric'에 해당하는 차종을 DB에서 찾을 수 없어 리뷰를 건너뜁니다.
[2025-09-14T09:51:30.821+0000] {subprocess.py:93} INFO - 경고: JSON의 '쏘나타 택시'에 해당하는 차종을 DB에서 찾을 수 없어 리뷰를 건너뜁니다.
[2025-09-14T09:51:30.825+0000] {subprocess.py:93} INFO - 경고: JSON의 '싼타페 Hybrid'에 해당하는 차종을 DB에서 찾을 수 없어 리뷰를 건너뜁니다.
[2025-09-14T09:51:30.842+0000] {subprocess.py:93} INFO - 경고: JSON의 '싼타페 Hybrid'에 해당하는 차종을 DB에서 찾을 수 없어 리뷰를 건너뜁니다.
[2025-09-14T09:51:30.852+0000] {subprocess.py:93} INFO - 경고: JSON의 '포터 II'에 해당하는 차종을 DB에서 찾을 수 없어 리뷰를 건너뜁니다.
[2025-09-14T09:51:30.852+0000] {subprocess.py:93} INFO - 경고: JSON의 '싼타페 Hybrid'에 해당하는 차종을 DB에서 찾을 수 없어 리뷰를 건너뜁니다.
[2025-09-14T09:51:30.853+0000] {subprocess.py:93} INFO - 경고: JSON의 '싼타페 Hybrid'에 해당하는 차종을 DB에서 찾을 수 없어 리뷰를 건너뜁니다.
[2025-09-14T09:51:30.900+0000] {subprocess.py:93} INFO - 경고: JSON의 '싼타페 Hybrid'에 해당하는 차종을 DB에서 찾을 수 없어 리뷰를 건너뜁니다.
[2025-09-14T09:51:30.910+0000] {subprocess.py:93} INFO - 경고: JSON의 '포터 II 특장차'에 해당하는 차종을 DB에서 찾을 수 없어 리뷰를 건너뜁니다.
[2025-09-14T09:51:30.917+0000] {subprocess.py:93} INFO - 경고: JSON의 '싼타페'에 해당하는 차종을 DB에서 찾을 수 없어 리뷰를 건너뜁니다.
[2025-09-14T09:51:30.941+0000] {subprocess.py:93} INFO - 경고: JSON의 '포터 II Electric'에 해당하는 차종을 DB에서 찾을 수 없어 리뷰를 건너뜁니다.
[2025-09-14T09:51:30.945+0000] {subprocess.py:93} INFO - 경고: JSON의 '싼타페'에 해당하는 차종을 DB에서 찾을 수 없어 리뷰를 건너뜁니다.
[2025-09-14T09:51:30.952+0000] {subprocess.py:93} INFO - 경고: JSON의 '싼타페 Hybrid'에 해당하는 차종을 DB에서 찾을 수 없어 리뷰를 건너뜁니다.
[2025-09-14T09:51:31.007+0000] {subprocess.py:93} INFO - 경고: JSON의 '쏘나타 택시'에 해당하는 차종을 DB에서 찾을 수 없어 리뷰를 건너뜁니다.
[2025-09-14T09:51:31.025+0000] {subprocess.py:93} INFO - 경고: JSON의 '포터 II'에 해당하는 차종을 DB에서 찾을 수 없어 리뷰를 건너뜁니다.
[2025-09-14T09:51:31.025+0000] {subprocess.py:93} INFO - 경고: JSON의 '싼타페'에 해당하는 차종을 DB에서 찾을 수 없어 리뷰를 건너뜁니다.
[2025-09-14T09:51:31.043+0000] {subprocess.py:93} INFO - 경고: JSON의 '포터 II 특장차'에 해당하는 차종을 DB에서 찾을 수 없어 리뷰를 건너뜁니다.
[2025-09-14T09:51:31.064+0000] {subprocess.py:93} INFO - 경고: JSON의 '싼타페 Hybrid'에 해당하는 차종을 DB에서 찾을 수 없어 리뷰를 건너뜁니다.
[2025-09-14T09:51:31.078+0000] {subprocess.py:93} INFO - 경고: JSON의 '포터 II'에 해당하는 차종을 DB에서 찾을 수 없어 리뷰를 건너뜁니다.
[2025-09-14T09:51:31.100+0000] {subprocess.py:93} INFO - 경고: JSON의 '포터 II'에 해당하는 차종을 DB에서 찾을 수 없어 리뷰를 건너뜁니다.
[2025-09-14T09:51:31.101+0000] {subprocess.py:93} INFO - 경고: JSON의 '싼타페 Hybrid'에 해당하는 차종을 DB에서 찾을 수 없어 리뷰를 건너뜁니다.
[2025-09-14T09:51:31.106+0000] {subprocess.py:93} INFO - 경고: JSON의 '싼타페 Hybrid'에 해당하는 차종을 DB에서 찾을 수 없어 리뷰를 건너뜁니다.
[2025-09-14T09:51:31.106+0000] {subprocess.py:93} INFO - 경고: JSON의 '쏘나타 택시'에 해당하는 차종을 DB에서 찾을 수 없어 리뷰를 건너뜁니다.
[2025-09-14T09:51:31.106+0000] {subprocess.py:93} INFO - 경고: JSON의 '싼타페 Hybrid'에 해당하는 차종을 DB에서 찾을 수 없어 리뷰를 건너뜁니다.
[2025-09-14T09:51:31.110+0000] {subprocess.py:93} INFO - 경고: JSON의 '싼타페 Hybrid'에 해당하는 차종을 DB에서 찾을 수 없어 리뷰를 건너뜁니다.
[2025-09-14T09:51:31.135+0000] {subprocess.py:93} INFO - 경고: JSON의 '싼타페 Hybrid'에 해당하는 차종을 DB에서 찾을 수 없어 리뷰를 건너뜁니다.
[2025-09-14T09:51:31.136+0000] {subprocess.py:93} INFO - 경고: JSON의 '싼타페 Hybrid'에 해당하는 차종을 DB에서 찾을 수 없어 리뷰를 건너뜁니다.
[2025-09-14T09:51:31.181+0000] {subprocess.py:93} INFO - 경고: JSON의 '싼타페 Hybrid'에 해당하는 차종을 DB에서 찾을 수 없어 리뷰를 건너뜁니다.
[2025-09-14T09:51:31.197+0000] {subprocess.py:93} INFO - 경고: JSON의 '싼타페'에 해당하는 차종을 DB에서 찾을 수 없어 리뷰를 건너뜁니다.
[2025-09-14T09:51:31.198+0000] {subprocess.py:93} INFO - 경고: JSON의 '싼타페 Hybrid'에 해당하는 차종을 DB에서 찾을 수 없어 리뷰를 건너뜁니다.
[2025-09-14T09:51:31.198+0000] {subprocess.py:93} INFO - 경고: JSON의 '싼타페'에 해당하는 차종을 DB에서 찾을 수 없어 리뷰를 건너뜁니다.
[2025-09-14T09:51:31.198+0000] {subprocess.py:93} INFO - 경고: JSON의 '싼타페'에 해당하는 차종을 DB에서 찾을 수 없어 리뷰를 건너뜁니다.
[2025-09-14T09:51:31.225+0000] {subprocess.py:93} INFO - 경고: JSON의 '포터 II Electric'에 해당하는 차종을 DB에서 찾을 수 없어 리뷰를 건너뜁니다.
[2025-09-14T09:51:31.286+0000] {subprocess.py:93} INFO - 경고: JSON의 '싼타페 Hybrid'에 해당하는 차종을 DB에서 찾을 수 없어 리뷰를 건너뜁니다.
[2025-09-14T09:51:31.293+0000] {subprocess.py:93} INFO - 경고: JSON의 '싼타페 Hybrid'에 해당하는 차종을 DB에서 찾을 수 없어 리뷰를 건너뜁니다.
[2025-09-14T09:51:31.336+0000] {subprocess.py:93} INFO - 경고: JSON의 '싼타페 Hybrid'에 해당하는 차종을 DB에서 찾을 수 없어 리뷰를 건너뜁니다.
[2025-09-14T09:51:31.354+0000] {subprocess.py:93} INFO - 경고: JSON의 '싼타페'에 해당하는 차종을 DB에서 찾을 수 없어 리뷰를 건너뜁니다.
[2025-09-14T09:51:31.364+0000] {subprocess.py:93} INFO - 경고: JSON의 '싼타페 Hybrid'에 해당하는 차종을 DB에서 찾을 수 없어 리뷰를 건너뜁니다.
[2025-09-14T09:51:31.365+0000] {subprocess.py:93} INFO - 경고: JSON의 '싼타페'에 해당하는 차종을 DB에서 찾을 수 없어 리뷰를 건너뜁니다.
[2025-09-14T09:51:31.365+0000] {subprocess.py:93} INFO - 경고: JSON의 '포터 II 특장차'에 해당하는 차종을 DB에서 찾을 수 없어 리뷰를 건너뜁니다.
[2025-09-14T09:51:31.371+0000] {subprocess.py:93} INFO - 경고: JSON의 '싼타페 Hybrid'에 해당하는 차종을 DB에서 찾을 수 없어 리뷰를 건너뜁니다.
[2025-09-14T09:51:31.372+0000] {subprocess.py:93} INFO - 경고: JSON의 '싼타페 Hybrid'에 해당하는 차종을 DB에서 찾을 수 없어 리뷰를 건너뜁니다.
[2025-09-14T09:51:31.375+0000] {subprocess.py:93} INFO - 경고: JSON의 '싼타페 Hybrid'에 해당하는 차종을 DB에서 찾을 수 없어 리뷰를 건너뜁니다.
[2025-09-14T09:51:31.391+0000] {subprocess.py:93} INFO - 경고: JSON의 '싼타페'에 해당하는 차종을 DB에서 찾을 수 없어 리뷰를 건너뜁니다.
[2025-09-14T09:51:31.408+0000] {subprocess.py:93} INFO - 경고: JSON의 '싼타페 Hybrid'에 해당하는 차종을 DB에서 찾을 수 없어 리뷰를 건너뜁니다.
[2025-09-14T09:51:31.433+0000] {subprocess.py:93} INFO - 경고: JSON의 '포터 II Electric'에 해당하는 차종을 DB에서 찾을 수 없어 리뷰를 건너뜁니다.
[2025-09-14T09:51:31.464+0000] {subprocess.py:93} INFO - 경고: JSON의 '싼타페 Hybrid'에 해당하는 차종을 DB에서 찾을 수 없어 리뷰를 건너뜁니다.
[2025-09-14T09:51:31.474+0000] {subprocess.py:93} INFO - 경고: JSON의 '싼타페 Hybrid'에 해당하는 차종을 DB에서 찾을 수 없어 리뷰를 건너뜁니다.
[2025-09-14T09:51:31.492+0000] {subprocess.py:93} INFO - 경고: JSON의 '싼타페 Hybrid'에 해당하는 차종을 DB에서 찾을 수 없어 리뷰를 건너뜁니다.
[2025-09-14T09:51:31.514+0000] {subprocess.py:93} INFO - 경고: JSON의 '포터 II 특장차'에 해당하는 차종을 DB에서 찾을 수 없어 리뷰를 건너뜁니다.
[2025-09-14T09:51:31.521+0000] {subprocess.py:93} INFO - 경고: JSON의 '싼타페'에 해당하는 차종을 DB에서 찾을 수 없어 리뷰를 건너뜁니다.
[2025-09-14T09:51:31.522+0000] {subprocess.py:93} INFO - 경고: JSON의 '싼타페'에 해당하는 차종을 DB에서 찾을 수 없어 리뷰를 건너뜁니다.
[2025-09-14T09:51:31.531+0000] {subprocess.py:93} INFO - 경고: JSON의 '싼타페 Hybrid'에 해당하는 차종을 DB에서 찾을 수 없어 리뷰를 건너뜁니다.
[2025-09-14T09:51:31.537+0000] {subprocess.py:93} INFO - 경고: JSON의 '포터 II Electric'에 해당하는 차종을 DB에서 찾을 수 없어 리뷰를 건너뜁니다.
[2025-09-14T09:51:31.541+0000] {subprocess.py:93} INFO - 경고: JSON의 '포터 II 특장차'에 해당하는 차종을 DB에서 찾을 수 없어 리뷰를 건너뜁니다.
[2025-09-14T09:51:31.544+0000] {subprocess.py:93} INFO - 경고: JSON의 '싼타페 Hybrid'에 해당하는 차종을 DB에서 찾을 수 없어 리뷰를 건너뜁니다.
[2025-09-14T09:51:31.564+0000] {subprocess.py:93} INFO - 경고: JSON의 '싼타페 Hybrid'에 해당하는 차종을 DB에서 찾을 수 없어 리뷰를 건너뜁니다.
[2025-09-14T09:51:31.564+0000] {subprocess.py:93} INFO - 경고: JSON의 '싼타페 Hybrid'에 해당하는 차종을 DB에서 찾을 수 없어 리뷰를 건너뜁니다.
[2025-09-14T09:51:31.584+0000] {subprocess.py:93} INFO - 경고: JSON의 '싼타페 Hybrid'에 해당하는 차종을 DB에서 찾을 수 없어 리뷰를 건너뜁니다.
[2025-09-14T09:51:31.642+0000] {subprocess.py:93} INFO - 경고: JSON의 '싼타페'에 해당하는 차종을 DB에서 찾을 수 없어 리뷰를 건너뜁니다.
[2025-09-14T09:51:31.642+0000] {subprocess.py:93} INFO - 경고: JSON의 '싼타페 Hybrid'에 해당하는 차종을 DB에서 찾을 수 없어 리뷰를 건너뜁니다.
[2025-09-14T09:51:31.645+0000] {subprocess.py:93} INFO - 경고: JSON의 '싼타페'에 해당하는 차종을 DB에서 찾을 수 없어 리뷰를 건너뜁니다.
[2025-09-14T09:51:31.649+0000] {subprocess.py:93} INFO - 경고: JSON의 '싼타페 Hybrid'에 해당하는 차종을 DB에서 찾을 수 없어 리뷰를 건너뜁니다.
[2025-09-14T09:51:31.653+0000] {subprocess.py:93} INFO - 경고: JSON의 '싼타페 Hybrid'에 해당하는 차종을 DB에서 찾을 수 없어 리뷰를 건너뜁니다.
[2025-09-14T09:51:31.666+0000] {subprocess.py:93} INFO - 경고: JSON의 '포터 II'에 해당하는 차종을 DB에서 찾을 수 없어 리뷰를 건너뜁니다.
[2025-09-14T09:51:31.667+0000] {subprocess.py:93} INFO - 경고: JSON의 '싼타페'에 해당하는 차종을 DB에서 찾을 수 없어 리뷰를 건너뜁니다.
[2025-09-14T09:51:31.686+0000] {subprocess.py:93} INFO - 경고: JSON의 '포터 II Electric'에 해당하는 차종을 DB에서 찾을 수 없어 리뷰를 건너뜁니다.
[2025-09-14T09:51:31.693+0000] {subprocess.py:93} INFO - 경고: JSON의 '싼타페 Hybrid'에 해당하는 차종을 DB에서 찾을 수 없어 리뷰를 건너뜁니다.
[2025-09-14T09:51:31.700+0000] {subprocess.py:93} INFO - 경고: JSON의 '싼타페'에 해당하는 차종을 DB에서 찾을 수 없어 리뷰를 건너뜁니다.
[2025-09-14T09:51:31.701+0000] {subprocess.py:93} INFO - 경고: JSON의 '싼타페 Hybrid'에 해당하는 차종을 DB에서 찾을 수 없어 리뷰를 건너뜁니다.
[2025-09-14T09:51:31.745+0000] {subprocess.py:93} INFO - 경고: JSON의 '싼타페 Hybrid'에 해당하는 차종을 DB에서 찾을 수 없어 리뷰를 건너뜁니다.
[2025-09-14T09:51:31.761+0000] {subprocess.py:93} INFO - 경고: JSON의 '싼타페 Hybrid'에 해당하는 차종을 DB에서 찾을 수 없어 리뷰를 건너뜁니다.
[2025-09-14T09:51:31.768+0000] {subprocess.py:93} INFO - 경고: JSON의 '싼타페 Hybrid'에 해당하는 차종을 DB에서 찾을 수 없어 리뷰를 건너뜁니다.
[2025-09-14T09:51:31.769+0000] {subprocess.py:93} INFO - 경고: JSON의 '싼타페 Hybrid'에 해당하는 차종을 DB에서 찾을 수 없어 리뷰를 건너뜁니다.
[2025-09-14T09:51:31.769+0000] {subprocess.py:93} INFO - 경고: JSON의 '싼타페 Hybrid'에 해당하는 차종을 DB에서 찾을 수 없어 리뷰를 건너뜁니다.
[2025-09-14T09:51:31.779+0000] {subprocess.py:93} INFO - 경고: JSON의 '싼타페 Hybrid'에 해당하는 차종을 DB에서 찾을 수 없어 리뷰를 건너뜁니다.
[2025-09-14T09:51:31.782+0000] {subprocess.py:93} INFO - 경고: JSON의 '싼타페'에 해당하는 차종을 DB에서 찾을 수 없어 리뷰를 건너뜁니다.
[2025-09-14T09:51:31.810+0000] {subprocess.py:93} INFO - 경고: JSON의 '싼타페'에 해당하는 차종을 DB에서 찾을 수 없어 리뷰를 건너뜁니다.
[2025-09-14T09:51:31.821+0000] {subprocess.py:93} INFO - 경고: JSON의 '싼타페'에 해당하는 차종을 DB에서 찾을 수 없어 리뷰를 건너뜁니다.
[2025-09-14T09:51:31.825+0000] {subprocess.py:93} INFO - 경고: JSON의 '쏘나타 택시'에 해당하는 차종을 DB에서 찾을 수 없어 리뷰를 건너뜁니다.
[2025-09-14T09:51:31.838+0000] {subprocess.py:93} INFO - 경고: JSON의 '포터 II Electric'에 해당하는 차종을 DB에서 찾을 수 없어 리뷰를 건너뜁니다.
[2025-09-14T09:51:31.845+0000] {subprocess.py:93} INFO - 경고: JSON의 '싼타페'에 해당하는 차종을 DB에서 찾을 수 없어 리뷰를 건너뜁니다.
[2025-09-14T09:51:31.850+0000] {subprocess.py:93} INFO - 경고: JSON의 '쏘나타 택시'에 해당하는 차종을 DB에서 찾을 수 없어 리뷰를 건너뜁니다.
[2025-09-14T09:51:31.854+0000] {subprocess.py:93} INFO - 경고: JSON의 '싼타페 Hybrid'에 해당하는 차종을 DB에서 찾을 수 없어 리뷰를 건너뜁니다.
[2025-09-14T09:51:31.876+0000] {subprocess.py:93} INFO - 경고: JSON의 '싼타페 Hybrid'에 해당하는 차종을 DB에서 찾을 수 없어 리뷰를 건너뜁니다.
[2025-09-14T09:51:31.900+0000] {subprocess.py:93} INFO - 경고: JSON의 '포터 II 특장차'에 해당하는 차종을 DB에서 찾을 수 없어 리뷰를 건너뜁니다.
[2025-09-14T09:51:31.901+0000] {subprocess.py:93} INFO - 경고: JSON의 '쏘나타 택시'에 해당하는 차종을 DB에서 찾을 수 없어 리뷰를 건너뜁니다.
[2025-09-14T09:51:31.901+0000] {subprocess.py:93} INFO - 경고: JSON의 '싼타페'에 해당하는 차종을 DB에서 찾을 수 없어 리뷰를 건너뜁니다.
[2025-09-14T09:51:31.917+0000] {subprocess.py:93} INFO - 경고: JSON의 '싼타페'에 해당하는 차종을 DB에서 찾을 수 없어 리뷰를 건너뜁니다.
[2025-09-14T09:51:31.921+0000] {subprocess.py:93} INFO - 경고: JSON의 '싼타페 Hybrid'에 해당하는 차종을 DB에서 찾을 수 없어 리뷰를 건너뜁니다.
[2025-09-14T09:51:31.937+0000] {subprocess.py:93} INFO - 경고: JSON의 '싼타페 Hybrid'에 해당하는 차종을 DB에서 찾을 수 없어 리뷰를 건너뜁니다.
[2025-09-14T09:51:31.954+0000] {subprocess.py:93} INFO - 경고: JSON의 '싼타페 Hybrid'에 해당하는 차종을 DB에서 찾을 수 없어 리뷰를 건너뜁니다.
[2025-09-14T09:51:31.973+0000] {subprocess.py:93} INFO - 경고: JSON의 '싼타페 Hybrid'에 해당하는 차종을 DB에서 찾을 수 없어 리뷰를 건너뜁니다.
[2025-09-14T09:51:31.981+0000] {subprocess.py:93} INFO - 경고: JSON의 '싼타페'에 해당하는 차종을 DB에서 찾을 수 없어 리뷰를 건너뜁니다.
[2025-09-14T09:51:32.001+0000] {subprocess.py:93} INFO - 경고: JSON의 '싼타페 Hybrid'에 해당하는 차종을 DB에서 찾을 수 없어 리뷰를 건너뜁니다.
[2025-09-14T09:51:32.002+0000] {subprocess.py:93} INFO - 경고: JSON의 '싼타페 Hybrid'에 해당하는 차종을 DB에서 찾을 수 없어 리뷰를 건너뜁니다.
[2025-09-14T09:51:32.022+0000] {subprocess.py:93} INFO - 경고: JSON의 '싼타페'에 해당하는 차종을 DB에서 찾을 수 없어 리뷰를 건너뜁니다.
[2025-09-14T09:51:32.029+0000] {subprocess.py:93} INFO - 경고: JSON의 '싼타페 Hybrid'에 해당하는 차종을 DB에서 찾을 수 없어 리뷰를 건너뜁니다.
[2025-09-14T09:51:32.060+0000] {subprocess.py:93} INFO - 경고: JSON의 '싼타페'에 해당하는 차종을 DB에서 찾을 수 없어 리뷰를 건너뜁니다.
[2025-09-14T09:51:32.116+0000] {subprocess.py:93} INFO - 경고: JSON의 '싼타페 Hybrid'에 해당하는 차종을 DB에서 찾을 수 없어 리뷰를 건너뜁니다.
[2025-09-14T09:51:32.132+0000] {subprocess.py:93} INFO - 경고: JSON의 '포터 II 특장차'에 해당하는 차종을 DB에서 찾을 수 없어 리뷰를 건너뜁니다.
[2025-09-14T09:51:32.139+0000] {subprocess.py:93} INFO - 경고: JSON의 '싼타페 Hybrid'에 해당하는 차종을 DB에서 찾을 수 없어 리뷰를 건너뜁니다.
[2025-09-14T09:51:32.147+0000] {subprocess.py:93} INFO - 경고: JSON의 '싼타페 Hybrid'에 해당하는 차종을 DB에서 찾을 수 없어 리뷰를 건너뜁니다.
[2025-09-14T09:51:32.148+0000] {subprocess.py:93} INFO - 경고: JSON의 '포터 II Electric'에 해당하는 차종을 DB에서 찾을 수 없어 리뷰를 건너뜁니다.
[2025-09-14T09:51:32.158+0000] {subprocess.py:93} INFO - 경고: JSON의 '포터 II 특장차'에 해당하는 차종을 DB에서 찾을 수 없어 리뷰를 건너뜁니다.
[2025-09-14T09:51:32.162+0000] {subprocess.py:93} INFO - 경고: JSON의 '싼타페'에 해당하는 차종을 DB에서 찾을 수 없어 리뷰를 건너뜁니다.
[2025-09-14T09:51:32.178+0000] {subprocess.py:93} INFO - 경고: JSON의 '싼타페 Hybrid'에 해당하는 차종을 DB에서 찾을 수 없어 리뷰를 건너뜁니다.
[2025-09-14T09:51:32.200+0000] {subprocess.py:93} INFO - 경고: JSON의 '쏘나타 택시'에 해당하는 차종을 DB에서 찾을 수 없어 리뷰를 건너뜁니다.
[2025-09-14T09:51:32.210+0000] {subprocess.py:93} INFO - 경고: JSON의 '싼타페 Hybrid'에 해당하는 차종을 DB에서 찾을 수 없어 리뷰를 건너뜁니다.
[2025-09-14T09:51:32.214+0000] {subprocess.py:93} INFO - 경고: JSON의 '싼타페 Hybrid'에 해당하는 차종을 DB에서 찾을 수 없어 리뷰를 건너뜁니다.
[2025-09-14T09:51:32.221+0000] {subprocess.py:93} INFO - 경고: JSON의 '싼타페 Hybrid'에 해당하는 차종을 DB에서 찾을 수 없어 리뷰를 건너뜁니다.
[2025-09-14T09:51:32.239+0000] {subprocess.py:93} INFO - 경고: JSON의 '싼타페'에 해당하는 차종을 DB에서 찾을 수 없어 리뷰를 건너뜁니다.
[2025-09-14T09:51:32.281+0000] {subprocess.py:93} INFO - 경고: JSON의 '포터 II'에 해당하는 차종을 DB에서 찾을 수 없어 리뷰를 건너뜁니다.
[2025-09-14T09:51:32.290+0000] {subprocess.py:93} INFO - 경고: JSON의 '싼타페 Hybrid'에 해당하는 차종을 DB에서 찾을 수 없어 리뷰를 건너뜁니다.
[2025-09-14T09:51:32.294+0000] {subprocess.py:93} INFO - 경고: JSON의 '싼타페 Hybrid'에 해당하는 차종을 DB에서 찾을 수 없어 리뷰를 건너뜁니다.
[2025-09-14T09:51:32.294+0000] {subprocess.py:93} INFO - 경고: JSON의 '싼타페'에 해당하는 차종을 DB에서 찾을 수 없어 리뷰를 건너뜁니다.
[2025-09-14T09:51:32.301+0000] {subprocess.py:93} INFO - 경고: JSON의 '싼타페 Hybrid'에 해당하는 차종을 DB에서 찾을 수 없어 리뷰를 건너뜁니다.
[2025-09-14T09:51:32.308+0000] {subprocess.py:93} INFO - 경고: JSON의 '싼타페 Hybrid'에 해당하는 차종을 DB에서 찾을 수 없어 리뷰를 건너뜁니다.
[2025-09-14T09:51:32.343+0000] {subprocess.py:93} INFO - 경고: JSON의 '싼타페 Hybrid'에 해당하는 차종을 DB에서 찾을 수 없어 리뷰를 건너뜁니다.
[2025-09-14T09:51:32.344+0000] {subprocess.py:93} INFO - 경고: JSON의 '싼타페 Hybrid'에 해당하는 차종을 DB에서 찾을 수 없어 리뷰를 건너뜁니다.
[2025-09-14T09:51:32.368+0000] {subprocess.py:93} INFO - 경고: JSON의 '싼타페'에 해당하는 차종을 DB에서 찾을 수 없어 리뷰를 건너뜁니다.
[2025-09-14T09:51:32.386+0000] {subprocess.py:93} INFO - 경고: JSON의 '싼타페 Hybrid'에 해당하는 차종을 DB에서 찾을 수 없어 리뷰를 건너뜁니다.
[2025-09-14T09:51:32.396+0000] {subprocess.py:93} INFO - 경고: JSON의 '싼타페 Hybrid'에 해당하는 차종을 DB에서 찾을 수 없어 리뷰를 건너뜁니다.
[2025-09-14T09:51:32.412+0000] {subprocess.py:93} INFO - 경고: JSON의 '싼타페'에 해당하는 차종을 DB에서 찾을 수 없어 리뷰를 건너뜁니다.
[2025-09-14T09:51:32.423+0000] {subprocess.py:93} INFO - 경고: JSON의 '싼타페'에 해당하는 차종을 DB에서 찾을 수 없어 리뷰를 건너뜁니다.
[2025-09-14T09:51:32.424+0000] {subprocess.py:93} INFO - 경고: JSON의 '싼타페'에 해당하는 차종을 DB에서 찾을 수 없어 리뷰를 건너뜁니다.
[2025-09-14T09:51:32.457+0000] {subprocess.py:93} INFO - 경고: JSON의 '싼타페 Hybrid'에 해당하는 차종을 DB에서 찾을 수 없어 리뷰를 건너뜁니다.
[2025-09-14T09:51:32.464+0000] {subprocess.py:93} INFO - 경고: JSON의 '싼타페 Hybrid'에 해당하는 차종을 DB에서 찾을 수 없어 리뷰를 건너뜁니다.
[2025-09-14T09:51:32.472+0000] {subprocess.py:93} INFO - 경고: JSON의 '싼타페 Hybrid'에 해당하는 차종을 DB에서 찾을 수 없어 리뷰를 건너뜁니다.
[2025-09-14T09:51:32.480+0000] {subprocess.py:93} INFO - 경고: JSON의 '싼타페'에 해당하는 차종을 DB에서 찾을 수 없어 리뷰를 건너뜁니다.
[2025-09-14T09:51:32.510+0000] {subprocess.py:93} INFO - 경고: JSON의 '싼타페 Hybrid'에 해당하는 차종을 DB에서 찾을 수 없어 리뷰를 건너뜁니다.
[2025-09-14T09:51:32.510+0000] {subprocess.py:93} INFO - 경고: JSON의 '포터 II Electric'에 해당하는 차종을 DB에서 찾을 수 없어 리뷰를 건너뜁니다.
[2025-09-14T09:51:32.521+0000] {subprocess.py:93} INFO - 경고: JSON의 '싼타페'에 해당하는 차종을 DB에서 찾을 수 없어 리뷰를 건너뜁니다.
[2025-09-14T09:51:32.528+0000] {subprocess.py:93} INFO - 경고: JSON의 '싼타페 Hybrid'에 해당하는 차종을 DB에서 찾을 수 없어 리뷰를 건너뜁니다.
[2025-09-14T09:51:32.535+0000] {subprocess.py:93} INFO - 경고: JSON의 '싼타페 Hybrid'에 해당하는 차종을 DB에서 찾을 수 없어 리뷰를 건너뜁니다.
[2025-09-14T09:51:32.547+0000] {subprocess.py:93} INFO - 경고: JSON의 '포터 II Electric'에 해당하는 차종을 DB에서 찾을 수 없어 리뷰를 건너뜁니다.
[2025-09-14T09:51:32.551+0000] {subprocess.py:93} INFO - 경고: JSON의 '싼타페 Hybrid'에 해당하는 차종을 DB에서 찾을 수 없어 리뷰를 건너뜁니다.
[2025-09-14T09:51:32.555+0000] {subprocess.py:93} INFO - 경고: JSON의 '싼타페 Hybrid'에 해당하는 차종을 DB에서 찾을 수 없어 리뷰를 건너뜁니다.
[2025-09-14T09:51:32.615+0000] {subprocess.py:93} INFO - 경고: JSON의 '포터 II'에 해당하는 차종을 DB에서 찾을 수 없어 리뷰를 건너뜁니다.
[2025-09-14T09:51:32.619+0000] {subprocess.py:93} INFO - 경고: JSON의 '싼타페 Hybrid'에 해당하는 차종을 DB에서 찾을 수 없어 리뷰를 건너뜁니다.
[2025-09-14T09:51:32.641+0000] {subprocess.py:93} INFO - 경고: JSON의 '싼타페 Hybrid'에 해당하는 차종을 DB에서 찾을 수 없어 리뷰를 건너뜁니다.
[2025-09-14T09:51:32.658+0000] {subprocess.py:93} INFO - 경고: JSON의 '싼타페 Hybrid'에 해당하는 차종을 DB에서 찾을 수 없어 리뷰를 건너뜁니다.
[2025-09-14T09:51:32.658+0000] {subprocess.py:93} INFO - 경고: JSON의 '싼타페'에 해당하는 차종을 DB에서 찾을 수 없어 리뷰를 건너뜁니다.
[2025-09-14T09:51:32.671+0000] {subprocess.py:93} INFO - 경고: JSON의 '포터 II 특장차'에 해당하는 차종을 DB에서 찾을 수 없어 리뷰를 건너뜁니다.
[2025-09-14T09:51:32.703+0000] {subprocess.py:93} INFO - 경고: JSON의 '싼타페'에 해당하는 차종을 DB에서 찾을 수 없어 리뷰를 건너뜁니다.
[2025-09-14T09:51:32.712+0000] {subprocess.py:93} INFO - 경고: JSON의 '싼타페 Hybrid'에 해당하는 차종을 DB에서 찾을 수 없어 리뷰를 건너뜁니다.
[2025-09-14T09:51:32.716+0000] {subprocess.py:93} INFO - 경고: JSON의 '싼타페 Hybrid'에 해당하는 차종을 DB에서 찾을 수 없어 리뷰를 건너뜁니다.
[2025-09-14T09:51:32.717+0000] {subprocess.py:93} INFO - 경고: JSON의 '싼타페 Hybrid'에 해당하는 차종을 DB에서 찾을 수 없어 리뷰를 건너뜁니다.
[2025-09-14T09:51:32.742+0000] {subprocess.py:93} INFO - 경고: JSON의 '싼타페 Hybrid'에 해당하는 차종을 DB에서 찾을 수 없어 리뷰를 건너뜁니다.
[2025-09-14T09:51:32.746+0000] {subprocess.py:93} INFO - 경고: JSON의 '싼타페'에 해당하는 차종을 DB에서 찾을 수 없어 리뷰를 건너뜁니다.
[2025-09-14T09:51:32.754+0000] {subprocess.py:93} INFO - 경고: JSON의 '싼타페 Hybrid'에 해당하는 차종을 DB에서 찾을 수 없어 리뷰를 건너뜁니다.
[2025-09-14T09:51:32.758+0000] {subprocess.py:93} INFO - 경고: JSON의 '싼타페 Hybrid'에 해당하는 차종을 DB에서 찾을 수 없어 리뷰를 건너뜁니다.
[2025-09-14T09:51:32.758+0000] {subprocess.py:93} INFO - 경고: JSON의 '싼타페'에 해당하는 차종을 DB에서 찾을 수 없어 리뷰를 건너뜁니다.
[2025-09-14T09:51:32.767+0000] {subprocess.py:93} INFO - 경고: JSON의 '싼타페'에 해당하는 차종을 DB에서 찾을 수 없어 리뷰를 건너뜁니다.
[2025-09-14T09:51:32.792+0000] {subprocess.py:93} INFO - 경고: JSON의 '싼타페 Hybrid'에 해당하는 차종을 DB에서 찾을 수 없어 리뷰를 건너뜁니다.
[2025-09-14T09:51:32.800+0000] {subprocess.py:93} INFO - 경고: JSON의 '싼타페'에 해당하는 차종을 DB에서 찾을 수 없어 리뷰를 건너뜁니다.
[2025-09-14T09:51:32.835+0000] {subprocess.py:93} INFO - 경고: JSON의 '싼타페 Hybrid'에 해당하는 차종을 DB에서 찾을 수 없어 리뷰를 건너뜁니다.
[2025-09-14T09:51:32.869+0000] {subprocess.py:93} INFO - 경고: JSON의 '포터 II'에 해당하는 차종을 DB에서 찾을 수 없어 리뷰를 건너뜁니다.
[2025-09-14T09:51:32.873+0000] {subprocess.py:93} INFO - 경고: JSON의 '싼타페 Hybrid'에 해당하는 차종을 DB에서 찾을 수 없어 리뷰를 건너뜁니다.
[2025-09-14T09:51:32.876+0000] {subprocess.py:93} INFO - 경고: JSON의 '포터 II'에 해당하는 차종을 DB에서 찾을 수 없어 리뷰를 건너뜁니다.
[2025-09-14T09:51:32.877+0000] {subprocess.py:93} INFO - 경고: JSON의 '싼타페 Hybrid'에 해당하는 차종을 DB에서 찾을 수 없어 리뷰를 건너뜁니다.
[2025-09-14T09:51:32.897+0000] {subprocess.py:93} INFO - 경고: JSON의 '싼타페 Hybrid'에 해당하는 차종을 DB에서 찾을 수 없어 리뷰를 건너뜁니다.
[2025-09-14T09:51:32.910+0000] {subprocess.py:93} INFO - 경고: JSON의 '싼타페 Hybrid'에 해당하는 차종을 DB에서 찾을 수 없어 리뷰를 건너뜁니다.
[2025-09-14T09:51:32.931+0000] {subprocess.py:93} INFO - 경고: JSON의 '포터 II'에 해당하는 차종을 DB에서 찾을 수 없어 리뷰를 건너뜁니다.
[2025-09-14T09:51:32.949+0000] {subprocess.py:93} INFO - 경고: JSON의 '싼타페'에 해당하는 차종을 DB에서 찾을 수 없어 리뷰를 건너뜁니다.
[2025-09-14T09:51:32.972+0000] {subprocess.py:93} INFO - 경고: JSON의 '포터 II'에 해당하는 차종을 DB에서 찾을 수 없어 리뷰를 건너뜁니다.
[2025-09-14T09:51:32.975+0000] {subprocess.py:93} INFO - 경고: JSON의 '싼타페 Hybrid'에 해당하는 차종을 DB에서 찾을 수 없어 리뷰를 건너뜁니다.
[2025-09-14T09:51:32.982+0000] {subprocess.py:93} INFO - 경고: JSON의 '싼타페 Hybrid'에 해당하는 차종을 DB에서 찾을 수 없어 리뷰를 건너뜁니다.
[2025-09-14T09:51:33.006+0000] {subprocess.py:93} INFO - 경고: JSON의 '싼타페 Hybrid'에 해당하는 차종을 DB에서 찾을 수 없어 리뷰를 건너뜁니다.
[2025-09-14T09:51:33.043+0000] {subprocess.py:93} INFO - 경고: JSON의 '싼타페'에 해당하는 차종을 DB에서 찾을 수 없어 리뷰를 건너뜁니다.
[2025-09-14T09:51:33.103+0000] {subprocess.py:93} INFO - 경고: JSON의 '싼타페 Hybrid'에 해당하는 차종을 DB에서 찾을 수 없어 리뷰를 건너뜁니다.
[2025-09-14T09:51:33.133+0000] {subprocess.py:93} INFO - 경고: JSON의 '싼타페'에 해당하는 차종을 DB에서 찾을 수 없어 리뷰를 건너뜁니다.
[2025-09-14T09:51:33.163+0000] {subprocess.py:93} INFO - 경고: JSON의 '싼타페'에 해당하는 차종을 DB에서 찾을 수 없어 리뷰를 건너뜁니다.
[2025-09-14T09:51:33.169+0000] {subprocess.py:93} INFO - 경고: JSON의 '싼타페 Hybrid'에 해당하는 차종을 DB에서 찾을 수 없어 리뷰를 건너뜁니다.
[2025-09-14T09:51:33.170+0000] {subprocess.py:93} INFO - 경고: JSON의 '싼타페 Hybrid'에 해당하는 차종을 DB에서 찾을 수 없어 리뷰를 건너뜁니다.
[2025-09-14T09:51:33.211+0000] {subprocess.py:93} INFO - 경고: JSON의 '싼타페'에 해당하는 차종을 DB에서 찾을 수 없어 리뷰를 건너뜁니다.
[2025-09-14T09:51:33.263+0000] {subprocess.py:93} INFO - 경고: JSON의 '싼타페 Hybrid'에 해당하는 차종을 DB에서 찾을 수 없어 리뷰를 건너뜁니다.
[2025-09-14T09:51:33.292+0000] {subprocess.py:93} INFO - 경고: JSON의 '싼타페 Hybrid'에 해당하는 차종을 DB에서 찾을 수 없어 리뷰를 건너뜁니다.
[2025-09-14T09:51:33.313+0000] {subprocess.py:93} INFO - 경고: JSON의 '싼타페 Hybrid'에 해당하는 차종을 DB에서 찾을 수 없어 리뷰를 건너뜁니다.
[2025-09-14T09:51:33.313+0000] {subprocess.py:93} INFO - 경고: JSON의 '싼타페'에 해당하는 차종을 DB에서 찾을 수 없어 리뷰를 건너뜁니다.
[2025-09-14T09:51:33.314+0000] {subprocess.py:93} INFO - 경고: JSON의 '싼타페'에 해당하는 차종을 DB에서 찾을 수 없어 리뷰를 건너뜁니다.
[2025-09-14T09:51:33.316+0000] {subprocess.py:93} INFO - 경고: JSON의 '싼타페 Hybrid'에 해당하는 차종을 DB에서 찾을 수 없어 리뷰를 건너뜁니다.
[2025-09-14T09:51:33.323+0000] {subprocess.py:93} INFO - 경고: JSON의 '싼타페 Hybrid'에 해당하는 차종을 DB에서 찾을 수 없어 리뷰를 건너뜁니다.
[2025-09-14T09:51:33.327+0000] {subprocess.py:93} INFO - 경고: JSON의 '싼타페 Hybrid'에 해당하는 차종을 DB에서 찾을 수 없어 리뷰를 건너뜁니다.
[2025-09-14T09:51:33.337+0000] {subprocess.py:93} INFO - 경고: JSON의 '포터 II 특장차'에 해당하는 차종을 DB에서 찾을 수 없어 리뷰를 건너뜁니다.
[2025-09-14T09:51:33.343+0000] {subprocess.py:93} INFO - 경고: JSON의 '싼타페 Hybrid'에 해당하는 차종을 DB에서 찾을 수 없어 리뷰를 건너뜁니다.
[2025-09-14T09:51:33.351+0000] {subprocess.py:93} INFO - 경고: JSON의 '싼타페 Hybrid'에 해당하는 차종을 DB에서 찾을 수 없어 리뷰를 건너뜁니다.
[2025-09-14T09:51:33.355+0000] {subprocess.py:93} INFO - 경고: JSON의 '싼타페 Hybrid'에 해당하는 차종을 DB에서 찾을 수 없어 리뷰를 건너뜁니다.
[2025-09-14T09:51:33.370+0000] {subprocess.py:93} INFO - 경고: JSON의 '싼타페 Hybrid'에 해당하는 차종을 DB에서 찾을 수 없어 리뷰를 건너뜁니다.
[2025-09-14T09:51:33.378+0000] {subprocess.py:93} INFO - 경고: JSON의 '싼타페'에 해당하는 차종을 DB에서 찾을 수 없어 리뷰를 건너뜁니다.
[2025-09-14T09:51:33.440+0000] {subprocess.py:93} INFO - 경고: JSON의 '싼타페 Hybrid'에 해당하는 차종을 DB에서 찾을 수 없어 리뷰를 건너뜁니다.
[2025-09-14T09:51:33.444+0000] {subprocess.py:93} INFO - 경고: JSON의 '싼타페'에 해당하는 차종을 DB에서 찾을 수 없어 리뷰를 건너뜁니다.
[2025-09-14T09:51:33.456+0000] {subprocess.py:93} INFO - 경고: JSON의 '싼타페'에 해당하는 차종을 DB에서 찾을 수 없어 리뷰를 건너뜁니다.
[2025-09-14T09:51:33.468+0000] {subprocess.py:93} INFO - 경고: JSON의 '싼타페 Hybrid'에 해당하는 차종을 DB에서 찾을 수 없어 리뷰를 건너뜁니다.
[2025-09-14T09:51:33.472+0000] {subprocess.py:93} INFO - 경고: JSON의 '싼타페 Hybrid'에 해당하는 차종을 DB에서 찾을 수 없어 리뷰를 건너뜁니다.
[2025-09-14T09:51:33.528+0000] {subprocess.py:93} INFO - 경고: JSON의 '싼타페 Hybrid'에 해당하는 차종을 DB에서 찾을 수 없어 리뷰를 건너뜁니다.
[2025-09-14T09:51:33.567+0000] {subprocess.py:93} INFO - 경고: JSON의 '싼타페 Hybrid'에 해당하는 차종을 DB에서 찾을 수 없어 리뷰를 건너뜁니다.
[2025-09-14T09:51:33.579+0000] {subprocess.py:93} INFO - 경고: JSON의 '싼타페 Hybrid'에 해당하는 차종을 DB에서 찾을 수 없어 리뷰를 건너뜁니다.
[2025-09-14T09:51:33.579+0000] {subprocess.py:93} INFO - 경고: JSON의 '싼타페 Hybrid'에 해당하는 차종을 DB에서 찾을 수 없어 리뷰를 건너뜁니다.
[2025-09-14T09:51:33.591+0000] {subprocess.py:93} INFO - 경고: JSON의 '싼타페'에 해당하는 차종을 DB에서 찾을 수 없어 리뷰를 건너뜁니다.
[2025-09-14T09:51:33.595+0000] {subprocess.py:93} INFO - 경고: JSON의 '포터 II'에 해당하는 차종을 DB에서 찾을 수 없어 리뷰를 건너뜁니다.
[2025-09-14T09:51:33.595+0000] {subprocess.py:93} INFO - 경고: JSON의 '쏘나타 택시'에 해당하는 차종을 DB에서 찾을 수 없어 리뷰를 건너뜁니다.
[2025-09-14T09:51:33.607+0000] {subprocess.py:93} INFO - 경고: JSON의 '싼타페'에 해당하는 차종을 DB에서 찾을 수 없어 리뷰를 건너뜁니다.
[2025-09-14T09:51:33.619+0000] {subprocess.py:93} INFO - 경고: JSON의 '싼타페 Hybrid'에 해당하는 차종을 DB에서 찾을 수 없어 리뷰를 건너뜁니다.
[2025-09-14T09:51:33.627+0000] {subprocess.py:93} INFO - 경고: JSON의 '싼타페 Hybrid'에 해당하는 차종을 DB에서 찾을 수 없어 리뷰를 건너뜁니다.
[2025-09-14T09:51:33.627+0000] {subprocess.py:93} INFO - 경고: JSON의 '싼타페 Hybrid'에 해당하는 차종을 DB에서 찾을 수 없어 리뷰를 건너뜁니다.
[2025-09-14T09:51:33.654+0000] {subprocess.py:93} INFO - 경고: JSON의 '싼타페 Hybrid'에 해당하는 차종을 DB에서 찾을 수 없어 리뷰를 건너뜁니다.
[2025-09-14T09:51:33.655+0000] {subprocess.py:93} INFO - 경고: JSON의 '싼타페'에 해당하는 차종을 DB에서 찾을 수 없어 리뷰를 건너뜁니다.
[2025-09-14T09:51:33.661+0000] {subprocess.py:93} INFO - 경고: JSON의 '싼타페 Hybrid'에 해당하는 차종을 DB에서 찾을 수 없어 리뷰를 건너뜁니다.
[2025-09-14T09:51:33.677+0000] {subprocess.py:93} INFO - 경고: JSON의 '싼타페 Hybrid'에 해당하는 차종을 DB에서 찾을 수 없어 리뷰를 건너뜁니다.
[2025-09-14T09:51:33.680+0000] {subprocess.py:93} INFO - 경고: JSON의 '싼타페 Hybrid'에 해당하는 차종을 DB에서 찾을 수 없어 리뷰를 건너뜁니다.
[2025-09-14T09:51:33.686+0000] {subprocess.py:93} INFO - 경고: JSON의 '싼타페 Hybrid'에 해당하는 차종을 DB에서 찾을 수 없어 리뷰를 건너뜁니다.
[2025-09-14T09:51:33.687+0000] {subprocess.py:93} INFO - 경고: JSON의 '싼타페 Hybrid'에 해당하는 차종을 DB에서 찾을 수 없어 리뷰를 건너뜁니다.
[2025-09-14T09:51:33.690+0000] {subprocess.py:93} INFO - 경고: JSON의 '싼타페 Hybrid'에 해당하는 차종을 DB에서 찾을 수 없어 리뷰를 건너뜁니다.
[2025-09-14T09:51:33.720+0000] {subprocess.py:93} INFO - 경고: JSON의 '싼타페 Hybrid'에 해당하는 차종을 DB에서 찾을 수 없어 리뷰를 건너뜁니다.
[2025-09-14T09:51:33.727+0000] {subprocess.py:93} INFO - 경고: JSON의 '쏘나타 택시'에 해당하는 차종을 DB에서 찾을 수 없어 리뷰를 건너뜁니다.
[2025-09-14T09:51:33.731+0000] {subprocess.py:93} INFO - 경고: JSON의 '싼타페'에 해당하는 차종을 DB에서 찾을 수 없어 리뷰를 건너뜁니다.
[2025-09-14T09:51:33.731+0000] {subprocess.py:93} INFO - 경고: JSON의 '싼타페 Hybrid'에 해당하는 차종을 DB에서 찾을 수 없어 리뷰를 건너뜁니다.
[2025-09-14T09:51:33.760+0000] {subprocess.py:93} INFO - 경고: JSON의 '싼타페 Hybrid'에 해당하는 차종을 DB에서 찾을 수 없어 리뷰를 건너뜁니다.
[2025-09-14T09:51:33.774+0000] {subprocess.py:93} INFO - 경고: JSON의 '싼타페 Hybrid'에 해당하는 차종을 DB에서 찾을 수 없어 리뷰를 건너뜁니다.
[2025-09-14T09:51:33.775+0000] {subprocess.py:93} INFO - 경고: JSON의 '싼타페 Hybrid'에 해당하는 차종을 DB에서 찾을 수 없어 리뷰를 건너뜁니다.
[2025-09-14T09:51:33.775+0000] {subprocess.py:93} INFO - 경고: JSON의 '싼타페 Hybrid'에 해당하는 차종을 DB에서 찾을 수 없어 리뷰를 건너뜁니다.
[2025-09-14T09:51:33.778+0000] {subprocess.py:93} INFO - 경고: JSON의 '싼타페 Hybrid'에 해당하는 차종을 DB에서 찾을 수 없어 리뷰를 건너뜁니다.
[2025-09-14T09:51:33.785+0000] {subprocess.py:93} INFO - 경고: JSON의 '싼타페 Hybrid'에 해당하는 차종을 DB에서 찾을 수 없어 리뷰를 건너뜁니다.
[2025-09-14T09:51:33.788+0000] {subprocess.py:93} INFO - 경고: JSON의 '싼타페'에 해당하는 차종을 DB에서 찾을 수 없어 리뷰를 건너뜁니다.
[2025-09-14T09:51:33.792+0000] {subprocess.py:93} INFO - 경고: JSON의 '싼타페 Hybrid'에 해당하는 차종을 DB에서 찾을 수 없어 리뷰를 건너뜁니다.
[2025-09-14T09:51:33.795+0000] {subprocess.py:93} INFO - 경고: JSON의 '싼타페 Hybrid'에 해당하는 차종을 DB에서 찾을 수 없어 리뷰를 건너뜁니다.
[2025-09-14T09:51:33.802+0000] {subprocess.py:93} INFO - 경고: JSON의 '싼타페 Hybrid'에 해당하는 차종을 DB에서 찾을 수 없어 리뷰를 건너뜁니다.
[2025-09-14T09:51:33.809+0000] {subprocess.py:93} INFO - 경고: JSON의 '싼타페 Hybrid'에 해당하는 차종을 DB에서 찾을 수 없어 리뷰를 건너뜁니다.
[2025-09-14T09:51:33.819+0000] {subprocess.py:93} INFO - 경고: JSON의 '싼타페'에 해당하는 차종을 DB에서 찾을 수 없어 리뷰를 건너뜁니다.
[2025-09-14T09:51:33.819+0000] {subprocess.py:93} INFO - 경고: JSON의 '싼타페 Hybrid'에 해당하는 차종을 DB에서 찾을 수 없어 리뷰를 건너뜁니다.
[2025-09-14T09:51:33.832+0000] {subprocess.py:93} INFO - 경고: JSON의 '싼타페 Hybrid'에 해당하는 차종을 DB에서 찾을 수 없어 리뷰를 건너뜁니다.
[2025-09-14T09:51:33.832+0000] {subprocess.py:93} INFO - 경고: JSON의 '포터 II'에 해당하는 차종을 DB에서 찾을 수 없어 리뷰를 건너뜁니다.
[2025-09-14T09:51:33.860+0000] {subprocess.py:93} INFO - 경고: JSON의 '싼타페 Hybrid'에 해당하는 차종을 DB에서 찾을 수 없어 리뷰를 건너뜁니다.
[2025-09-14T09:51:33.863+0000] {subprocess.py:93} INFO - 경고: JSON의 '싼타페 Hybrid'에 해당하는 차종을 DB에서 찾을 수 없어 리뷰를 건너뜁니다.
[2025-09-14T09:51:33.928+0000] {subprocess.py:93} INFO - 경고: JSON의 '싼타페'에 해당하는 차종을 DB에서 찾을 수 없어 리뷰를 건너뜁니다.
[2025-09-14T09:51:33.932+0000] {subprocess.py:93} INFO - 경고: JSON의 '싼타페 Hybrid'에 해당하는 차종을 DB에서 찾을 수 없어 리뷰를 건너뜁니다.
[2025-09-14T09:51:33.952+0000] {subprocess.py:93} INFO - 경고: JSON의 '싼타페'에 해당하는 차종을 DB에서 찾을 수 없어 리뷰를 건너뜁니다.
[2025-09-14T09:51:33.975+0000] {subprocess.py:93} INFO - 경고: JSON의 '싼타페'에 해당하는 차종을 DB에서 찾을 수 없어 리뷰를 건너뜁니다.
[2025-09-14T09:51:33.976+0000] {subprocess.py:93} INFO - 경고: JSON의 '싼타페'에 해당하는 차종을 DB에서 찾을 수 없어 리뷰를 건너뜁니다.
[2025-09-14T09:51:33.982+0000] {subprocess.py:93} INFO - 경고: JSON의 '싼타페 Hybrid'에 해당하는 차종을 DB에서 찾을 수 없어 리뷰를 건너뜁니다.
[2025-09-14T09:51:33.989+0000] {subprocess.py:93} INFO - 경고: JSON의 '포터 II Electric'에 해당하는 차종을 DB에서 찾을 수 없어 리뷰를 건너뜁니다.
[2025-09-14T09:51:33.989+0000] {subprocess.py:93} INFO - 경고: JSON의 '싼타페'에 해당하는 차종을 DB에서 찾을 수 없어 리뷰를 건너뜁니다.
[2025-09-14T09:51:34.013+0000] {subprocess.py:93} INFO - 경고: JSON의 '포터 II'에 해당하는 차종을 DB에서 찾을 수 없어 리뷰를 건너뜁니다.
[2025-09-14T09:51:34.020+0000] {subprocess.py:93} INFO - 경고: JSON의 '포터 II'에 해당하는 차종을 DB에서 찾을 수 없어 리뷰를 건너뜁니다.
[2025-09-14T09:51:34.020+0000] {subprocess.py:93} INFO - 경고: JSON의 '싼타페 Hybrid'에 해당하는 차종을 DB에서 찾을 수 없어 리뷰를 건너뜁니다.
[2025-09-14T09:51:34.027+0000] {subprocess.py:93} INFO - 경고: JSON의 '포터 II'에 해당하는 차종을 DB에서 찾을 수 없어 리뷰를 건너뜁니다.
[2025-09-14T09:51:34.041+0000] {subprocess.py:93} INFO - 경고: JSON의 '싼타페 Hybrid'에 해당하는 차종을 DB에서 찾을 수 없어 리뷰를 건너뜁니다.
[2025-09-14T09:51:34.087+0000] {subprocess.py:93} INFO - 경고: JSON의 '싼타페'에 해당하는 차종을 DB에서 찾을 수 없어 리뷰를 건너뜁니다.
[2025-09-14T09:51:34.105+0000] {subprocess.py:93} INFO - 경고: JSON의 '싼타페 Hybrid'에 해당하는 차종을 DB에서 찾을 수 없어 리뷰를 건너뜁니다.
[2025-09-14T09:51:34.165+0000] {subprocess.py:93} INFO - 경고: JSON의 '싼타페 Hybrid'에 해당하는 차종을 DB에서 찾을 수 없어 리뷰를 건너뜁니다.
[2025-09-14T09:51:34.198+0000] {subprocess.py:93} INFO - 경고: JSON의 '싼타페 Hybrid'에 해당하는 차종을 DB에서 찾을 수 없어 리뷰를 건너뜁니다.
[2025-09-14T09:51:34.215+0000] {subprocess.py:93} INFO - 경고: JSON의 '싼타페 Hybrid'에 해당하는 차종을 DB에서 찾을 수 없어 리뷰를 건너뜁니다.
[2025-09-14T09:51:34.235+0000] {subprocess.py:93} INFO - 경고: JSON의 '싼타페'에 해당하는 차종을 DB에서 찾을 수 없어 리뷰를 건너뜁니다.
[2025-09-14T09:51:34.250+0000] {subprocess.py:93} INFO - 경고: JSON의 '싼타페 Hybrid'에 해당하는 차종을 DB에서 찾을 수 없어 리뷰를 건너뜁니다.
[2025-09-14T09:51:34.384+0000] {subprocess.py:93} INFO - 경고: JSON의 '싼타페 Hybrid'에 해당하는 차종을 DB에서 찾을 수 없어 리뷰를 건너뜁니다.
[2025-09-14T09:51:34.400+0000] {subprocess.py:93} INFO - 경고: JSON의 '싼타페 Hybrid'에 해당하는 차종을 DB에서 찾을 수 없어 리뷰를 건너뜁니다.
[2025-09-14T09:51:34.414+0000] {subprocess.py:93} INFO - 경고: JSON의 '싼타페 Hybrid'에 해당하는 차종을 DB에서 찾을 수 없어 리뷰를 건너뜁니다.
[2025-09-14T09:51:34.433+0000] {subprocess.py:93} INFO - 경고: JSON의 '싼타페'에 해당하는 차종을 DB에서 찾을 수 없어 리뷰를 건너뜁니다.
[2025-09-14T09:51:34.434+0000] {subprocess.py:93} INFO - 경고: JSON의 '싼타페 Hybrid'에 해당하는 차종을 DB에서 찾을 수 없어 리뷰를 건너뜁니다.
[2025-09-14T09:51:34.476+0000] {subprocess.py:93} INFO - 경고: JSON의 '포터 II'에 해당하는 차종을 DB에서 찾을 수 없어 리뷰를 건너뜁니다.
[2025-09-14T09:51:34.480+0000] {subprocess.py:93} INFO - 경고: JSON의 '포터 II'에 해당하는 차종을 DB에서 찾을 수 없어 리뷰를 건너뜁니다.
[2025-09-14T09:51:34.506+0000] {subprocess.py:93} INFO - 경고: JSON의 '싼타페 Hybrid'에 해당하는 차종을 DB에서 찾을 수 없어 리뷰를 건너뜁니다.
[2025-09-14T09:51:34.509+0000] {subprocess.py:93} INFO - 경고: JSON의 '싼타페 Hybrid'에 해당하는 차종을 DB에서 찾을 수 없어 리뷰를 건너뜁니다.
[2025-09-14T09:51:34.510+0000] {subprocess.py:93} INFO - 경고: JSON의 '싼타페 Hybrid'에 해당하는 차종을 DB에서 찾을 수 없어 리뷰를 건너뜁니다.
[2025-09-14T09:51:34.520+0000] {subprocess.py:93} INFO - 경고: JSON의 '포터 II Electric'에 해당하는 차종을 DB에서 찾을 수 없어 리뷰를 건너뜁니다.
[2025-09-14T09:51:34.523+0000] {subprocess.py:93} INFO - 경고: JSON의 '싼타페 Hybrid'에 해당하는 차종을 DB에서 찾을 수 없어 리뷰를 건너뜁니다.
[2025-09-14T09:51:34.558+0000] {subprocess.py:93} INFO - 경고: JSON의 '싼타페 Hybrid'에 해당하는 차종을 DB에서 찾을 수 없어 리뷰를 건너뜁니다.
[2025-09-14T09:51:34.568+0000] {subprocess.py:93} INFO - 경고: JSON의 '포터 II'에 해당하는 차종을 DB에서 찾을 수 없어 리뷰를 건너뜁니다.
[2025-09-14T09:51:34.571+0000] {subprocess.py:93} INFO - 경고: JSON의 '싼타페 Hybrid'에 해당하는 차종을 DB에서 찾을 수 없어 리뷰를 건너뜁니다.
[2025-09-14T09:51:34.585+0000] {subprocess.py:93} INFO - 경고: JSON의 '싼타페 Hybrid'에 해당하는 차종을 DB에서 찾을 수 없어 리뷰를 건너뜁니다.
[2025-09-14T09:51:34.585+0000] {subprocess.py:93} INFO - 경고: JSON의 '싼타페 Hybrid'에 해당하는 차종을 DB에서 찾을 수 없어 리뷰를 건너뜁니다.
[2025-09-14T09:51:34.618+0000] {subprocess.py:93} INFO - 경고: JSON의 '싼타페'에 해당하는 차종을 DB에서 찾을 수 없어 리뷰를 건너뜁니다.
[2025-09-14T09:51:34.637+0000] {subprocess.py:93} INFO - 경고: JSON의 '싼타페'에 해당하는 차종을 DB에서 찾을 수 없어 리뷰를 건너뜁니다.
[2025-09-14T09:51:34.641+0000] {subprocess.py:93} INFO - 경고: JSON의 '싼타페'에 해당하는 차종을 DB에서 찾을 수 없어 리뷰를 건너뜁니다.
[2025-09-14T09:51:34.679+0000] {subprocess.py:93} INFO - 경고: JSON의 '싼타페 Hybrid'에 해당하는 차종을 DB에서 찾을 수 없어 리뷰를 건너뜁니다.
[2025-09-14T09:51:34.698+0000] {subprocess.py:93} INFO - 경고: JSON의 '포터 II'에 해당하는 차종을 DB에서 찾을 수 없어 리뷰를 건너뜁니다.
[2025-09-14T09:51:34.708+0000] {subprocess.py:93} INFO - 경고: JSON의 '싼타페 Hybrid'에 해당하는 차종을 DB에서 찾을 수 없어 리뷰를 건너뜁니다.
[2025-09-14T09:51:34.726+0000] {subprocess.py:93} INFO - 경고: JSON의 '싼타페 Hybrid'에 해당하는 차종을 DB에서 찾을 수 없어 리뷰를 건너뜁니다.
[2025-09-14T09:51:34.727+0000] {subprocess.py:93} INFO - 경고: JSON의 '싼타페 Hybrid'에 해당하는 차종을 DB에서 찾을 수 없어 리뷰를 건너뜁니다.
[2025-09-14T09:51:34.785+0000] {subprocess.py:93} INFO - 경고: JSON의 '포터 II 특장차'에 해당하는 차종을 DB에서 찾을 수 없어 리뷰를 건너뜁니다.
[2025-09-14T09:51:34.785+0000] {subprocess.py:93} INFO - 경고: JSON의 '싼타페 Hybrid'에 해당하는 차종을 DB에서 찾을 수 없어 리뷰를 건너뜁니다.
[2025-09-14T09:51:34.797+0000] {subprocess.py:93} INFO - 경고: JSON의 '싼타페 Hybrid'에 해당하는 차종을 DB에서 찾을 수 없어 리뷰를 건너뜁니다.
[2025-09-14T09:51:34.797+0000] {subprocess.py:93} INFO - 경고: JSON의 '싼타페 Hybrid'에 해당하는 차종을 DB에서 찾을 수 없어 리뷰를 건너뜁니다.
[2025-09-14T09:51:34.802+0000] {subprocess.py:93} INFO - 경고: JSON의 '쏘나타 택시'에 해당하는 차종을 DB에서 찾을 수 없어 리뷰를 건너뜁니다.
[2025-09-14T09:51:34.811+0000] {subprocess.py:93} INFO - 경고: JSON의 '쏘나타 택시'에 해당하는 차종을 DB에서 찾을 수 없어 리뷰를 건너뜁니다.
[2025-09-14T09:51:34.811+0000] {subprocess.py:93} INFO - 경고: JSON의 '싼타페'에 해당하는 차종을 DB에서 찾을 수 없어 리뷰를 건너뜁니다.
[2025-09-14T09:51:34.822+0000] {subprocess.py:93} INFO - 경고: JSON의 '싼타페'에 해당하는 차종을 DB에서 찾을 수 없어 리뷰를 건너뜁니다.
[2025-09-14T09:51:34.826+0000] {subprocess.py:93} INFO - 경고: JSON의 '싼타페 Hybrid'에 해당하는 차종을 DB에서 찾을 수 없어 리뷰를 건너뜁니다.
[2025-09-14T09:51:34.834+0000] {subprocess.py:93} INFO - 경고: JSON의 '싼타페'에 해당하는 차종을 DB에서 찾을 수 없어 리뷰를 건너뜁니다.
[2025-09-14T09:51:34.835+0000] {subprocess.py:93} INFO - 경고: JSON의 '포터 II'에 해당하는 차종을 DB에서 찾을 수 없어 리뷰를 건너뜁니다.
[2025-09-14T09:51:34.839+0000] {subprocess.py:93} INFO - 경고: JSON의 '싼타페 Hybrid'에 해당하는 차종을 DB에서 찾을 수 없어 리뷰를 건너뜁니다.
[2025-09-14T09:51:34.859+0000] {subprocess.py:93} INFO - 경고: JSON의 '싼타페 Hybrid'에 해당하는 차종을 DB에서 찾을 수 없어 리뷰를 건너뜁니다.
[2025-09-14T09:51:34.887+0000] {subprocess.py:93} INFO - 경고: JSON의 '쏘나타 택시'에 해당하는 차종을 DB에서 찾을 수 없어 리뷰를 건너뜁니다.
[2025-09-14T09:51:34.891+0000] {subprocess.py:93} INFO - 경고: JSON의 '포터 II Electric'에 해당하는 차종을 DB에서 찾을 수 없어 리뷰를 건너뜁니다.
[2025-09-14T09:51:34.902+0000] {subprocess.py:93} INFO - 경고: JSON의 '싼타페 Hybrid'에 해당하는 차종을 DB에서 찾을 수 없어 리뷰를 건너뜁니다.
[2025-09-14T09:51:34.965+0000] {subprocess.py:93} INFO - 경고: JSON의 '쏘나타 택시'에 해당하는 차종을 DB에서 찾을 수 없어 리뷰를 건너뜁니다.
[2025-09-14T09:51:34.973+0000] {subprocess.py:93} INFO - 경고: JSON의 '싼타페 Hybrid'에 해당하는 차종을 DB에서 찾을 수 없어 리뷰를 건너뜁니다.
[2025-09-14T09:51:35.026+0000] {subprocess.py:93} INFO - 경고: JSON의 '포터 II 특장차'에 해당하는 차종을 DB에서 찾을 수 없어 리뷰를 건너뜁니다.
[2025-09-14T09:51:35.026+0000] {subprocess.py:93} INFO - 경고: JSON의 '포터 II 특장차'에 해당하는 차종을 DB에서 찾을 수 없어 리뷰를 건너뜁니다.
[2025-09-14T09:51:35.026+0000] {subprocess.py:93} INFO - 경고: JSON의 '포터 II 특장차'에 해당하는 차종을 DB에서 찾을 수 없어 리뷰를 건너뜁니다.
[2025-09-14T09:51:35.034+0000] {subprocess.py:93} INFO - 경고: JSON의 '포터 II 특장차'에 해당하는 차종을 DB에서 찾을 수 없어 리뷰를 건너뜁니다.
[2025-09-14T09:51:35.037+0000] {subprocess.py:93} INFO - 경고: JSON의 '싼타페'에 해당하는 차종을 DB에서 찾을 수 없어 리뷰를 건너뜁니다.
[2025-09-14T09:51:35.084+0000] {subprocess.py:93} INFO - 경고: JSON의 '싼타페 Hybrid'에 해당하는 차종을 DB에서 찾을 수 없어 리뷰를 건너뜁니다.
[2025-09-14T09:51:35.115+0000] {subprocess.py:93} INFO - 경고: JSON의 '포터 II Electric 특장차'에 해당하는 차종을 DB에서 찾을 수 없어 리뷰를 건너뜁니다.
[2025-09-14T09:51:35.125+0000] {subprocess.py:93} INFO - 경고: JSON의 '싼타페 Hybrid'에 해당하는 차종을 DB에서 찾을 수 없어 리뷰를 건너뜁니다.
[2025-09-14T09:51:35.132+0000] {subprocess.py:93} INFO - 경고: JSON의 '싼타페 Hybrid'에 해당하는 차종을 DB에서 찾을 수 없어 리뷰를 건너뜁니다.
[2025-09-14T09:51:35.146+0000] {subprocess.py:93} INFO - 경고: JSON의 '싼타페 Hybrid'에 해당하는 차종을 DB에서 찾을 수 없어 리뷰를 건너뜁니다.
[2025-09-14T09:51:35.149+0000] {subprocess.py:93} INFO - 경고: JSON의 '싼타페'에 해당하는 차종을 DB에서 찾을 수 없어 리뷰를 건너뜁니다.
[2025-09-14T09:51:35.171+0000] {subprocess.py:93} INFO - 경고: JSON의 '싼타페 Hybrid'에 해당하는 차종을 DB에서 찾을 수 없어 리뷰를 건너뜁니다.
[2025-09-14T09:51:35.244+0000] {subprocess.py:93} INFO - 경고: JSON의 '싼타페 Hybrid'에 해당하는 차종을 DB에서 찾을 수 없어 리뷰를 건너뜁니다.
[2025-09-14T09:51:35.247+0000] {subprocess.py:93} INFO - 경고: JSON의 '싼타페 Hybrid'에 해당하는 차종을 DB에서 찾을 수 없어 리뷰를 건너뜁니다.
[2025-09-14T09:51:35.315+0000] {subprocess.py:93} INFO - 경고: JSON의 '싼타페'에 해당하는 차종을 DB에서 찾을 수 없어 리뷰를 건너뜁니다.
[2025-09-14T09:51:35.316+0000] {subprocess.py:93} INFO - 경고: JSON의 '싼타페'에 해당하는 차종을 DB에서 찾을 수 없어 리뷰를 건너뜁니다.
[2025-09-14T09:51:35.319+0000] {subprocess.py:93} INFO - 경고: JSON의 '싼타페 Hybrid'에 해당하는 차종을 DB에서 찾을 수 없어 리뷰를 건너뜁니다.
[2025-09-14T09:51:35.335+0000] {subprocess.py:93} INFO - 경고: JSON의 '싼타페 Hybrid'에 해당하는 차종을 DB에서 찾을 수 없어 리뷰를 건너뜁니다.
[2025-09-14T09:51:35.347+0000] {subprocess.py:93} INFO - 경고: JSON의 '싼타페 Hybrid'에 해당하는 차종을 DB에서 찾을 수 없어 리뷰를 건너뜁니다.
[2025-09-14T09:51:35.347+0000] {subprocess.py:93} INFO - 경고: JSON의 '싼타페'에 해당하는 차종을 DB에서 찾을 수 없어 리뷰를 건너뜁니다.
[2025-09-14T09:51:35.351+0000] {subprocess.py:93} INFO - 경고: JSON의 '싼타페 Hybrid'에 해당하는 차종을 DB에서 찾을 수 없어 리뷰를 건너뜁니다.
[2025-09-14T09:51:35.375+0000] {subprocess.py:93} INFO - 경고: JSON의 '싼타페'에 해당하는 차종을 DB에서 찾을 수 없어 리뷰를 건너뜁니다.
[2025-09-14T09:51:35.401+0000] {subprocess.py:93} INFO - 경고: JSON의 '싼타페 Hybrid'에 해당하는 차종을 DB에서 찾을 수 없어 리뷰를 건너뜁니다.
[2025-09-14T09:51:35.427+0000] {subprocess.py:93} INFO - 경고: JSON의 '포터 II'에 해당하는 차종을 DB에서 찾을 수 없어 리뷰를 건너뜁니다.
[2025-09-14T09:51:35.430+0000] {subprocess.py:93} INFO - 경고: JSON의 '싼타페'에 해당하는 차종을 DB에서 찾을 수 없어 리뷰를 건너뜁니다.
[2025-09-14T09:51:35.433+0000] {subprocess.py:93} INFO - 경고: JSON의 '싼타페 Hybrid'에 해당하는 차종을 DB에서 찾을 수 없어 리뷰를 건너뜁니다.
[2025-09-14T09:51:35.437+0000] {subprocess.py:93} INFO - 경고: JSON의 '싼타페'에 해당하는 차종을 DB에서 찾을 수 없어 리뷰를 건너뜁니다.
[2025-09-14T09:51:35.501+0000] {subprocess.py:93} INFO - 경고: JSON의 '싼타페 Hybrid'에 해당하는 차종을 DB에서 찾을 수 없어 리뷰를 건너뜁니다.
[2025-09-14T09:51:35.505+0000] {subprocess.py:93} INFO - 경고: JSON의 '싼타페 Hybrid'에 해당하는 차종을 DB에서 찾을 수 없어 리뷰를 건너뜁니다.
[2025-09-14T09:51:35.531+0000] {subprocess.py:93} INFO - 경고: JSON의 '싼타페'에 해당하는 차종을 DB에서 찾을 수 없어 리뷰를 건너뜁니다.
[2025-09-14T09:51:35.555+0000] {subprocess.py:93} INFO - 경고: JSON의 '싼타페 Hybrid'에 해당하는 차종을 DB에서 찾을 수 없어 리뷰를 건너뜁니다.
[2025-09-14T09:51:35.559+0000] {subprocess.py:93} INFO - 경고: JSON의 '싼타페 Hybrid'에 해당하는 차종을 DB에서 찾을 수 없어 리뷰를 건너뜁니다.
[2025-09-14T09:51:35.594+0000] {subprocess.py:93} INFO - 경고: JSON의 '싼타페'에 해당하는 차종을 DB에서 찾을 수 없어 리뷰를 건너뜁니다.
[2025-09-14T09:51:35.649+0000] {subprocess.py:93} INFO - 경고: JSON의 '싼타페 Hybrid'에 해당하는 차종을 DB에서 찾을 수 없어 리뷰를 건너뜁니다.
[2025-09-14T09:51:35.657+0000] {subprocess.py:93} INFO - 경고: JSON의 '싼타페 Hybrid'에 해당하는 차종을 DB에서 찾을 수 없어 리뷰를 건너뜁니다.
[2025-09-14T09:51:35.666+0000] {subprocess.py:93} INFO - 경고: JSON의 '싼타페'에 해당하는 차종을 DB에서 찾을 수 없어 리뷰를 건너뜁니다.
[2025-09-14T09:51:35.747+0000] {subprocess.py:93} INFO - 경고: JSON의 '싼타페 Hybrid'에 해당하는 차종을 DB에서 찾을 수 없어 리뷰를 건너뜁니다.
[2025-09-14T09:51:35.748+0000] {subprocess.py:93} INFO - 경고: JSON의 '쏘나타 택시'에 해당하는 차종을 DB에서 찾을 수 없어 리뷰를 건너뜁니다.
[2025-09-14T09:51:35.751+0000] {subprocess.py:93} INFO - 경고: JSON의 '쏘나타 택시'에 해당하는 차종을 DB에서 찾을 수 없어 리뷰를 건너뜁니다.
[2025-09-14T09:51:35.763+0000] {subprocess.py:93} INFO - 경고: JSON의 '싼타페'에 해당하는 차종을 DB에서 찾을 수 없어 리뷰를 건너뜁니다.
[2025-09-14T09:51:35.782+0000] {subprocess.py:93} INFO - 경고: JSON의 '싼타페'에 해당하는 차종을 DB에서 찾을 수 없어 리뷰를 건너뜁니다.
[2025-09-14T09:51:35.787+0000] {subprocess.py:93} INFO - 경고: JSON의 '포터 II 특장차'에 해당하는 차종을 DB에서 찾을 수 없어 리뷰를 건너뜁니다.
[2025-09-14T09:51:35.787+0000] {subprocess.py:93} INFO - 경고: JSON의 '싼타페 Hybrid'에 해당하는 차종을 DB에서 찾을 수 없어 리뷰를 건너뜁니다.
[2025-09-14T09:51:35.807+0000] {subprocess.py:93} INFO - 경고: JSON의 '쏘나타 택시'에 해당하는 차종을 DB에서 찾을 수 없어 리뷰를 건너뜁니다.
[2025-09-14T09:51:35.810+0000] {subprocess.py:93} INFO - 경고: JSON의 '싼타페 Hybrid'에 해당하는 차종을 DB에서 찾을 수 없어 리뷰를 건너뜁니다.
[2025-09-14T09:51:35.817+0000] {subprocess.py:93} INFO - 경고: JSON의 '싼타페'에 해당하는 차종을 DB에서 찾을 수 없어 리뷰를 건너뜁니다.
[2025-09-14T09:51:35.850+0000] {subprocess.py:93} INFO - 경고: JSON의 '포터 II'에 해당하는 차종을 DB에서 찾을 수 없어 리뷰를 건너뜁니다.
[2025-09-14T09:51:35.853+0000] {subprocess.py:93} INFO - 경고: JSON의 '쏘나타 택시'에 해당하는 차종을 DB에서 찾을 수 없어 리뷰를 건너뜁니다.
[2025-09-14T09:51:35.905+0000] {subprocess.py:93} INFO - 경고: JSON의 '싼타페'에 해당하는 차종을 DB에서 찾을 수 없어 리뷰를 건너뜁니다.
[2025-09-14T09:51:35.908+0000] {subprocess.py:93} INFO - 경고: JSON의 '싼타페'에 해당하는 차종을 DB에서 찾을 수 없어 리뷰를 건너뜁니다.
[2025-09-14T09:51:35.941+0000] {subprocess.py:93} INFO - 경고: JSON의 '싼타페 Hybrid'에 해당하는 차종을 DB에서 찾을 수 없어 리뷰를 건너뜁니다.
[2025-09-14T09:51:35.962+0000] {subprocess.py:93} INFO - 경고: JSON의 '싼타페'에 해당하는 차종을 DB에서 찾을 수 없어 리뷰를 건너뜁니다.
[2025-09-14T09:51:35.979+0000] {subprocess.py:93} INFO - 경고: JSON의 '싼타페 Hybrid'에 해당하는 차종을 DB에서 찾을 수 없어 리뷰를 건너뜁니다.
[2025-09-14T09:51:35.983+0000] {subprocess.py:93} INFO - 경고: JSON의 '싼타페 Hybrid'에 해당하는 차종을 DB에서 찾을 수 없어 리뷰를 건너뜁니다.
[2025-09-14T09:51:36.002+0000] {subprocess.py:93} INFO - 경고: JSON의 '싼타페 Hybrid'에 해당하는 차종을 DB에서 찾을 수 없어 리뷰를 건너뜁니다.
[2025-09-14T09:51:36.021+0000] {subprocess.py:93} INFO - 경고: JSON의 '싼타페'에 해당하는 차종을 DB에서 찾을 수 없어 리뷰를 건너뜁니다.
[2025-09-14T09:51:36.022+0000] {subprocess.py:93} INFO - 경고: JSON의 '싼타페'에 해당하는 차종을 DB에서 찾을 수 없어 리뷰를 건너뜁니다.
[2025-09-14T09:51:36.033+0000] {subprocess.py:93} INFO - 경고: JSON의 '싼타페 Hybrid'에 해당하는 차종을 DB에서 찾을 수 없어 리뷰를 건너뜁니다.
[2025-09-14T09:51:36.040+0000] {subprocess.py:93} INFO - 경고: JSON의 '싼타페 Hybrid'에 해당하는 차종을 DB에서 찾을 수 없어 리뷰를 건너뜁니다.
[2025-09-14T09:51:36.089+0000] {subprocess.py:93} INFO - 경고: JSON의 '싼타페 Hybrid'에 해당하는 차종을 DB에서 찾을 수 없어 리뷰를 건너뜁니다.
[2025-09-14T09:51:36.093+0000] {subprocess.py:93} INFO - 경고: JSON의 '포터 II Electric'에 해당하는 차종을 DB에서 찾을 수 없어 리뷰를 건너뜁니다.
[2025-09-14T09:51:36.093+0000] {subprocess.py:93} INFO - 경고: JSON의 '싼타페 Hybrid'에 해당하는 차종을 DB에서 찾을 수 없어 리뷰를 건너뜁니다.
[2025-09-14T09:51:36.101+0000] {subprocess.py:93} INFO - 경고: JSON의 '싼타페 Hybrid'에 해당하는 차종을 DB에서 찾을 수 없어 리뷰를 건너뜁니다.
[2025-09-14T09:51:36.136+0000] {subprocess.py:93} INFO - 경고: JSON의 '포터 II'에 해당하는 차종을 DB에서 찾을 수 없어 리뷰를 건너뜁니다.
[2025-09-14T09:51:36.139+0000] {subprocess.py:93} INFO - 경고: JSON의 '싼타페'에 해당하는 차종을 DB에서 찾을 수 없어 리뷰를 건너뜁니다.
[2025-09-14T09:51:36.170+0000] {subprocess.py:93} INFO - 경고: JSON의 '싼타페 Hybrid'에 해당하는 차종을 DB에서 찾을 수 없어 리뷰를 건너뜁니다.
[2025-09-14T09:51:36.217+0000] {subprocess.py:93} INFO - 경고: JSON의 '포터 II 특장차'에 해당하는 차종을 DB에서 찾을 수 없어 리뷰를 건너뜁니다.
[2025-09-14T09:51:36.239+0000] {subprocess.py:93} INFO - 경고: JSON의 '싼타페 Hybrid'에 해당하는 차종을 DB에서 찾을 수 없어 리뷰를 건너뜁니다.
[2025-09-14T09:51:36.247+0000] {subprocess.py:93} INFO - 경고: JSON의 '싼타페 Hybrid'에 해당하는 차종을 DB에서 찾을 수 없어 리뷰를 건너뜁니다.
[2025-09-14T09:51:36.255+0000] {subprocess.py:93} INFO - 경고: JSON의 '포터 II 특장차'에 해당하는 차종을 DB에서 찾을 수 없어 리뷰를 건너뜁니다.
[2025-09-14T09:51:36.262+0000] {subprocess.py:93} INFO - 경고: JSON의 '싼타페 Hybrid'에 해당하는 차종을 DB에서 찾을 수 없어 리뷰를 건너뜁니다.
[2025-09-14T09:51:36.295+0000] {subprocess.py:93} INFO - 경고: JSON의 '싼타페 Hybrid'에 해당하는 차종을 DB에서 찾을 수 없어 리뷰를 건너뜁니다.
[2025-09-14T09:51:36.299+0000] {subprocess.py:93} INFO - 경고: JSON의 '싼타페 Hybrid'에 해당하는 차종을 DB에서 찾을 수 없어 리뷰를 건너뜁니다.
[2025-09-14T09:51:36.310+0000] {subprocess.py:93} INFO - 경고: JSON의 '싼타페 Hybrid'에 해당하는 차종을 DB에서 찾을 수 없어 리뷰를 건너뜁니다.
[2025-09-14T09:51:36.325+0000] {subprocess.py:93} INFO - 경고: JSON의 '싼타페'에 해당하는 차종을 DB에서 찾을 수 없어 리뷰를 건너뜁니다.
[2025-09-14T09:51:36.325+0000] {subprocess.py:93} INFO - 경고: JSON의 '싼타페 Hybrid'에 해당하는 차종을 DB에서 찾을 수 없어 리뷰를 건너뜁니다.
[2025-09-14T09:51:36.336+0000] {subprocess.py:93} INFO - 경고: JSON의 '싼타페 Hybrid'에 해당하는 차종을 DB에서 찾을 수 없어 리뷰를 건너뜁니다.
[2025-09-14T09:51:36.350+0000] {subprocess.py:93} INFO - 경고: JSON의 '포터 II'에 해당하는 차종을 DB에서 찾을 수 없어 리뷰를 건너뜁니다.
[2025-09-14T09:51:36.371+0000] {subprocess.py:93} INFO - 경고: JSON의 '싼타페 Hybrid'에 해당하는 차종을 DB에서 찾을 수 없어 리뷰를 건너뜁니다.
[2025-09-14T09:51:36.385+0000] {subprocess.py:93} INFO - 경고: JSON의 '싼타페 Hybrid'에 해당하는 차종을 DB에서 찾을 수 없어 리뷰를 건너뜁니다.
[2025-09-14T09:51:36.393+0000] {subprocess.py:93} INFO - 경고: JSON의 '싼타페 Hybrid'에 해당하는 차종을 DB에서 찾을 수 없어 리뷰를 건너뜁니다.
[2025-09-14T09:51:36.397+0000] {subprocess.py:93} INFO - 경고: JSON의 '싼타페 Hybrid'에 해당하는 차종을 DB에서 찾을 수 없어 리뷰를 건너뜁니다.
[2025-09-14T09:51:36.397+0000] {subprocess.py:93} INFO - 경고: JSON의 '싼타페 Hybrid'에 해당하는 차종을 DB에서 찾을 수 없어 리뷰를 건너뜁니다.
[2025-09-14T09:51:36.412+0000] {subprocess.py:93} INFO - 경고: JSON의 '싼타페'에 해당하는 차종을 DB에서 찾을 수 없어 리뷰를 건너뜁니다.
[2025-09-14T09:51:36.412+0000] {subprocess.py:93} INFO - 경고: JSON의 '싼타페'에 해당하는 차종을 DB에서 찾을 수 없어 리뷰를 건너뜁니다.
[2025-09-14T09:51:36.415+0000] {subprocess.py:93} INFO - 경고: JSON의 '싼타페 Hybrid'에 해당하는 차종을 DB에서 찾을 수 없어 리뷰를 건너뜁니다.
[2025-09-14T09:51:36.427+0000] {subprocess.py:93} INFO - 경고: JSON의 '싼타페 Hybrid'에 해당하는 차종을 DB에서 찾을 수 없어 리뷰를 건너뜁니다.
[2025-09-14T09:51:36.445+0000] {subprocess.py:93} INFO - 경고: JSON의 '싼타페 Hybrid'에 해당하는 차종을 DB에서 찾을 수 없어 리뷰를 건너뜁니다.
[2025-09-14T09:51:36.523+0000] {subprocess.py:93} INFO - 경고: JSON의 '싼타페'에 해당하는 차종을 DB에서 찾을 수 없어 리뷰를 건너뜁니다.
[2025-09-14T09:51:36.527+0000] {subprocess.py:93} INFO - 경고: JSON의 '포터 II Electric'에 해당하는 차종을 DB에서 찾을 수 없어 리뷰를 건너뜁니다.
[2025-09-14T09:51:36.540+0000] {subprocess.py:93} INFO - 경고: JSON의 '싼타페 Hybrid'에 해당하는 차종을 DB에서 찾을 수 없어 리뷰를 건너뜁니다.
[2025-09-14T09:51:36.540+0000] {subprocess.py:93} INFO - 경고: JSON의 '싼타페 Hybrid'에 해당하는 차종을 DB에서 찾을 수 없어 리뷰를 건너뜁니다.
[2025-09-14T09:51:36.560+0000] {subprocess.py:93} INFO - 경고: JSON의 '싼타페 Hybrid'에 해당하는 차종을 DB에서 찾을 수 없어 리뷰를 건너뜁니다.
[2025-09-14T09:51:36.560+0000] {subprocess.py:93} INFO - 경고: JSON의 '싼타페'에 해당하는 차종을 DB에서 찾을 수 없어 리뷰를 건너뜁니다.
[2025-09-14T09:51:36.589+0000] {subprocess.py:93} INFO - 경고: JSON의 '싼타페'에 해당하는 차종을 DB에서 찾을 수 없어 리뷰를 건너뜁니다.
[2025-09-14T09:51:36.640+0000] {subprocess.py:93} INFO - 경고: JSON의 '싼타페'에 해당하는 차종을 DB에서 찾을 수 없어 리뷰를 건너뜁니다.
[2025-09-14T09:51:36.673+0000] {subprocess.py:93} INFO - 경고: JSON의 '싼타페 Hybrid'에 해당하는 차종을 DB에서 찾을 수 없어 리뷰를 건너뜁니다.
[2025-09-14T09:51:36.713+0000] {subprocess.py:93} INFO - 경고: JSON의 '싼타페 Hybrid'에 해당하는 차종을 DB에서 찾을 수 없어 리뷰를 건너뜁니다.
[2025-09-14T09:51:36.714+0000] {subprocess.py:93} INFO - 경고: JSON의 '포터 II 특장차'에 해당하는 차종을 DB에서 찾을 수 없어 리뷰를 건너뜁니다.
[2025-09-14T09:51:36.724+0000] {subprocess.py:93} INFO - 경고: JSON의 '싼타페 Hybrid'에 해당하는 차종을 DB에서 찾을 수 없어 리뷰를 건너뜁니다.
[2025-09-14T09:51:36.724+0000] {subprocess.py:93} INFO - 경고: JSON의 '싼타페'에 해당하는 차종을 DB에서 찾을 수 없어 리뷰를 건너뜁니다.
[2025-09-14T09:51:36.724+0000] {subprocess.py:93} INFO - 경고: JSON의 '포터 II'에 해당하는 차종을 DB에서 찾을 수 없어 리뷰를 건너뜁니다.
[2025-09-14T09:51:36.728+0000] {subprocess.py:93} INFO - 경고: JSON의 '싼타페'에 해당하는 차종을 DB에서 찾을 수 없어 리뷰를 건너뜁니다.
[2025-09-14T09:51:36.734+0000] {subprocess.py:93} INFO - 경고: JSON의 '싼타페 Hybrid'에 해당하는 차종을 DB에서 찾을 수 없어 리뷰를 건너뜁니다.
[2025-09-14T09:51:36.735+0000] {subprocess.py:93} INFO - 경고: JSON의 '싼타페 Hybrid'에 해당하는 차종을 DB에서 찾을 수 없어 리뷰를 건너뜁니다.
[2025-09-14T09:51:36.735+0000] {subprocess.py:93} INFO - 경고: JSON의 '싼타페 Hybrid'에 해당하는 차종을 DB에서 찾을 수 없어 리뷰를 건너뜁니다.
[2025-09-14T09:51:36.735+0000] {subprocess.py:93} INFO - 경고: JSON의 '쏘나타 택시'에 해당하는 차종을 DB에서 찾을 수 없어 리뷰를 건너뜁니다.
[2025-09-14T09:51:36.738+0000] {subprocess.py:93} INFO - 경고: JSON의 '싼타페'에 해당하는 차종을 DB에서 찾을 수 없어 리뷰를 건너뜁니다.
[2025-09-14T09:51:36.751+0000] {subprocess.py:93} INFO - 경고: JSON의 '싼타페 Hybrid'에 해당하는 차종을 DB에서 찾을 수 없어 리뷰를 건너뜁니다.
[2025-09-14T09:51:36.754+0000] {subprocess.py:93} INFO - 경고: JSON의 '싼타페'에 해당하는 차종을 DB에서 찾을 수 없어 리뷰를 건너뜁니다.
[2025-09-14T09:51:36.767+0000] {subprocess.py:93} INFO - 경고: JSON의 '포터 II Electric'에 해당하는 차종을 DB에서 찾을 수 없어 리뷰를 건너뜁니다.
[2025-09-14T09:51:36.774+0000] {subprocess.py:93} INFO - 경고: JSON의 '싼타페 Hybrid'에 해당하는 차종을 DB에서 찾을 수 없어 리뷰를 건너뜁니다.
[2025-09-14T09:51:36.829+0000] {subprocess.py:93} INFO - 경고: JSON의 '싼타페'에 해당하는 차종을 DB에서 찾을 수 없어 리뷰를 건너뜁니다.
[2025-09-14T09:51:36.832+0000] {subprocess.py:93} INFO - 경고: JSON의 '포터 II'에 해당하는 차종을 DB에서 찾을 수 없어 리뷰를 건너뜁니다.
[2025-09-14T09:51:36.839+0000] {subprocess.py:93} INFO - 경고: JSON의 '포터 II 특장차'에 해당하는 차종을 DB에서 찾을 수 없어 리뷰를 건너뜁니다.
[2025-09-14T09:51:36.839+0000] {subprocess.py:93} INFO - 경고: JSON의 '싼타페 Hybrid'에 해당하는 차종을 DB에서 찾을 수 없어 리뷰를 건너뜁니다.
[2025-09-14T09:51:36.839+0000] {subprocess.py:93} INFO - 경고: JSON의 '포터 II Electric'에 해당하는 차종을 DB에서 찾을 수 없어 리뷰를 건너뜁니다.
[2025-09-14T09:51:36.842+0000] {subprocess.py:93} INFO - 경고: JSON의 '싼타페'에 해당하는 차종을 DB에서 찾을 수 없어 리뷰를 건너뜁니다.
[2025-09-14T09:51:36.842+0000] {subprocess.py:93} INFO - 경고: JSON의 '싼타페 Hybrid'에 해당하는 차종을 DB에서 찾을 수 없어 리뷰를 건너뜁니다.
[2025-09-14T09:51:36.859+0000] {subprocess.py:93} INFO - 경고: JSON의 '싼타페'에 해당하는 차종을 DB에서 찾을 수 없어 리뷰를 건너뜁니다.
[2025-09-14T09:51:36.872+0000] {subprocess.py:93} INFO - 경고: JSON의 '싼타페'에 해당하는 차종을 DB에서 찾을 수 없어 리뷰를 건너뜁니다.
[2025-09-14T09:51:36.943+0000] {subprocess.py:93} INFO - 경고: JSON의 '싼타페'에 해당하는 차종을 DB에서 찾을 수 없어 리뷰를 건너뜁니다.
[2025-09-14T09:51:36.956+0000] {subprocess.py:93} INFO - 경고: JSON의 '싼타페 Hybrid'에 해당하는 차종을 DB에서 찾을 수 없어 리뷰를 건너뜁니다.
[2025-09-14T09:51:36.984+0000] {subprocess.py:93} INFO - 경고: JSON의 '싼타페 Hybrid'에 해당하는 차종을 DB에서 찾을 수 없어 리뷰를 건너뜁니다.
[2025-09-14T09:51:37.048+0000] {subprocess.py:93} INFO - 경고: JSON의 '싼타페 Hybrid'에 해당하는 차종을 DB에서 찾을 수 없어 리뷰를 건너뜁니다.
[2025-09-14T09:51:37.060+0000] {subprocess.py:93} INFO - 경고: JSON의 '싼타페 Hybrid'에 해당하는 차종을 DB에서 찾을 수 없어 리뷰를 건너뜁니다.
[2025-09-14T09:51:37.069+0000] {subprocess.py:93} INFO - 경고: JSON의 '싼타페 Hybrid'에 해당하는 차종을 DB에서 찾을 수 없어 리뷰를 건너뜁니다.
[2025-09-14T09:51:37.070+0000] {subprocess.py:93} INFO - 경고: JSON의 '쏘나타 택시'에 해당하는 차종을 DB에서 찾을 수 없어 리뷰를 건너뜁니다.
[2025-09-14T09:51:37.087+0000] {subprocess.py:93} INFO - 경고: JSON의 '포터 II'에 해당하는 차종을 DB에서 찾을 수 없어 리뷰를 건너뜁니다.
[2025-09-14T09:51:37.124+0000] {subprocess.py:93} INFO - 경고: JSON의 '싼타페 Hybrid'에 해당하는 차종을 DB에서 찾을 수 없어 리뷰를 건너뜁니다.
[2025-09-14T09:51:37.165+0000] {subprocess.py:93} INFO - 경고: JSON의 '싼타페 Hybrid'에 해당하는 차종을 DB에서 찾을 수 없어 리뷰를 건너뜁니다.
[2025-09-14T09:51:37.179+0000] {subprocess.py:93} INFO - 경고: JSON의 '싼타페'에 해당하는 차종을 DB에서 찾을 수 없어 리뷰를 건너뜁니다.
[2025-09-14T09:51:37.179+0000] {subprocess.py:93} INFO - 경고: JSON의 '포터 II'에 해당하는 차종을 DB에서 찾을 수 없어 리뷰를 건너뜁니다.
[2025-09-14T09:51:37.183+0000] {subprocess.py:93} INFO - 경고: JSON의 '포터 II Electric'에 해당하는 차종을 DB에서 찾을 수 없어 리뷰를 건너뜁니다.
[2025-09-14T09:51:37.196+0000] {subprocess.py:93} INFO - 경고: JSON의 '싼타페 Hybrid'에 해당하는 차종을 DB에서 찾을 수 없어 리뷰를 건너뜁니다.
[2025-09-14T09:51:37.207+0000] {subprocess.py:93} INFO - 경고: JSON의 '싼타페 Hybrid'에 해당하는 차종을 DB에서 찾을 수 없어 리뷰를 건너뜁니다.
[2025-09-14T09:51:37.230+0000] {subprocess.py:93} INFO - 경고: JSON의 '포터 II Electric 특장차'에 해당하는 차종을 DB에서 찾을 수 없어 리뷰를 건너뜁니다.
[2025-09-14T09:51:37.250+0000] {subprocess.py:93} INFO - 경고: JSON의 '싼타페 Hybrid'에 해당하는 차종을 DB에서 찾을 수 없어 리뷰를 건너뜁니다.
[2025-09-14T09:51:37.254+0000] {subprocess.py:93} INFO - 경고: JSON의 '싼타페 Hybrid'에 해당하는 차종을 DB에서 찾을 수 없어 리뷰를 건너뜁니다.
[2025-09-14T09:51:37.271+0000] {subprocess.py:93} INFO - 경고: JSON의 '싼타페'에 해당하는 차종을 DB에서 찾을 수 없어 리뷰를 건너뜁니다.
[2025-09-14T09:51:37.289+0000] {subprocess.py:93} INFO - 경고: JSON의 '싼타페'에 해당하는 차종을 DB에서 찾을 수 없어 리뷰를 건너뜁니다.
[2025-09-14T09:51:37.290+0000] {subprocess.py:93} INFO - 경고: JSON의 '포터 II Electric'에 해당하는 차종을 DB에서 찾을 수 없어 리뷰를 건너뜁니다.
[2025-09-14T09:51:37.395+0000] {subprocess.py:93} INFO - 경고: JSON의 '싼타페 Hybrid'에 해당하는 차종을 DB에서 찾을 수 없어 리뷰를 건너뜁니다.
[2025-09-14T09:51:37.415+0000] {subprocess.py:93} INFO - 경고: JSON의 '싼타페'에 해당하는 차종을 DB에서 찾을 수 없어 리뷰를 건너뜁니다.
[2025-09-14T09:51:37.424+0000] {subprocess.py:93} INFO - 경고: JSON의 '싼타페 Hybrid'에 해당하는 차종을 DB에서 찾을 수 없어 리뷰를 건너뜁니다.
[2025-09-14T09:51:37.450+0000] {subprocess.py:93} INFO - 경고: JSON의 '포터 II'에 해당하는 차종을 DB에서 찾을 수 없어 리뷰를 건너뜁니다.
[2025-09-14T09:51:37.532+0000] {subprocess.py:93} INFO - 경고: JSON의 '싼타페 Hybrid'에 해당하는 차종을 DB에서 찾을 수 없어 리뷰를 건너뜁니다.
[2025-09-14T09:51:37.561+0000] {subprocess.py:93} INFO - 경고: JSON의 '싼타페'에 해당하는 차종을 DB에서 찾을 수 없어 리뷰를 건너뜁니다.
[2025-09-14T09:51:37.568+0000] {subprocess.py:93} INFO - 경고: JSON의 '싼타페 Hybrid'에 해당하는 차종을 DB에서 찾을 수 없어 리뷰를 건너뜁니다.
[2025-09-14T09:51:37.596+0000] {subprocess.py:93} INFO - 경고: JSON의 '포터 II Electric'에 해당하는 차종을 DB에서 찾을 수 없어 리뷰를 건너뜁니다.
[2025-09-14T09:51:37.623+0000] {subprocess.py:93} INFO - 경고: JSON의 '싼타페'에 해당하는 차종을 DB에서 찾을 수 없어 리뷰를 건너뜁니다.
[2025-09-14T09:51:37.623+0000] {subprocess.py:93} INFO - 경고: JSON의 '싼타페 Hybrid'에 해당하는 차종을 DB에서 찾을 수 없어 리뷰를 건너뜁니다.
[2025-09-14T09:51:37.653+0000] {subprocess.py:93} INFO - 경고: JSON의 '싼타페 Hybrid'에 해당하는 차종을 DB에서 찾을 수 없어 리뷰를 건너뜁니다.
[2025-09-14T09:51:37.661+0000] {subprocess.py:93} INFO - 경고: JSON의 '싼타페 Hybrid'에 해당하는 차종을 DB에서 찾을 수 없어 리뷰를 건너뜁니다.
[2025-09-14T09:51:37.691+0000] {subprocess.py:93} INFO - 경고: JSON의 '싼타페 Hybrid'에 해당하는 차종을 DB에서 찾을 수 없어 리뷰를 건너뜁니다.
[2025-09-14T09:51:37.695+0000] {subprocess.py:93} INFO - 경고: JSON의 '싼타페 Hybrid'에 해당하는 차종을 DB에서 찾을 수 없어 리뷰를 건너뜁니다.
[2025-09-14T09:51:37.699+0000] {subprocess.py:93} INFO - 경고: JSON의 '싼타페 Hybrid'에 해당하는 차종을 DB에서 찾을 수 없어 리뷰를 건너뜁니다.
[2025-09-14T09:51:37.699+0000] {subprocess.py:93} INFO - 경고: JSON의 '싼타페'에 해당하는 차종을 DB에서 찾을 수 없어 리뷰를 건너뜁니다.
[2025-09-14T09:51:37.730+0000] {subprocess.py:93} INFO - 경고: JSON의 '싼타페 Hybrid'에 해당하는 차종을 DB에서 찾을 수 없어 리뷰를 건너뜁니다.
[2025-09-14T09:51:37.730+0000] {subprocess.py:93} INFO - 경고: JSON의 '싼타페 Hybrid'에 해당하는 차종을 DB에서 찾을 수 없어 리뷰를 건너뜁니다.
[2025-09-14T09:51:37.772+0000] {subprocess.py:93} INFO - 경고: JSON의 '포터 II'에 해당하는 차종을 DB에서 찾을 수 없어 리뷰를 건너뜁니다.
[2025-09-14T09:51:37.772+0000] {subprocess.py:93} INFO - 경고: JSON의 '싼타페 Hybrid'에 해당하는 차종을 DB에서 찾을 수 없어 리뷰를 건너뜁니다.
[2025-09-14T09:51:37.772+0000] {subprocess.py:93} INFO - 경고: JSON의 '쏘나타 택시'에 해당하는 차종을 DB에서 찾을 수 없어 리뷰를 건너뜁니다.
[2025-09-14T09:51:37.773+0000] {subprocess.py:93} INFO - 경고: JSON의 '싼타페 Hybrid'에 해당하는 차종을 DB에서 찾을 수 없어 리뷰를 건너뜁니다.
[2025-09-14T09:51:37.773+0000] {subprocess.py:93} INFO - 경고: JSON의 '쏘나타 택시'에 해당하는 차종을 DB에서 찾을 수 없어 리뷰를 건너뜁니다.
[2025-09-14T09:51:37.773+0000] {subprocess.py:93} INFO - 경고: JSON의 '쏘나타 택시'에 해당하는 차종을 DB에서 찾을 수 없어 리뷰를 건너뜁니다.
[2025-09-14T09:51:37.826+0000] {subprocess.py:93} INFO - 경고: JSON의 '포터 II Electric'에 해당하는 차종을 DB에서 찾을 수 없어 리뷰를 건너뜁니다.
[2025-09-14T09:51:37.842+0000] {subprocess.py:93} INFO - 경고: JSON의 '싼타페'에 해당하는 차종을 DB에서 찾을 수 없어 리뷰를 건너뜁니다.
[2025-09-14T09:51:37.846+0000] {subprocess.py:93} INFO - 경고: JSON의 '싼타페 Hybrid'에 해당하는 차종을 DB에서 찾을 수 없어 리뷰를 건너뜁니다.
[2025-09-14T09:51:37.858+0000] {subprocess.py:93} INFO - 경고: JSON의 '싼타페 Hybrid'에 해당하는 차종을 DB에서 찾을 수 없어 리뷰를 건너뜁니다.
[2025-09-14T09:51:37.865+0000] {subprocess.py:93} INFO - 경고: JSON의 '싼타페 Hybrid'에 해당하는 차종을 DB에서 찾을 수 없어 리뷰를 건너뜁니다.
[2025-09-14T09:51:37.875+0000] {subprocess.py:93} INFO - 경고: JSON의 '포터 II'에 해당하는 차종을 DB에서 찾을 수 없어 리뷰를 건너뜁니다.
[2025-09-14T09:51:37.895+0000] {subprocess.py:93} INFO - 경고: JSON의 '싼타페 Hybrid'에 해당하는 차종을 DB에서 찾을 수 없어 리뷰를 건너뜁니다.
[2025-09-14T09:51:37.895+0000] {subprocess.py:93} INFO - 경고: JSON의 '싼타페 Hybrid'에 해당하는 차종을 DB에서 찾을 수 없어 리뷰를 건너뜁니다.
[2025-09-14T09:51:37.949+0000] {subprocess.py:93} INFO - 경고: JSON의 '싼타페'에 해당하는 차종을 DB에서 찾을 수 없어 리뷰를 건너뜁니다.
[2025-09-14T09:51:37.965+0000] {subprocess.py:93} INFO - 경고: JSON의 '싼타페 Hybrid'에 해당하는 차종을 DB에서 찾을 수 없어 리뷰를 건너뜁니다.
[2025-09-14T09:51:37.965+0000] {subprocess.py:93} INFO - 경고: JSON의 '포터 II'에 해당하는 차종을 DB에서 찾을 수 없어 리뷰를 건너뜁니다.
[2025-09-14T09:51:37.968+0000] {subprocess.py:93} INFO - 경고: JSON의 '싼타페 Hybrid'에 해당하는 차종을 DB에서 찾을 수 없어 리뷰를 건너뜁니다.
[2025-09-14T09:51:37.971+0000] {subprocess.py:93} INFO - 경고: JSON의 '포터 II Electric 특장차'에 해당하는 차종을 DB에서 찾을 수 없어 리뷰를 건너뜁니다.
[2025-09-14T09:51:37.981+0000] {subprocess.py:93} INFO - 경고: JSON의 '포터 II'에 해당하는 차종을 DB에서 찾을 수 없어 리뷰를 건너뜁니다.
[2025-09-14T09:51:37.989+0000] {subprocess.py:93} INFO - 경고: JSON의 '싼타페 Hybrid'에 해당하는 차종을 DB에서 찾을 수 없어 리뷰를 건너뜁니다.
[2025-09-14T09:51:38.010+0000] {subprocess.py:93} INFO - 경고: JSON의 '싼타페 Hybrid'에 해당하는 차종을 DB에서 찾을 수 없어 리뷰를 건너뜁니다.
[2025-09-14T09:51:38.037+0000] {subprocess.py:93} INFO - 경고: JSON의 '싼타페 Hybrid'에 해당하는 차종을 DB에서 찾을 수 없어 리뷰를 건너뜁니다.
[2025-09-14T09:51:38.052+0000] {subprocess.py:93} INFO - 경고: JSON의 '싼타페 Hybrid'에 해당하는 차종을 DB에서 찾을 수 없어 리뷰를 건너뜁니다.
[2025-09-14T09:51:38.052+0000] {subprocess.py:93} INFO - 경고: JSON의 '싼타페 Hybrid'에 해당하는 차종을 DB에서 찾을 수 없어 리뷰를 건너뜁니다.
[2025-09-14T09:51:38.066+0000] {subprocess.py:93} INFO - 경고: JSON의 '포터 II Electric 특장차'에 해당하는 차종을 DB에서 찾을 수 없어 리뷰를 건너뜁니다.
[2025-09-14T09:51:38.070+0000] {subprocess.py:93} INFO - 경고: JSON의 '싼타페 Hybrid'에 해당하는 차종을 DB에서 찾을 수 없어 리뷰를 건너뜁니다.
[2025-09-14T09:51:38.080+0000] {subprocess.py:93} INFO - 경고: JSON의 '포터 II Electric'에 해당하는 차종을 DB에서 찾을 수 없어 리뷰를 건너뜁니다.
[2025-09-14T09:51:38.113+0000] {subprocess.py:93} INFO - 경고: JSON의 '싼타페 Hybrid'에 해당하는 차종을 DB에서 찾을 수 없어 리뷰를 건너뜁니다.
[2025-09-14T09:51:38.116+0000] {subprocess.py:93} INFO - 경고: JSON의 '싼타페 Hybrid'에 해당하는 차종을 DB에서 찾을 수 없어 리뷰를 건너뜁니다.
[2025-09-14T09:51:38.144+0000] {subprocess.py:93} INFO - 경고: JSON의 '싼타페 Hybrid'에 해당하는 차종을 DB에서 찾을 수 없어 리뷰를 건너뜁니다.
[2025-09-14T09:51:38.170+0000] {subprocess.py:93} INFO - 경고: JSON의 '싼타페'에 해당하는 차종을 DB에서 찾을 수 없어 리뷰를 건너뜁니다.
[2025-09-14T09:51:38.208+0000] {subprocess.py:93} INFO - 경고: JSON의 '싼타페 Hybrid'에 해당하는 차종을 DB에서 찾을 수 없어 리뷰를 건너뜁니다.
[2025-09-14T09:51:38.208+0000] {subprocess.py:93} INFO - 경고: JSON의 '싼타페 Hybrid'에 해당하는 차종을 DB에서 찾을 수 없어 리뷰를 건너뜁니다.
[2025-09-14T09:51:38.258+0000] {subprocess.py:93} INFO - 경고: JSON의 '싼타페 Hybrid'에 해당하는 차종을 DB에서 찾을 수 없어 리뷰를 건너뜁니다.
[2025-09-14T09:51:38.274+0000] {subprocess.py:93} INFO - 경고: JSON의 '포터 II Electric'에 해당하는 차종을 DB에서 찾을 수 없어 리뷰를 건너뜁니다.
[2025-09-14T09:51:38.297+0000] {subprocess.py:93} INFO - 경고: JSON의 '포터 II'에 해당하는 차종을 DB에서 찾을 수 없어 리뷰를 건너뜁니다.
[2025-09-14T09:51:38.297+0000] {subprocess.py:93} INFO - 경고: JSON의 '싼타페'에 해당하는 차종을 DB에서 찾을 수 없어 리뷰를 건너뜁니다.
[2025-09-14T09:51:38.300+0000] {subprocess.py:93} INFO - 경고: JSON의 '포터 II'에 해당하는 차종을 DB에서 찾을 수 없어 리뷰를 건너뜁니다.
[2025-09-14T09:51:38.317+0000] {subprocess.py:93} INFO - 경고: JSON의 '포터 II'에 해당하는 차종을 DB에서 찾을 수 없어 리뷰를 건너뜁니다.
[2025-09-14T09:51:38.324+0000] {subprocess.py:93} INFO - 경고: JSON의 '싼타페 Hybrid'에 해당하는 차종을 DB에서 찾을 수 없어 리뷰를 건너뜁니다.
[2025-09-14T09:51:38.330+0000] {subprocess.py:93} INFO - 경고: JSON의 '싼타페'에 해당하는 차종을 DB에서 찾을 수 없어 리뷰를 건너뜁니다.
[2025-09-14T09:51:38.359+0000] {subprocess.py:93} INFO - 경고: JSON의 '싼타페 Hybrid'에 해당하는 차종을 DB에서 찾을 수 없어 리뷰를 건너뜁니다.
[2025-09-14T09:51:38.363+0000] {subprocess.py:93} INFO - 경고: JSON의 '싼타페 Hybrid'에 해당하는 차종을 DB에서 찾을 수 없어 리뷰를 건너뜁니다.
[2025-09-14T09:51:38.364+0000] {subprocess.py:93} INFO - 경고: JSON의 '쏘나타 택시'에 해당하는 차종을 DB에서 찾을 수 없어 리뷰를 건너뜁니다.
[2025-09-14T09:51:38.367+0000] {subprocess.py:93} INFO - 경고: JSON의 '싼타페 Hybrid'에 해당하는 차종을 DB에서 찾을 수 없어 리뷰를 건너뜁니다.
[2025-09-14T09:51:38.395+0000] {subprocess.py:93} INFO - 경고: JSON의 '싼타페 Hybrid'에 해당하는 차종을 DB에서 찾을 수 없어 리뷰를 건너뜁니다.
[2025-09-14T09:51:38.399+0000] {subprocess.py:93} INFO - 경고: JSON의 '싼타페'에 해당하는 차종을 DB에서 찾을 수 없어 리뷰를 건너뜁니다.
[2025-09-14T09:51:38.420+0000] {subprocess.py:93} INFO - 경고: JSON의 '포터 II 특장차'에 해당하는 차종을 DB에서 찾을 수 없어 리뷰를 건너뜁니다.
[2025-09-14T09:51:38.432+0000] {subprocess.py:93} INFO - 경고: JSON의 '싼타페 Hybrid'에 해당하는 차종을 DB에서 찾을 수 없어 리뷰를 건너뜁니다.
[2025-09-14T09:51:38.433+0000] {subprocess.py:93} INFO - 경고: JSON의 '포터 II'에 해당하는 차종을 DB에서 찾을 수 없어 리뷰를 건너뜁니다.
[2025-09-14T09:51:38.437+0000] {subprocess.py:93} INFO - 경고: JSON의 '싼타페'에 해당하는 차종을 DB에서 찾을 수 없어 리뷰를 건너뜁니다.
[2025-09-14T09:51:38.437+0000] {subprocess.py:93} INFO - 경고: JSON의 '싼타페 Hybrid'에 해당하는 차종을 DB에서 찾을 수 없어 리뷰를 건너뜁니다.
[2025-09-14T09:51:38.445+0000] {subprocess.py:93} INFO - 경고: JSON의 '포터 II 특장차'에 해당하는 차종을 DB에서 찾을 수 없어 리뷰를 건너뜁니다.
[2025-09-14T09:51:38.445+0000] {subprocess.py:93} INFO - 경고: JSON의 '싼타페'에 해당하는 차종을 DB에서 찾을 수 없어 리뷰를 건너뜁니다.
[2025-09-14T09:51:38.458+0000] {subprocess.py:93} INFO - 경고: JSON의 '싼타페 Hybrid'에 해당하는 차종을 DB에서 찾을 수 없어 리뷰를 건너뜁니다.
[2025-09-14T09:51:38.470+0000] {subprocess.py:93} INFO - 경고: JSON의 '싼타페 Hybrid'에 해당하는 차종을 DB에서 찾을 수 없어 리뷰를 건너뜁니다.
[2025-09-14T09:51:38.470+0000] {subprocess.py:93} INFO - 경고: JSON의 '싼타페 Hybrid'에 해당하는 차종을 DB에서 찾을 수 없어 리뷰를 건너뜁니다.
[2025-09-14T09:51:38.470+0000] {subprocess.py:93} INFO - 경고: JSON의 '포터 II 특장차'에 해당하는 차종을 DB에서 찾을 수 없어 리뷰를 건너뜁니다.
[2025-09-14T09:51:38.486+0000] {subprocess.py:93} INFO - 경고: JSON의 '싼타페'에 해당하는 차종을 DB에서 찾을 수 없어 리뷰를 건너뜁니다.
[2025-09-14T09:51:38.487+0000] {subprocess.py:93} INFO - 경고: JSON의 '싼타페'에 해당하는 차종을 DB에서 찾을 수 없어 리뷰를 건너뜁니다.
[2025-09-14T09:51:38.519+0000] {subprocess.py:93} INFO - 경고: JSON의 '싼타페'에 해당하는 차종을 DB에서 찾을 수 없어 리뷰를 건너뜁니다.
[2025-09-14T09:51:38.520+0000] {subprocess.py:93} INFO - 경고: JSON의 '포터 II'에 해당하는 차종을 DB에서 찾을 수 없어 리뷰를 건너뜁니다.
[2025-09-14T09:51:38.531+0000] {subprocess.py:93} INFO - 경고: JSON의 '포터 II'에 해당하는 차종을 DB에서 찾을 수 없어 리뷰를 건너뜁니다.
[2025-09-14T09:51:38.535+0000] {subprocess.py:93} INFO - 경고: JSON의 '싼타페 Hybrid'에 해당하는 차종을 DB에서 찾을 수 없어 리뷰를 건너뜁니다.
[2025-09-14T09:51:38.548+0000] {subprocess.py:93} INFO - 경고: JSON의 '싼타페 Hybrid'에 해당하는 차종을 DB에서 찾을 수 없어 리뷰를 건너뜁니다.
[2025-09-14T09:51:38.548+0000] {subprocess.py:93} INFO - 경고: JSON의 '싼타페 Hybrid'에 해당하는 차종을 DB에서 찾을 수 없어 리뷰를 건너뜁니다.
[2025-09-14T09:51:38.568+0000] {subprocess.py:93} INFO - 경고: JSON의 '싼타페 Hybrid'에 해당하는 차종을 DB에서 찾을 수 없어 리뷰를 건너뜁니다.
[2025-09-14T09:51:38.572+0000] {subprocess.py:93} INFO - 경고: JSON의 '싼타페'에 해당하는 차종을 DB에서 찾을 수 없어 리뷰를 건너뜁니다.
[2025-09-14T09:51:38.584+0000] {subprocess.py:93} INFO - 경고: JSON의 '싼타페'에 해당하는 차종을 DB에서 찾을 수 없어 리뷰를 건너뜁니다.
[2025-09-14T09:51:38.594+0000] {subprocess.py:93} INFO - 경고: JSON의 '포터 II Electric'에 해당하는 차종을 DB에서 찾을 수 없어 리뷰를 건너뜁니다.
[2025-09-14T09:51:38.595+0000] {subprocess.py:93} INFO - 경고: JSON의 '싼타페 Hybrid'에 해당하는 차종을 DB에서 찾을 수 없어 리뷰를 건너뜁니다.
[2025-09-14T09:51:38.595+0000] {subprocess.py:93} INFO - 경고: JSON의 '싼타페 Hybrid'에 해당하는 차종을 DB에서 찾을 수 없어 리뷰를 건너뜁니다.
[2025-09-14T09:51:38.604+0000] {subprocess.py:93} INFO - 경고: JSON의 '싼타페'에 해당하는 차종을 DB에서 찾을 수 없어 리뷰를 건너뜁니다.
[2025-09-14T09:51:38.608+0000] {subprocess.py:93} INFO - 경고: JSON의 '싼타페 Hybrid'에 해당하는 차종을 DB에서 찾을 수 없어 리뷰를 건너뜁니다.
[2025-09-14T09:51:38.609+0000] {subprocess.py:93} INFO - 경고: JSON의 '싼타페'에 해당하는 차종을 DB에서 찾을 수 없어 리뷰를 건너뜁니다.
[2025-09-14T09:51:38.612+0000] {subprocess.py:93} INFO - 경고: JSON의 '싼타페 Hybrid'에 해당하는 차종을 DB에서 찾을 수 없어 리뷰를 건너뜁니다.
[2025-09-14T09:51:38.629+0000] {subprocess.py:93} INFO - 경고: JSON의 '싼타페 Hybrid'에 해당하는 차종을 DB에서 찾을 수 없어 리뷰를 건너뜁니다.
[2025-09-14T09:51:38.629+0000] {subprocess.py:93} INFO - 경고: JSON의 '싼타페 Hybrid'에 해당하는 차종을 DB에서 찾을 수 없어 리뷰를 건너뜁니다.
[2025-09-14T09:51:38.632+0000] {subprocess.py:93} INFO - 경고: JSON의 '싼타페 Hybrid'에 해당하는 차종을 DB에서 찾을 수 없어 리뷰를 건너뜁니다.
[2025-09-14T09:51:38.633+0000] {subprocess.py:93} INFO - 경고: JSON의 '싼타페 Hybrid'에 해당하는 차종을 DB에서 찾을 수 없어 리뷰를 건너뜁니다.
[2025-09-14T09:51:38.633+0000] {subprocess.py:93} INFO - 경고: JSON의 '싼타페 Hybrid'에 해당하는 차종을 DB에서 찾을 수 없어 리뷰를 건너뜁니다.
[2025-09-14T09:51:38.642+0000] {subprocess.py:93} INFO - 경고: JSON의 '포터 II'에 해당하는 차종을 DB에서 찾을 수 없어 리뷰를 건너뜁니다.
[2025-09-14T09:51:38.649+0000] {subprocess.py:93} INFO - 경고: JSON의 '포터 II 특장차'에 해당하는 차종을 DB에서 찾을 수 없어 리뷰를 건너뜁니다.
[2025-09-14T09:51:38.653+0000] {subprocess.py:93} INFO - 경고: JSON의 '싼타페 Hybrid'에 해당하는 차종을 DB에서 찾을 수 없어 리뷰를 건너뜁니다.
[2025-09-14T09:51:38.656+0000] {subprocess.py:93} INFO - 경고: JSON의 '싼타페'에 해당하는 차종을 DB에서 찾을 수 없어 리뷰를 건너뜁니다.
[2025-09-14T09:51:38.656+0000] {subprocess.py:93} INFO - 경고: JSON의 '싼타페 Hybrid'에 해당하는 차종을 DB에서 찾을 수 없어 리뷰를 건너뜁니다.
[2025-09-14T09:51:38.660+0000] {subprocess.py:93} INFO - 경고: JSON의 '싼타페 Hybrid'에 해당하는 차종을 DB에서 찾을 수 없어 리뷰를 건너뜁니다.
[2025-09-14T09:51:38.710+0000] {subprocess.py:93} INFO - 경고: JSON의 '싼타페 Hybrid'에 해당하는 차종을 DB에서 찾을 수 없어 리뷰를 건너뜁니다.
[2025-09-14T09:51:38.710+0000] {subprocess.py:93} INFO - 경고: JSON의 '싼타페'에 해당하는 차종을 DB에서 찾을 수 없어 리뷰를 건너뜁니다.
[2025-09-14T09:51:38.711+0000] {subprocess.py:93} INFO - 경고: JSON의 '싼타페 Hybrid'에 해당하는 차종을 DB에서 찾을 수 없어 리뷰를 건너뜁니다.
[2025-09-14T09:51:38.721+0000] {subprocess.py:93} INFO - 경고: JSON의 '포터 II Electric'에 해당하는 차종을 DB에서 찾을 수 없어 리뷰를 건너뜁니다.
[2025-09-14T09:51:38.735+0000] {subprocess.py:93} INFO - 경고: JSON의 '싼타페'에 해당하는 차종을 DB에서 찾을 수 없어 리뷰를 건너뜁니다.
[2025-09-14T09:51:38.755+0000] {subprocess.py:93} INFO - 경고: JSON의 '싼타페 Hybrid'에 해당하는 차종을 DB에서 찾을 수 없어 리뷰를 건너뜁니다.
[2025-09-14T09:51:38.755+0000] {subprocess.py:93} INFO - 경고: JSON의 '싼타페 Hybrid'에 해당하는 차종을 DB에서 찾을 수 없어 리뷰를 건너뜁니다.
[2025-09-14T09:51:38.771+0000] {subprocess.py:93} INFO - 경고: JSON의 '싼타페 Hybrid'에 해당하는 차종을 DB에서 찾을 수 없어 리뷰를 건너뜁니다.
[2025-09-14T09:51:38.771+0000] {subprocess.py:93} INFO - 경고: JSON의 '싼타페 Hybrid'에 해당하는 차종을 DB에서 찾을 수 없어 리뷰를 건너뜁니다.
[2025-09-14T09:51:38.801+0000] {subprocess.py:93} INFO - 경고: JSON의 '싼타페 Hybrid'에 해당하는 차종을 DB에서 찾을 수 없어 리뷰를 건너뜁니다.
[2025-09-14T09:51:38.823+0000] {subprocess.py:93} INFO - 경고: JSON의 '싼타페 Hybrid'에 해당하는 차종을 DB에서 찾을 수 없어 리뷰를 건너뜁니다.
[2025-09-14T09:51:38.842+0000] {subprocess.py:93} INFO - 경고: JSON의 '싼타페 Hybrid'에 해당하는 차종을 DB에서 찾을 수 없어 리뷰를 건너뜁니다.
[2025-09-14T09:51:38.859+0000] {subprocess.py:93} INFO - 경고: JSON의 '싼타페'에 해당하는 차종을 DB에서 찾을 수 없어 리뷰를 건너뜁니다.
[2025-09-14T09:51:38.866+0000] {subprocess.py:93} INFO - 경고: JSON의 '싼타페'에 해당하는 차종을 DB에서 찾을 수 없어 리뷰를 건너뜁니다.
[2025-09-14T09:51:38.878+0000] {subprocess.py:93} INFO - 경고: JSON의 '싼타페'에 해당하는 차종을 DB에서 찾을 수 없어 리뷰를 건너뜁니다.
[2025-09-14T09:51:38.924+0000] {subprocess.py:93} INFO - 경고: JSON의 '포터 II'에 해당하는 차종을 DB에서 찾을 수 없어 리뷰를 건너뜁니다.
[2025-09-14T09:51:38.953+0000] {subprocess.py:93} INFO - 경고: JSON의 '싼타페'에 해당하는 차종을 DB에서 찾을 수 없어 리뷰를 건너뜁니다.
[2025-09-14T09:51:38.970+0000] {subprocess.py:93} INFO - 경고: JSON의 '싼타페 Hybrid'에 해당하는 차종을 DB에서 찾을 수 없어 리뷰를 건너뜁니다.
[2025-09-14T09:51:38.970+0000] {subprocess.py:93} INFO - 경고: JSON의 '싼타페 Hybrid'에 해당하는 차종을 DB에서 찾을 수 없어 리뷰를 건너뜁니다.
[2025-09-14T09:51:38.970+0000] {subprocess.py:93} INFO - 경고: JSON의 '싼타페'에 해당하는 차종을 DB에서 찾을 수 없어 리뷰를 건너뜁니다.
[2025-09-14T09:51:38.976+0000] {subprocess.py:93} INFO - 경고: JSON의 '싼타페 Hybrid'에 해당하는 차종을 DB에서 찾을 수 없어 리뷰를 건너뜁니다.
[2025-09-14T09:51:38.983+0000] {subprocess.py:93} INFO - 경고: JSON의 '싼타페 Hybrid'에 해당하는 차종을 DB에서 찾을 수 없어 리뷰를 건너뜁니다.
[2025-09-14T09:51:38.990+0000] {subprocess.py:93} INFO - 경고: JSON의 '싼타페 Hybrid'에 해당하는 차종을 DB에서 찾을 수 없어 리뷰를 건너뜁니다.
[2025-09-14T09:51:38.990+0000] {subprocess.py:93} INFO - 경고: JSON의 '싼타페'에 해당하는 차종을 DB에서 찾을 수 없어 리뷰를 건너뜁니다.
[2025-09-14T09:51:38.990+0000] {subprocess.py:93} INFO - 경고: JSON의 '싼타페 Hybrid'에 해당하는 차종을 DB에서 찾을 수 없어 리뷰를 건너뜁니다.
[2025-09-14T09:51:38.994+0000] {subprocess.py:93} INFO - 경고: JSON의 '싼타페'에 해당하는 차종을 DB에서 찾을 수 없어 리뷰를 건너뜁니다.
[2025-09-14T09:51:38.994+0000] {subprocess.py:93} INFO - 경고: JSON의 '싼타페 Hybrid'에 해당하는 차종을 DB에서 찾을 수 없어 리뷰를 건너뜁니다.
[2025-09-14T09:51:39.014+0000] {subprocess.py:93} INFO - 경고: JSON의 '싼타페 Hybrid'에 해당하는 차종을 DB에서 찾을 수 없어 리뷰를 건너뜁니다.
[2025-09-14T09:51:39.020+0000] {subprocess.py:93} INFO - 경고: JSON의 '싼타페 Hybrid'에 해당하는 차종을 DB에서 찾을 수 없어 리뷰를 건너뜁니다.
[2025-09-14T09:51:39.021+0000] {subprocess.py:93} INFO - 경고: JSON의 '싼타페 Hybrid'에 해당하는 차종을 DB에서 찾을 수 없어 리뷰를 건너뜁니다.
[2025-09-14T09:51:39.021+0000] {subprocess.py:93} INFO - 경고: JSON의 '싼타페'에 해당하는 차종을 DB에서 찾을 수 없어 리뷰를 건너뜁니다.
[2025-09-14T09:51:39.033+0000] {subprocess.py:93} INFO - 경고: JSON의 '싼타페'에 해당하는 차종을 DB에서 찾을 수 없어 리뷰를 건너뜁니다.
[2025-09-14T09:51:39.034+0000] {subprocess.py:93} INFO - 경고: JSON의 '싼타페 Hybrid'에 해당하는 차종을 DB에서 찾을 수 없어 리뷰를 건너뜁니다.
[2025-09-14T09:51:39.065+0000] {subprocess.py:93} INFO - 경고: JSON의 '싼타페 Hybrid'에 해당하는 차종을 DB에서 찾을 수 없어 리뷰를 건너뜁니다.
[2025-09-14T09:51:39.071+0000] {subprocess.py:93} INFO - 경고: JSON의 '싼타페'에 해당하는 차종을 DB에서 찾을 수 없어 리뷰를 건너뜁니다.
[2025-09-14T09:51:39.084+0000] {subprocess.py:93} INFO - 경고: JSON의 '싼타페 Hybrid'에 해당하는 차종을 DB에서 찾을 수 없어 리뷰를 건너뜁니다.
[2025-09-14T09:51:39.090+0000] {subprocess.py:93} INFO - 경고: JSON의 '싼타페 Hybrid'에 해당하는 차종을 DB에서 찾을 수 없어 리뷰를 건너뜁니다.
[2025-09-14T09:51:39.093+0000] {subprocess.py:93} INFO - 경고: JSON의 '싼타페 Hybrid'에 해당하는 차종을 DB에서 찾을 수 없어 리뷰를 건너뜁니다.
[2025-09-14T09:51:39.097+0000] {subprocess.py:93} INFO - 경고: JSON의 '싼타페 Hybrid'에 해당하는 차종을 DB에서 찾을 수 없어 리뷰를 건너뜁니다.
[2025-09-14T09:51:39.107+0000] {subprocess.py:93} INFO - 경고: JSON의 '싼타페 Hybrid'에 해당하는 차종을 DB에서 찾을 수 없어 리뷰를 건너뜁니다.
[2025-09-14T09:51:39.141+0000] {subprocess.py:93} INFO - 경고: JSON의 '싼타페 Hybrid'에 해당하는 차종을 DB에서 찾을 수 없어 리뷰를 건너뜁니다.
[2025-09-14T09:51:39.147+0000] {subprocess.py:93} INFO - 경고: JSON의 '싼타페 Hybrid'에 해당하는 차종을 DB에서 찾을 수 없어 리뷰를 건너뜁니다.
[2025-09-14T09:51:39.154+0000] {subprocess.py:93} INFO - 경고: JSON의 '싼타페 Hybrid'에 해당하는 차종을 DB에서 찾을 수 없어 리뷰를 건너뜁니다.
[2025-09-14T09:51:39.176+0000] {subprocess.py:93} INFO - 경고: JSON의 '싼타페 Hybrid'에 해당하는 차종을 DB에서 찾을 수 없어 리뷰를 건너뜁니다.
[2025-09-14T09:51:39.206+0000] {subprocess.py:93} INFO - 경고: JSON의 '싼타페 Hybrid'에 해당하는 차종을 DB에서 찾을 수 없어 리뷰를 건너뜁니다.
[2025-09-14T09:51:39.226+0000] {subprocess.py:93} INFO - 경고: JSON의 '싼타페'에 해당하는 차종을 DB에서 찾을 수 없어 리뷰를 건너뜁니다.
[2025-09-14T09:51:39.229+0000] {subprocess.py:93} INFO - 경고: JSON의 '싼타페 Hybrid'에 해당하는 차종을 DB에서 찾을 수 없어 리뷰를 건너뜁니다.
[2025-09-14T09:51:39.230+0000] {subprocess.py:93} INFO - 경고: JSON의 '싼타페 Hybrid'에 해당하는 차종을 DB에서 찾을 수 없어 리뷰를 건너뜁니다.
[2025-09-14T09:51:39.230+0000] {subprocess.py:93} INFO - 경고: JSON의 '싼타페 Hybrid'에 해당하는 차종을 DB에서 찾을 수 없어 리뷰를 건너뜁니다.
[2025-09-14T09:51:39.294+0000] {subprocess.py:93} INFO - 경고: JSON의 '싼타페 Hybrid'에 해당하는 차종을 DB에서 찾을 수 없어 리뷰를 건너뜁니다.
[2025-09-14T09:51:39.317+0000] {subprocess.py:93} INFO - 경고: JSON의 '싼타페 Hybrid'에 해당하는 차종을 DB에서 찾을 수 없어 리뷰를 건너뜁니다.
[2025-09-14T09:51:39.320+0000] {subprocess.py:93} INFO - 경고: JSON의 '싼타페 Hybrid'에 해당하는 차종을 DB에서 찾을 수 없어 리뷰를 건너뜁니다.
[2025-09-14T09:51:39.330+0000] {subprocess.py:93} INFO - 경고: JSON의 '싼타페'에 해당하는 차종을 DB에서 찾을 수 없어 리뷰를 건너뜁니다.
[2025-09-14T09:51:39.331+0000] {subprocess.py:93} INFO - 경고: JSON의 '싼타페 Hybrid'에 해당하는 차종을 DB에서 찾을 수 없어 리뷰를 건너뜁니다.
[2025-09-14T09:51:39.364+0000] {subprocess.py:93} INFO - 경고: JSON의 '싼타페 Hybrid'에 해당하는 차종을 DB에서 찾을 수 없어 리뷰를 건너뜁니다.
[2025-09-14T09:51:39.371+0000] {subprocess.py:93} INFO - 경고: JSON의 '싼타페 Hybrid'에 해당하는 차종을 DB에서 찾을 수 없어 리뷰를 건너뜁니다.
[2025-09-14T09:51:39.372+0000] {subprocess.py:93} INFO - 경고: JSON의 '싼타페 Hybrid'에 해당하는 차종을 DB에서 찾을 수 없어 리뷰를 건너뜁니다.
[2025-09-14T09:51:39.384+0000] {subprocess.py:93} INFO - 경고: JSON의 '싼타페 Hybrid'에 해당하는 차종을 DB에서 찾을 수 없어 리뷰를 건너뜁니다.
[2025-09-14T09:51:39.384+0000] {subprocess.py:93} INFO - 경고: JSON의 '싼타페 Hybrid'에 해당하는 차종을 DB에서 찾을 수 없어 리뷰를 건너뜁니다.
[2025-09-14T09:51:39.384+0000] {subprocess.py:93} INFO - 경고: JSON의 '싼타페 Hybrid'에 해당하는 차종을 DB에서 찾을 수 없어 리뷰를 건너뜁니다.
[2025-09-14T09:51:39.414+0000] {subprocess.py:93} INFO - 경고: JSON의 '싼타페 Hybrid'에 해당하는 차종을 DB에서 찾을 수 없어 리뷰를 건너뜁니다.
[2025-09-14T09:51:39.418+0000] {subprocess.py:93} INFO - 경고: JSON의 '포터 II'에 해당하는 차종을 DB에서 찾을 수 없어 리뷰를 건너뜁니다.
[2025-09-14T09:51:39.419+0000] {subprocess.py:93} INFO - 경고: JSON의 '포터 II Electric 특장차'에 해당하는 차종을 DB에서 찾을 수 없어 리뷰를 건너뜁니다.
[2025-09-14T09:51:39.434+0000] {subprocess.py:93} INFO - 경고: JSON의 '싼타페'에 해당하는 차종을 DB에서 찾을 수 없어 리뷰를 건너뜁니다.
[2025-09-14T09:51:39.466+0000] {subprocess.py:93} INFO - 경고: JSON의 '싼타페 Hybrid'에 해당하는 차종을 DB에서 찾을 수 없어 리뷰를 건너뜁니다.
[2025-09-14T09:51:39.482+0000] {subprocess.py:93} INFO - 경고: JSON의 '싼타페 Hybrid'에 해당하는 차종을 DB에서 찾을 수 없어 리뷰를 건너뜁니다.
[2025-09-14T09:51:39.486+0000] {subprocess.py:93} INFO - 경고: JSON의 '싼타페 Hybrid'에 해당하는 차종을 DB에서 찾을 수 없어 리뷰를 건너뜁니다.
[2025-09-14T09:51:39.503+0000] {subprocess.py:93} INFO - 경고: JSON의 '싼타페 Hybrid'에 해당하는 차종을 DB에서 찾을 수 없어 리뷰를 건너뜁니다.
[2025-09-14T09:51:39.510+0000] {subprocess.py:93} INFO - 경고: JSON의 '싼타페'에 해당하는 차종을 DB에서 찾을 수 없어 리뷰를 건너뜁니다.
[2025-09-14T09:51:39.519+0000] {subprocess.py:93} INFO - 경고: JSON의 '싼타페 Hybrid'에 해당하는 차종을 DB에서 찾을 수 없어 리뷰를 건너뜁니다.
[2025-09-14T09:51:39.547+0000] {subprocess.py:93} INFO - 경고: JSON의 '싼타페 Hybrid'에 해당하는 차종을 DB에서 찾을 수 없어 리뷰를 건너뜁니다.
[2025-09-14T09:51:39.559+0000] {subprocess.py:93} INFO - 경고: JSON의 '싼타페 Hybrid'에 해당하는 차종을 DB에서 찾을 수 없어 리뷰를 건너뜁니다.
[2025-09-14T09:51:39.560+0000] {subprocess.py:93} INFO - 경고: JSON의 '싼타페 Hybrid'에 해당하는 차종을 DB에서 찾을 수 없어 리뷰를 건너뜁니다.
[2025-09-14T09:51:39.567+0000] {subprocess.py:93} INFO - 경고: JSON의 '싼타페 Hybrid'에 해당하는 차종을 DB에서 찾을 수 없어 리뷰를 건너뜁니다.
[2025-09-14T09:51:39.571+0000] {subprocess.py:93} INFO - 경고: JSON의 '싼타페'에 해당하는 차종을 DB에서 찾을 수 없어 리뷰를 건너뜁니다.
[2025-09-14T09:51:39.600+0000] {subprocess.py:93} INFO - 경고: JSON의 '싼타페 Hybrid'에 해당하는 차종을 DB에서 찾을 수 없어 리뷰를 건너뜁니다.
[2025-09-14T09:51:39.601+0000] {subprocess.py:93} INFO - 경고: JSON의 '싼타페 Hybrid'에 해당하는 차종을 DB에서 찾을 수 없어 리뷰를 건너뜁니다.
[2025-09-14T09:51:39.612+0000] {subprocess.py:93} INFO - 경고: JSON의 '싼타페 Hybrid'에 해당하는 차종을 DB에서 찾을 수 없어 리뷰를 건너뜁니다.
[2025-09-14T09:51:39.619+0000] {subprocess.py:93} INFO - 경고: JSON의 '싼타페 Hybrid'에 해당하는 차종을 DB에서 찾을 수 없어 리뷰를 건너뜁니다.
[2025-09-14T09:51:39.620+0000] {subprocess.py:93} INFO - 경고: JSON의 '싼타페 Hybrid'에 해당하는 차종을 DB에서 찾을 수 없어 리뷰를 건너뜁니다.
[2025-09-14T09:51:39.638+0000] {subprocess.py:93} INFO - 경고: JSON의 '싼타페'에 해당하는 차종을 DB에서 찾을 수 없어 리뷰를 건너뜁니다.
[2025-09-14T09:51:39.645+0000] {subprocess.py:93} INFO - 경고: JSON의 '싼타페 Hybrid'에 해당하는 차종을 DB에서 찾을 수 없어 리뷰를 건너뜁니다.
[2025-09-14T09:51:39.649+0000] {subprocess.py:93} INFO - 경고: JSON의 '싼타페 Hybrid'에 해당하는 차종을 DB에서 찾을 수 없어 리뷰를 건너뜁니다.
[2025-09-14T09:51:39.652+0000] {subprocess.py:93} INFO - 경고: JSON의 '싼타페 Hybrid'에 해당하는 차종을 DB에서 찾을 수 없어 리뷰를 건너뜁니다.
[2025-09-14T09:51:39.652+0000] {subprocess.py:93} INFO - 경고: JSON의 '싼타페 Hybrid'에 해당하는 차종을 DB에서 찾을 수 없어 리뷰를 건너뜁니다.
[2025-09-14T09:51:39.670+0000] {subprocess.py:93} INFO - 경고: JSON의 '싼타페'에 해당하는 차종을 DB에서 찾을 수 없어 리뷰를 건너뜁니다.
[2025-09-14T09:51:39.691+0000] {subprocess.py:93} INFO - 경고: JSON의 '포터 II'에 해당하는 차종을 DB에서 찾을 수 없어 리뷰를 건너뜁니다.
[2025-09-14T09:51:39.701+0000] {subprocess.py:93} INFO - 경고: JSON의 '싼타페 Hybrid'에 해당하는 차종을 DB에서 찾을 수 없어 리뷰를 건너뜁니다.
[2025-09-14T09:51:39.717+0000] {subprocess.py:93} INFO - 경고: JSON의 '싼타페 Hybrid'에 해당하는 차종을 DB에서 찾을 수 없어 리뷰를 건너뜁니다.
[2025-09-14T09:51:39.717+0000] {subprocess.py:93} INFO - 경고: JSON의 '싼타페 Hybrid'에 해당하는 차종을 DB에서 찾을 수 없어 리뷰를 건너뜁니다.
[2025-09-14T09:51:39.733+0000] {subprocess.py:93} INFO - 경고: JSON의 '싼타페 Hybrid'에 해당하는 차종을 DB에서 찾을 수 없어 리뷰를 건너뜁니다.
[2025-09-14T09:51:39.747+0000] {subprocess.py:93} INFO - 경고: JSON의 '싼타페 Hybrid'에 해당하는 차종을 DB에서 찾을 수 없어 리뷰를 건너뜁니다.
[2025-09-14T09:51:39.747+0000] {subprocess.py:93} INFO - 경고: JSON의 '싼타페 Hybrid'에 해당하는 차종을 DB에서 찾을 수 없어 리뷰를 건너뜁니다.
[2025-09-14T09:51:39.771+0000] {subprocess.py:93} INFO - 경고: JSON의 '싼타페 Hybrid'에 해당하는 차종을 DB에서 찾을 수 없어 리뷰를 건너뜁니다.
[2025-09-14T09:51:39.777+0000] {subprocess.py:93} INFO - 경고: JSON의 '싼타페 Hybrid'에 해당하는 차종을 DB에서 찾을 수 없어 리뷰를 건너뜁니다.
[2025-09-14T09:51:39.781+0000] {subprocess.py:93} INFO - 경고: JSON의 '싼타페 Hybrid'에 해당하는 차종을 DB에서 찾을 수 없어 리뷰를 건너뜁니다.
[2025-09-14T09:51:39.800+0000] {subprocess.py:93} INFO - 경고: JSON의 '쏘나타 택시'에 해당하는 차종을 DB에서 찾을 수 없어 리뷰를 건너뜁니다.
[2025-09-14T09:51:39.801+0000] {subprocess.py:93} INFO - 경고: JSON의 '싼타페 Hybrid'에 해당하는 차종을 DB에서 찾을 수 없어 리뷰를 건너뜁니다.
[2025-09-14T09:51:39.832+0000] {subprocess.py:93} INFO - 경고: JSON의 '싼타페 Hybrid'에 해당하는 차종을 DB에서 찾을 수 없어 리뷰를 건너뜁니다.
[2025-09-14T09:51:39.854+0000] {subprocess.py:93} INFO - 경고: JSON의 '싼타페'에 해당하는 차종을 DB에서 찾을 수 없어 리뷰를 건너뜁니다.
[2025-09-14T09:51:39.916+0000] {subprocess.py:93} INFO - 경고: JSON의 '포터 II'에 해당하는 차종을 DB에서 찾을 수 없어 리뷰를 건너뜁니다.
[2025-09-14T09:51:39.916+0000] {subprocess.py:93} INFO - 경고: JSON의 '싼타페 Hybrid'에 해당하는 차종을 DB에서 찾을 수 없어 리뷰를 건너뜁니다.
[2025-09-14T09:51:39.930+0000] {subprocess.py:93} INFO - 경고: JSON의 '포터 II 특장차'에 해당하는 차종을 DB에서 찾을 수 없어 리뷰를 건너뜁니다.
[2025-09-14T09:51:39.931+0000] {subprocess.py:93} INFO - 경고: JSON의 '싼타페'에 해당하는 차종을 DB에서 찾을 수 없어 리뷰를 건너뜁니다.
[2025-09-14T09:51:39.931+0000] {subprocess.py:93} INFO - 경고: JSON의 '싼타페 Hybrid'에 해당하는 차종을 DB에서 찾을 수 없어 리뷰를 건너뜁니다.
[2025-09-14T09:51:39.931+0000] {subprocess.py:93} INFO - 경고: JSON의 '포터 II Electric'에 해당하는 차종을 DB에서 찾을 수 없어 리뷰를 건너뜁니다.
[2025-09-14T09:51:39.933+0000] {subprocess.py:93} INFO - 경고: JSON의 '싼타페 Hybrid'에 해당하는 차종을 DB에서 찾을 수 없어 리뷰를 건너뜁니다.
[2025-09-14T09:51:39.948+0000] {subprocess.py:93} INFO - 경고: JSON의 '싼타페 Hybrid'에 해당하는 차종을 DB에서 찾을 수 없어 리뷰를 건너뜁니다.
[2025-09-14T09:51:39.958+0000] {subprocess.py:93} INFO - 경고: JSON의 '싼타페 Hybrid'에 해당하는 차종을 DB에서 찾을 수 없어 리뷰를 건너뜁니다.
[2025-09-14T09:51:39.958+0000] {subprocess.py:93} INFO - 경고: JSON의 '싼타페 Hybrid'에 해당하는 차종을 DB에서 찾을 수 없어 리뷰를 건너뜁니다.
[2025-09-14T09:51:39.968+0000] {subprocess.py:93} INFO - 경고: JSON의 '포터 II Electric'에 해당하는 차종을 DB에서 찾을 수 없어 리뷰를 건너뜁니다.
[2025-09-14T09:51:40.016+0000] {subprocess.py:93} INFO - 경고: JSON의 '싼타페'에 해당하는 차종을 DB에서 찾을 수 없어 리뷰를 건너뜁니다.
[2025-09-14T09:51:40.069+0000] {subprocess.py:93} INFO - 경고: JSON의 '싼타페'에 해당하는 차종을 DB에서 찾을 수 없어 리뷰를 건너뜁니다.
[2025-09-14T09:51:40.084+0000] {subprocess.py:93} INFO - 경고: JSON의 '포터 II'에 해당하는 차종을 DB에서 찾을 수 없어 리뷰를 건너뜁니다.
[2025-09-14T09:51:40.104+0000] {subprocess.py:93} INFO - 경고: JSON의 '싼타페 Hybrid'에 해당하는 차종을 DB에서 찾을 수 없어 리뷰를 건너뜁니다.
[2025-09-14T09:51:40.105+0000] {subprocess.py:93} INFO - 경고: JSON의 '싼타페 Hybrid'에 해당하는 차종을 DB에서 찾을 수 없어 리뷰를 건너뜁니다.
[2025-09-14T09:51:40.115+0000] {subprocess.py:93} INFO - 경고: JSON의 '싼타페 Hybrid'에 해당하는 차종을 DB에서 찾을 수 없어 리뷰를 건너뜁니다.
[2025-09-14T09:51:40.130+0000] {subprocess.py:93} INFO - 경고: JSON의 '포터 II 특장차'에 해당하는 차종을 DB에서 찾을 수 없어 리뷰를 건너뜁니다.
[2025-09-14T09:51:40.130+0000] {subprocess.py:93} INFO - 경고: JSON의 '싼타페 Hybrid'에 해당하는 차종을 DB에서 찾을 수 없어 리뷰를 건너뜁니다.
[2025-09-14T09:51:40.137+0000] {subprocess.py:93} INFO - 경고: JSON의 '포터 II'에 해당하는 차종을 DB에서 찾을 수 없어 리뷰를 건너뜁니다.
[2025-09-14T09:51:40.137+0000] {subprocess.py:93} INFO - 경고: JSON의 '싼타페 Hybrid'에 해당하는 차종을 DB에서 찾을 수 없어 리뷰를 건너뜁니다.
[2025-09-14T09:51:40.158+0000] {subprocess.py:93} INFO - 경고: JSON의 '싼타페 Hybrid'에 해당하는 차종을 DB에서 찾을 수 없어 리뷰를 건너뜁니다.
[2025-09-14T09:51:40.158+0000] {subprocess.py:93} INFO - 경고: JSON의 '싼타페 Hybrid'에 해당하는 차종을 DB에서 찾을 수 없어 리뷰를 건너뜁니다.
[2025-09-14T09:51:40.165+0000] {subprocess.py:93} INFO - 경고: JSON의 '싼타페 Hybrid'에 해당하는 차종을 DB에서 찾을 수 없어 리뷰를 건너뜁니다.
[2025-09-14T09:51:40.165+0000] {subprocess.py:93} INFO - 경고: JSON의 '싼타페'에 해당하는 차종을 DB에서 찾을 수 없어 리뷰를 건너뜁니다.
[2025-09-14T09:51:40.182+0000] {subprocess.py:93} INFO - 경고: JSON의 '싼타페 Hybrid'에 해당하는 차종을 DB에서 찾을 수 없어 리뷰를 건너뜁니다.
[2025-09-14T09:51:40.182+0000] {subprocess.py:93} INFO - 경고: JSON의 '싼타페 Hybrid'에 해당하는 차종을 DB에서 찾을 수 없어 리뷰를 건너뜁니다.
[2025-09-14T09:51:40.189+0000] {subprocess.py:93} INFO - 경고: JSON의 '싼타페 Hybrid'에 해당하는 차종을 DB에서 찾을 수 없어 리뷰를 건너뜁니다.
[2025-09-14T09:51:40.192+0000] {subprocess.py:93} INFO - 경고: JSON의 '싼타페 Hybrid'에 해당하는 차종을 DB에서 찾을 수 없어 리뷰를 건너뜁니다.
[2025-09-14T09:51:40.219+0000] {subprocess.py:93} INFO - 경고: JSON의 '싼타페 Hybrid'에 해당하는 차종을 DB에서 찾을 수 없어 리뷰를 건너뜁니다.
[2025-09-14T09:51:40.220+0000] {subprocess.py:93} INFO - 경고: JSON의 '싼타페 Hybrid'에 해당하는 차종을 DB에서 찾을 수 없어 리뷰를 건너뜁니다.
[2025-09-14T09:51:40.220+0000] {subprocess.py:93} INFO - 경고: JSON의 '싼타페 Hybrid'에 해당하는 차종을 DB에서 찾을 수 없어 리뷰를 건너뜁니다.
[2025-09-14T09:51:40.226+0000] {subprocess.py:93} INFO - 경고: JSON의 '싼타페 Hybrid'에 해당하는 차종을 DB에서 찾을 수 없어 리뷰를 건너뜁니다.
[2025-09-14T09:51:40.229+0000] {subprocess.py:93} INFO - 경고: JSON의 '쏘나타 택시'에 해당하는 차종을 DB에서 찾을 수 없어 리뷰를 건너뜁니다.
[2025-09-14T09:51:40.233+0000] {subprocess.py:93} INFO - 경고: JSON의 '싼타페'에 해당하는 차종을 DB에서 찾을 수 없어 리뷰를 건너뜁니다.
[2025-09-14T09:51:40.234+0000] {subprocess.py:93} INFO - 경고: JSON의 '싼타페 Hybrid'에 해당하는 차종을 DB에서 찾을 수 없어 리뷰를 건너뜁니다.
[2025-09-14T09:51:40.237+0000] {subprocess.py:93} INFO - 경고: JSON의 '포터 II'에 해당하는 차종을 DB에서 찾을 수 없어 리뷰를 건너뜁니다.
[2025-09-14T09:51:40.251+0000] {subprocess.py:93} INFO - 경고: JSON의 '싼타페 Hybrid'에 해당하는 차종을 DB에서 찾을 수 없어 리뷰를 건너뜁니다.
[2025-09-14T09:51:40.251+0000] {subprocess.py:93} INFO - 경고: JSON의 '싼타페 Hybrid'에 해당하는 차종을 DB에서 찾을 수 없어 리뷰를 건너뜁니다.
[2025-09-14T09:51:40.255+0000] {subprocess.py:93} INFO - 경고: JSON의 '싼타페 Hybrid'에 해당하는 차종을 DB에서 찾을 수 없어 리뷰를 건너뜁니다.
[2025-09-14T09:51:40.276+0000] {subprocess.py:93} INFO - 경고: JSON의 '싼타페 Hybrid'에 해당하는 차종을 DB에서 찾을 수 없어 리뷰를 건너뜁니다.
[2025-09-14T09:51:40.286+0000] {subprocess.py:93} INFO - 경고: JSON의 '싼타페'에 해당하는 차종을 DB에서 찾을 수 없어 리뷰를 건너뜁니다.
[2025-09-14T09:51:40.286+0000] {subprocess.py:93} INFO - 경고: JSON의 '싼타페'에 해당하는 차종을 DB에서 찾을 수 없어 리뷰를 건너뜁니다.
[2025-09-14T09:51:40.289+0000] {subprocess.py:93} INFO - 경고: JSON의 '싼타페'에 해당하는 차종을 DB에서 찾을 수 없어 리뷰를 건너뜁니다.
[2025-09-14T09:51:40.317+0000] {subprocess.py:93} INFO - 경고: JSON의 '싼타페 Hybrid'에 해당하는 차종을 DB에서 찾을 수 없어 리뷰를 건너뜁니다.
[2025-09-14T09:51:40.318+0000] {subprocess.py:93} INFO - 경고: JSON의 '싼타페 Hybrid'에 해당하는 차종을 DB에서 찾을 수 없어 리뷰를 건너뜁니다.
[2025-09-14T09:51:40.384+0000] {subprocess.py:93} INFO - 경고: JSON의 '싼타페 Hybrid'에 해당하는 차종을 DB에서 찾을 수 없어 리뷰를 건너뜁니다.
[2025-09-14T09:51:40.420+0000] {subprocess.py:93} INFO - 경고: JSON의 '싼타페 Hybrid'에 해당하는 차종을 DB에서 찾을 수 없어 리뷰를 건너뜁니다.
[2025-09-14T09:51:40.424+0000] {subprocess.py:93} INFO - 경고: JSON의 '포터 II 특장차'에 해당하는 차종을 DB에서 찾을 수 없어 리뷰를 건너뜁니다.
[2025-09-14T09:51:40.428+0000] {subprocess.py:93} INFO - 경고: JSON의 '싼타페 Hybrid'에 해당하는 차종을 DB에서 찾을 수 없어 리뷰를 건너뜁니다.
[2025-09-14T09:51:40.450+0000] {subprocess.py:93} INFO - 경고: JSON의 '싼타페 Hybrid'에 해당하는 차종을 DB에서 찾을 수 없어 리뷰를 건너뜁니다.
[2025-09-14T09:51:40.458+0000] {subprocess.py:93} INFO - 경고: JSON의 '싼타페'에 해당하는 차종을 DB에서 찾을 수 없어 리뷰를 건너뜁니다.
[2025-09-14T09:51:40.462+0000] {subprocess.py:93} INFO - 경고: JSON의 '싼타페 Hybrid'에 해당하는 차종을 DB에서 찾을 수 없어 리뷰를 건너뜁니다.
[2025-09-14T09:51:40.492+0000] {subprocess.py:93} INFO - 경고: JSON의 '쏘나타 택시'에 해당하는 차종을 DB에서 찾을 수 없어 리뷰를 건너뜁니다.
[2025-09-14T09:51:40.511+0000] {subprocess.py:93} INFO - 경고: JSON의 '싼타페 Hybrid'에 해당하는 차종을 DB에서 찾을 수 없어 리뷰를 건너뜁니다.
[2025-09-14T09:51:40.512+0000] {subprocess.py:93} INFO - 경고: JSON의 '싼타페 Hybrid'에 해당하는 차종을 DB에서 찾을 수 없어 리뷰를 건너뜁니다.
[2025-09-14T09:51:40.512+0000] {subprocess.py:93} INFO - 경고: JSON의 '싼타페 Hybrid'에 해당하는 차종을 DB에서 찾을 수 없어 리뷰를 건너뜁니다.
[2025-09-14T09:51:40.538+0000] {subprocess.py:93} INFO - 경고: JSON의 '싼타페 Hybrid'에 해당하는 차종을 DB에서 찾을 수 없어 리뷰를 건너뜁니다.
[2025-09-14T09:51:40.554+0000] {subprocess.py:93} INFO - 경고: JSON의 '싼타페 Hybrid'에 해당하는 차종을 DB에서 찾을 수 없어 리뷰를 건너뜁니다.
[2025-09-14T09:51:40.563+0000] {subprocess.py:93} INFO - 경고: JSON의 '쏘나타 택시'에 해당하는 차종을 DB에서 찾을 수 없어 리뷰를 건너뜁니다.
[2025-09-14T09:51:40.568+0000] {subprocess.py:93} INFO - 경고: JSON의 '싼타페 Hybrid'에 해당하는 차종을 DB에서 찾을 수 없어 리뷰를 건너뜁니다.
[2025-09-14T09:51:40.572+0000] {subprocess.py:93} INFO - 경고: JSON의 '싼타페 Hybrid'에 해당하는 차종을 DB에서 찾을 수 없어 리뷰를 건너뜁니다.
[2025-09-14T09:51:40.576+0000] {subprocess.py:93} INFO - 경고: JSON의 '싼타페 Hybrid'에 해당하는 차종을 DB에서 찾을 수 없어 리뷰를 건너뜁니다.
[2025-09-14T09:51:40.593+0000] {subprocess.py:93} INFO - 경고: JSON의 '싼타페 Hybrid'에 해당하는 차종을 DB에서 찾을 수 없어 리뷰를 건너뜁니다.
[2025-09-14T09:51:40.614+0000] {subprocess.py:93} INFO - 경고: JSON의 '싼타페 Hybrid'에 해당하는 차종을 DB에서 찾을 수 없어 리뷰를 건너뜁니다.
[2025-09-14T09:51:40.634+0000] {subprocess.py:93} INFO - 경고: JSON의 '싼타페 Hybrid'에 해당하는 차종을 DB에서 찾을 수 없어 리뷰를 건너뜁니다.
[2025-09-14T09:51:40.641+0000] {subprocess.py:93} INFO - 경고: JSON의 '포터 II'에 해당하는 차종을 DB에서 찾을 수 없어 리뷰를 건너뜁니다.
[2025-09-14T09:51:40.641+0000] {subprocess.py:93} INFO - 경고: JSON의 '포터 II Electric 특장차'에 해당하는 차종을 DB에서 찾을 수 없어 리뷰를 건너뜁니다.
[2025-09-14T09:51:40.642+0000] {subprocess.py:93} INFO - 경고: JSON의 '싼타페 Hybrid'에 해당하는 차종을 DB에서 찾을 수 없어 리뷰를 건너뜁니다.
[2025-09-14T09:51:40.651+0000] {subprocess.py:93} INFO - 경고: JSON의 '싼타페'에 해당하는 차종을 DB에서 찾을 수 없어 리뷰를 건너뜁니다.
[2025-09-14T09:51:40.658+0000] {subprocess.py:93} INFO - 경고: JSON의 '싼타페 Hybrid'에 해당하는 차종을 DB에서 찾을 수 없어 리뷰를 건너뜁니다.
[2025-09-14T09:51:40.659+0000] {subprocess.py:93} INFO - 경고: JSON의 '싼타페 Hybrid'에 해당하는 차종을 DB에서 찾을 수 없어 리뷰를 건너뜁니다.
[2025-09-14T09:51:40.675+0000] {subprocess.py:93} INFO - 경고: JSON의 '싼타페'에 해당하는 차종을 DB에서 찾을 수 없어 리뷰를 건너뜁니다.
[2025-09-14T09:51:40.696+0000] {subprocess.py:93} INFO - 경고: JSON의 '싼타페 Hybrid'에 해당하는 차종을 DB에서 찾을 수 없어 리뷰를 건너뜁니다.
[2025-09-14T09:51:40.703+0000] {subprocess.py:93} INFO - 경고: JSON의 '싼타페'에 해당하는 차종을 DB에서 찾을 수 없어 리뷰를 건너뜁니다.
[2025-09-14T09:51:40.722+0000] {subprocess.py:93} INFO - 경고: JSON의 '쏘나타 택시'에 해당하는 차종을 DB에서 찾을 수 없어 리뷰를 건너뜁니다.
[2025-09-14T09:51:40.746+0000] {subprocess.py:93} INFO - 경고: JSON의 '싼타페 Hybrid'에 해당하는 차종을 DB에서 찾을 수 없어 리뷰를 건너뜁니다.
[2025-09-14T09:51:40.752+0000] {subprocess.py:93} INFO - 경고: JSON의 '포터 II'에 해당하는 차종을 DB에서 찾을 수 없어 리뷰를 건너뜁니다.
[2025-09-14T09:51:40.763+0000] {subprocess.py:93} INFO - 경고: JSON의 '싼타페 Hybrid'에 해당하는 차종을 DB에서 찾을 수 없어 리뷰를 건너뜁니다.
[2025-09-14T09:51:40.790+0000] {subprocess.py:93} INFO - 경고: JSON의 '포터 II'에 해당하는 차종을 DB에서 찾을 수 없어 리뷰를 건너뜁니다.
[2025-09-14T09:51:40.807+0000] {subprocess.py:93} INFO - 경고: JSON의 '싼타페 Hybrid'에 해당하는 차종을 DB에서 찾을 수 없어 리뷰를 건너뜁니다.
[2025-09-14T09:51:40.807+0000] {subprocess.py:93} INFO - 경고: JSON의 '싼타페 Hybrid'에 해당하는 차종을 DB에서 찾을 수 없어 리뷰를 건너뜁니다.
[2025-09-14T09:51:40.817+0000] {subprocess.py:93} INFO - 경고: JSON의 '싼타페 Hybrid'에 해당하는 차종을 DB에서 찾을 수 없어 리뷰를 건너뜁니다.
[2025-09-14T09:51:40.820+0000] {subprocess.py:93} INFO - 경고: JSON의 '포터 II Electric'에 해당하는 차종을 DB에서 찾을 수 없어 리뷰를 건너뜁니다.
[2025-09-14T09:51:40.821+0000] {subprocess.py:93} INFO - 경고: JSON의 '싼타페'에 해당하는 차종을 DB에서 찾을 수 없어 리뷰를 건너뜁니다.
[2025-09-14T09:51:40.836+0000] {subprocess.py:93} INFO - 경고: JSON의 '싼타페 Hybrid'에 해당하는 차종을 DB에서 찾을 수 없어 리뷰를 건너뜁니다.
[2025-09-14T09:51:40.839+0000] {subprocess.py:93} INFO - 경고: JSON의 '싼타페 Hybrid'에 해당하는 차종을 DB에서 찾을 수 없어 리뷰를 건너뜁니다.
[2025-09-14T09:51:40.843+0000] {subprocess.py:93} INFO - 경고: JSON의 '싼타페 Hybrid'에 해당하는 차종을 DB에서 찾을 수 없어 리뷰를 건너뜁니다.
[2025-09-14T09:51:40.856+0000] {subprocess.py:93} INFO - 경고: JSON의 '싼타페 Hybrid'에 해당하는 차종을 DB에서 찾을 수 없어 리뷰를 건너뜁니다.
[2025-09-14T09:51:40.877+0000] {subprocess.py:93} INFO - 경고: JSON의 '싼타페 Hybrid'에 해당하는 차종을 DB에서 찾을 수 없어 리뷰를 건너뜁니다.
[2025-09-14T09:51:40.878+0000] {subprocess.py:93} INFO - 경고: JSON의 '싼타페 Hybrid'에 해당하는 차종을 DB에서 찾을 수 없어 리뷰를 건너뜁니다.
[2025-09-14T09:51:40.878+0000] {subprocess.py:93} INFO - 경고: JSON의 '싼타페 Hybrid'에 해당하는 차종을 DB에서 찾을 수 없어 리뷰를 건너뜁니다.
[2025-09-14T09:51:40.878+0000] {subprocess.py:93} INFO - 경고: JSON의 '포터 II'에 해당하는 차종을 DB에서 찾을 수 없어 리뷰를 건너뜁니다.
[2025-09-14T09:51:40.881+0000] {subprocess.py:93} INFO - 경고: JSON의 '싼타페'에 해당하는 차종을 DB에서 찾을 수 없어 리뷰를 건너뜁니다.
[2025-09-14T09:51:40.885+0000] {subprocess.py:93} INFO - 경고: JSON의 '싼타페 Hybrid'에 해당하는 차종을 DB에서 찾을 수 없어 리뷰를 건너뜁니다.
[2025-09-14T09:51:40.888+0000] {subprocess.py:93} INFO - 경고: JSON의 '싼타페 Hybrid'에 해당하는 차종을 DB에서 찾을 수 없어 리뷰를 건너뜁니다.
[2025-09-14T09:51:40.888+0000] {subprocess.py:93} INFO - 경고: JSON의 '싼타페 Hybrid'에 해당하는 차종을 DB에서 찾을 수 없어 리뷰를 건너뜁니다.
[2025-09-14T09:51:40.908+0000] {subprocess.py:93} INFO - 경고: JSON의 '싼타페 Hybrid'에 해당하는 차종을 DB에서 찾을 수 없어 리뷰를 건너뜁니다.
[2025-09-14T09:51:40.912+0000] {subprocess.py:93} INFO - 경고: JSON의 '쏘나타 택시'에 해당하는 차종을 DB에서 찾을 수 없어 리뷰를 건너뜁니다.
[2025-09-14T09:51:40.919+0000] {subprocess.py:93} INFO - 경고: JSON의 '싼타페 Hybrid'에 해당하는 차종을 DB에서 찾을 수 없어 리뷰를 건너뜁니다.
[2025-09-14T09:51:40.934+0000] {subprocess.py:93} INFO - 경고: JSON의 '싼타페 Hybrid'에 해당하는 차종을 DB에서 찾을 수 없어 리뷰를 건너뜁니다.
[2025-09-14T09:51:40.953+0000] {subprocess.py:93} INFO - 경고: JSON의 '싼타페 Hybrid'에 해당하는 차종을 DB에서 찾을 수 없어 리뷰를 건너뜁니다.
[2025-09-14T09:51:40.961+0000] {subprocess.py:93} INFO - 경고: JSON의 '싼타페 Hybrid'에 해당하는 차종을 DB에서 찾을 수 없어 리뷰를 건너뜁니다.
[2025-09-14T09:51:40.961+0000] {subprocess.py:93} INFO - 경고: JSON의 '싼타페 Hybrid'에 해당하는 차종을 DB에서 찾을 수 없어 리뷰를 건너뜁니다.
[2025-09-14T09:51:40.962+0000] {subprocess.py:93} INFO - 경고: JSON의 '싼타페 Hybrid'에 해당하는 차종을 DB에서 찾을 수 없어 리뷰를 건너뜁니다.
[2025-09-14T09:51:40.965+0000] {subprocess.py:93} INFO - 경고: JSON의 '싼타페 Hybrid'에 해당하는 차종을 DB에서 찾을 수 없어 리뷰를 건너뜁니다.
[2025-09-14T09:51:40.965+0000] {subprocess.py:93} INFO - 경고: JSON의 '싼타페 Hybrid'에 해당하는 차종을 DB에서 찾을 수 없어 리뷰를 건너뜁니다.
[2025-09-14T09:51:40.972+0000] {subprocess.py:93} INFO - 경고: JSON의 '싼타페 Hybrid'에 해당하는 차종을 DB에서 찾을 수 없어 리뷰를 건너뜁니다.
[2025-09-14T09:51:40.990+0000] {subprocess.py:93} INFO - 경고: JSON의 '싼타페 Hybrid'에 해당하는 차종을 DB에서 찾을 수 없어 리뷰를 건너뜁니다.
[2025-09-14T09:51:41.010+0000] {subprocess.py:93} INFO - 경고: JSON의 '싼타페'에 해당하는 차종을 DB에서 찾을 수 없어 리뷰를 건너뜁니다.
[2025-09-14T09:51:41.011+0000] {subprocess.py:93} INFO - 경고: JSON의 '싼타페 Hybrid'에 해당하는 차종을 DB에서 찾을 수 없어 리뷰를 건너뜁니다.
[2025-09-14T09:51:41.028+0000] {subprocess.py:93} INFO - 경고: JSON의 '싼타페 Hybrid'에 해당하는 차종을 DB에서 찾을 수 없어 리뷰를 건너뜁니다.
[2025-09-14T09:51:41.035+0000] {subprocess.py:93} INFO - 경고: JSON의 '싼타페 Hybrid'에 해당하는 차종을 DB에서 찾을 수 없어 리뷰를 건너뜁니다.
[2025-09-14T09:51:41.035+0000] {subprocess.py:93} INFO - 경고: JSON의 '싼타페 Hybrid'에 해당하는 차종을 DB에서 찾을 수 없어 리뷰를 건너뜁니다.
[2025-09-14T09:51:41.080+0000] {subprocess.py:93} INFO - 경고: JSON의 '싼타페 Hybrid'에 해당하는 차종을 DB에서 찾을 수 없어 리뷰를 건너뜁니다.
[2025-09-14T09:51:41.088+0000] {subprocess.py:93} INFO - 경고: JSON의 '싼타페 Hybrid'에 해당하는 차종을 DB에서 찾을 수 없어 리뷰를 건너뜁니다.
[2025-09-14T09:51:41.095+0000] {subprocess.py:93} INFO - 경고: JSON의 '싼타페 Hybrid'에 해당하는 차종을 DB에서 찾을 수 없어 리뷰를 건너뜁니다.
[2025-09-14T09:51:41.096+0000] {subprocess.py:93} INFO - 경고: JSON의 '싼타페 Hybrid'에 해당하는 차종을 DB에서 찾을 수 없어 리뷰를 건너뜁니다.
[2025-09-14T09:51:41.096+0000] {subprocess.py:93} INFO - 경고: JSON의 '싼타페'에 해당하는 차종을 DB에서 찾을 수 없어 리뷰를 건너뜁니다.
[2025-09-14T09:51:41.117+0000] {subprocess.py:93} INFO - 경고: JSON의 '싼타페'에 해당하는 차종을 DB에서 찾을 수 없어 리뷰를 건너뜁니다.
[2025-09-14T09:51:41.135+0000] {subprocess.py:93} INFO - 경고: JSON의 '싼타페 Hybrid'에 해당하는 차종을 DB에서 찾을 수 없어 리뷰를 건너뜁니다.
[2025-09-14T09:51:41.135+0000] {subprocess.py:93} INFO - 경고: JSON의 '포터 II Electric'에 해당하는 차종을 DB에서 찾을 수 없어 리뷰를 건너뜁니다.
[2025-09-14T09:51:41.138+0000] {subprocess.py:93} INFO - 경고: JSON의 '싼타페'에 해당하는 차종을 DB에서 찾을 수 없어 리뷰를 건너뜁니다.
[2025-09-14T09:51:41.139+0000] {subprocess.py:93} INFO - 경고: JSON의 '싼타페 Hybrid'에 해당하는 차종을 DB에서 찾을 수 없어 리뷰를 건너뜁니다.
[2025-09-14T09:51:41.145+0000] {subprocess.py:93} INFO - 경고: JSON의 '싼타페'에 해당하는 차종을 DB에서 찾을 수 없어 리뷰를 건너뜁니다.
[2025-09-14T09:51:41.145+0000] {subprocess.py:93} INFO - 경고: JSON의 '싼타페 Hybrid'에 해당하는 차종을 DB에서 찾을 수 없어 리뷰를 건너뜁니다.
[2025-09-14T09:51:41.148+0000] {subprocess.py:93} INFO - 경고: JSON의 '포터 II'에 해당하는 차종을 DB에서 찾을 수 없어 리뷰를 건너뜁니다.
[2025-09-14T09:51:41.152+0000] {subprocess.py:93} INFO - 경고: JSON의 '포터 II Electric 특장차'에 해당하는 차종을 DB에서 찾을 수 없어 리뷰를 건너뜁니다.
[2025-09-14T09:51:41.153+0000] {subprocess.py:93} INFO - 경고: JSON의 '싼타페 Hybrid'에 해당하는 차종을 DB에서 찾을 수 없어 리뷰를 건너뜁니다.
[2025-09-14T09:51:41.157+0000] {subprocess.py:93} INFO - 경고: JSON의 '싼타페'에 해당하는 차종을 DB에서 찾을 수 없어 리뷰를 건너뜁니다.
[2025-09-14T09:51:41.157+0000] {subprocess.py:93} INFO - 경고: JSON의 '포터 II Electric'에 해당하는 차종을 DB에서 찾을 수 없어 리뷰를 건너뜁니다.
[2025-09-14T09:51:41.160+0000] {subprocess.py:93} INFO - 경고: JSON의 '싼타페 Hybrid'에 해당하는 차종을 DB에서 찾을 수 없어 리뷰를 건너뜁니다.
[2025-09-14T09:51:41.171+0000] {subprocess.py:93} INFO - 경고: JSON의 '싼타페 Hybrid'에 해당하는 차종을 DB에서 찾을 수 없어 리뷰를 건너뜁니다.
[2025-09-14T09:51:41.171+0000] {subprocess.py:93} INFO - 경고: JSON의 '싼타페'에 해당하는 차종을 DB에서 찾을 수 없어 리뷰를 건너뜁니다.
[2025-09-14T09:51:41.172+0000] {subprocess.py:93} INFO - 경고: JSON의 '싼타페 Hybrid'에 해당하는 차종을 DB에서 찾을 수 없어 리뷰를 건너뜁니다.
[2025-09-14T09:51:41.172+0000] {subprocess.py:93} INFO - 경고: JSON의 '싼타페 Hybrid'에 해당하는 차종을 DB에서 찾을 수 없어 리뷰를 건너뜁니다.
[2025-09-14T09:51:41.175+0000] {subprocess.py:93} INFO - 경고: JSON의 '싼타페 Hybrid'에 해당하는 차종을 DB에서 찾을 수 없어 리뷰를 건너뜁니다.
[2025-09-14T09:51:41.179+0000] {subprocess.py:93} INFO - 경고: JSON의 '싼타페 Hybrid'에 해당하는 차종을 DB에서 찾을 수 없어 리뷰를 건너뜁니다.
[2025-09-14T09:51:41.183+0000] {subprocess.py:93} INFO - 경고: JSON의 '싼타페 Hybrid'에 해당하는 차종을 DB에서 찾을 수 없어 리뷰를 건너뜁니다.
[2025-09-14T09:51:41.183+0000] {subprocess.py:93} INFO - 경고: JSON의 '싼타페'에 해당하는 차종을 DB에서 찾을 수 없어 리뷰를 건너뜁니다.
[2025-09-14T09:51:41.184+0000] {subprocess.py:93} INFO - 경고: JSON의 '포터 II Electric'에 해당하는 차종을 DB에서 찾을 수 없어 리뷰를 건너뜁니다.
[2025-09-14T09:51:41.184+0000] {subprocess.py:93} INFO - 경고: JSON의 '싼타페 Hybrid'에 해당하는 차종을 DB에서 찾을 수 없어 리뷰를 건너뜁니다.
[2025-09-14T09:51:41.187+0000] {subprocess.py:93} INFO - 경고: JSON의 '싼타페 Hybrid'에 해당하는 차종을 DB에서 찾을 수 없어 리뷰를 건너뜁니다.
[2025-09-14T09:51:41.187+0000] {subprocess.py:93} INFO - 경고: JSON의 '싼타페 Hybrid'에 해당하는 차종을 DB에서 찾을 수 없어 리뷰를 건너뜁니다.
[2025-09-14T09:51:41.195+0000] {subprocess.py:93} INFO - 경고: JSON의 '싼타페 Hybrid'에 해당하는 차종을 DB에서 찾을 수 없어 리뷰를 건너뜁니다.
[2025-09-14T09:51:41.196+0000] {subprocess.py:93} INFO - 경고: JSON의 '싼타페'에 해당하는 차종을 DB에서 찾을 수 없어 리뷰를 건너뜁니다.
[2025-09-14T09:51:41.232+0000] {subprocess.py:93} INFO - 경고: JSON의 '싼타페 Hybrid'에 해당하는 차종을 DB에서 찾을 수 없어 리뷰를 건너뜁니다.
[2025-09-14T09:51:41.233+0000] {subprocess.py:93} INFO - 경고: JSON의 '싼타페 Hybrid'에 해당하는 차종을 DB에서 찾을 수 없어 리뷰를 건너뜁니다.
[2025-09-14T09:51:41.253+0000] {subprocess.py:93} INFO - 경고: JSON의 '포터 II Electric'에 해당하는 차종을 DB에서 찾을 수 없어 리뷰를 건너뜁니다.
[2025-09-14T09:51:41.302+0000] {subprocess.py:93} INFO - 경고: JSON의 '싼타페 Hybrid'에 해당하는 차종을 DB에서 찾을 수 없어 리뷰를 건너뜁니다.
[2025-09-14T09:51:41.303+0000] {subprocess.py:93} INFO - 경고: JSON의 '싼타페'에 해당하는 차종을 DB에서 찾을 수 없어 리뷰를 건너뜁니다.
[2025-09-14T09:51:41.307+0000] {subprocess.py:93} INFO - 경고: JSON의 '싼타페 Hybrid'에 해당하는 차종을 DB에서 찾을 수 없어 리뷰를 건너뜁니다.
[2025-09-14T09:51:41.323+0000] {subprocess.py:93} INFO - 경고: JSON의 '싼타페 Hybrid'에 해당하는 차종을 DB에서 찾을 수 없어 리뷰를 건너뜁니다.
[2025-09-14T09:51:41.332+0000] {subprocess.py:93} INFO - 경고: JSON의 '포터 II'에 해당하는 차종을 DB에서 찾을 수 없어 리뷰를 건너뜁니다.
[2025-09-14T09:51:41.340+0000] {subprocess.py:93} INFO - 경고: JSON의 '싼타페 Hybrid'에 해당하는 차종을 DB에서 찾을 수 없어 리뷰를 건너뜁니다.
[2025-09-14T09:51:41.352+0000] {subprocess.py:93} INFO - 경고: JSON의 '싼타페'에 해당하는 차종을 DB에서 찾을 수 없어 리뷰를 건너뜁니다.
[2025-09-14T09:51:41.352+0000] {subprocess.py:93} INFO - 경고: JSON의 '싼타페 Hybrid'에 해당하는 차종을 DB에서 찾을 수 없어 리뷰를 건너뜁니다.
[2025-09-14T09:51:41.360+0000] {subprocess.py:93} INFO - 경고: JSON의 '싼타페 Hybrid'에 해당하는 차종을 DB에서 찾을 수 없어 리뷰를 건너뜁니다.
[2025-09-14T09:51:41.360+0000] {subprocess.py:93} INFO - 경고: JSON의 '포터 II'에 해당하는 차종을 DB에서 찾을 수 없어 리뷰를 건너뜁니다.
[2025-09-14T09:51:41.360+0000] {subprocess.py:93} INFO - 경고: JSON의 '싼타페 Hybrid'에 해당하는 차종을 DB에서 찾을 수 없어 리뷰를 건너뜁니다.
[2025-09-14T09:51:41.361+0000] {subprocess.py:93} INFO - 경고: JSON의 '싼타페 Hybrid'에 해당하는 차종을 DB에서 찾을 수 없어 리뷰를 건너뜁니다.
[2025-09-14T09:51:41.368+0000] {subprocess.py:93} INFO - 경고: JSON의 '싼타페 Hybrid'에 해당하는 차종을 DB에서 찾을 수 없어 리뷰를 건너뜁니다.
[2025-09-14T09:51:41.376+0000] {subprocess.py:93} INFO - 경고: JSON의 '싼타페 Hybrid'에 해당하는 차종을 DB에서 찾을 수 없어 리뷰를 건너뜁니다.
[2025-09-14T09:51:41.380+0000] {subprocess.py:93} INFO - 경고: JSON의 '싼타페 Hybrid'에 해당하는 차종을 DB에서 찾을 수 없어 리뷰를 건너뜁니다.
[2025-09-14T09:51:41.381+0000] {subprocess.py:93} INFO - 경고: JSON의 '싼타페 Hybrid'에 해당하는 차종을 DB에서 찾을 수 없어 리뷰를 건너뜁니다.
[2025-09-14T09:51:41.388+0000] {subprocess.py:93} INFO - 경고: JSON의 '싼타페 Hybrid'에 해당하는 차종을 DB에서 찾을 수 없어 리뷰를 건너뜁니다.
[2025-09-14T09:51:41.401+0000] {subprocess.py:93} INFO - 경고: JSON의 '싼타페 Hybrid'에 해당하는 차종을 DB에서 찾을 수 없어 리뷰를 건너뜁니다.
[2025-09-14T09:51:41.415+0000] {subprocess.py:93} INFO - 경고: JSON의 '싼타페 Hybrid'에 해당하는 차종을 DB에서 찾을 수 없어 리뷰를 건너뜁니다.
[2025-09-14T09:51:41.423+0000] {subprocess.py:93} INFO - 경고: JSON의 '싼타페 Hybrid'에 해당하는 차종을 DB에서 찾을 수 없어 리뷰를 건너뜁니다.
[2025-09-14T09:51:41.424+0000] {subprocess.py:93} INFO - 경고: JSON의 '쏘나타 택시'에 해당하는 차종을 DB에서 찾을 수 없어 리뷰를 건너뜁니다.
[2025-09-14T09:51:41.460+0000] {subprocess.py:93} INFO - 경고: JSON의 '싼타페 Hybrid'에 해당하는 차종을 DB에서 찾을 수 없어 리뷰를 건너뜁니다.
[2025-09-14T09:51:41.470+0000] {subprocess.py:93} INFO - 경고: JSON의 '싼타페 Hybrid'에 해당하는 차종을 DB에서 찾을 수 없어 리뷰를 건너뜁니다.
[2025-09-14T09:51:41.471+0000] {subprocess.py:93} INFO - 경고: JSON의 '싼타페 Hybrid'에 해당하는 차종을 DB에서 찾을 수 없어 리뷰를 건너뜁니다.
[2025-09-14T09:51:41.471+0000] {subprocess.py:93} INFO - 경고: JSON의 '싼타페 Hybrid'에 해당하는 차종을 DB에서 찾을 수 없어 리뷰를 건너뜁니다.
[2025-09-14T09:51:41.478+0000] {subprocess.py:93} INFO - 경고: JSON의 '싼타페 Hybrid'에 해당하는 차종을 DB에서 찾을 수 없어 리뷰를 건너뜁니다.
[2025-09-14T09:51:41.491+0000] {subprocess.py:93} INFO - 경고: JSON의 '싼타페 Hybrid'에 해당하는 차종을 DB에서 찾을 수 없어 리뷰를 건너뜁니다.
[2025-09-14T09:51:41.495+0000] {subprocess.py:93} INFO - 경고: JSON의 '싼타페 Hybrid'에 해당하는 차종을 DB에서 찾을 수 없어 리뷰를 건너뜁니다.
[2025-09-14T09:51:41.502+0000] {subprocess.py:93} INFO - 경고: JSON의 '싼타페 Hybrid'에 해당하는 차종을 DB에서 찾을 수 없어 리뷰를 건너뜁니다.
[2025-09-14T09:51:41.519+0000] {subprocess.py:93} INFO - 경고: JSON의 '싼타페 Hybrid'에 해당하는 차종을 DB에서 찾을 수 없어 리뷰를 건너뜁니다.
[2025-09-14T09:51:41.529+0000] {subprocess.py:93} INFO - 경고: JSON의 '싼타페 Hybrid'에 해당하는 차종을 DB에서 찾을 수 없어 리뷰를 건너뜁니다.
[2025-09-14T09:51:41.532+0000] {subprocess.py:93} INFO - 경고: JSON의 '싼타페 Hybrid'에 해당하는 차종을 DB에서 찾을 수 없어 리뷰를 건너뜁니다.
[2025-09-14T09:51:41.533+0000] {subprocess.py:93} INFO - 경고: JSON의 '싼타페 Hybrid'에 해당하는 차종을 DB에서 찾을 수 없어 리뷰를 건너뜁니다.
[2025-09-14T09:51:41.546+0000] {subprocess.py:93} INFO - 경고: JSON의 '싼타페 Hybrid'에 해당하는 차종을 DB에서 찾을 수 없어 리뷰를 건너뜁니다.
[2025-09-14T09:51:41.554+0000] {subprocess.py:93} INFO - 경고: JSON의 '쏘나타 택시'에 해당하는 차종을 DB에서 찾을 수 없어 리뷰를 건너뜁니다.
[2025-09-14T09:51:41.558+0000] {subprocess.py:93} INFO - 경고: JSON의 '싼타페 Hybrid'에 해당하는 차종을 DB에서 찾을 수 없어 리뷰를 건너뜁니다.
[2025-09-14T09:51:41.558+0000] {subprocess.py:93} INFO - 경고: JSON의 '싼타페 Hybrid'에 해당하는 차종을 DB에서 찾을 수 없어 리뷰를 건너뜁니다.
[2025-09-14T09:51:41.559+0000] {subprocess.py:93} INFO - 경고: JSON의 '싼타페'에 해당하는 차종을 DB에서 찾을 수 없어 리뷰를 건너뜁니다.
[2025-09-14T09:51:41.568+0000] {subprocess.py:93} INFO - 경고: JSON의 '싼타페 Hybrid'에 해당하는 차종을 DB에서 찾을 수 없어 리뷰를 건너뜁니다.
[2025-09-14T09:51:41.576+0000] {subprocess.py:93} INFO - 경고: JSON의 '싼타페 Hybrid'에 해당하는 차종을 DB에서 찾을 수 없어 리뷰를 건너뜁니다.
[2025-09-14T09:51:41.591+0000] {subprocess.py:93} INFO - 경고: JSON의 '싼타페 Hybrid'에 해당하는 차종을 DB에서 찾을 수 없어 리뷰를 건너뜁니다.
[2025-09-14T09:51:41.592+0000] {subprocess.py:93} INFO - 경고: JSON의 '싼타페 Hybrid'에 해당하는 차종을 DB에서 찾을 수 없어 리뷰를 건너뜁니다.
[2025-09-14T09:51:41.618+0000] {subprocess.py:93} INFO - 경고: JSON의 '싼타페 Hybrid'에 해당하는 차종을 DB에서 찾을 수 없어 리뷰를 건너뜁니다.
[2025-09-14T09:51:41.619+0000] {subprocess.py:93} INFO - 경고: JSON의 '싼타페'에 해당하는 차종을 DB에서 찾을 수 없어 리뷰를 건너뜁니다.
[2025-09-14T09:51:41.628+0000] {subprocess.py:93} INFO - 경고: JSON의 '싼타페 Hybrid'에 해당하는 차종을 DB에서 찾을 수 없어 리뷰를 건너뜁니다.
[2025-09-14T09:51:41.660+0000] {subprocess.py:93} INFO - 경고: JSON의 '싼타페 Hybrid'에 해당하는 차종을 DB에서 찾을 수 없어 리뷰를 건너뜁니다.
[2025-09-14T09:51:41.697+0000] {subprocess.py:93} INFO - 경고: JSON의 '싼타페 Hybrid'에 해당하는 차종을 DB에서 찾을 수 없어 리뷰를 건너뜁니다.
[2025-09-14T09:51:41.702+0000] {subprocess.py:93} INFO - 경고: JSON의 '싼타페 Hybrid'에 해당하는 차종을 DB에서 찾을 수 없어 리뷰를 건너뜁니다.
[2025-09-14T09:51:41.702+0000] {subprocess.py:93} INFO - 경고: JSON의 '싼타페 Hybrid'에 해당하는 차종을 DB에서 찾을 수 없어 리뷰를 건너뜁니다.
[2025-09-14T09:51:41.702+0000] {subprocess.py:93} INFO - 경고: JSON의 '포터 II Electric'에 해당하는 차종을 DB에서 찾을 수 없어 리뷰를 건너뜁니다.
[2025-09-14T09:51:41.710+0000] {subprocess.py:93} INFO - 경고: JSON의 '싼타페 Hybrid'에 해당하는 차종을 DB에서 찾을 수 없어 리뷰를 건너뜁니다.
[2025-09-14T09:51:41.710+0000] {subprocess.py:93} INFO - 경고: JSON의 '싼타페 Hybrid'에 해당하는 차종을 DB에서 찾을 수 없어 리뷰를 건너뜁니다.
[2025-09-14T09:51:41.718+0000] {subprocess.py:93} INFO - 경고: JSON의 '싼타페 Hybrid'에 해당하는 차종을 DB에서 찾을 수 없어 리뷰를 건너뜁니다.
[2025-09-14T09:51:41.743+0000] {subprocess.py:93} INFO - 경고: JSON의 '싼타페'에 해당하는 차종을 DB에서 찾을 수 없어 리뷰를 건너뜁니다.
[2025-09-14T09:51:41.744+0000] {subprocess.py:93} INFO - 경고: JSON의 '싼타페'에 해당하는 차종을 DB에서 찾을 수 없어 리뷰를 건너뜁니다.
[2025-09-14T09:51:41.747+0000] {subprocess.py:93} INFO - 경고: JSON의 '싼타페 Hybrid'에 해당하는 차종을 DB에서 찾을 수 없어 리뷰를 건너뜁니다.
[2025-09-14T09:51:41.748+0000] {subprocess.py:93} INFO - 경고: JSON의 '싼타페'에 해당하는 차종을 DB에서 찾을 수 없어 리뷰를 건너뜁니다.
[2025-09-14T09:51:41.756+0000] {subprocess.py:93} INFO - 경고: JSON의 '싼타페 Hybrid'에 해당하는 차종을 DB에서 찾을 수 없어 리뷰를 건너뜁니다.
[2025-09-14T09:51:41.776+0000] {subprocess.py:93} INFO - 경고: JSON의 '싼타페'에 해당하는 차종을 DB에서 찾을 수 없어 리뷰를 건너뜁니다.
[2025-09-14T09:51:41.789+0000] {subprocess.py:93} INFO - 경고: JSON의 '싼타페 Hybrid'에 해당하는 차종을 DB에서 찾을 수 없어 리뷰를 건너뜁니다.
[2025-09-14T09:51:41.798+0000] {subprocess.py:93} INFO - 경고: JSON의 '싼타페 Hybrid'에 해당하는 차종을 DB에서 찾을 수 없어 리뷰를 건너뜁니다.
[2025-09-14T09:51:41.798+0000] {subprocess.py:93} INFO - 경고: JSON의 '싼타페 Hybrid'에 해당하는 차종을 DB에서 찾을 수 없어 리뷰를 건너뜁니다.
[2025-09-14T09:51:41.844+0000] {subprocess.py:93} INFO - 경고: JSON의 '싼타페 Hybrid'에 해당하는 차종을 DB에서 찾을 수 없어 리뷰를 건너뜁니다.
[2025-09-14T09:51:41.848+0000] {subprocess.py:93} INFO - 경고: JSON의 '싼타페 Hybrid'에 해당하는 차종을 DB에서 찾을 수 없어 리뷰를 건너뜁니다.
[2025-09-14T09:51:41.877+0000] {subprocess.py:93} INFO - 경고: JSON의 '싼타페 Hybrid'에 해당하는 차종을 DB에서 찾을 수 없어 리뷰를 건너뜁니다.
[2025-09-14T09:51:41.881+0000] {subprocess.py:93} INFO - 경고: JSON의 '싼타페 Hybrid'에 해당하는 차종을 DB에서 찾을 수 없어 리뷰를 건너뜁니다.
[2025-09-14T09:51:41.882+0000] {subprocess.py:93} INFO - 경고: JSON의 '싼타페 Hybrid'에 해당하는 차종을 DB에서 찾을 수 없어 리뷰를 건너뜁니다.
[2025-09-14T09:51:41.885+0000] {subprocess.py:93} INFO - 경고: JSON의 '싼타페 Hybrid'에 해당하는 차종을 DB에서 찾을 수 없어 리뷰를 건너뜁니다.
[2025-09-14T09:51:41.889+0000] {subprocess.py:93} INFO - 경고: JSON의 '싼타페'에 해당하는 차종을 DB에서 찾을 수 없어 리뷰를 건너뜁니다.
[2025-09-14T09:51:41.890+0000] {subprocess.py:93} INFO - 경고: JSON의 '싼타페 Hybrid'에 해당하는 차종을 DB에서 찾을 수 없어 리뷰를 건너뜁니다.
[2025-09-14T09:51:41.904+0000] {subprocess.py:93} INFO - 경고: JSON의 '포터 II 특장차'에 해당하는 차종을 DB에서 찾을 수 없어 리뷰를 건너뜁니다.
[2025-09-14T09:51:41.904+0000] {subprocess.py:93} INFO - 경고: JSON의 '싼타페 Hybrid'에 해당하는 차종을 DB에서 찾을 수 없어 리뷰를 건너뜁니다.
[2025-09-14T09:51:41.931+0000] {subprocess.py:93} INFO - 경고: JSON의 '싼타페 Hybrid'에 해당하는 차종을 DB에서 찾을 수 없어 리뷰를 건너뜁니다.
[2025-09-14T09:51:41.934+0000] {subprocess.py:93} INFO - 경고: JSON의 '싼타페 Hybrid'에 해당하는 차종을 DB에서 찾을 수 없어 리뷰를 건너뜁니다.
[2025-09-14T09:51:41.945+0000] {subprocess.py:93} INFO - 경고: JSON의 '싼타페 Hybrid'에 해당하는 차종을 DB에서 찾을 수 없어 리뷰를 건너뜁니다.
[2025-09-14T09:51:41.965+0000] {subprocess.py:93} INFO - 경고: JSON의 '싼타페 Hybrid'에 해당하는 차종을 DB에서 찾을 수 없어 리뷰를 건너뜁니다.
[2025-09-14T09:51:41.969+0000] {subprocess.py:93} INFO - 경고: JSON의 '싼타페 Hybrid'에 해당하는 차종을 DB에서 찾을 수 없어 리뷰를 건너뜁니다.
[2025-09-14T09:51:41.973+0000] {subprocess.py:93} INFO - 경고: JSON의 '싼타페 Hybrid'에 해당하는 차종을 DB에서 찾을 수 없어 리뷰를 건너뜁니다.
[2025-09-14T09:51:41.981+0000] {subprocess.py:93} INFO - 경고: JSON의 '싼타페 Hybrid'에 해당하는 차종을 DB에서 찾을 수 없어 리뷰를 건너뜁니다.
[2025-09-14T09:51:41.993+0000] {subprocess.py:93} INFO - 경고: JSON의 '포터 II Electric'에 해당하는 차종을 DB에서 찾을 수 없어 리뷰를 건너뜁니다.
[2025-09-14T09:51:42.028+0000] {subprocess.py:93} INFO - 경고: JSON의 '싼타페'에 해당하는 차종을 DB에서 찾을 수 없어 리뷰를 건너뜁니다.
[2025-09-14T09:51:42.036+0000] {subprocess.py:93} INFO - 경고: JSON의 '싼타페'에 해당하는 차종을 DB에서 찾을 수 없어 리뷰를 건너뜁니다.
[2025-09-14T09:51:42.068+0000] {subprocess.py:93} INFO - 경고: JSON의 '싼타페 Hybrid'에 해당하는 차종을 DB에서 찾을 수 없어 리뷰를 건너뜁니다.
[2025-09-14T09:51:42.068+0000] {subprocess.py:93} INFO - 경고: JSON의 '싼타페 Hybrid'에 해당하는 차종을 DB에서 찾을 수 없어 리뷰를 건너뜁니다.
[2025-09-14T09:51:42.091+0000] {subprocess.py:93} INFO - 경고: JSON의 '싼타페 Hybrid'에 해당하는 차종을 DB에서 찾을 수 없어 리뷰를 건너뜁니다.
[2025-09-14T09:51:42.091+0000] {subprocess.py:93} INFO - 경고: JSON의 '싼타페 Hybrid'에 해당하는 차종을 DB에서 찾을 수 없어 리뷰를 건너뜁니다.
[2025-09-14T09:51:42.113+0000] {subprocess.py:93} INFO - 경고: JSON의 '싼타페'에 해당하는 차종을 DB에서 찾을 수 없어 리뷰를 건너뜁니다.
[2025-09-14T09:51:42.113+0000] {subprocess.py:93} INFO - 경고: JSON의 '싼타페 Hybrid'에 해당하는 차종을 DB에서 찾을 수 없어 리뷰를 건너뜁니다.
[2025-09-14T09:51:42.126+0000] {subprocess.py:93} INFO - 경고: JSON의 '싼타페 Hybrid'에 해당하는 차종을 DB에서 찾을 수 없어 리뷰를 건너뜁니다.
[2025-09-14T09:51:42.145+0000] {subprocess.py:93} INFO - 경고: JSON의 '포터 II'에 해당하는 차종을 DB에서 찾을 수 없어 리뷰를 건너뜁니다.
[2025-09-14T09:51:42.167+0000] {subprocess.py:93} INFO - 경고: JSON의 '싼타페 Hybrid'에 해당하는 차종을 DB에서 찾을 수 없어 리뷰를 건너뜁니다.
[2025-09-14T09:51:42.168+0000] {subprocess.py:93} INFO - 경고: JSON의 '싼타페 Hybrid'에 해당하는 차종을 DB에서 찾을 수 없어 리뷰를 건너뜁니다.
[2025-09-14T09:51:42.203+0000] {subprocess.py:93} INFO - 경고: JSON의 '싼타페 Hybrid'에 해당하는 차종을 DB에서 찾을 수 없어 리뷰를 건너뜁니다.
[2025-09-14T09:51:42.204+0000] {subprocess.py:93} INFO - 경고: JSON의 '싼타페 Hybrid'에 해당하는 차종을 DB에서 찾을 수 없어 리뷰를 건너뜁니다.
[2025-09-14T09:51:42.204+0000] {subprocess.py:93} INFO - 경고: JSON의 '포터 II Electric 특장차'에 해당하는 차종을 DB에서 찾을 수 없어 리뷰를 건너뜁니다.
[2025-09-14T09:51:42.213+0000] {subprocess.py:93} INFO - 경고: JSON의 '싼타페 Hybrid'에 해당하는 차종을 DB에서 찾을 수 없어 리뷰를 건너뜁니다.
[2025-09-14T09:51:42.217+0000] {subprocess.py:93} INFO - 경고: JSON의 '쏘나타 택시'에 해당하는 차종을 DB에서 찾을 수 없어 리뷰를 건너뜁니다.
[2025-09-14T09:51:42.221+0000] {subprocess.py:93} INFO - 경고: JSON의 '싼타페 Hybrid'에 해당하는 차종을 DB에서 찾을 수 없어 리뷰를 건너뜁니다.
[2025-09-14T09:51:42.222+0000] {subprocess.py:93} INFO - 경고: JSON의 '싼타페'에 해당하는 차종을 DB에서 찾을 수 없어 리뷰를 건너뜁니다.
[2025-09-14T09:51:42.226+0000] {subprocess.py:93} INFO - 경고: JSON의 '싼타페 Hybrid'에 해당하는 차종을 DB에서 찾을 수 없어 리뷰를 건너뜁니다.
[2025-09-14T09:51:42.226+0000] {subprocess.py:93} INFO - 경고: JSON의 '싼타페 Hybrid'에 해당하는 차종을 DB에서 찾을 수 없어 리뷰를 건너뜁니다.
[2025-09-14T09:51:42.227+0000] {subprocess.py:93} INFO - 경고: JSON의 '싼타페'에 해당하는 차종을 DB에서 찾을 수 없어 리뷰를 건너뜁니다.
[2025-09-14T09:51:42.287+0000] {subprocess.py:93} INFO - 경고: JSON의 '싼타페 Hybrid'에 해당하는 차종을 DB에서 찾을 수 없어 리뷰를 건너뜁니다.
[2025-09-14T09:51:42.288+0000] {subprocess.py:93} INFO - 경고: JSON의 '싼타페 Hybrid'에 해당하는 차종을 DB에서 찾을 수 없어 리뷰를 건너뜁니다.
[2025-09-14T09:51:42.292+0000] {subprocess.py:93} INFO - 경고: JSON의 '싼타페 Hybrid'에 해당하는 차종을 DB에서 찾을 수 없어 리뷰를 건너뜁니다.
[2025-09-14T09:51:42.300+0000] {subprocess.py:93} INFO - 경고: JSON의 '포터 II Electric 특장차'에 해당하는 차종을 DB에서 찾을 수 없어 리뷰를 건너뜁니다.
[2025-09-14T09:51:42.301+0000] {subprocess.py:93} INFO - 경고: JSON의 '싼타페 Hybrid'에 해당하는 차종을 DB에서 찾을 수 없어 리뷰를 건너뜁니다.
[2025-09-14T09:51:42.337+0000] {subprocess.py:93} INFO - 경고: JSON의 '싼타페 Hybrid'에 해당하는 차종을 DB에서 찾을 수 없어 리뷰를 건너뜁니다.
[2025-09-14T09:51:42.337+0000] {subprocess.py:93} INFO - 경고: JSON의 '싼타페'에 해당하는 차종을 DB에서 찾을 수 없어 리뷰를 건너뜁니다.
[2025-09-14T09:51:42.354+0000] {subprocess.py:93} INFO - 경고: JSON의 '싼타페 Hybrid'에 해당하는 차종을 DB에서 찾을 수 없어 리뷰를 건너뜁니다.
[2025-09-14T09:51:42.375+0000] {subprocess.py:93} INFO - 경고: JSON의 '포터 II'에 해당하는 차종을 DB에서 찾을 수 없어 리뷰를 건너뜁니다.
[2025-09-14T09:51:42.379+0000] {subprocess.py:93} INFO - 경고: JSON의 '싼타페 Hybrid'에 해당하는 차종을 DB에서 찾을 수 없어 리뷰를 건너뜁니다.
[2025-09-14T09:51:42.388+0000] {subprocess.py:93} INFO - 경고: JSON의 '싼타페 Hybrid'에 해당하는 차종을 DB에서 찾을 수 없어 리뷰를 건너뜁니다.
[2025-09-14T09:51:42.388+0000] {subprocess.py:93} INFO - 경고: JSON의 '싼타페 Hybrid'에 해당하는 차종을 DB에서 찾을 수 없어 리뷰를 건너뜁니다.
[2025-09-14T09:51:42.406+0000] {subprocess.py:93} INFO - 경고: JSON의 '싼타페 Hybrid'에 해당하는 차종을 DB에서 찾을 수 없어 리뷰를 건너뜁니다.
[2025-09-14T09:51:42.419+0000] {subprocess.py:93} INFO - 경고: JSON의 '싼타페 Hybrid'에 해당하는 차종을 DB에서 찾을 수 없어 리뷰를 건너뜁니다.
[2025-09-14T09:51:42.424+0000] {subprocess.py:93} INFO - 경고: JSON의 '싼타페 Hybrid'에 해당하는 차종을 DB에서 찾을 수 없어 리뷰를 건너뜁니다.
[2025-09-14T09:51:42.424+0000] {subprocess.py:93} INFO - 경고: JSON의 '싼타페 Hybrid'에 해당하는 차종을 DB에서 찾을 수 없어 리뷰를 건너뜁니다.
[2025-09-14T09:51:42.428+0000] {subprocess.py:93} INFO - 경고: JSON의 '싼타페'에 해당하는 차종을 DB에서 찾을 수 없어 리뷰를 건너뜁니다.
[2025-09-14T09:51:42.428+0000] {subprocess.py:93} INFO - 경고: JSON의 '싼타페 Hybrid'에 해당하는 차종을 DB에서 찾을 수 없어 리뷰를 건너뜁니다.
[2025-09-14T09:51:42.432+0000] {subprocess.py:93} INFO - 경고: JSON의 '싼타페 Hybrid'에 해당하는 차종을 DB에서 찾을 수 없어 리뷰를 건너뜁니다.
[2025-09-14T09:51:42.433+0000] {subprocess.py:93} INFO - 경고: JSON의 '싼타페 Hybrid'에 해당하는 차종을 DB에서 찾을 수 없어 리뷰를 건너뜁니다.
[2025-09-14T09:51:42.445+0000] {subprocess.py:93} INFO - 경고: JSON의 '싼타페 Hybrid'에 해당하는 차종을 DB에서 찾을 수 없어 리뷰를 건너뜁니다.
[2025-09-14T09:51:42.458+0000] {subprocess.py:93} INFO - 경고: JSON의 '싼타페 Hybrid'에 해당하는 차종을 DB에서 찾을 수 없어 리뷰를 건너뜁니다.
[2025-09-14T09:51:42.474+0000] {subprocess.py:93} INFO - 경고: JSON의 '싼타페 Hybrid'에 해당하는 차종을 DB에서 찾을 수 없어 리뷰를 건너뜁니다.
[2025-09-14T09:51:42.475+0000] {subprocess.py:93} INFO - 경고: JSON의 '싼타페 Hybrid'에 해당하는 차종을 DB에서 찾을 수 없어 리뷰를 건너뜁니다.
[2025-09-14T09:51:42.483+0000] {subprocess.py:93} INFO - 경고: JSON의 '싼타페'에 해당하는 차종을 DB에서 찾을 수 없어 리뷰를 건너뜁니다.
[2025-09-14T09:51:42.484+0000] {subprocess.py:93} INFO - 경고: JSON의 '싼타페 Hybrid'에 해당하는 차종을 DB에서 찾을 수 없어 리뷰를 건너뜁니다.
[2025-09-14T09:51:42.484+0000] {subprocess.py:93} INFO - 경고: JSON의 '싼타페 Hybrid'에 해당하는 차종을 DB에서 찾을 수 없어 리뷰를 건너뜁니다.
[2025-09-14T09:51:42.496+0000] {subprocess.py:93} INFO - 경고: JSON의 '싼타페 Hybrid'에 해당하는 차종을 DB에서 찾을 수 없어 리뷰를 건너뜁니다.
[2025-09-14T09:51:42.509+0000] {subprocess.py:93} INFO - 경고: JSON의 '싼타페 Hybrid'에 해당하는 차종을 DB에서 찾을 수 없어 리뷰를 건너뜁니다.
[2025-09-14T09:51:42.558+0000] {subprocess.py:93} INFO - 경고: JSON의 '싼타페 Hybrid'에 해당하는 차종을 DB에서 찾을 수 없어 리뷰를 건너뜁니다.
[2025-09-14T09:51:42.566+0000] {subprocess.py:93} INFO - 경고: JSON의 '포터 II'에 해당하는 차종을 DB에서 찾을 수 없어 리뷰를 건너뜁니다.
[2025-09-14T09:51:42.574+0000] {subprocess.py:93} INFO - 경고: JSON의 '싼타페'에 해당하는 차종을 DB에서 찾을 수 없어 리뷰를 건너뜁니다.
[2025-09-14T09:51:42.601+0000] {subprocess.py:93} INFO - 경고: JSON의 '싼타페 Hybrid'에 해당하는 차종을 DB에서 찾을 수 없어 리뷰를 건너뜁니다.
[2025-09-14T09:51:42.619+0000] {subprocess.py:93} INFO - 경고: JSON의 '싼타페 Hybrid'에 해당하는 차종을 DB에서 찾을 수 없어 리뷰를 건너뜁니다.
[2025-09-14T09:51:42.669+0000] {subprocess.py:93} INFO - 경고: JSON의 '싼타페'에 해당하는 차종을 DB에서 찾을 수 없어 리뷰를 건너뜁니다.
[2025-09-14T09:51:42.676+0000] {subprocess.py:93} INFO - 경고: JSON의 '포터 II 특장차'에 해당하는 차종을 DB에서 찾을 수 없어 리뷰를 건너뜁니다.
[2025-09-14T09:51:42.677+0000] {subprocess.py:93} INFO - 경고: JSON의 '싼타페 Hybrid'에 해당하는 차종을 DB에서 찾을 수 없어 리뷰를 건너뜁니다.
[2025-09-14T09:51:42.705+0000] {subprocess.py:93} INFO - 경고: JSON의 '싼타페 Hybrid'에 해당하는 차종을 DB에서 찾을 수 없어 리뷰를 건너뜁니다.
[2025-09-14T09:51:42.718+0000] {subprocess.py:93} INFO - 경고: JSON의 '싼타페 Hybrid'에 해당하는 차종을 DB에서 찾을 수 없어 리뷰를 건너뜁니다.
[2025-09-14T09:51:42.736+0000] {subprocess.py:93} INFO - 경고: JSON의 '포터 II Electric'에 해당하는 차종을 DB에서 찾을 수 없어 리뷰를 건너뜁니다.
[2025-09-14T09:51:42.778+0000] {subprocess.py:93} INFO - 경고: JSON의 '싼타페 Hybrid'에 해당하는 차종을 DB에서 찾을 수 없어 리뷰를 건너뜁니다.
[2025-09-14T09:51:42.779+0000] {subprocess.py:93} INFO - 경고: JSON의 '싼타페 Hybrid'에 해당하는 차종을 DB에서 찾을 수 없어 리뷰를 건너뜁니다.
[2025-09-14T09:51:42.791+0000] {subprocess.py:93} INFO - 경고: JSON의 '싼타페 Hybrid'에 해당하는 차종을 DB에서 찾을 수 없어 리뷰를 건너뜁니다.
[2025-09-14T09:51:42.800+0000] {subprocess.py:93} INFO - 경고: JSON의 '싼타페 Hybrid'에 해당하는 차종을 DB에서 찾을 수 없어 리뷰를 건너뜁니다.
[2025-09-14T09:51:42.808+0000] {subprocess.py:93} INFO - 경고: JSON의 '싼타페 Hybrid'에 해당하는 차종을 DB에서 찾을 수 없어 리뷰를 건너뜁니다.
[2025-09-14T09:51:42.808+0000] {subprocess.py:93} INFO - 경고: JSON의 '싼타페 Hybrid'에 해당하는 차종을 DB에서 찾을 수 없어 리뷰를 건너뜁니다.
[2025-09-14T09:51:42.812+0000] {subprocess.py:93} INFO - 경고: JSON의 '싼타페 Hybrid'에 해당하는 차종을 DB에서 찾을 수 없어 리뷰를 건너뜁니다.
[2025-09-14T09:51:42.824+0000] {subprocess.py:93} INFO - 경고: JSON의 '싼타페 Hybrid'에 해당하는 차종을 DB에서 찾을 수 없어 리뷰를 건너뜁니다.
[2025-09-14T09:51:42.829+0000] {subprocess.py:93} INFO - 경고: JSON의 '싼타페 Hybrid'에 해당하는 차종을 DB에서 찾을 수 없어 리뷰를 건너뜁니다.
[2025-09-14T09:51:42.837+0000] {subprocess.py:93} INFO - 경고: JSON의 '싼타페 Hybrid'에 해당하는 차종을 DB에서 찾을 수 없어 리뷰를 건너뜁니다.
[2025-09-14T09:51:42.845+0000] {subprocess.py:93} INFO - 경고: JSON의 '싼타페'에 해당하는 차종을 DB에서 찾을 수 없어 리뷰를 건너뜁니다.
[2025-09-14T09:51:42.845+0000] {subprocess.py:93} INFO - 경고: JSON의 '싼타페'에 해당하는 차종을 DB에서 찾을 수 없어 리뷰를 건너뜁니다.
[2025-09-14T09:51:42.867+0000] {subprocess.py:93} INFO - 경고: JSON의 '포터 II'에 해당하는 차종을 DB에서 찾을 수 없어 리뷰를 건너뜁니다.
[2025-09-14T09:51:42.867+0000] {subprocess.py:93} INFO - 경고: JSON의 '싼타페 Hybrid'에 해당하는 차종을 DB에서 찾을 수 없어 리뷰를 건너뜁니다.
[2025-09-14T09:51:42.868+0000] {subprocess.py:93} INFO - 경고: JSON의 '싼타페'에 해당하는 차종을 DB에서 찾을 수 없어 리뷰를 건너뜁니다.
[2025-09-14T09:51:42.868+0000] {subprocess.py:93} INFO - 경고: JSON의 '싼타페'에 해당하는 차종을 DB에서 찾을 수 없어 리뷰를 건너뜁니다.
[2025-09-14T09:51:42.868+0000] {subprocess.py:93} INFO - 경고: JSON의 '싼타페 Hybrid'에 해당하는 차종을 DB에서 찾을 수 없어 리뷰를 건너뜁니다.
[2025-09-14T09:51:42.868+0000] {subprocess.py:93} INFO - 경고: JSON의 '싼타페'에 해당하는 차종을 DB에서 찾을 수 없어 리뷰를 건너뜁니다.
[2025-09-14T09:51:42.875+0000] {subprocess.py:93} INFO - 경고: JSON의 '싼타페'에 해당하는 차종을 DB에서 찾을 수 없어 리뷰를 건너뜁니다.
[2025-09-14T09:51:42.899+0000] {subprocess.py:93} INFO - 경고: JSON의 '싼타페 Hybrid'에 해당하는 차종을 DB에서 찾을 수 없어 리뷰를 건너뜁니다.
[2025-09-14T09:51:42.900+0000] {subprocess.py:93} INFO - 경고: JSON의 '싼타페 Hybrid'에 해당하는 차종을 DB에서 찾을 수 없어 리뷰를 건너뜁니다.
[2025-09-14T09:51:42.904+0000] {subprocess.py:93} INFO - 경고: JSON의 '싼타페 Hybrid'에 해당하는 차종을 DB에서 찾을 수 없어 리뷰를 건너뜁니다.
[2025-09-14T09:51:42.904+0000] {subprocess.py:93} INFO - 경고: JSON의 '싼타페 Hybrid'에 해당하는 차종을 DB에서 찾을 수 없어 리뷰를 건너뜁니다.
[2025-09-14T09:51:42.905+0000] {subprocess.py:93} INFO - 경고: JSON의 '싼타페 Hybrid'에 해당하는 차종을 DB에서 찾을 수 없어 리뷰를 건너뜁니다.
[2025-09-14T09:51:42.905+0000] {subprocess.py:93} INFO - 경고: JSON의 '싼타페 Hybrid'에 해당하는 차종을 DB에서 찾을 수 없어 리뷰를 건너뜁니다.
[2025-09-14T09:51:42.909+0000] {subprocess.py:93} INFO - 경고: JSON의 '싼타페 Hybrid'에 해당하는 차종을 DB에서 찾을 수 없어 리뷰를 건너뜁니다.
[2025-09-14T09:51:42.909+0000] {subprocess.py:93} INFO - 경고: JSON의 '싼타페 Hybrid'에 해당하는 차종을 DB에서 찾을 수 없어 리뷰를 건너뜁니다.
[2025-09-14T09:51:42.952+0000] {subprocess.py:93} INFO - 경고: JSON의 '싼타페 Hybrid'에 해당하는 차종을 DB에서 찾을 수 없어 리뷰를 건너뜁니다.
[2025-09-14T09:51:42.956+0000] {subprocess.py:93} INFO - 경고: JSON의 '포터 II Electric'에 해당하는 차종을 DB에서 찾을 수 없어 리뷰를 건너뜁니다.
[2025-09-14T09:51:42.960+0000] {subprocess.py:93} INFO - 경고: JSON의 '포터 II Electric'에 해당하는 차종을 DB에서 찾을 수 없어 리뷰를 건너뜁니다.
[2025-09-14T09:51:42.960+0000] {subprocess.py:93} INFO - 경고: JSON의 '포터 II'에 해당하는 차종을 DB에서 찾을 수 없어 리뷰를 건너뜁니다.
[2025-09-14T09:51:42.964+0000] {subprocess.py:93} INFO - 경고: JSON의 '싼타페'에 해당하는 차종을 DB에서 찾을 수 없어 리뷰를 건너뜁니다.
[2025-09-14T09:51:42.973+0000] {subprocess.py:93} INFO - 경고: JSON의 '싼타페 Hybrid'에 해당하는 차종을 DB에서 찾을 수 없어 리뷰를 건너뜁니다.
[2025-09-14T09:51:43.023+0000] {subprocess.py:93} INFO - 경고: JSON의 '싼타페 Hybrid'에 해당하는 차종을 DB에서 찾을 수 없어 리뷰를 건너뜁니다.
[2025-09-14T09:51:43.037+0000] {subprocess.py:93} INFO - 경고: JSON의 '싼타페 Hybrid'에 해당하는 차종을 DB에서 찾을 수 없어 리뷰를 건너뜁니다.
[2025-09-14T09:51:43.073+0000] {subprocess.py:93} INFO - 경고: JSON의 '싼타페 Hybrid'에 해당하는 차종을 DB에서 찾을 수 없어 리뷰를 건너뜁니다.
[2025-09-14T09:51:43.086+0000] {subprocess.py:93} INFO - 경고: JSON의 '싼타페 Hybrid'에 해당하는 차종을 DB에서 찾을 수 없어 리뷰를 건너뜁니다.
[2025-09-14T09:51:43.087+0000] {subprocess.py:93} INFO - 경고: JSON의 '싼타페 Hybrid'에 해당하는 차종을 DB에서 찾을 수 없어 리뷰를 건너뜁니다.
[2025-09-14T09:51:43.095+0000] {subprocess.py:93} INFO - 경고: JSON의 '싼타페'에 해당하는 차종을 DB에서 찾을 수 없어 리뷰를 건너뜁니다.
[2025-09-14T09:51:43.095+0000] {subprocess.py:93} INFO - 경고: JSON의 '싼타페'에 해당하는 차종을 DB에서 찾을 수 없어 리뷰를 건너뜁니다.
[2025-09-14T09:51:43.124+0000] {subprocess.py:93} INFO - 경고: JSON의 '싼타페 Hybrid'에 해당하는 차종을 DB에서 찾을 수 없어 리뷰를 건너뜁니다.
[2025-09-14T09:51:43.125+0000] {subprocess.py:93} INFO - 경고: JSON의 '쏘나타 택시'에 해당하는 차종을 DB에서 찾을 수 없어 리뷰를 건너뜁니다.
[2025-09-14T09:51:43.138+0000] {subprocess.py:93} INFO - 경고: JSON의 '싼타페 Hybrid'에 해당하는 차종을 DB에서 찾을 수 없어 리뷰를 건너뜁니다.
[2025-09-14T09:51:43.151+0000] {subprocess.py:93} INFO - 경고: JSON의 '싼타페'에 해당하는 차종을 DB에서 찾을 수 없어 리뷰를 건너뜁니다.
[2025-09-14T09:51:43.183+0000] {subprocess.py:93} INFO - 경고: JSON의 '싼타페 Hybrid'에 해당하는 차종을 DB에서 찾을 수 없어 리뷰를 건너뜁니다.
[2025-09-14T09:51:43.184+0000] {subprocess.py:93} INFO - 경고: JSON의 '싼타페 Hybrid'에 해당하는 차종을 DB에서 찾을 수 없어 리뷰를 건너뜁니다.
[2025-09-14T09:51:43.184+0000] {subprocess.py:93} INFO - 경고: JSON의 '싼타페 Hybrid'에 해당하는 차종을 DB에서 찾을 수 없어 리뷰를 건너뜁니다.
[2025-09-14T09:51:43.184+0000] {subprocess.py:93} INFO - 경고: JSON의 '싼타페 Hybrid'에 해당하는 차종을 DB에서 찾을 수 없어 리뷰를 건너뜁니다.
[2025-09-14T09:51:43.214+0000] {subprocess.py:93} INFO - 경고: JSON의 '싼타페'에 해당하는 차종을 DB에서 찾을 수 없어 리뷰를 건너뜁니다.
[2025-09-14T09:51:43.218+0000] {subprocess.py:93} INFO - 경고: JSON의 '싼타페'에 해당하는 차종을 DB에서 찾을 수 없어 리뷰를 건너뜁니다.
[2025-09-14T09:51:43.232+0000] {subprocess.py:93} INFO - 경고: JSON의 '싼타페 Hybrid'에 해당하는 차종을 DB에서 찾을 수 없어 리뷰를 건너뜁니다.
[2025-09-14T09:51:43.233+0000] {subprocess.py:93} INFO - 경고: JSON의 '싼타페 Hybrid'에 해당하는 차종을 DB에서 찾을 수 없어 리뷰를 건너뜁니다.
[2025-09-14T09:51:43.243+0000] {subprocess.py:93} INFO - 경고: JSON의 '싼타페 Hybrid'에 해당하는 차종을 DB에서 찾을 수 없어 리뷰를 건너뜁니다.
[2025-09-14T09:51:43.243+0000] {subprocess.py:93} INFO - 경고: JSON의 '포터 II Electric'에 해당하는 차종을 DB에서 찾을 수 없어 리뷰를 건너뜁니다.
[2025-09-14T09:51:43.271+0000] {subprocess.py:93} INFO - 경고: JSON의 '포터 II'에 해당하는 차종을 DB에서 찾을 수 없어 리뷰를 건너뜁니다.
[2025-09-14T09:51:43.301+0000] {subprocess.py:93} INFO - 경고: JSON의 '싼타페 Hybrid'에 해당하는 차종을 DB에서 찾을 수 없어 리뷰를 건너뜁니다.
[2025-09-14T09:51:43.313+0000] {subprocess.py:93} INFO - 경고: JSON의 '싼타페 Hybrid'에 해당하는 차종을 DB에서 찾을 수 없어 리뷰를 건너뜁니다.
[2025-09-14T09:51:43.322+0000] {subprocess.py:93} INFO - 경고: JSON의 '싼타페 Hybrid'에 해당하는 차종을 DB에서 찾을 수 없어 리뷰를 건너뜁니다.
[2025-09-14T09:51:43.340+0000] {subprocess.py:93} INFO - 경고: JSON의 '싼타페 Hybrid'에 해당하는 차종을 DB에서 찾을 수 없어 리뷰를 건너뜁니다.
[2025-09-14T09:51:43.344+0000] {subprocess.py:93} INFO - 경고: JSON의 '싼타페 Hybrid'에 해당하는 차종을 DB에서 찾을 수 없어 리뷰를 건너뜁니다.
[2025-09-14T09:51:43.357+0000] {subprocess.py:93} INFO - 경고: JSON의 '싼타페 Hybrid'에 해당하는 차종을 DB에서 찾을 수 없어 리뷰를 건너뜁니다.
[2025-09-14T09:51:43.374+0000] {subprocess.py:93} INFO - 경고: JSON의 '싼타페 Hybrid'에 해당하는 차종을 DB에서 찾을 수 없어 리뷰를 건너뜁니다.
[2025-09-14T09:51:43.374+0000] {subprocess.py:93} INFO - 경고: JSON의 '싼타페 Hybrid'에 해당하는 차종을 DB에서 찾을 수 없어 리뷰를 건너뜁니다.
[2025-09-14T09:51:43.395+0000] {subprocess.py:93} INFO - 경고: JSON의 '싼타페 Hybrid'에 해당하는 차종을 DB에서 찾을 수 없어 리뷰를 건너뜁니다.
[2025-09-14T09:51:43.406+0000] {subprocess.py:93} INFO - 경고: JSON의 '싼타페 Hybrid'에 해당하는 차종을 DB에서 찾을 수 없어 리뷰를 건너뜁니다.
[2025-09-14T09:51:43.422+0000] {subprocess.py:93} INFO - 경고: JSON의 '싼타페 Hybrid'에 해당하는 차종을 DB에서 찾을 수 없어 리뷰를 건너뜁니다.
[2025-09-14T09:51:43.449+0000] {subprocess.py:93} INFO - 경고: JSON의 '싼타페 Hybrid'에 해당하는 차종을 DB에서 찾을 수 없어 리뷰를 건너뜁니다.
[2025-09-14T09:51:43.455+0000] {subprocess.py:93} INFO - 경고: JSON의 '싼타페 Hybrid'에 해당하는 차종을 DB에서 찾을 수 없어 리뷰를 건너뜁니다.
[2025-09-14T09:51:43.464+0000] {subprocess.py:93} INFO - 경고: JSON의 '싼타페 Hybrid'에 해당하는 차종을 DB에서 찾을 수 없어 리뷰를 건너뜁니다.
[2025-09-14T09:51:43.465+0000] {subprocess.py:93} INFO - 경고: JSON의 '싼타페 Hybrid'에 해당하는 차종을 DB에서 찾을 수 없어 리뷰를 건너뜁니다.
[2025-09-14T09:51:43.465+0000] {subprocess.py:93} INFO - 경고: JSON의 '싼타페'에 해당하는 차종을 DB에서 찾을 수 없어 리뷰를 건너뜁니다.
[2025-09-14T09:51:43.471+0000] {subprocess.py:93} INFO - 경고: JSON의 '싼타페 Hybrid'에 해당하는 차종을 DB에서 찾을 수 없어 리뷰를 건너뜁니다.
[2025-09-14T09:51:43.471+0000] {subprocess.py:93} INFO - 경고: JSON의 '싼타페'에 해당하는 차종을 DB에서 찾을 수 없어 리뷰를 건너뜁니다.
[2025-09-14T09:51:43.472+0000] {subprocess.py:93} INFO - 경고: JSON의 '싼타페 Hybrid'에 해당하는 차종을 DB에서 찾을 수 없어 리뷰를 건너뜁니다.
[2025-09-14T09:51:43.472+0000] {subprocess.py:93} INFO - 경고: JSON의 '싼타페 Hybrid'에 해당하는 차종을 DB에서 찾을 수 없어 리뷰를 건너뜁니다.
[2025-09-14T09:51:43.472+0000] {subprocess.py:93} INFO - 경고: JSON의 '싼타페 Hybrid'에 해당하는 차종을 DB에서 찾을 수 없어 리뷰를 건너뜁니다.
[2025-09-14T09:51:43.482+0000] {subprocess.py:93} INFO - 경고: JSON의 '싼타페 Hybrid'에 해당하는 차종을 DB에서 찾을 수 없어 리뷰를 건너뜁니다.
[2025-09-14T09:51:43.483+0000] {subprocess.py:93} INFO - 경고: JSON의 '싼타페 Hybrid'에 해당하는 차종을 DB에서 찾을 수 없어 리뷰를 건너뜁니다.
[2025-09-14T09:51:43.501+0000] {subprocess.py:93} INFO - 경고: JSON의 '싼타페 Hybrid'에 해당하는 차종을 DB에서 찾을 수 없어 리뷰를 건너뜁니다.
[2025-09-14T09:51:43.540+0000] {subprocess.py:93} INFO - 경고: JSON의 '싼타페 Hybrid'에 해당하는 차종을 DB에서 찾을 수 없어 리뷰를 건너뜁니다.
[2025-09-14T09:51:43.544+0000] {subprocess.py:93} INFO - 경고: JSON의 '싼타페'에 해당하는 차종을 DB에서 찾을 수 없어 리뷰를 건너뜁니다.
[2025-09-14T09:51:43.552+0000] {subprocess.py:93} INFO - 경고: JSON의 '싼타페 Hybrid'에 해당하는 차종을 DB에서 찾을 수 없어 리뷰를 건너뜁니다.
[2025-09-14T09:51:43.565+0000] {subprocess.py:93} INFO - 경고: JSON의 '싼타페 Hybrid'에 해당하는 차종을 DB에서 찾을 수 없어 리뷰를 건너뜁니다.
[2025-09-14T09:51:43.579+0000] {subprocess.py:93} INFO - 경고: JSON의 '싼타페 Hybrid'에 해당하는 차종을 DB에서 찾을 수 없어 리뷰를 건너뜁니다.
[2025-09-14T09:51:43.579+0000] {subprocess.py:93} INFO - 경고: JSON의 '싼타페'에 해당하는 차종을 DB에서 찾을 수 없어 리뷰를 건너뜁니다.
[2025-09-14T09:51:43.583+0000] {subprocess.py:93} INFO - 경고: JSON의 '싼타페'에 해당하는 차종을 DB에서 찾을 수 없어 리뷰를 건너뜁니다.
[2025-09-14T09:51:43.584+0000] {subprocess.py:93} INFO - 경고: JSON의 '싼타페 Hybrid'에 해당하는 차종을 DB에서 찾을 수 없어 리뷰를 건너뜁니다.
[2025-09-14T09:51:43.588+0000] {subprocess.py:93} INFO - 경고: JSON의 '포터 II'에 해당하는 차종을 DB에서 찾을 수 없어 리뷰를 건너뜁니다.
[2025-09-14T09:51:43.621+0000] {subprocess.py:93} INFO - 경고: JSON의 '싼타페'에 해당하는 차종을 DB에서 찾을 수 없어 리뷰를 건너뜁니다.
[2025-09-14T09:51:43.622+0000] {subprocess.py:93} INFO - 경고: JSON의 '싼타페 Hybrid'에 해당하는 차종을 DB에서 찾을 수 없어 리뷰를 건너뜁니다.
[2025-09-14T09:51:43.625+0000] {subprocess.py:93} INFO - 경고: JSON의 '싼타페 Hybrid'에 해당하는 차종을 DB에서 찾을 수 없어 리뷰를 건너뜁니다.
[2025-09-14T09:51:43.644+0000] {subprocess.py:93} INFO - 경고: JSON의 '싼타페 Hybrid'에 해당하는 차종을 DB에서 찾을 수 없어 리뷰를 건너뜁니다.
[2025-09-14T09:51:43.652+0000] {subprocess.py:93} INFO - 경고: JSON의 '싼타페 Hybrid'에 해당하는 차종을 DB에서 찾을 수 없어 리뷰를 건너뜁니다.
[2025-09-14T09:51:43.684+0000] {subprocess.py:93} INFO - 경고: JSON의 '싼타페 Hybrid'에 해당하는 차종을 DB에서 찾을 수 없어 리뷰를 건너뜁니다.
[2025-09-14T09:51:43.685+0000] {subprocess.py:93} INFO - 경고: JSON의 '싼타페'에 해당하는 차종을 DB에서 찾을 수 없어 리뷰를 건너뜁니다.
[2025-09-14T09:51:43.721+0000] {subprocess.py:93} INFO - 경고: JSON의 '싼타페 Hybrid'에 해당하는 차종을 DB에서 찾을 수 없어 리뷰를 건너뜁니다.
[2025-09-14T09:51:43.729+0000] {subprocess.py:93} INFO - 경고: JSON의 '싼타페 Hybrid'에 해당하는 차종을 DB에서 찾을 수 없어 리뷰를 건너뜁니다.
[2025-09-14T09:51:43.734+0000] {subprocess.py:93} INFO - 경고: JSON의 '포터 II Electric'에 해당하는 차종을 DB에서 찾을 수 없어 리뷰를 건너뜁니다.
[2025-09-14T09:51:43.757+0000] {subprocess.py:93} INFO - 경고: JSON의 '싼타페'에 해당하는 차종을 DB에서 찾을 수 없어 리뷰를 건너뜁니다.
[2025-09-14T09:51:43.765+0000] {subprocess.py:93} INFO - 경고: JSON의 '포터 II Electric 특장차'에 해당하는 차종을 DB에서 찾을 수 없어 리뷰를 건너뜁니다.
[2025-09-14T09:51:43.766+0000] {subprocess.py:93} INFO - 경고: JSON의 '싼타페 Hybrid'에 해당하는 차종을 DB에서 찾을 수 없어 리뷰를 건너뜁니다.
[2025-09-14T09:51:43.773+0000] {subprocess.py:93} INFO - 경고: JSON의 '싼타페 Hybrid'에 해당하는 차종을 DB에서 찾을 수 없어 리뷰를 건너뜁니다.
[2025-09-14T09:51:43.812+0000] {subprocess.py:93} INFO - 경고: JSON의 '쏘나타 택시'에 해당하는 차종을 DB에서 찾을 수 없어 리뷰를 건너뜁니다.
[2025-09-14T09:51:43.813+0000] {subprocess.py:93} INFO - 경고: JSON의 '싼타페 Hybrid'에 해당하는 차종을 DB에서 찾을 수 없어 리뷰를 건너뜁니다.
[2025-09-14T09:51:43.836+0000] {subprocess.py:93} INFO - 경고: JSON의 '싼타페'에 해당하는 차종을 DB에서 찾을 수 없어 리뷰를 건너뜁니다.
[2025-09-14T09:51:43.849+0000] {subprocess.py:93} INFO - 경고: JSON의 '싼타페 Hybrid'에 해당하는 차종을 DB에서 찾을 수 없어 리뷰를 건너뜁니다.
[2025-09-14T09:51:43.849+0000] {subprocess.py:93} INFO - 경고: JSON의 '싼타페'에 해당하는 차종을 DB에서 찾을 수 없어 리뷰를 건너뜁니다.
[2025-09-14T09:51:43.861+0000] {subprocess.py:93} INFO - 경고: JSON의 '싼타페 Hybrid'에 해당하는 차종을 DB에서 찾을 수 없어 리뷰를 건너뜁니다.
[2025-09-14T09:51:43.869+0000] {subprocess.py:93} INFO - 경고: JSON의 '싼타페 Hybrid'에 해당하는 차종을 DB에서 찾을 수 없어 리뷰를 건너뜁니다.
[2025-09-14T09:51:43.869+0000] {subprocess.py:93} INFO - 경고: JSON의 '싼타페 Hybrid'에 해당하는 차종을 DB에서 찾을 수 없어 리뷰를 건너뜁니다.
[2025-09-14T09:51:43.869+0000] {subprocess.py:93} INFO - 경고: JSON의 '싼타페 Hybrid'에 해당하는 차종을 DB에서 찾을 수 없어 리뷰를 건너뜁니다.
[2025-09-14T09:51:43.880+0000] {subprocess.py:93} INFO - 경고: JSON의 '포터 II'에 해당하는 차종을 DB에서 찾을 수 없어 리뷰를 건너뜁니다.
[2025-09-14T09:51:43.884+0000] {subprocess.py:93} INFO - 경고: JSON의 '싼타페 Hybrid'에 해당하는 차종을 DB에서 찾을 수 없어 리뷰를 건너뜁니다.
[2025-09-14T09:51:43.907+0000] {subprocess.py:93} INFO - 경고: JSON의 '싼타페 Hybrid'에 해당하는 차종을 DB에서 찾을 수 없어 리뷰를 건너뜁니다.
[2025-09-14T09:51:43.941+0000] {subprocess.py:93} INFO - 경고: JSON의 '싼타페'에 해당하는 차종을 DB에서 찾을 수 없어 리뷰를 건너뜁니다.
[2025-09-14T09:51:43.963+0000] {subprocess.py:93} INFO - 경고: JSON의 '포터 II'에 해당하는 차종을 DB에서 찾을 수 없어 리뷰를 건너뜁니다.
[2025-09-14T09:51:43.979+0000] {subprocess.py:93} INFO - 경고: JSON의 '싼타페 Hybrid'에 해당하는 차종을 DB에서 찾을 수 없어 리뷰를 건너뜁니다.
[2025-09-14T09:51:43.983+0000] {subprocess.py:93} INFO - 경고: JSON의 '싼타페'에 해당하는 차종을 DB에서 찾을 수 없어 리뷰를 건너뜁니다.
[2025-09-14T09:51:43.987+0000] {subprocess.py:93} INFO - 경고: JSON의 '싼타페'에 해당하는 차종을 DB에서 찾을 수 없어 리뷰를 건너뜁니다.
[2025-09-14T09:51:43.987+0000] {subprocess.py:93} INFO - 경고: JSON의 '싼타페 Hybrid'에 해당하는 차종을 DB에서 찾을 수 없어 리뷰를 건너뜁니다.
[2025-09-14T09:51:43.987+0000] {subprocess.py:93} INFO - 경고: JSON의 '싼타페 Hybrid'에 해당하는 차종을 DB에서 찾을 수 없어 리뷰를 건너뜁니다.
[2025-09-14T09:51:43.987+0000] {subprocess.py:93} INFO - 경고: JSON의 '싼타페 Hybrid'에 해당하는 차종을 DB에서 찾을 수 없어 리뷰를 건너뜁니다.
[2025-09-14T09:51:43.995+0000] {subprocess.py:93} INFO - 경고: JSON의 '싼타페 Hybrid'에 해당하는 차종을 DB에서 찾을 수 없어 리뷰를 건너뜁니다.
[2025-09-14T09:51:43.996+0000] {subprocess.py:93} INFO - 경고: JSON의 '싼타페'에 해당하는 차종을 DB에서 찾을 수 없어 리뷰를 건너뜁니다.
[2025-09-14T09:51:44.000+0000] {subprocess.py:93} INFO - 경고: JSON의 '싼타페 Hybrid'에 해당하는 차종을 DB에서 찾을 수 없어 리뷰를 건너뜁니다.
[2025-09-14T09:51:44.004+0000] {subprocess.py:93} INFO - 경고: JSON의 '싼타페 Hybrid'에 해당하는 차종을 DB에서 찾을 수 없어 리뷰를 건너뜁니다.
[2025-09-14T09:51:44.012+0000] {subprocess.py:93} INFO - 경고: JSON의 '싼타페 Hybrid'에 해당하는 차종을 DB에서 찾을 수 없어 리뷰를 건너뜁니다.
[2025-09-14T09:51:44.036+0000] {subprocess.py:93} INFO - 경고: JSON의 '포터 II Electric 특장차'에 해당하는 차종을 DB에서 찾을 수 없어 리뷰를 건너뜁니다.
[2025-09-14T09:51:44.036+0000] {subprocess.py:93} INFO - 경고: JSON의 '싼타페 Hybrid'에 해당하는 차종을 DB에서 찾을 수 없어 리뷰를 건너뜁니다.
[2025-09-14T09:51:44.052+0000] {subprocess.py:93} INFO - 경고: JSON의 '싼타페'에 해당하는 차종을 DB에서 찾을 수 없어 리뷰를 건너뜁니다.
[2025-09-14T09:51:44.056+0000] {subprocess.py:93} INFO - 경고: JSON의 '싼타페 Hybrid'에 해당하는 차종을 DB에서 찾을 수 없어 리뷰를 건너뜁니다.
[2025-09-14T09:51:44.081+0000] {subprocess.py:93} INFO - 경고: JSON의 '쏘나타 택시'에 해당하는 차종을 DB에서 찾을 수 없어 리뷰를 건너뜁니다.
[2025-09-14T09:51:44.121+0000] {subprocess.py:93} INFO - 경고: JSON의 '싼타페 Hybrid'에 해당하는 차종을 DB에서 찾을 수 없어 리뷰를 건너뜁니다.
[2025-09-14T09:51:44.139+0000] {subprocess.py:93} INFO - 경고: JSON의 '포터 II'에 해당하는 차종을 DB에서 찾을 수 없어 리뷰를 건너뜁니다.
[2025-09-14T09:51:44.167+0000] {subprocess.py:93} INFO - 경고: JSON의 '싼타페 Hybrid'에 해당하는 차종을 DB에서 찾을 수 없어 리뷰를 건너뜁니다.
[2025-09-14T09:51:44.176+0000] {subprocess.py:93} INFO - 경고: JSON의 '싼타페 Hybrid'에 해당하는 차종을 DB에서 찾을 수 없어 리뷰를 건너뜁니다.
[2025-09-14T09:51:44.187+0000] {subprocess.py:93} INFO - 경고: JSON의 '싼타페 Hybrid'에 해당하는 차종을 DB에서 찾을 수 없어 리뷰를 건너뜁니다.
[2025-09-14T09:51:44.212+0000] {subprocess.py:93} INFO - 경고: JSON의 '싼타페'에 해당하는 차종을 DB에서 찾을 수 없어 리뷰를 건너뜁니다.
[2025-09-14T09:51:44.216+0000] {subprocess.py:93} INFO - 경고: JSON의 '포터 II'에 해당하는 차종을 DB에서 찾을 수 없어 리뷰를 건너뜁니다.
[2025-09-14T09:51:44.228+0000] {subprocess.py:93} INFO - 경고: JSON의 '포터 II Electric'에 해당하는 차종을 DB에서 찾을 수 없어 리뷰를 건너뜁니다.
[2025-09-14T09:51:44.237+0000] {subprocess.py:93} INFO - 경고: JSON의 '싼타페 Hybrid'에 해당하는 차종을 DB에서 찾을 수 없어 리뷰를 건너뜁니다.
[2025-09-14T09:51:44.246+0000] {subprocess.py:93} INFO - 경고: JSON의 '싼타페 Hybrid'에 해당하는 차종을 DB에서 찾을 수 없어 리뷰를 건너뜁니다.
[2025-09-14T09:51:44.246+0000] {subprocess.py:93} INFO - 경고: JSON의 '싼타페 Hybrid'에 해당하는 차종을 DB에서 찾을 수 없어 리뷰를 건너뜁니다.
[2025-09-14T09:51:44.250+0000] {subprocess.py:93} INFO - 경고: JSON의 '싼타페'에 해당하는 차종을 DB에서 찾을 수 없어 리뷰를 건너뜁니다.
[2025-09-14T09:51:44.277+0000] {subprocess.py:93} INFO - 경고: JSON의 '싼타페'에 해당하는 차종을 DB에서 찾을 수 없어 리뷰를 건너뜁니다.
[2025-09-14T09:51:44.286+0000] {subprocess.py:93} INFO - 경고: JSON의 '싼타페 Hybrid'에 해당하는 차종을 DB에서 찾을 수 없어 리뷰를 건너뜁니다.
[2025-09-14T09:51:44.338+0000] {subprocess.py:93} INFO - 경고: JSON의 '싼타페 Hybrid'에 해당하는 차종을 DB에서 찾을 수 없어 리뷰를 건너뜁니다.
[2025-09-14T09:51:44.338+0000] {subprocess.py:93} INFO - 경고: JSON의 '싼타페 Hybrid'에 해당하는 차종을 DB에서 찾을 수 없어 리뷰를 건너뜁니다.
[2025-09-14T09:51:44.354+0000] {subprocess.py:93} INFO - 경고: JSON의 '싼타페 Hybrid'에 해당하는 차종을 DB에서 찾을 수 없어 리뷰를 건너뜁니다.
[2025-09-14T09:51:44.355+0000] {subprocess.py:93} INFO - 경고: JSON의 '싼타페 Hybrid'에 해당하는 차종을 DB에서 찾을 수 없어 리뷰를 건너뜁니다.
[2025-09-14T09:51:44.395+0000] {subprocess.py:93} INFO - 경고: JSON의 '쏘나타 택시'에 해당하는 차종을 DB에서 찾을 수 없어 리뷰를 건너뜁니다.
[2025-09-14T09:51:44.442+0000] {subprocess.py:93} INFO - 경고: JSON의 '싼타페 Hybrid'에 해당하는 차종을 DB에서 찾을 수 없어 리뷰를 건너뜁니다.
[2025-09-14T09:51:44.455+0000] {subprocess.py:93} INFO - 경고: JSON의 '싼타페 Hybrid'에 해당하는 차종을 DB에서 찾을 수 없어 리뷰를 건너뜁니다.
[2025-09-14T09:51:44.468+0000] {subprocess.py:93} INFO - 경고: JSON의 '싼타페 Hybrid'에 해당하는 차종을 DB에서 찾을 수 없어 리뷰를 건너뜁니다.
[2025-09-14T09:51:44.472+0000] {subprocess.py:93} INFO - 경고: JSON의 '싼타페 Hybrid'에 해당하는 차종을 DB에서 찾을 수 없어 리뷰를 건너뜁니다.
[2025-09-14T09:51:44.481+0000] {subprocess.py:93} INFO - 경고: JSON의 '싼타페'에 해당하는 차종을 DB에서 찾을 수 없어 리뷰를 건너뜁니다.
[2025-09-14T09:51:44.486+0000] {subprocess.py:93} INFO - 경고: JSON의 '싼타페 Hybrid'에 해당하는 차종을 DB에서 찾을 수 없어 리뷰를 건너뜁니다.
[2025-09-14T09:51:44.502+0000] {subprocess.py:93} INFO - 경고: JSON의 '싼타페 Hybrid'에 해당하는 차종을 DB에서 찾을 수 없어 리뷰를 건너뜁니다.
[2025-09-14T09:51:44.536+0000] {subprocess.py:93} INFO - 경고: JSON의 '싼타페 Hybrid'에 해당하는 차종을 DB에서 찾을 수 없어 리뷰를 건너뜁니다.
[2025-09-14T09:51:44.536+0000] {subprocess.py:93} INFO - 경고: JSON의 '싼타페 Hybrid'에 해당하는 차종을 DB에서 찾을 수 없어 리뷰를 건너뜁니다.
[2025-09-14T09:51:44.559+0000] {subprocess.py:93} INFO - 경고: JSON의 '싼타페 Hybrid'에 해당하는 차종을 DB에서 찾을 수 없어 리뷰를 건너뜁니다.
[2025-09-14T09:51:44.559+0000] {subprocess.py:93} INFO - 경고: JSON의 '싼타페'에 해당하는 차종을 DB에서 찾을 수 없어 리뷰를 건너뜁니다.
[2025-09-14T09:51:44.567+0000] {subprocess.py:93} INFO - 경고: JSON의 '싼타페 Hybrid'에 해당하는 차종을 DB에서 찾을 수 없어 리뷰를 건너뜁니다.
[2025-09-14T09:51:44.568+0000] {subprocess.py:93} INFO - 경고: JSON의 '포터 II Electric'에 해당하는 차종을 DB에서 찾을 수 없어 리뷰를 건너뜁니다.
[2025-09-14T09:51:44.568+0000] {subprocess.py:93} INFO - 경고: JSON의 '싼타페 Hybrid'에 해당하는 차종을 DB에서 찾을 수 없어 리뷰를 건너뜁니다.
[2025-09-14T09:51:44.577+0000] {subprocess.py:93} INFO - 경고: JSON의 '싼타페 Hybrid'에 해당하는 차종을 DB에서 찾을 수 없어 리뷰를 건너뜁니다.
[2025-09-14T09:51:44.586+0000] {subprocess.py:93} INFO - 경고: JSON의 '싼타페 Hybrid'에 해당하는 차종을 DB에서 찾을 수 없어 리뷰를 건너뜁니다.
[2025-09-14T09:51:44.591+0000] {subprocess.py:93} INFO - 경고: JSON의 '포터 II'에 해당하는 차종을 DB에서 찾을 수 없어 리뷰를 건너뜁니다.
[2025-09-14T09:51:44.595+0000] {subprocess.py:93} INFO - 경고: JSON의 '쏘나타 택시'에 해당하는 차종을 DB에서 찾을 수 없어 리뷰를 건너뜁니다.
[2025-09-14T09:51:44.596+0000] {subprocess.py:93} INFO - 경고: JSON의 '싼타페 Hybrid'에 해당하는 차종을 DB에서 찾을 수 없어 리뷰를 건너뜁니다.
[2025-09-14T09:51:44.596+0000] {subprocess.py:93} INFO - 경고: JSON의 '싼타페 Hybrid'에 해당하는 차종을 DB에서 찾을 수 없어 리뷰를 건너뜁니다.
[2025-09-14T09:51:44.596+0000] {subprocess.py:93} INFO - 경고: JSON의 '싼타페'에 해당하는 차종을 DB에서 찾을 수 없어 리뷰를 건너뜁니다.
[2025-09-14T09:51:44.628+0000] {subprocess.py:93} INFO - 경고: JSON의 '싼타페 Hybrid'에 해당하는 차종을 DB에서 찾을 수 없어 리뷰를 건너뜁니다.
[2025-09-14T09:51:44.629+0000] {subprocess.py:93} INFO - 경고: JSON의 '싼타페 Hybrid'에 해당하는 차종을 DB에서 찾을 수 없어 리뷰를 건너뜁니다.
[2025-09-14T09:51:44.641+0000] {subprocess.py:93} INFO - 경고: JSON의 '싼타페 Hybrid'에 해당하는 차종을 DB에서 찾을 수 없어 리뷰를 건너뜁니다.
[2025-09-14T09:51:44.645+0000] {subprocess.py:93} INFO - 경고: JSON의 '싼타페 Hybrid'에 해당하는 차종을 DB에서 찾을 수 없어 리뷰를 건너뜁니다.
[2025-09-14T09:51:44.645+0000] {subprocess.py:93} INFO - 경고: JSON의 '싼타페 Hybrid'에 해당하는 차종을 DB에서 찾을 수 없어 리뷰를 건너뜁니다.
[2025-09-14T09:51:44.649+0000] {subprocess.py:93} INFO - 경고: JSON의 '싼타페 Hybrid'에 해당하는 차종을 DB에서 찾을 수 없어 리뷰를 건너뜁니다.
[2025-09-14T09:51:44.662+0000] {subprocess.py:93} INFO - 경고: JSON의 '싼타페'에 해당하는 차종을 DB에서 찾을 수 없어 리뷰를 건너뜁니다.
[2025-09-14T09:51:44.703+0000] {subprocess.py:93} INFO - 경고: JSON의 '싼타페'에 해당하는 차종을 DB에서 찾을 수 없어 리뷰를 건너뜁니다.
[2025-09-14T09:51:44.716+0000] {subprocess.py:93} INFO - 경고: JSON의 '싼타페'에 해당하는 차종을 DB에서 찾을 수 없어 리뷰를 건너뜁니다.
[2025-09-14T09:51:44.720+0000] {subprocess.py:93} INFO - 경고: JSON의 '싼타페 Hybrid'에 해당하는 차종을 DB에서 찾을 수 없어 리뷰를 건너뜁니다.
[2025-09-14T09:51:44.720+0000] {subprocess.py:93} INFO - 경고: JSON의 '싼타페 Hybrid'에 해당하는 차종을 DB에서 찾을 수 없어 리뷰를 건너뜁니다.
[2025-09-14T09:51:44.724+0000] {subprocess.py:93} INFO - 경고: JSON의 '싼타페 Hybrid'에 해당하는 차종을 DB에서 찾을 수 없어 리뷰를 건너뜁니다.
[2025-09-14T09:51:44.733+0000] {subprocess.py:93} INFO - 경고: JSON의 '포터 II Electric'에 해당하는 차종을 DB에서 찾을 수 없어 리뷰를 건너뜁니다.
[2025-09-14T09:51:44.742+0000] {subprocess.py:93} INFO - 경고: JSON의 '싼타페 Hybrid'에 해당하는 차종을 DB에서 찾을 수 없어 리뷰를 건너뜁니다.
[2025-09-14T09:51:44.747+0000] {subprocess.py:93} INFO - 경고: JSON의 '싼타페 Hybrid'에 해당하는 차종을 DB에서 찾을 수 없어 리뷰를 건너뜁니다.
[2025-09-14T09:51:44.751+0000] {subprocess.py:93} INFO - 경고: JSON의 '싼타페 Hybrid'에 해당하는 차종을 DB에서 찾을 수 없어 리뷰를 건너뜁니다.
[2025-09-14T09:51:44.752+0000] {subprocess.py:93} INFO - 경고: JSON의 '싼타페 Hybrid'에 해당하는 차종을 DB에서 찾을 수 없어 리뷰를 건너뜁니다.
[2025-09-14T09:51:44.752+0000] {subprocess.py:93} INFO - 경고: JSON의 '싼타페'에 해당하는 차종을 DB에서 찾을 수 없어 리뷰를 건너뜁니다.
[2025-09-14T09:51:44.752+0000] {subprocess.py:93} INFO - 경고: JSON의 '싼타페'에 해당하는 차종을 DB에서 찾을 수 없어 리뷰를 건너뜁니다.
[2025-09-14T09:51:44.776+0000] {subprocess.py:93} INFO - 경고: JSON의 '싼타페 Hybrid'에 해당하는 차종을 DB에서 찾을 수 없어 리뷰를 건너뜁니다.
[2025-09-14T09:51:44.785+0000] {subprocess.py:93} INFO - 경고: JSON의 '싼타페 Hybrid'에 해당하는 차종을 DB에서 찾을 수 없어 리뷰를 건너뜁니다.
[2025-09-14T09:51:44.786+0000] {subprocess.py:93} INFO - 경고: JSON의 '싼타페 Hybrid'에 해당하는 차종을 DB에서 찾을 수 없어 리뷰를 건너뜁니다.
[2025-09-14T09:51:44.786+0000] {subprocess.py:93} INFO - 경고: JSON의 '싼타페 Hybrid'에 해당하는 차종을 DB에서 찾을 수 없어 리뷰를 건너뜁니다.
[2025-09-14T09:51:44.794+0000] {subprocess.py:93} INFO - 경고: JSON의 '싼타페 Hybrid'에 해당하는 차종을 DB에서 찾을 수 없어 리뷰를 건너뜁니다.
[2025-09-14T09:51:44.820+0000] {subprocess.py:93} INFO - 경고: JSON의 '싼타페 Hybrid'에 해당하는 차종을 DB에서 찾을 수 없어 리뷰를 건너뜁니다.
[2025-09-14T09:51:44.821+0000] {subprocess.py:93} INFO - 경고: JSON의 '싼타페 Hybrid'에 해당하는 차종을 DB에서 찾을 수 없어 리뷰를 건너뜁니다.
[2025-09-14T09:51:44.821+0000] {subprocess.py:93} INFO - 경고: JSON의 '싼타페 Hybrid'에 해당하는 차종을 DB에서 찾을 수 없어 리뷰를 건너뜁니다.
[2025-09-14T09:51:44.821+0000] {subprocess.py:93} INFO - 경고: JSON의 '싼타페 Hybrid'에 해당하는 차종을 DB에서 찾을 수 없어 리뷰를 건너뜁니다.
[2025-09-14T09:51:44.821+0000] {subprocess.py:93} INFO - 경고: JSON의 '싼타페'에 해당하는 차종을 DB에서 찾을 수 없어 리뷰를 건너뜁니다.
[2025-09-14T09:51:44.821+0000] {subprocess.py:93} INFO - 경고: JSON의 '싼타페'에 해당하는 차종을 DB에서 찾을 수 없어 리뷰를 건너뜁니다.
[2025-09-14T09:51:44.825+0000] {subprocess.py:93} INFO - 경고: JSON의 '싼타페 Hybrid'에 해당하는 차종을 DB에서 찾을 수 없어 리뷰를 건너뜁니다.
[2025-09-14T09:51:44.830+0000] {subprocess.py:93} INFO - 경고: JSON의 '싼타페 Hybrid'에 해당하는 차종을 DB에서 찾을 수 없어 리뷰를 건너뜁니다.
[2025-09-14T09:51:44.846+0000] {subprocess.py:93} INFO - 경고: JSON의 '싼타페 Hybrid'에 해당하는 차종을 DB에서 찾을 수 없어 리뷰를 건너뜁니다.
[2025-09-14T09:51:44.847+0000] {subprocess.py:93} INFO - 경고: JSON의 '싼타페 Hybrid'에 해당하는 차종을 DB에서 찾을 수 없어 리뷰를 건너뜁니다.
[2025-09-14T09:51:44.854+0000] {subprocess.py:93} INFO - 경고: JSON의 '싼타페 Hybrid'에 해당하는 차종을 DB에서 찾을 수 없어 리뷰를 건너뜁니다.
[2025-09-14T09:51:44.863+0000] {subprocess.py:93} INFO - 경고: JSON의 '싼타페 Hybrid'에 해당하는 차종을 DB에서 찾을 수 없어 리뷰를 건너뜁니다.
[2025-09-14T09:51:44.867+0000] {subprocess.py:93} INFO - 경고: JSON의 '싼타페 Hybrid'에 해당하는 차종을 DB에서 찾을 수 없어 리뷰를 건너뜁니다.
[2025-09-14T09:51:44.917+0000] {subprocess.py:93} INFO - 경고: JSON의 '싼타페 Hybrid'에 해당하는 차종을 DB에서 찾을 수 없어 리뷰를 건너뜁니다.
[2025-09-14T09:51:44.938+0000] {subprocess.py:93} INFO - 경고: JSON의 '싼타페 Hybrid'에 해당하는 차종을 DB에서 찾을 수 없어 리뷰를 건너뜁니다.
[2025-09-14T09:51:44.954+0000] {subprocess.py:93} INFO - 경고: JSON의 '싼타페 Hybrid'에 해당하는 차종을 DB에서 찾을 수 없어 리뷰를 건너뜁니다.
[2025-09-14T09:51:44.954+0000] {subprocess.py:93} INFO - 경고: JSON의 '싼타페 Hybrid'에 해당하는 차종을 DB에서 찾을 수 없어 리뷰를 건너뜁니다.
[2025-09-14T09:51:44.955+0000] {subprocess.py:93} INFO - 경고: JSON의 '싼타페 Hybrid'에 해당하는 차종을 DB에서 찾을 수 없어 리뷰를 건너뜁니다.
[2025-09-14T09:51:44.955+0000] {subprocess.py:93} INFO - 경고: JSON의 '싼타페 Hybrid'에 해당하는 차종을 DB에서 찾을 수 없어 리뷰를 건너뜁니다.
[2025-09-14T09:51:44.962+0000] {subprocess.py:93} INFO - 경고: JSON의 '싼타페 Hybrid'에 해당하는 차종을 DB에서 찾을 수 없어 리뷰를 건너뜁니다.
[2025-09-14T09:51:44.978+0000] {subprocess.py:93} INFO - 경고: JSON의 '싼타페 Hybrid'에 해당하는 차종을 DB에서 찾을 수 없어 리뷰를 건너뜁니다.
[2025-09-14T09:51:44.990+0000] {subprocess.py:93} INFO - 경고: JSON의 '싼타페 Hybrid'에 해당하는 차종을 DB에서 찾을 수 없어 리뷰를 건너뜁니다.
[2025-09-14T09:51:44.990+0000] {subprocess.py:93} INFO - 경고: JSON의 '싼타페 Hybrid'에 해당하는 차종을 DB에서 찾을 수 없어 리뷰를 건너뜁니다.
[2025-09-14T09:51:45.009+0000] {subprocess.py:93} INFO - 경고: JSON의 '싼타페 Hybrid'에 해당하는 차종을 DB에서 찾을 수 없어 리뷰를 건너뜁니다.
[2025-09-14T09:51:45.015+0000] {subprocess.py:93} INFO - 경고: JSON의 '싼타페 Hybrid'에 해당하는 차종을 DB에서 찾을 수 없어 리뷰를 건너뜁니다.
[2025-09-14T09:51:45.016+0000] {subprocess.py:93} INFO - 경고: JSON의 '포터 II 특장차'에 해당하는 차종을 DB에서 찾을 수 없어 리뷰를 건너뜁니다.
[2025-09-14T09:51:45.028+0000] {subprocess.py:93} INFO - 경고: JSON의 '싼타페 Hybrid'에 해당하는 차종을 DB에서 찾을 수 없어 리뷰를 건너뜁니다.
[2025-09-14T09:51:45.038+0000] {subprocess.py:93} INFO - 경고: JSON의 '싼타페 Hybrid'에 해당하는 차종을 DB에서 찾을 수 없어 리뷰를 건너뜁니다.
[2025-09-14T09:51:45.042+0000] {subprocess.py:93} INFO - 경고: JSON의 '싼타페 Hybrid'에 해당하는 차종을 DB에서 찾을 수 없어 리뷰를 건너뜁니다.
[2025-09-14T09:51:45.053+0000] {subprocess.py:93} INFO - 경고: JSON의 '싼타페 Hybrid'에 해당하는 차종을 DB에서 찾을 수 없어 리뷰를 건너뜁니다.
[2025-09-14T09:51:45.053+0000] {subprocess.py:93} INFO - 경고: JSON의 '싼타페 Hybrid'에 해당하는 차종을 DB에서 찾을 수 없어 리뷰를 건너뜁니다.
[2025-09-14T09:51:45.057+0000] {subprocess.py:93} INFO - 경고: JSON의 '싼타페 Hybrid'에 해당하는 차종을 DB에서 찾을 수 없어 리뷰를 건너뜁니다.
[2025-09-14T09:51:45.058+0000] {subprocess.py:93} INFO - 경고: JSON의 '싼타페 Hybrid'에 해당하는 차종을 DB에서 찾을 수 없어 리뷰를 건너뜁니다.
[2025-09-14T09:51:45.074+0000] {subprocess.py:93} INFO - 경고: JSON의 '포터 II'에 해당하는 차종을 DB에서 찾을 수 없어 리뷰를 건너뜁니다.
[2025-09-14T09:51:45.102+0000] {subprocess.py:93} INFO - 경고: JSON의 '싼타페 Hybrid'에 해당하는 차종을 DB에서 찾을 수 없어 리뷰를 건너뜁니다.
[2025-09-14T09:51:45.170+0000] {subprocess.py:93} INFO - 경고: JSON의 '싼타페 Hybrid'에 해당하는 차종을 DB에서 찾을 수 없어 리뷰를 건너뜁니다.
[2025-09-14T09:51:45.196+0000] {subprocess.py:93} INFO - 경고: JSON의 '싼타페 Hybrid'에 해당하는 차종을 DB에서 찾을 수 없어 리뷰를 건너뜁니다.
[2025-09-14T09:51:45.196+0000] {subprocess.py:93} INFO - 경고: JSON의 '싼타페 Hybrid'에 해당하는 차종을 DB에서 찾을 수 없어 리뷰를 건너뜁니다.
[2025-09-14T09:51:45.196+0000] {subprocess.py:93} INFO - 경고: JSON의 '싼타페 Hybrid'에 해당하는 차종을 DB에서 찾을 수 없어 리뷰를 건너뜁니다.
[2025-09-14T09:51:45.196+0000] {subprocess.py:93} INFO - 경고: JSON의 '싼타페'에 해당하는 차종을 DB에서 찾을 수 없어 리뷰를 건너뜁니다.
[2025-09-14T09:51:45.204+0000] {subprocess.py:93} INFO - 경고: JSON의 '싼타페 Hybrid'에 해당하는 차종을 DB에서 찾을 수 없어 리뷰를 건너뜁니다.
[2025-09-14T09:51:45.236+0000] {subprocess.py:93} INFO - 경고: JSON의 '싼타페 Hybrid'에 해당하는 차종을 DB에서 찾을 수 없어 리뷰를 건너뜁니다.
[2025-09-14T09:51:45.237+0000] {subprocess.py:93} INFO - 경고: JSON의 '싼타페 Hybrid'에 해당하는 차종을 DB에서 찾을 수 없어 리뷰를 건너뜁니다.
[2025-09-14T09:51:45.237+0000] {subprocess.py:93} INFO - 경고: JSON의 '싼타페 Hybrid'에 해당하는 차종을 DB에서 찾을 수 없어 리뷰를 건너뜁니다.
[2025-09-14T09:51:45.258+0000] {subprocess.py:93} INFO - 경고: JSON의 '싼타페 Hybrid'에 해당하는 차종을 DB에서 찾을 수 없어 리뷰를 건너뜁니다.
[2025-09-14T09:51:45.266+0000] {subprocess.py:93} INFO - 경고: JSON의 '싼타페'에 해당하는 차종을 DB에서 찾을 수 없어 리뷰를 건너뜁니다.
[2025-09-14T09:51:45.267+0000] {subprocess.py:93} INFO - 경고: JSON의 '싼타페 Hybrid'에 해당하는 차종을 DB에서 찾을 수 없어 리뷰를 건너뜁니다.
[2025-09-14T09:51:45.267+0000] {subprocess.py:93} INFO - 경고: JSON의 '싼타페 Hybrid'에 해당하는 차종을 DB에서 찾을 수 없어 리뷰를 건너뜁니다.
[2025-09-14T09:51:45.267+0000] {subprocess.py:93} INFO - 경고: JSON의 '싼타페 Hybrid'에 해당하는 차종을 DB에서 찾을 수 없어 리뷰를 건너뜁니다.
[2025-09-14T09:51:45.271+0000] {subprocess.py:93} INFO - 경고: JSON의 '싼타페 Hybrid'에 해당하는 차종을 DB에서 찾을 수 없어 리뷰를 건너뜁니다.
[2025-09-14T09:51:45.271+0000] {subprocess.py:93} INFO - 경고: JSON의 '싼타페 Hybrid'에 해당하는 차종을 DB에서 찾을 수 없어 리뷰를 건너뜁니다.
[2025-09-14T09:51:45.284+0000] {subprocess.py:93} INFO - 경고: JSON의 '싼타페 Hybrid'에 해당하는 차종을 DB에서 찾을 수 없어 리뷰를 건너뜁니다.
[2025-09-14T09:51:45.288+0000] {subprocess.py:93} INFO - 경고: JSON의 '싼타페'에 해당하는 차종을 DB에서 찾을 수 없어 리뷰를 건너뜁니다.
[2025-09-14T09:51:45.322+0000] {subprocess.py:93} INFO - 경고: JSON의 '싼타페 Hybrid'에 해당하는 차종을 DB에서 찾을 수 없어 리뷰를 건너뜁니다.
[2025-09-14T09:51:45.331+0000] {subprocess.py:93} INFO - 경고: JSON의 '싼타페'에 해당하는 차종을 DB에서 찾을 수 없어 리뷰를 건너뜁니다.
[2025-09-14T09:51:45.351+0000] {subprocess.py:93} INFO - 경고: JSON의 '싼타페'에 해당하는 차종을 DB에서 찾을 수 없어 리뷰를 건너뜁니다.
[2025-09-14T09:51:45.352+0000] {subprocess.py:93} INFO - 경고: JSON의 '싼타페 Hybrid'에 해당하는 차종을 DB에서 찾을 수 없어 리뷰를 건너뜁니다.
[2025-09-14T09:51:45.359+0000] {subprocess.py:93} INFO - 경고: JSON의 '싼타페 Hybrid'에 해당하는 차종을 DB에서 찾을 수 없어 리뷰를 건너뜁니다.
[2025-09-14T09:51:45.371+0000] {subprocess.py:93} INFO - 경고: JSON의 '싼타페 Hybrid'에 해당하는 차종을 DB에서 찾을 수 없어 리뷰를 건너뜁니다.
[2025-09-14T09:51:45.384+0000] {subprocess.py:93} INFO - 경고: JSON의 '싼타페 Hybrid'에 해당하는 차종을 DB에서 찾을 수 없어 리뷰를 건너뜁니다.
[2025-09-14T09:51:45.384+0000] {subprocess.py:93} INFO - 경고: JSON의 '싼타페 Hybrid'에 해당하는 차종을 DB에서 찾을 수 없어 리뷰를 건너뜁니다.
[2025-09-14T09:51:45.396+0000] {subprocess.py:93} INFO - 경고: JSON의 '싼타페 Hybrid'에 해당하는 차종을 DB에서 찾을 수 없어 리뷰를 건너뜁니다.
[2025-09-14T09:51:45.409+0000] {subprocess.py:93} INFO - 경고: JSON의 '싼타페 Hybrid'에 해당하는 차종을 DB에서 찾을 수 없어 리뷰를 건너뜁니다.
[2025-09-14T09:51:45.421+0000] {subprocess.py:93} INFO - 경고: JSON의 '싼타페'에 해당하는 차종을 DB에서 찾을 수 없어 리뷰를 건너뜁니다.
[2025-09-14T09:51:45.430+0000] {subprocess.py:93} INFO - 경고: JSON의 '싼타페 Hybrid'에 해당하는 차종을 DB에서 찾을 수 없어 리뷰를 건너뜁니다.
[2025-09-14T09:51:45.434+0000] {subprocess.py:93} INFO - 경고: JSON의 '싼타페 Hybrid'에 해당하는 차종을 DB에서 찾을 수 없어 리뷰를 건너뜁니다.
[2025-09-14T09:51:45.458+0000] {subprocess.py:93} INFO - 경고: JSON의 '싼타페'에 해당하는 차종을 DB에서 찾을 수 없어 리뷰를 건너뜁니다.
[2025-09-14T09:51:45.513+0000] {subprocess.py:93} INFO - 경고: JSON의 '싼타페 Hybrid'에 해당하는 차종을 DB에서 찾을 수 없어 리뷰를 건너뜁니다.
[2025-09-14T09:51:45.518+0000] {subprocess.py:93} INFO - 경고: JSON의 '싼타페'에 해당하는 차종을 DB에서 찾을 수 없어 리뷰를 건너뜁니다.
[2025-09-14T09:51:45.532+0000] {subprocess.py:93} INFO - 경고: JSON의 '싼타페 Hybrid'에 해당하는 차종을 DB에서 찾을 수 없어 리뷰를 건너뜁니다.
[2025-09-14T09:51:45.535+0000] {subprocess.py:93} INFO - 경고: JSON의 '싼타페 Hybrid'에 해당하는 차종을 DB에서 찾을 수 없어 리뷰를 건너뜁니다.
[2025-09-14T09:51:45.535+0000] {subprocess.py:93} INFO - 경고: JSON의 '싼타페 Hybrid'에 해당하는 차종을 DB에서 찾을 수 없어 리뷰를 건너뜁니다.
[2025-09-14T09:51:45.540+0000] {subprocess.py:93} INFO - 경고: JSON의 '싼타페'에 해당하는 차종을 DB에서 찾을 수 없어 리뷰를 건너뜁니다.
[2025-09-14T09:51:45.555+0000] {subprocess.py:93} INFO - 경고: JSON의 '싼타페 Hybrid'에 해당하는 차종을 DB에서 찾을 수 없어 리뷰를 건너뜁니다.
[2025-09-14T09:51:45.555+0000] {subprocess.py:93} INFO - 경고: JSON의 '싼타페'에 해당하는 차종을 DB에서 찾을 수 없어 리뷰를 건너뜁니다.
[2025-09-14T09:51:45.555+0000] {subprocess.py:93} INFO - 경고: JSON의 '싼타페 Hybrid'에 해당하는 차종을 DB에서 찾을 수 없어 리뷰를 건너뜁니다.
[2025-09-14T09:51:45.573+0000] {subprocess.py:93} INFO - 경고: JSON의 '싼타페'에 해당하는 차종을 DB에서 찾을 수 없어 리뷰를 건너뜁니다.
[2025-09-14T09:51:45.598+0000] {subprocess.py:93} INFO - 경고: JSON의 '싼타페 Hybrid'에 해당하는 차종을 DB에서 찾을 수 없어 리뷰를 건너뜁니다.
[2025-09-14T09:51:45.598+0000] {subprocess.py:93} INFO - 경고: JSON의 '싼타페 Hybrid'에 해당하는 차종을 DB에서 찾을 수 없어 리뷰를 건너뜁니다.
[2025-09-14T09:51:45.598+0000] {subprocess.py:93} INFO - 경고: JSON의 '싼타페'에 해당하는 차종을 DB에서 찾을 수 없어 리뷰를 건너뜁니다.
[2025-09-14T09:51:45.615+0000] {subprocess.py:93} INFO - 경고: JSON의 '싼타페 Hybrid'에 해당하는 차종을 DB에서 찾을 수 없어 리뷰를 건너뜁니다.
[2025-09-14T09:51:45.616+0000] {subprocess.py:93} INFO - 경고: JSON의 '싼타페 Hybrid'에 해당하는 차종을 DB에서 찾을 수 없어 리뷰를 건너뜁니다.
[2025-09-14T09:51:45.616+0000] {subprocess.py:93} INFO - 경고: JSON의 '싼타페'에 해당하는 차종을 DB에서 찾을 수 없어 리뷰를 건너뜁니다.
[2025-09-14T09:51:45.616+0000] {subprocess.py:93} INFO - 경고: JSON의 '싼타페'에 해당하는 차종을 DB에서 찾을 수 없어 리뷰를 건너뜁니다.
[2025-09-14T09:51:45.621+0000] {subprocess.py:93} INFO - 경고: JSON의 '싼타페 Hybrid'에 해당하는 차종을 DB에서 찾을 수 없어 리뷰를 건너뜁니다.
[2025-09-14T09:51:45.622+0000] {subprocess.py:93} INFO - 경고: JSON의 '싼타페'에 해당하는 차종을 DB에서 찾을 수 없어 리뷰를 건너뜁니다.
[2025-09-14T09:51:45.622+0000] {subprocess.py:93} INFO - 경고: JSON의 '싼타페'에 해당하는 차종을 DB에서 찾을 수 없어 리뷰를 건너뜁니다.
[2025-09-14T09:51:45.633+0000] {subprocess.py:93} INFO - 경고: JSON의 '싼타페 Hybrid'에 해당하는 차종을 DB에서 찾을 수 없어 리뷰를 건너뜁니다.
[2025-09-14T09:51:45.634+0000] {subprocess.py:93} INFO - 경고: JSON의 '싼타페 Hybrid'에 해당하는 차종을 DB에서 찾을 수 없어 리뷰를 건너뜁니다.
[2025-09-14T09:51:45.638+0000] {subprocess.py:93} INFO - 경고: JSON의 '싼타페 Hybrid'에 해당하는 차종을 DB에서 찾을 수 없어 리뷰를 건너뜁니다.
[2025-09-14T09:51:45.643+0000] {subprocess.py:93} INFO - 경고: JSON의 '싼타페 Hybrid'에 해당하는 차종을 DB에서 찾을 수 없어 리뷰를 건너뜁니다.
[2025-09-14T09:51:45.644+0000] {subprocess.py:93} INFO - 경고: JSON의 '싼타페 Hybrid'에 해당하는 차종을 DB에서 찾을 수 없어 리뷰를 건너뜁니다.
[2025-09-14T09:51:45.654+0000] {subprocess.py:93} INFO - 경고: JSON의 '싼타페 Hybrid'에 해당하는 차종을 DB에서 찾을 수 없어 리뷰를 건너뜁니다.
[2025-09-14T09:51:45.664+0000] {subprocess.py:93} INFO - 경고: JSON의 '싼타페 Hybrid'에 해당하는 차종을 DB에서 찾을 수 없어 리뷰를 건너뜁니다.
[2025-09-14T09:51:45.679+0000] {subprocess.py:93} INFO - 경고: JSON의 '싼타페 Hybrid'에 해당하는 차종을 DB에서 찾을 수 없어 리뷰를 건너뜁니다.
[2025-09-14T09:51:45.680+0000] {subprocess.py:93} INFO - 경고: JSON의 '싼타페 Hybrid'에 해당하는 차종을 DB에서 찾을 수 없어 리뷰를 건너뜁니다.
[2025-09-14T09:51:45.698+0000] {subprocess.py:93} INFO - 경고: JSON의 '싼타페 Hybrid'에 해당하는 차종을 DB에서 찾을 수 없어 리뷰를 건너뜁니다.
[2025-09-14T09:51:45.705+0000] {subprocess.py:93} INFO - 경고: JSON의 '포터 II Electric'에 해당하는 차종을 DB에서 찾을 수 없어 리뷰를 건너뜁니다.
[2025-09-14T09:51:45.727+0000] {subprocess.py:93} INFO - 경고: JSON의 '포터 II'에 해당하는 차종을 DB에서 찾을 수 없어 리뷰를 건너뜁니다.
[2025-09-14T09:51:45.739+0000] {subprocess.py:93} INFO - 경고: JSON의 '포터 II'에 해당하는 차종을 DB에서 찾을 수 없어 리뷰를 건너뜁니다.
[2025-09-14T09:51:45.740+0000] {subprocess.py:93} INFO - 경고: JSON의 '싼타페 Hybrid'에 해당하는 차종을 DB에서 찾을 수 없어 리뷰를 건너뜁니다.
[2025-09-14T09:51:45.829+0000] {subprocess.py:93} INFO - 경고: JSON의 '싼타페 Hybrid'에 해당하는 차종을 DB에서 찾을 수 없어 리뷰를 건너뜁니다.
[2025-09-14T09:51:45.838+0000] {subprocess.py:93} INFO - 경고: JSON의 '싼타페'에 해당하는 차종을 DB에서 찾을 수 없어 리뷰를 건너뜁니다.
[2025-09-14T09:51:45.842+0000] {subprocess.py:93} INFO - 경고: JSON의 '싼타페 Hybrid'에 해당하는 차종을 DB에서 찾을 수 없어 리뷰를 건너뜁니다.
[2025-09-14T09:51:45.854+0000] {subprocess.py:93} INFO - 경고: JSON의 '쏘나타 택시'에 해당하는 차종을 DB에서 찾을 수 없어 리뷰를 건너뜁니다.
[2025-09-14T09:51:45.877+0000] {subprocess.py:93} INFO - 경고: JSON의 '싼타페'에 해당하는 차종을 DB에서 찾을 수 없어 리뷰를 건너뜁니다.
[2025-09-14T09:51:45.885+0000] {subprocess.py:93} INFO - 경고: JSON의 '싼타페 Hybrid'에 해당하는 차종을 DB에서 찾을 수 없어 리뷰를 건너뜁니다.
[2025-09-14T09:51:45.945+0000] {subprocess.py:93} INFO - 경고: JSON의 '싼타페 Hybrid'에 해당하는 차종을 DB에서 찾을 수 없어 리뷰를 건너뜁니다.
[2025-09-14T09:51:45.953+0000] {subprocess.py:93} INFO - 경고: JSON의 '싼타페 Hybrid'에 해당하는 차종을 DB에서 찾을 수 없어 리뷰를 건너뜁니다.
[2025-09-14T09:51:45.953+0000] {subprocess.py:93} INFO - 경고: JSON의 '싼타페 Hybrid'에 해당하는 차종을 DB에서 찾을 수 없어 리뷰를 건너뜁니다.
[2025-09-14T09:51:45.969+0000] {subprocess.py:93} INFO - 경고: JSON의 '싼타페 Hybrid'에 해당하는 차종을 DB에서 찾을 수 없어 리뷰를 건너뜁니다.
[2025-09-14T09:51:45.978+0000] {subprocess.py:93} INFO - 경고: JSON의 '싼타페'에 해당하는 차종을 DB에서 찾을 수 없어 리뷰를 건너뜁니다.
[2025-09-14T09:51:45.990+0000] {subprocess.py:93} INFO - 경고: JSON의 '싼타페 Hybrid'에 해당하는 차종을 DB에서 찾을 수 없어 리뷰를 건너뜁니다.
[2025-09-14T09:51:45.990+0000] {subprocess.py:93} INFO - 경고: JSON의 '싼타페 Hybrid'에 해당하는 차종을 DB에서 찾을 수 없어 리뷰를 건너뜁니다.
[2025-09-14T09:51:45.998+0000] {subprocess.py:93} INFO - 경고: JSON의 '싼타페 Hybrid'에 해당하는 차종을 DB에서 찾을 수 없어 리뷰를 건너뜁니다.
[2025-09-14T09:51:45.998+0000] {subprocess.py:93} INFO - 경고: JSON의 '포터 II Electric'에 해당하는 차종을 DB에서 찾을 수 없어 리뷰를 건너뜁니다.
[2025-09-14T09:51:46.007+0000] {subprocess.py:93} INFO - 경고: JSON의 '싼타페 Hybrid'에 해당하는 차종을 DB에서 찾을 수 없어 리뷰를 건너뜁니다.
[2025-09-14T09:51:46.041+0000] {subprocess.py:93} INFO - 경고: JSON의 '싼타페 Hybrid'에 해당하는 차종을 DB에서 찾을 수 없어 리뷰를 건너뜁니다.
[2025-09-14T09:51:46.056+0000] {subprocess.py:93} INFO - 경고: JSON의 '싼타페 Hybrid'에 해당하는 차종을 DB에서 찾을 수 없어 리뷰를 건너뜁니다.
[2025-09-14T09:51:46.097+0000] {subprocess.py:93} INFO - 경고: JSON의 '포터 II'에 해당하는 차종을 DB에서 찾을 수 없어 리뷰를 건너뜁니다.
[2025-09-14T09:51:46.097+0000] {subprocess.py:93} INFO - 경고: JSON의 '싼타페 Hybrid'에 해당하는 차종을 DB에서 찾을 수 없어 리뷰를 건너뜁니다.
[2025-09-14T09:51:46.101+0000] {subprocess.py:93} INFO - 경고: JSON의 '싼타페 Hybrid'에 해당하는 차종을 DB에서 찾을 수 없어 리뷰를 건너뜁니다.
[2025-09-14T09:51:46.102+0000] {subprocess.py:93} INFO - 경고: JSON의 '싼타페 Hybrid'에 해당하는 차종을 DB에서 찾을 수 없어 리뷰를 건너뜁니다.
[2025-09-14T09:51:46.106+0000] {subprocess.py:93} INFO - 경고: JSON의 '싼타페'에 해당하는 차종을 DB에서 찾을 수 없어 리뷰를 건너뜁니다.
[2025-09-14T09:51:46.126+0000] {subprocess.py:93} INFO - 경고: JSON의 '포터 II'에 해당하는 차종을 DB에서 찾을 수 없어 리뷰를 건너뜁니다.
[2025-09-14T09:51:46.138+0000] {subprocess.py:93} INFO - 경고: JSON의 '싼타페'에 해당하는 차종을 DB에서 찾을 수 없어 리뷰를 건너뜁니다.
[2025-09-14T09:51:46.162+0000] {subprocess.py:93} INFO - 경고: JSON의 '쏘나타 택시'에 해당하는 차종을 DB에서 찾을 수 없어 리뷰를 건너뜁니다.
[2025-09-14T09:51:46.216+0000] {subprocess.py:93} INFO - 경고: JSON의 '싼타페'에 해당하는 차종을 DB에서 찾을 수 없어 리뷰를 건너뜁니다.
[2025-09-14T09:51:46.224+0000] {subprocess.py:93} INFO - 경고: JSON의 '싼타페 Hybrid'에 해당하는 차종을 DB에서 찾을 수 없어 리뷰를 건너뜁니다.
[2025-09-14T09:51:46.225+0000] {subprocess.py:93} INFO - 경고: JSON의 '싼타페 Hybrid'에 해당하는 차종을 DB에서 찾을 수 없어 리뷰를 건너뜁니다.
[2025-09-14T09:51:46.236+0000] {subprocess.py:93} INFO - 경고: JSON의 '포터 II'에 해당하는 차종을 DB에서 찾을 수 없어 리뷰를 건너뜁니다.
[2025-09-14T09:51:46.273+0000] {subprocess.py:93} INFO - 경고: JSON의 '싼타페 Hybrid'에 해당하는 차종을 DB에서 찾을 수 없어 리뷰를 건너뜁니다.
[2025-09-14T09:51:46.330+0000] {subprocess.py:93} INFO - 경고: JSON의 '싼타페 Hybrid'에 해당하는 차종을 DB에서 찾을 수 없어 리뷰를 건너뜁니다.
[2025-09-14T09:51:46.339+0000] {subprocess.py:93} INFO - 경고: JSON의 '싼타페'에 해당하는 차종을 DB에서 찾을 수 없어 리뷰를 건너뜁니다.
[2025-09-14T09:51:46.343+0000] {subprocess.py:93} INFO - 경고: JSON의 '싼타페 Hybrid'에 해당하는 차종을 DB에서 찾을 수 없어 리뷰를 건너뜁니다.
[2025-09-14T09:51:46.363+0000] {subprocess.py:93} INFO - 경고: JSON의 '싼타페 Hybrid'에 해당하는 차종을 DB에서 찾을 수 없어 리뷰를 건너뜁니다.
[2025-09-14T09:51:46.371+0000] {subprocess.py:93} INFO - 경고: JSON의 '싼타페 Hybrid'에 해당하는 차종을 DB에서 찾을 수 없어 리뷰를 건너뜁니다.
[2025-09-14T09:51:46.383+0000] {subprocess.py:93} INFO - 경고: JSON의 '싼타페 Hybrid'에 해당하는 차종을 DB에서 찾을 수 없어 리뷰를 건너뜁니다.
[2025-09-14T09:51:46.384+0000] {subprocess.py:93} INFO - 경고: JSON의 '싼타페 Hybrid'에 해당하는 차종을 DB에서 찾을 수 없어 리뷰를 건너뜁니다.
[2025-09-14T09:51:46.403+0000] {subprocess.py:93} INFO - 경고: JSON의 '싼타페 Hybrid'에 해당하는 차종을 DB에서 찾을 수 없어 리뷰를 건너뜁니다.
[2025-09-14T09:51:46.411+0000] {subprocess.py:93} INFO - 경고: JSON의 '싼타페 Hybrid'에 해당하는 차종을 DB에서 찾을 수 없어 리뷰를 건너뜁니다.
[2025-09-14T09:51:46.419+0000] {subprocess.py:93} INFO - 경고: JSON의 '싼타페 Hybrid'에 해당하는 차종을 DB에서 찾을 수 없어 리뷰를 건너뜁니다.
[2025-09-14T09:51:46.423+0000] {subprocess.py:93} INFO - 경고: JSON의 '싼타페 Hybrid'에 해당하는 차종을 DB에서 찾을 수 없어 리뷰를 건너뜁니다.
[2025-09-14T09:51:46.428+0000] {subprocess.py:93} INFO - 경고: JSON의 '싼타페 Hybrid'에 해당하는 차종을 DB에서 찾을 수 없어 리뷰를 건너뜁니다.
[2025-09-14T09:51:46.432+0000] {subprocess.py:93} INFO - 경고: JSON의 '싼타페 Hybrid'에 해당하는 차종을 DB에서 찾을 수 없어 리뷰를 건너뜁니다.
[2025-09-14T09:51:46.432+0000] {subprocess.py:93} INFO - 경고: JSON의 '싼타페 Hybrid'에 해당하는 차종을 DB에서 찾을 수 없어 리뷰를 건너뜁니다.
[2025-09-14T09:51:46.452+0000] {subprocess.py:93} INFO - 경고: JSON의 '포터 II'에 해당하는 차종을 DB에서 찾을 수 없어 리뷰를 건너뜁니다.
[2025-09-14T09:51:46.492+0000] {subprocess.py:93} INFO - 경고: JSON의 '포터 II'에 해당하는 차종을 DB에서 찾을 수 없어 리뷰를 건너뜁니다.
[2025-09-14T09:51:46.504+0000] {subprocess.py:93} INFO - 경고: JSON의 '싼타페 Hybrid'에 해당하는 차종을 DB에서 찾을 수 없어 리뷰를 건너뜁니다.
[2025-09-14T09:51:46.555+0000] {subprocess.py:93} INFO - 경고: JSON의 '싼타페'에 해당하는 차종을 DB에서 찾을 수 없어 리뷰를 건너뜁니다.
[2025-09-14T09:51:46.560+0000] {subprocess.py:93} INFO - 경고: JSON의 '싼타페'에 해당하는 차종을 DB에서 찾을 수 없어 리뷰를 건너뜁니다.
[2025-09-14T09:51:46.564+0000] {subprocess.py:93} INFO - 경고: JSON의 '싼타페 Hybrid'에 해당하는 차종을 DB에서 찾을 수 없어 리뷰를 건너뜁니다.
[2025-09-14T09:51:46.573+0000] {subprocess.py:93} INFO - 경고: JSON의 '쏘나타 택시'에 해당하는 차종을 DB에서 찾을 수 없어 리뷰를 건너뜁니다.
[2025-09-14T09:51:46.586+0000] {subprocess.py:93} INFO - 경고: JSON의 '싼타페'에 해당하는 차종을 DB에서 찾을 수 없어 리뷰를 건너뜁니다.
[2025-09-14T09:51:46.587+0000] {subprocess.py:93} INFO - 경고: JSON의 '싼타페 Hybrid'에 해당하는 차종을 DB에서 찾을 수 없어 리뷰를 건너뜁니다.
[2025-09-14T09:51:46.630+0000] {subprocess.py:93} INFO - 경고: JSON의 '싼타페 Hybrid'에 해당하는 차종을 DB에서 찾을 수 없어 리뷰를 건너뜁니다.
[2025-09-14T09:51:46.664+0000] {subprocess.py:93} INFO - 경고: JSON의 '싼타페 Hybrid'에 해당하는 차종을 DB에서 찾을 수 없어 리뷰를 건너뜁니다.
[2025-09-14T09:51:46.698+0000] {subprocess.py:93} INFO - 경고: JSON의 '쏘나타 택시'에 해당하는 차종을 DB에서 찾을 수 없어 리뷰를 건너뜁니다.
[2025-09-14T09:51:46.706+0000] {subprocess.py:93} INFO - 경고: JSON의 '싼타페 Hybrid'에 해당하는 차종을 DB에서 찾을 수 없어 리뷰를 건너뜁니다.
[2025-09-14T09:51:46.707+0000] {subprocess.py:93} INFO - 경고: JSON의 '싼타페 Hybrid'에 해당하는 차종을 DB에서 찾을 수 없어 리뷰를 건너뜁니다.
[2025-09-14T09:51:46.727+0000] {subprocess.py:93} INFO - 경고: JSON의 '싼타페'에 해당하는 차종을 DB에서 찾을 수 없어 리뷰를 건너뜁니다.
[2025-09-14T09:51:46.740+0000] {subprocess.py:93} INFO - 경고: JSON의 '싼타페 Hybrid'에 해당하는 차종을 DB에서 찾을 수 없어 리뷰를 건너뜁니다.
[2025-09-14T09:51:46.745+0000] {subprocess.py:93} INFO - 경고: JSON의 '싼타페 Hybrid'에 해당하는 차종을 DB에서 찾을 수 없어 리뷰를 건너뜁니다.
[2025-09-14T09:51:46.764+0000] {subprocess.py:93} INFO - 경고: JSON의 '싼타페 Hybrid'에 해당하는 차종을 DB에서 찾을 수 없어 리뷰를 건너뜁니다.
[2025-09-14T09:51:46.773+0000] {subprocess.py:93} INFO - 경고: JSON의 '싼타페 Hybrid'에 해당하는 차종을 DB에서 찾을 수 없어 리뷰를 건너뜁니다.
[2025-09-14T09:51:46.796+0000] {subprocess.py:93} INFO - 경고: JSON의 '싼타페 Hybrid'에 해당하는 차종을 DB에서 찾을 수 없어 리뷰를 건너뜁니다.
[2025-09-14T09:51:46.807+0000] {subprocess.py:93} INFO - 경고: JSON의 '싼타페 Hybrid'에 해당하는 차종을 DB에서 찾을 수 없어 리뷰를 건너뜁니다.
[2025-09-14T09:51:46.814+0000] {subprocess.py:93} INFO - 경고: JSON의 '포터 II'에 해당하는 차종을 DB에서 찾을 수 없어 리뷰를 건너뜁니다.
[2025-09-14T09:51:46.841+0000] {subprocess.py:93} INFO - 경고: JSON의 '포터 II Electric'에 해당하는 차종을 DB에서 찾을 수 없어 리뷰를 건너뜁니다.
[2025-09-14T09:51:46.841+0000] {subprocess.py:93} INFO - 경고: JSON의 '쏘나타 택시'에 해당하는 차종을 DB에서 찾을 수 없어 리뷰를 건너뜁니다.
[2025-09-14T09:51:46.848+0000] {subprocess.py:93} INFO - 경고: JSON의 '쏘나타 택시'에 해당하는 차종을 DB에서 찾을 수 없어 리뷰를 건너뜁니다.
[2025-09-14T09:51:46.896+0000] {subprocess.py:93} INFO - 경고: JSON의 '싼타페 Hybrid'에 해당하는 차종을 DB에서 찾을 수 없어 리뷰를 건너뜁니다.
[2025-09-14T09:51:46.924+0000] {subprocess.py:93} INFO - 경고: JSON의 '싼타페 Hybrid'에 해당하는 차종을 DB에서 찾을 수 없어 리뷰를 건너뜁니다.
[2025-09-14T09:51:46.949+0000] {subprocess.py:93} INFO - 경고: JSON의 '싼타페 Hybrid'에 해당하는 차종을 DB에서 찾을 수 없어 리뷰를 건너뜁니다.
[2025-09-14T09:51:46.977+0000] {subprocess.py:93} INFO - 경고: JSON의 '싼타페'에 해당하는 차종을 DB에서 찾을 수 없어 리뷰를 건너뜁니다.
[2025-09-14T09:51:46.978+0000] {subprocess.py:93} INFO - 경고: JSON의 '싼타페 Hybrid'에 해당하는 차종을 DB에서 찾을 수 없어 리뷰를 건너뜁니다.
[2025-09-14T09:51:46.990+0000] {subprocess.py:93} INFO - 
[2025-09-14T09:51:46.990+0000] {subprocess.py:93} INFO - 총 0개의 새로운 리뷰가 추가되었습니다.
[2025-09-14T09:51:46.991+0000] {subprocess.py:93} INFO - 총 4481개의 리뷰가 업데이트되었습니다.
[2025-09-14T09:51:46.991+0000] {subprocess.py:93} INFO - 총 1389개의 리뷰를 건너뛰었습니다.
[2025-09-14T09:51:46.991+0000] {subprocess.py:93} INFO - 리뷰 임포트가 완료되었습니다.
[2025-09-14T09:51:46.992+0000] {subprocess.py:93} INFO - 3. '/app/text_data/DB/hyundai_car_history.json'에서 차량 역사 데이터 임포트를 시작합니다...
[2025-09-14T09:51:46.995+0000] {subprocess.py:93} INFO - 경고: JSON의 '포니(110) (1975~1985)'에 해당하는 차종을 DB에서 찾을 수 없어 히스토리를 건너뜁니다.
[2025-09-14T09:51:46.995+0000] {subprocess.py:93} INFO - 경고: JSON의 '포니2(110) (1982~1988)'에 해당하는 차종을 DB에서 찾을 수 없어 히스토리를 건너뜁니다.
[2025-09-14T09:51:46.995+0000] {subprocess.py:93} INFO - 경고: JSON의 '엑셀(X) (1985~1989)'에 해당하는 차종을 DB에서 찾을 수 없어 히스토리를 건너뜁니다.
[2025-09-14T09:51:46.996+0000] {subprocess.py:93} INFO - 경고: JSON의 '엑센트(X3) (1994~1997)'에 해당하는 차종을 DB에서 찾을 수 없어 히스토리를 건너뜁니다.
[2025-09-14T09:51:46.996+0000] {subprocess.py:93} INFO - 경고: JSON의 '엑센트(X3) F/L (1997~1999)'에 해당하는 차종을 DB에서 찾을 수 없어 히스토리를 건너뜁니다.
[2025-09-14T09:51:46.996+0000] {subprocess.py:93} INFO - 경고: JSON의 '베르나(LC) (1999~2002)'에 해당하는 차종을 DB에서 찾을 수 없어 히스토리를 건너뜁니다.
[2025-09-14T09:51:46.996+0000] {subprocess.py:93} INFO - 경고: JSON의 '뉴 베르나(LC) (2002~2005)'에 해당하는 차종을 DB에서 찾을 수 없어 히스토리를 건너뜁니다.
[2025-09-14T09:51:46.997+0000] {subprocess.py:93} INFO - 경고: JSON의 '베르나(MC) (2005~2009)'에 해당하는 차종을 DB에서 찾을 수 없어 히스토리를 건너뜁니다.
[2025-09-14T09:51:46.997+0000] {subprocess.py:93} INFO - 경고: JSON의 '베르나 트랜스폼(MC) (2009~2010)'에 해당하는 차종을 DB에서 찾을 수 없어 히스토리를 건너뜁니다.
[2025-09-14T09:51:46.997+0000] {subprocess.py:93} INFO - 경고: JSON의 '엑센트(RB) (2010~2019)'에 해당하는 차종을 DB에서 찾을 수 없어 히스토리를 건너뜁니다.
[2025-09-14T09:51:46.997+0000] {subprocess.py:93} INFO - 경고: JSON의 '클릭(TB) (2002~2005)'에 해당하는 차종을 DB에서 찾을 수 없어 히스토리를 건너뜁니다.
[2025-09-14T09:51:46.997+0000] {subprocess.py:93} INFO - 경고: JSON의 '클릭(TB) F/L (2005~2011)'에 해당하는 차종을 DB에서 찾을 수 없어 히스토리를 건너뜁니다.
[2025-09-14T09:51:46.997+0000] {subprocess.py:93} INFO - 경고: JSON의 '2026 캐스퍼 일렉트릭 (2024.07~)'에 해당하는 차종을 DB에서 찾을 수 없어 히스토리를 건너뜁니다.
[2025-09-14T09:51:46.997+0000] {subprocess.py:93} INFO - 경고: JSON의 'i30(FD) (2007~2011)'에 해당하는 차종을 DB에서 찾을 수 없어 히스토리를 건너뜁니다.
[2025-09-14T09:51:46.998+0000] {subprocess.py:93} INFO - 경고: JSON의 'i30(GD) (2011~2015)'에 해당하는 차종을 DB에서 찾을 수 없어 히스토리를 건너뜁니다.
[2025-09-14T09:51:46.998+0000] {subprocess.py:93} INFO - 경고: JSON의 '더 뉴 i30(GD) (2015~2016)'에 해당하는 차종을 DB에서 찾을 수 없어 히스토리를 건너뜁니다.
[2025-09-14T09:51:46.998+0000] {subprocess.py:93} INFO - 경고: JSON의 'i30(PD) (2016~2020)'에 해당하는 차종을 DB에서 찾을 수 없어 히스토리를 건너뜁니다.
[2025-09-14T09:51:46.998+0000] {subprocess.py:93} INFO - 경고: JSON의 '벨로스터(FS) (2011~2015)'에 해당하는 차종을 DB에서 찾을 수 없어 히스토리를 건너뜁니다.
[2025-09-14T09:51:46.998+0000] {subprocess.py:93} INFO - 경고: JSON의 '더 뉴 벨로스터(FS) (2015~2017)'에 해당하는 차종을 DB에서 찾을 수 없어 히스토리를 건너뜁니다.
[2025-09-14T09:51:46.998+0000] {subprocess.py:93} INFO - 경고: JSON의 '벨로스터(JS) (2018~2020)'에 해당하는 차종을 DB에서 찾을 수 없어 히스토리를 건너뜁니다.
[2025-09-14T09:51:46.998+0000] {subprocess.py:93} INFO - 경고: JSON의 '벨로스터 N(JS) (2018~2022)'에 해당하는 차종을 DB에서 찾을 수 없어 히스토리를 건너뜁니다.
[2025-09-14T09:51:46.999+0000] {subprocess.py:93} INFO - 경고: JSON의 '엘란트라(J) (1990~1993)'에 해당하는 차종을 DB에서 찾을 수 없어 히스토리를 건너뜁니다.
[2025-09-14T09:51:46.999+0000] {subprocess.py:93} INFO - 경고: JSON의 '엘란트라(J) F/L (1993~1996)'에 해당하는 차종을 DB에서 찾을 수 없어 히스토리를 건너뜁니다.
[2025-09-14T09:51:47.051+0000] {subprocess.py:93} INFO - 경고: JSON의 '아이오닉 HEV(AE) (2016~2019)'에 해당하는 차종을 DB에서 찾을 수 없어 히스토리를 건너뜁니다.
[2025-09-14T09:51:47.052+0000] {subprocess.py:93} INFO - 경고: JSON의 '아이오닉 EV(AE) (2016~2019)'에 해당하는 차종을 DB에서 찾을 수 없어 히스토리를 건너뜁니다.
[2025-09-14T09:51:47.052+0000] {subprocess.py:93} INFO - 경고: JSON의 '아이오닉 PHEV(AE) (2017~2019)'에 해당하는 차종을 DB에서 찾을 수 없어 히스토리를 건너뜁니다.
[2025-09-14T09:51:47.052+0000] {subprocess.py:93} INFO - 경고: JSON의 '아이오닉(AE) F/L (2019~2021)'에 해당하는 차종을 DB에서 찾을 수 없어 히스토리를 건너뜁니다.
[2025-09-14T09:51:47.052+0000] {subprocess.py:93} INFO - 경고: JSON의 '아이오닉 EV(AE) F/L (2019~2021)'에 해당하는 차종을 DB에서 찾을 수 없어 히스토리를 건너뜁니다.
[2025-09-14T09:51:47.052+0000] {subprocess.py:93} INFO - 경고: JSON의 'i40(VF) (2011~2015)'에 해당하는 차종을 DB에서 찾을 수 없어 히스토리를 건너뜁니다.
[2025-09-14T09:51:47.053+0000] {subprocess.py:93} INFO - 경고: JSON의 '더 뉴 i40(VF) (2015~2019)'에 해당하는 차종을 DB에서 찾을 수 없어 히스토리를 건너뜁니다.
[2025-09-14T09:51:47.053+0000] {subprocess.py:93} INFO - 경고: JSON의 '스텔라(Y) (1983~1997)'에 해당하는 차종을 DB에서 찾을 수 없어 히스토리를 건너뜁니다.
[2025-09-14T09:51:47.053+0000] {subprocess.py:93} INFO - 경고: JSON의 '쏘나타 (1985~1993)'에 해당하는 차종을 DB에서 찾을 수 없어 히스토리를 건너뜁니다.
[2025-09-14T09:51:47.054+0000] {subprocess.py:93} INFO - 경고: JSON의 '쏘나타2 (1993~1996)'에 해당하는 차종을 DB에서 찾을 수 없어 히스토리를 건너뜁니다.
[2025-09-14T09:51:47.054+0000] {subprocess.py:93} INFO - 경고: JSON의 '쏘나타3 (1996~1998)'에 해당하는 차종을 DB에서 찾을 수 없어 히스토리를 건너뜁니다.
[2025-09-14T09:51:47.054+0000] {subprocess.py:93} INFO - 경고: JSON의 'EF쏘나타 (1998~2001)'에 해당하는 차종을 DB에서 찾을 수 없어 히스토리를 건너뜁니다.
[2025-09-14T09:51:47.054+0000] {subprocess.py:93} INFO - 경고: JSON의 '뉴 EF쏘나타 (2001~2004)'에 해당하는 차종을 DB에서 찾을 수 없어 히스토리를 건너뜁니다.
[2025-09-14T09:51:47.054+0000] {subprocess.py:93} INFO - 경고: JSON의 'NF쏘나타 (2004~2007)'에 해당하는 차종을 DB에서 찾을 수 없어 히스토리를 건너뜁니다.
[2025-09-14T09:51:47.054+0000] {subprocess.py:93} INFO - 경고: JSON의 'NF쏘나타 트랜스폼 (2007~2009)'에 해당하는 차종을 DB에서 찾을 수 없어 히스토리를 건너뜁니다.
[2025-09-14T09:51:47.055+0000] {subprocess.py:93} INFO - 경고: JSON의 'YF쏘나타 (2009~2014)'에 해당하는 차종을 DB에서 찾을 수 없어 히스토리를 건너뜁니다.
[2025-09-14T09:51:47.055+0000] {subprocess.py:93} INFO - 경고: JSON의 'YF쏘나타 HEV (2011~2014)'에 해당하는 차종을 DB에서 찾을 수 없어 히스토리를 건너뜁니다.
[2025-09-14T09:51:47.055+0000] {subprocess.py:93} INFO - 경고: JSON의 'LF쏘나타 (2014~2017)'에 해당하는 차종을 DB에서 찾을 수 없어 히스토리를 건너뜁니다.
[2025-09-14T09:51:47.055+0000] {subprocess.py:93} INFO - 경고: JSON의 'LF쏘나타 HEV (2014~2017)'에 해당하는 차종을 DB에서 찾을 수 없어 히스토리를 건너뜁니다.
[2025-09-14T09:51:47.055+0000] {subprocess.py:93} INFO - 경고: JSON의 'LF쏘나타 PHEV (2015~2017)'에 해당하는 차종을 DB에서 찾을 수 없어 히스토리를 건너뜁니다.
[2025-09-14T09:51:47.055+0000] {subprocess.py:93} INFO - 경고: JSON의 'LF쏘나타 뉴 라이즈 (2017.03~)'에 해당하는 차종을 DB에서 찾을 수 없어 히스토리를 건너뜁니다.
[2025-09-14T09:51:47.056+0000] {subprocess.py:93} INFO - 경고: JSON의 'LF쏘나타 뉴 라이즈 HEV (2017~2019)'에 해당하는 차종을 DB에서 찾을 수 없어 히스토리를 건너뜁니다.
[2025-09-14T09:51:47.056+0000] {subprocess.py:93} INFO - 경고: JSON의 'LF쏘나타 뉴 라이즈PHEV (2017~2019)'에 해당하는 차종을 DB에서 찾을 수 없어 히스토리를 건너뜁니다.
[2025-09-14T09:51:47.056+0000] {subprocess.py:93} INFO - 경고: JSON의 '쏘나타(DN8) (2019~2023)'에 해당하는 차종을 DB에서 찾을 수 없어 히스토리를 건너뜁니다.
[2025-09-14T09:51:47.056+0000] {subprocess.py:93} INFO - 경고: JSON의 '쏘나타(DN8) F/L (2023.05~)'에 해당하는 차종을 DB에서 찾을 수 없어 히스토리를 건너뜁니다.
[2025-09-14T09:51:47.110+0000] {subprocess.py:93} INFO - 경고: JSON의 '마르샤(H) (1995~1998)'에 해당하는 차종을 DB에서 찾을 수 없어 히스토리를 건너뜁니다.
[2025-09-14T09:51:47.110+0000] {subprocess.py:93} INFO - 경고: JSON의 '아슬란(AG) (2014~2018)'에 해당하는 차종을 DB에서 찾을 수 없어 히스토리를 건너뜁니다.
[2025-09-14T09:51:47.111+0000] {subprocess.py:93} INFO - 경고: JSON의 '다이너스티(LX) (1996~2005)'에 해당하는 차종을 DB에서 찾을 수 없어 히스토리를 건너뜁니다.
[2025-09-14T09:51:47.111+0000] {subprocess.py:93} INFO - 경고: JSON의 '에쿠스(LZ) (1999~2009)'에 해당하는 차종을 DB에서 찾을 수 없어 히스토리를 건너뜁니다.
[2025-09-14T09:51:47.111+0000] {subprocess.py:93} INFO - 경고: JSON의 '에쿠스(VI) (2009~2015)'에 해당하는 차종을 DB에서 찾을 수 없어 히스토리를 건너뜁니다.
[2025-09-14T09:51:47.111+0000] {subprocess.py:93} INFO - 경고: JSON의 '제네시스(BH) (2008~2013)'에 해당하는 차종을 DB에서 찾을 수 없어 히스토리를 건너뜁니다.
[2025-09-14T09:51:47.111+0000] {subprocess.py:93} INFO - 경고: JSON의 '제네시스(DH) (2013~2016)'에 해당하는 차종을 DB에서 찾을 수 없어 히스토리를 건너뜁니다.
[2025-09-14T09:51:47.111+0000] {subprocess.py:93} INFO - 경고: JSON의 '아토스(MX) (1997~2002)'에 해당하는 차종을 DB에서 찾을 수 없어 히스토리를 건너뜁니다.
[2025-09-14T09:51:47.112+0000] {subprocess.py:93} INFO - 경고: JSON의 '2026 캐스퍼 (2021.09~)'에 해당하는 차종을 DB에서 찾을 수 없어 히스토리를 건너뜁니다.
[2025-09-14T09:51:47.112+0000] {subprocess.py:93} INFO - 경고: JSON의 '2026 캐스퍼 (2024.10~)'에 해당하는 차종을 DB에서 찾을 수 없어 히스토리를 건너뜁니다.
[2025-09-14T09:51:47.112+0000] {subprocess.py:93} INFO - 경고: JSON의 '스쿠프(SLC) (1990~1995)'에 해당하는 차종을 DB에서 찾을 수 없어 히스토리를 건너뜁니다.
[2025-09-14T09:51:47.112+0000] {subprocess.py:93} INFO - 경고: JSON의 '티뷰론(RD) (1996~2001)'에 해당하는 차종을 DB에서 찾을 수 없어 히스토리를 건너뜁니다.
[2025-09-14T09:51:47.112+0000] {subprocess.py:93} INFO - 경고: JSON의 '투스카니(GK) (2001~2006)'에 해당하는 차종을 DB에서 찾을 수 없어 히스토리를 건너뜁니다.
[2025-09-14T09:51:47.112+0000] {subprocess.py:93} INFO - 경고: JSON의 '투스카니(GK) F/L (2006~2008)'에 해당하는 차종을 DB에서 찾을 수 없어 히스토리를 건너뜁니다.
[2025-09-14T09:51:47.112+0000] {subprocess.py:93} INFO - 경고: JSON의 '제네시스 쿠페(BK) (2008~2011)'에 해당하는 차종을 DB에서 찾을 수 없어 히스토리를 건너뜁니다.
[2025-09-14T09:51:47.113+0000] {subprocess.py:93} INFO - 경고: JSON의 '더 뉴 제네시스 쿠페(BK) (2011~2016)'에 해당하는 차종을 DB에서 찾을 수 없어 히스토리를 건너뜁니다.
[2025-09-14T09:51:47.113+0000] {subprocess.py:93} INFO - 
[2025-09-14T09:51:47.113+0000] {subprocess.py:93} INFO - 총 0개의 새로운 차량 역사가 추가되었습니다.
[2025-09-14T09:51:47.113+0000] {subprocess.py:93} INFO - 총 30개의 차량 역사가 업데이트되었습니다.
[2025-09-14T09:51:47.113+0000] {subprocess.py:93} INFO - 총 64개의 차량 역사를 건너뛰었습니다.
[2025-09-14T09:51:47.113+0000] {subprocess.py:93} INFO - 차량 역사 임포트가 완료되었습니다.
[2025-09-14T09:51:47.113+0000] {subprocess.py:93} INFO - 4. 차량별 집계 통계를 계산합니다...
[2025-09-14T09:51:47.123+0000] {subprocess.py:93} INFO -   아이오닉 5: 평균 평점 4.9
[2025-09-14T09:51:47.276+0000] {subprocess.py:93} INFO -     공간: "뒷좌석이 넓어요" (116회, 47.9%)
[2025-09-14T09:51:47.276+0000] {subprocess.py:93} INFO -     성능: "주행감이 훌륭해요" (98회, 40.5%)
[2025-09-14T09:51:47.277+0000] {subprocess.py:93} INFO -     디자인: "마음에 쏙 들어요" (120회, 49.6%)
[2025-09-14T09:51:47.277+0000] {subprocess.py:93} INFO -     승차감: "운전이 즐거워요" (216회, 89.3%)
[2025-09-14T09:51:47.295+0000] {subprocess.py:93} INFO -   쏘나타 디 엣지: 평균 평점 4.9
[2025-09-14T09:51:47.297+0000] {subprocess.py:93} INFO -     공간: "공간이 적당해요" (290회, 64.6%)
[2025-09-14T09:51:47.297+0000] {subprocess.py:93} INFO -     성능: "편의기능이 다양해요" (221회, 49.2%)
[2025-09-14T09:51:47.298+0000] {subprocess.py:93} INFO -     디자인: "마음에 쏙 들어요" (276회, 61.5%)
[2025-09-14T09:51:47.298+0000] {subprocess.py:93} INFO -     승차감: "운전이 즐거워요" (403회, 89.8%)
[2025-09-14T09:51:47.305+0000] {subprocess.py:93} INFO -   스타리아: 평균 평점 4.85
[2025-09-14T09:51:47.307+0000] {subprocess.py:93} INFO -     공간: "공간이 적당해요" (57회, 39.9%)
[2025-09-14T09:51:47.307+0000] {subprocess.py:93} INFO -     성능: "편의기능이 다양해요" (82회, 57.3%)
[2025-09-14T09:51:47.307+0000] {subprocess.py:93} INFO -     디자인: "마음에 쏙 들어요" (79회, 55.2%)
[2025-09-14T09:51:47.307+0000] {subprocess.py:93} INFO -     승차감: "운전이 즐거워요" (116회, 81.1%)
[2025-09-14T09:51:47.309+0000] {subprocess.py:93} INFO -   디 올 뉴 넥쏘: 평균 평점 4.83
[2025-09-14T09:51:47.310+0000] {subprocess.py:93} INFO -     공간: "공간이 적당해요" (16회, 80.0%)
[2025-09-14T09:51:47.311+0000] {subprocess.py:93} INFO -     성능: "편의기능이 다양해요" (7회, 35.0%)
[2025-09-14T09:51:47.311+0000] {subprocess.py:93} INFO -     디자인: "마음에 쏙 들어요" (9회, 45.0%)
[2025-09-14T09:51:47.311+0000] {subprocess.py:93} INFO -     승차감: "운전이 즐거워요" (16회, 80.0%)
[2025-09-14T09:51:47.313+0000] {subprocess.py:93} INFO -   아이오닉 5 N: 평균 평점 5.0
[2025-09-14T09:51:47.314+0000] {subprocess.py:93} INFO -     공간: "뒷좌석이 넓어요" (4회, 66.7%)
[2025-09-14T09:51:47.314+0000] {subprocess.py:93} INFO -     성능: "주행감이 훌륭해요" (5회, 83.3%)
[2025-09-14T09:51:47.314+0000] {subprocess.py:93} INFO -     디자인: "매력적이에요" (4회, 66.7%)
[2025-09-14T09:51:47.314+0000] {subprocess.py:93} INFO -     승차감: "운전이 즐거워요" (4회, 66.7%)
[2025-09-14T09:51:47.335+0000] {subprocess.py:93} INFO -   디 올 뉴 팰리세이드: 평균 평점 4.88
[2025-09-14T09:51:47.338+0000] {subprocess.py:93} INFO -     공간: "많은 짐도 거뜬해요" (355회, 42.1%)
[2025-09-14T09:51:47.338+0000] {subprocess.py:93} INFO -     성능: "편의기능이 다양해요" (378회, 44.8%)
[2025-09-14T09:51:47.338+0000] {subprocess.py:93} INFO -     디자인: "마음에 쏙 들어요" (521회, 61.8%)
[2025-09-14T09:51:47.339+0000] {subprocess.py:93} INFO -     승차감: "운전이 즐거워요" (691회, 82.0%)
[2025-09-14T09:51:47.355+0000] {subprocess.py:93} INFO -   투싼: 평균 평점 4.86
[2025-09-14T09:51:47.358+0000] {subprocess.py:93} INFO -     공간: "공간이 적당해요" (284회, 44.7%)
[2025-09-14T09:51:47.358+0000] {subprocess.py:93} INFO -     성능: "편의기능이 다양해요" (265회, 41.7%)
[2025-09-14T09:51:47.359+0000] {subprocess.py:93} INFO -     디자인: "마음에 쏙 들어요" (419회, 66.0%)
[2025-09-14T09:51:47.359+0000] {subprocess.py:93} INFO -     승차감: "운전이 즐거워요" (572회, 90.1%)
[2025-09-14T09:51:47.364+0000] {subprocess.py:93} INFO -   아이오닉 9: 평균 평점 4.88
[2025-09-14T09:51:47.366+0000] {subprocess.py:93} INFO -     공간: "뒷좌석이 넓어요" (69회, 50.4%)
[2025-09-14T09:51:47.366+0000] {subprocess.py:93} INFO -     성능: "주행감이 훌륭해요" (83회, 60.6%)
[2025-09-14T09:51:47.367+0000] {subprocess.py:93} INFO -     디자인: "매력적이에요" (72회, 52.6%)
[2025-09-14T09:51:47.367+0000] {subprocess.py:93} INFO -     승차감: "운전이 즐거워요" (109회, 79.6%)
[2025-09-14T09:51:47.384+0000] {subprocess.py:93} INFO -   아반떼 N: 평균 평점 4.89
[2025-09-14T09:51:47.386+0000] {subprocess.py:93} INFO -     공간: "공간이 적당해요" (474회, 68.4%)
[2025-09-14T09:51:47.387+0000] {subprocess.py:93} INFO -     성능: "연비가 좋아요" (278회, 40.1%)
[2025-09-14T09:51:47.387+0000] {subprocess.py:93} INFO -     디자인: "마음에 쏙 들어요" (415회, 59.9%)
[2025-09-14T09:51:47.387+0000] {subprocess.py:93} INFO -     승차감: "운전이 즐거워요" (610회, 88.0%)
[2025-09-14T09:51:47.393+0000] {subprocess.py:93} INFO -   베뉴: 평균 평점 4.95
[2025-09-14T09:51:47.394+0000] {subprocess.py:93} INFO -     공간: "공간이 적당해요" (115회, 89.1%)
[2025-09-14T09:51:47.395+0000] {subprocess.py:93} INFO -     성능: "연비가 좋아요" (47회, 36.4%)
[2025-09-14T09:51:47.395+0000] {subprocess.py:93} INFO -     디자인: "마음에 쏙 들어요" (97회, 75.2%)
[2025-09-14T09:51:47.395+0000] {subprocess.py:93} INFO -     승차감: "운전이 즐거워요" (122회, 94.6%)
[2025-09-14T09:51:47.413+0000] {subprocess.py:93} INFO -   그랜저: 평균 평점 4.9
[2025-09-14T09:51:47.416+0000] {subprocess.py:93} INFO -     공간: "뒷좌석이 넓어요" (395회, 56.3%)
[2025-09-14T09:51:47.416+0000] {subprocess.py:93} INFO -     성능: "편의기능이 다양해요" (275회, 39.2%)
[2025-09-14T09:51:47.416+0000] {subprocess.py:93} INFO -     디자인: "마음에 쏙 들어요" (401회, 57.1%)
[2025-09-14T09:51:47.417+0000] {subprocess.py:93} INFO -     승차감: "운전이 즐거워요" (593회, 84.5%)
[2025-09-14T09:51:47.419+0000] {subprocess.py:93} INFO -   ST1: 평균 평점 5.0
[2025-09-14T09:51:47.420+0000] {subprocess.py:93} INFO -     공간: "많은 짐도 거뜬해요" (8회, 53.3%)
[2025-09-14T09:51:47.421+0000] {subprocess.py:93} INFO -     성능: "주행감이 훌륭해요" (7회, 46.7%)
[2025-09-14T09:51:47.421+0000] {subprocess.py:93} INFO -     디자인: "마음에 쏙 들어요" (11회, 73.3%)
[2025-09-14T09:51:47.421+0000] {subprocess.py:93} INFO -     승차감: "운전이 즐거워요" (15회, 100.0%)
[2025-09-14T09:51:47.430+0000] {subprocess.py:93} INFO -   코나: 평균 평점 4.93
[2025-09-14T09:51:47.432+0000] {subprocess.py:93} INFO -     공간: "공간이 적당해요" (254회, 72.0%)
[2025-09-14T09:51:47.433+0000] {subprocess.py:93} INFO -     성능: "편의기능이 다양해요" (170회, 48.2%)
[2025-09-14T09:51:47.433+0000] {subprocess.py:93} INFO -     디자인: "마음에 쏙 들어요" (226회, 64.0%)
[2025-09-14T09:51:47.434+0000] {subprocess.py:93} INFO -     승차감: "운전이 즐거워요" (329회, 93.2%)
[2025-09-14T09:51:47.438+0000] {subprocess.py:93} INFO -   더 뉴 아이오닉 6: 평균 평점 4.86
[2025-09-14T09:51:47.439+0000] {subprocess.py:93} INFO -     공간: "뒷좌석이 넓어요" (70회, 61.4%)
[2025-09-14T09:51:47.440+0000] {subprocess.py:93} INFO -     성능: "주행감이 훌륭해요" (63회, 55.3%)
[2025-09-14T09:51:47.440+0000] {subprocess.py:93} INFO -     디자인: "매력적이에요" (55회, 48.2%)
[2025-09-14T09:51:47.440+0000] {subprocess.py:93} INFO -     승차감: "운전이 즐거워요" (103회, 90.4%)
[2025-09-14T09:51:47.441+0000] {subprocess.py:93} INFO - 집계 통계 계산이 완료되었습니다.
[2025-09-14T09:51:47.441+0000] {subprocess.py:93} INFO - 
[2025-09-14T09:51:47.441+0000] {subprocess.py:93} INFO - 모든 데이터 임포트 작업이 완료되었습니다.
[2025-09-14T09:51:50.161+0000] {subprocess.py:97} INFO - Command exited with return code 0
[2025-09-14T09:51:50.210+0000] {taskinstance.py:1138} INFO - Marking task as SUCCESS. dag_id=update_car_data, task_id=import_car_data, execution_date=20250910T150000, start_date=20250914T095117, end_date=20250914T095150
[2025-09-14T09:51:50.258+0000] {local_task_job_runner.py:234} INFO - Task exited with return code 0
[2025-09-14T09:51:50.284+0000] {taskinstance.py:3280} INFO - 0 downstream tasks scheduled from follow-on schedule check
