[2025-09-08T01:04:54.471+0000] {processor.py:161} INFO - Started process (PID=165) to work on /opt/airflow/dags/update_car_data_dag.py
[2025-09-08T01:04:54.472+0000] {processor.py:830} INFO - Processing file /opt/airflow/dags/update_car_data_dag.py for tasks to queue
[2025-09-08T01:04:54.473+0000] {logging_mixin.py:188} INFO - [2025-09-08T01:04:54.472+0000] {dagbag.py:538} INFO - Filling up the DagBag from /opt/airflow/dags/update_car_data_dag.py
[2025-09-08T01:04:54.496+0000] {processor.py:840} INFO - DAG(s) 'update_car_data' retrieved from /opt/airflow/dags/update_car_data_dag.py
[2025-09-08T01:04:54.537+0000] {logging_mixin.py:188} INFO - [2025-09-08T01:04:54.536+0000] {dag.py:3036} INFO - Sync 1 DAGs
[2025-09-08T01:04:54.597+0000] {logging_mixin.py:188} INFO - [2025-09-08T01:04:54.597+0000] {dag.py:3823} INFO - Setting next_dagrun for update_car_data to 2025-09-06 15:00:00+00:00, run_after=2025-09-07 15:00:00+00:00
[2025-09-08T01:04:54.638+0000] {processor.py:183} INFO - Processing /opt/airflow/dags/update_car_data_dag.py took 0.170 seconds
[2025-09-08T01:05:24.771+0000] {processor.py:161} INFO - Started process (PID=171) to work on /opt/airflow/dags/update_car_data_dag.py
[2025-09-08T01:05:24.771+0000] {processor.py:830} INFO - Processing file /opt/airflow/dags/update_car_data_dag.py for tasks to queue
[2025-09-08T01:05:24.772+0000] {logging_mixin.py:188} INFO - [2025-09-08T01:05:24.772+0000] {dagbag.py:538} INFO - Filling up the DagBag from /opt/airflow/dags/update_car_data_dag.py
[2025-09-08T01:05:24.785+0000] {processor.py:840} INFO - DAG(s) 'update_car_data' retrieved from /opt/airflow/dags/update_car_data_dag.py
[2025-09-08T01:05:24.809+0000] {logging_mixin.py:188} INFO - [2025-09-08T01:05:24.809+0000] {dag.py:3036} INFO - Sync 1 DAGs
[2025-09-08T01:05:24.829+0000] {logging_mixin.py:188} INFO - [2025-09-08T01:05:24.829+0000] {dag.py:3823} INFO - Setting next_dagrun for update_car_data to 2025-09-06 15:00:00+00:00, run_after=2025-09-07 15:00:00+00:00
[2025-09-08T01:05:24.838+0000] {processor.py:183} INFO - Processing /opt/airflow/dags/update_car_data_dag.py took 0.071 seconds
[2025-09-08T01:05:55.129+0000] {processor.py:161} INFO - Started process (PID=176) to work on /opt/airflow/dags/update_car_data_dag.py
[2025-09-08T01:05:55.129+0000] {processor.py:830} INFO - Processing file /opt/airflow/dags/update_car_data_dag.py for tasks to queue
[2025-09-08T01:05:55.130+0000] {logging_mixin.py:188} INFO - [2025-09-08T01:05:55.130+0000] {dagbag.py:538} INFO - Filling up the DagBag from /opt/airflow/dags/update_car_data_dag.py
[2025-09-08T01:05:55.147+0000] {processor.py:840} INFO - DAG(s) 'update_car_data' retrieved from /opt/airflow/dags/update_car_data_dag.py
[2025-09-08T01:05:55.172+0000] {logging_mixin.py:188} INFO - [2025-09-08T01:05:55.172+0000] {dag.py:3036} INFO - Sync 1 DAGs
[2025-09-08T01:05:55.188+0000] {logging_mixin.py:188} INFO - [2025-09-08T01:05:55.188+0000] {dag.py:3823} INFO - Setting next_dagrun for update_car_data to 2025-09-06 15:00:00+00:00, run_after=2025-09-07 15:00:00+00:00
[2025-09-08T01:05:55.196+0000] {processor.py:183} INFO - Processing /opt/airflow/dags/update_car_data_dag.py took 0.071 seconds
[2025-09-08T01:06:25.434+0000] {processor.py:161} INFO - Started process (PID=181) to work on /opt/airflow/dags/update_car_data_dag.py
[2025-09-08T01:06:25.435+0000] {processor.py:830} INFO - Processing file /opt/airflow/dags/update_car_data_dag.py for tasks to queue
[2025-09-08T01:06:25.436+0000] {logging_mixin.py:188} INFO - [2025-09-08T01:06:25.435+0000] {dagbag.py:538} INFO - Filling up the DagBag from /opt/airflow/dags/update_car_data_dag.py
[2025-09-08T01:06:25.451+0000] {processor.py:840} INFO - DAG(s) 'update_car_data' retrieved from /opt/airflow/dags/update_car_data_dag.py
[2025-09-08T01:06:25.477+0000] {logging_mixin.py:188} INFO - [2025-09-08T01:06:25.477+0000] {dag.py:3036} INFO - Sync 1 DAGs
[2025-09-08T01:06:25.492+0000] {logging_mixin.py:188} INFO - [2025-09-08T01:06:25.492+0000] {dag.py:3823} INFO - Setting next_dagrun for update_car_data to 2025-09-06 15:00:00+00:00, run_after=2025-09-07 15:00:00+00:00
[2025-09-08T01:06:25.501+0000] {processor.py:183} INFO - Processing /opt/airflow/dags/update_car_data_dag.py took 0.071 seconds
[2025-09-08T01:06:55.693+0000] {processor.py:161} INFO - Started process (PID=186) to work on /opt/airflow/dags/update_car_data_dag.py
[2025-09-08T01:06:55.694+0000] {processor.py:830} INFO - Processing file /opt/airflow/dags/update_car_data_dag.py for tasks to queue
[2025-09-08T01:06:55.694+0000] {logging_mixin.py:188} INFO - [2025-09-08T01:06:55.694+0000] {dagbag.py:538} INFO - Filling up the DagBag from /opt/airflow/dags/update_car_data_dag.py
[2025-09-08T01:06:55.707+0000] {processor.py:840} INFO - DAG(s) 'update_car_data' retrieved from /opt/airflow/dags/update_car_data_dag.py
[2025-09-08T01:06:55.730+0000] {logging_mixin.py:188} INFO - [2025-09-08T01:06:55.730+0000] {dag.py:3036} INFO - Sync 1 DAGs
[2025-09-08T01:06:55.744+0000] {logging_mixin.py:188} INFO - [2025-09-08T01:06:55.744+0000] {dag.py:3823} INFO - Setting next_dagrun for update_car_data to 2025-09-06 15:00:00+00:00, run_after=2025-09-07 15:00:00+00:00
[2025-09-08T01:06:55.752+0000] {processor.py:183} INFO - Processing /opt/airflow/dags/update_car_data_dag.py took 0.063 seconds
[2025-09-08T01:07:25.962+0000] {processor.py:161} INFO - Started process (PID=191) to work on /opt/airflow/dags/update_car_data_dag.py
[2025-09-08T01:07:25.962+0000] {processor.py:830} INFO - Processing file /opt/airflow/dags/update_car_data_dag.py for tasks to queue
[2025-09-08T01:07:25.963+0000] {logging_mixin.py:188} INFO - [2025-09-08T01:07:25.963+0000] {dagbag.py:538} INFO - Filling up the DagBag from /opt/airflow/dags/update_car_data_dag.py
[2025-09-08T01:07:25.973+0000] {processor.py:840} INFO - DAG(s) 'update_car_data' retrieved from /opt/airflow/dags/update_car_data_dag.py
[2025-09-08T01:07:25.991+0000] {logging_mixin.py:188} INFO - [2025-09-08T01:07:25.991+0000] {dag.py:3036} INFO - Sync 1 DAGs
[2025-09-08T01:07:26.003+0000] {logging_mixin.py:188} INFO - [2025-09-08T01:07:26.003+0000] {dag.py:3823} INFO - Setting next_dagrun for update_car_data to 2025-09-06 15:00:00+00:00, run_after=2025-09-07 15:00:00+00:00
[2025-09-08T01:07:26.011+0000] {processor.py:183} INFO - Processing /opt/airflow/dags/update_car_data_dag.py took 0.052 seconds
[2025-09-08T01:07:56.245+0000] {processor.py:161} INFO - Started process (PID=196) to work on /opt/airflow/dags/update_car_data_dag.py
[2025-09-08T01:07:56.246+0000] {processor.py:830} INFO - Processing file /opt/airflow/dags/update_car_data_dag.py for tasks to queue
[2025-09-08T01:07:56.247+0000] {logging_mixin.py:188} INFO - [2025-09-08T01:07:56.247+0000] {dagbag.py:538} INFO - Filling up the DagBag from /opt/airflow/dags/update_car_data_dag.py
[2025-09-08T01:07:56.261+0000] {processor.py:840} INFO - DAG(s) 'update_car_data' retrieved from /opt/airflow/dags/update_car_data_dag.py
[2025-09-08T01:07:56.283+0000] {logging_mixin.py:188} INFO - [2025-09-08T01:07:56.282+0000] {dag.py:3036} INFO - Sync 1 DAGs
[2025-09-08T01:07:56.296+0000] {logging_mixin.py:188} INFO - [2025-09-08T01:07:56.296+0000] {dag.py:3823} INFO - Setting next_dagrun for update_car_data to 2025-09-06 15:00:00+00:00, run_after=2025-09-07 15:00:00+00:00
[2025-09-08T01:07:56.305+0000] {processor.py:183} INFO - Processing /opt/airflow/dags/update_car_data_dag.py took 0.063 seconds
[2025-09-08T01:08:26.512+0000] {processor.py:161} INFO - Started process (PID=201) to work on /opt/airflow/dags/update_car_data_dag.py
[2025-09-08T01:08:26.513+0000] {processor.py:830} INFO - Processing file /opt/airflow/dags/update_car_data_dag.py for tasks to queue
[2025-09-08T01:08:26.514+0000] {logging_mixin.py:188} INFO - [2025-09-08T01:08:26.514+0000] {dagbag.py:538} INFO - Filling up the DagBag from /opt/airflow/dags/update_car_data_dag.py
[2025-09-08T01:08:26.529+0000] {processor.py:840} INFO - DAG(s) 'update_car_data' retrieved from /opt/airflow/dags/update_car_data_dag.py
[2025-09-08T01:08:26.552+0000] {logging_mixin.py:188} INFO - [2025-09-08T01:08:26.552+0000] {dag.py:3036} INFO - Sync 1 DAGs
[2025-09-08T01:08:26.566+0000] {logging_mixin.py:188} INFO - [2025-09-08T01:08:26.566+0000] {dag.py:3823} INFO - Setting next_dagrun for update_car_data to 2025-09-06 15:00:00+00:00, run_after=2025-09-07 15:00:00+00:00
[2025-09-08T01:08:26.574+0000] {processor.py:183} INFO - Processing /opt/airflow/dags/update_car_data_dag.py took 0.067 seconds
[2025-09-08T01:08:56.814+0000] {processor.py:161} INFO - Started process (PID=206) to work on /opt/airflow/dags/update_car_data_dag.py
[2025-09-08T01:08:56.815+0000] {processor.py:830} INFO - Processing file /opt/airflow/dags/update_car_data_dag.py for tasks to queue
[2025-09-08T01:08:56.816+0000] {logging_mixin.py:188} INFO - [2025-09-08T01:08:56.815+0000] {dagbag.py:538} INFO - Filling up the DagBag from /opt/airflow/dags/update_car_data_dag.py
[2025-09-08T01:08:56.831+0000] {processor.py:840} INFO - DAG(s) 'update_car_data' retrieved from /opt/airflow/dags/update_car_data_dag.py
[2025-09-08T01:08:56.857+0000] {logging_mixin.py:188} INFO - [2025-09-08T01:08:56.857+0000] {dag.py:3036} INFO - Sync 1 DAGs
[2025-09-08T01:08:56.871+0000] {logging_mixin.py:188} INFO - [2025-09-08T01:08:56.871+0000] {dag.py:3823} INFO - Setting next_dagrun for update_car_data to 2025-09-06 15:00:00+00:00, run_after=2025-09-07 15:00:00+00:00
[2025-09-08T01:08:56.879+0000] {processor.py:183} INFO - Processing /opt/airflow/dags/update_car_data_dag.py took 0.070 seconds
[2025-09-08T01:09:27.125+0000] {processor.py:161} INFO - Started process (PID=211) to work on /opt/airflow/dags/update_car_data_dag.py
[2025-09-08T01:09:27.126+0000] {processor.py:830} INFO - Processing file /opt/airflow/dags/update_car_data_dag.py for tasks to queue
[2025-09-08T01:09:27.127+0000] {logging_mixin.py:188} INFO - [2025-09-08T01:09:27.127+0000] {dagbag.py:538} INFO - Filling up the DagBag from /opt/airflow/dags/update_car_data_dag.py
[2025-09-08T01:09:27.141+0000] {processor.py:840} INFO - DAG(s) 'update_car_data' retrieved from /opt/airflow/dags/update_car_data_dag.py
[2025-09-08T01:09:27.173+0000] {logging_mixin.py:188} INFO - [2025-09-08T01:09:27.173+0000] {dag.py:3036} INFO - Sync 1 DAGs
[2025-09-08T01:09:27.189+0000] {logging_mixin.py:188} INFO - [2025-09-08T01:09:27.189+0000] {dag.py:3823} INFO - Setting next_dagrun for update_car_data to 2025-09-06 15:00:00+00:00, run_after=2025-09-07 15:00:00+00:00
[2025-09-08T01:09:27.198+0000] {processor.py:183} INFO - Processing /opt/airflow/dags/update_car_data_dag.py took 0.076 seconds
[2025-09-08T01:09:57.482+0000] {processor.py:161} INFO - Started process (PID=216) to work on /opt/airflow/dags/update_car_data_dag.py
[2025-09-08T01:09:57.483+0000] {processor.py:830} INFO - Processing file /opt/airflow/dags/update_car_data_dag.py for tasks to queue
[2025-09-08T01:09:57.484+0000] {logging_mixin.py:188} INFO - [2025-09-08T01:09:57.483+0000] {dagbag.py:538} INFO - Filling up the DagBag from /opt/airflow/dags/update_car_data_dag.py
[2025-09-08T01:09:57.501+0000] {processor.py:840} INFO - DAG(s) 'update_car_data' retrieved from /opt/airflow/dags/update_car_data_dag.py
[2025-09-08T01:09:57.532+0000] {logging_mixin.py:188} INFO - [2025-09-08T01:09:57.532+0000] {dag.py:3036} INFO - Sync 1 DAGs
[2025-09-08T01:09:57.548+0000] {logging_mixin.py:188} INFO - [2025-09-08T01:09:57.548+0000] {dag.py:3823} INFO - Setting next_dagrun for update_car_data to 2025-09-06 15:00:00+00:00, run_after=2025-09-07 15:00:00+00:00
[2025-09-08T01:09:57.559+0000] {processor.py:183} INFO - Processing /opt/airflow/dags/update_car_data_dag.py took 0.083 seconds
[2025-09-08T01:10:27.814+0000] {processor.py:161} INFO - Started process (PID=221) to work on /opt/airflow/dags/update_car_data_dag.py
[2025-09-08T01:10:27.815+0000] {processor.py:830} INFO - Processing file /opt/airflow/dags/update_car_data_dag.py for tasks to queue
[2025-09-08T01:10:27.816+0000] {logging_mixin.py:188} INFO - [2025-09-08T01:10:27.815+0000] {dagbag.py:538} INFO - Filling up the DagBag from /opt/airflow/dags/update_car_data_dag.py
[2025-09-08T01:10:27.832+0000] {processor.py:840} INFO - DAG(s) 'update_car_data' retrieved from /opt/airflow/dags/update_car_data_dag.py
[2025-09-08T01:10:27.858+0000] {logging_mixin.py:188} INFO - [2025-09-08T01:10:27.858+0000] {dag.py:3036} INFO - Sync 1 DAGs
[2025-09-08T01:10:27.874+0000] {logging_mixin.py:188} INFO - [2025-09-08T01:10:27.874+0000] {dag.py:3823} INFO - Setting next_dagrun for update_car_data to 2025-09-06 15:00:00+00:00, run_after=2025-09-07 15:00:00+00:00
[2025-09-08T01:10:27.882+0000] {processor.py:183} INFO - Processing /opt/airflow/dags/update_car_data_dag.py took 0.073 seconds
[2025-09-08T01:10:58.223+0000] {processor.py:161} INFO - Started process (PID=226) to work on /opt/airflow/dags/update_car_data_dag.py
[2025-09-08T01:10:58.224+0000] {processor.py:830} INFO - Processing file /opt/airflow/dags/update_car_data_dag.py for tasks to queue
[2025-09-08T01:10:58.225+0000] {logging_mixin.py:188} INFO - [2025-09-08T01:10:58.224+0000] {dagbag.py:538} INFO - Filling up the DagBag from /opt/airflow/dags/update_car_data_dag.py
[2025-09-08T01:10:58.244+0000] {processor.py:840} INFO - DAG(s) 'update_car_data' retrieved from /opt/airflow/dags/update_car_data_dag.py
[2025-09-08T01:10:58.275+0000] {logging_mixin.py:188} INFO - [2025-09-08T01:10:58.274+0000] {dag.py:3036} INFO - Sync 1 DAGs
[2025-09-08T01:10:58.291+0000] {logging_mixin.py:188} INFO - [2025-09-08T01:10:58.291+0000] {dag.py:3823} INFO - Setting next_dagrun for update_car_data to 2025-09-06 15:00:00+00:00, run_after=2025-09-07 15:00:00+00:00
[2025-09-08T01:10:58.300+0000] {processor.py:183} INFO - Processing /opt/airflow/dags/update_car_data_dag.py took 0.086 seconds
[2025-09-08T01:11:28.624+0000] {processor.py:161} INFO - Started process (PID=231) to work on /opt/airflow/dags/update_car_data_dag.py
[2025-09-08T01:11:28.625+0000] {processor.py:830} INFO - Processing file /opt/airflow/dags/update_car_data_dag.py for tasks to queue
[2025-09-08T01:11:28.626+0000] {logging_mixin.py:188} INFO - [2025-09-08T01:11:28.625+0000] {dagbag.py:538} INFO - Filling up the DagBag from /opt/airflow/dags/update_car_data_dag.py
[2025-09-08T01:11:28.640+0000] {processor.py:840} INFO - DAG(s) 'update_car_data' retrieved from /opt/airflow/dags/update_car_data_dag.py
[2025-09-08T01:11:28.676+0000] {logging_mixin.py:188} INFO - [2025-09-08T01:11:28.676+0000] {dag.py:3036} INFO - Sync 1 DAGs
[2025-09-08T01:11:28.693+0000] {logging_mixin.py:188} INFO - [2025-09-08T01:11:28.693+0000] {dag.py:3823} INFO - Setting next_dagrun for update_car_data to 2025-09-06 15:00:00+00:00, run_after=2025-09-07 15:00:00+00:00
[2025-09-08T01:11:28.702+0000] {processor.py:183} INFO - Processing /opt/airflow/dags/update_car_data_dag.py took 0.085 seconds
[2025-09-08T01:11:58.993+0000] {processor.py:161} INFO - Started process (PID=236) to work on /opt/airflow/dags/update_car_data_dag.py
[2025-09-08T01:11:58.994+0000] {processor.py:830} INFO - Processing file /opt/airflow/dags/update_car_data_dag.py for tasks to queue
[2025-09-08T01:11:58.996+0000] {logging_mixin.py:188} INFO - [2025-09-08T01:11:58.995+0000] {dagbag.py:538} INFO - Filling up the DagBag from /opt/airflow/dags/update_car_data_dag.py
[2025-09-08T01:11:59.020+0000] {processor.py:840} INFO - DAG(s) 'update_car_data' retrieved from /opt/airflow/dags/update_car_data_dag.py
[2025-09-08T01:11:59.049+0000] {logging_mixin.py:188} INFO - [2025-09-08T01:11:59.049+0000] {dag.py:3036} INFO - Sync 1 DAGs
[2025-09-08T01:11:59.063+0000] {logging_mixin.py:188} INFO - [2025-09-08T01:11:59.063+0000] {dag.py:3823} INFO - Setting next_dagrun for update_car_data to 2025-09-06 15:00:00+00:00, run_after=2025-09-07 15:00:00+00:00
[2025-09-08T01:11:59.071+0000] {processor.py:183} INFO - Processing /opt/airflow/dags/update_car_data_dag.py took 0.083 seconds
[2025-09-08T01:12:29.315+0000] {processor.py:161} INFO - Started process (PID=241) to work on /opt/airflow/dags/update_car_data_dag.py
[2025-09-08T01:12:29.316+0000] {processor.py:830} INFO - Processing file /opt/airflow/dags/update_car_data_dag.py for tasks to queue
[2025-09-08T01:12:29.320+0000] {logging_mixin.py:188} INFO - [2025-09-08T01:12:29.317+0000] {dagbag.py:538} INFO - Filling up the DagBag from /opt/airflow/dags/update_car_data_dag.py
[2025-09-08T01:12:29.341+0000] {processor.py:840} INFO - DAG(s) 'update_car_data' retrieved from /opt/airflow/dags/update_car_data_dag.py
[2025-09-08T01:12:29.367+0000] {logging_mixin.py:188} INFO - [2025-09-08T01:12:29.367+0000] {dag.py:3036} INFO - Sync 1 DAGs
[2025-09-08T01:12:29.381+0000] {logging_mixin.py:188} INFO - [2025-09-08T01:12:29.381+0000] {dag.py:3823} INFO - Setting next_dagrun for update_car_data to 2025-09-06 15:00:00+00:00, run_after=2025-09-07 15:00:00+00:00
[2025-09-08T01:12:29.390+0000] {processor.py:183} INFO - Processing /opt/airflow/dags/update_car_data_dag.py took 0.082 seconds
[2025-09-08T01:12:59.693+0000] {processor.py:161} INFO - Started process (PID=246) to work on /opt/airflow/dags/update_car_data_dag.py
[2025-09-08T01:12:59.694+0000] {processor.py:830} INFO - Processing file /opt/airflow/dags/update_car_data_dag.py for tasks to queue
[2025-09-08T01:12:59.694+0000] {logging_mixin.py:188} INFO - [2025-09-08T01:12:59.694+0000] {dagbag.py:538} INFO - Filling up the DagBag from /opt/airflow/dags/update_car_data_dag.py
[2025-09-08T01:12:59.711+0000] {processor.py:840} INFO - DAG(s) 'update_car_data' retrieved from /opt/airflow/dags/update_car_data_dag.py
[2025-09-08T01:12:59.739+0000] {logging_mixin.py:188} INFO - [2025-09-08T01:12:59.739+0000] {dag.py:3036} INFO - Sync 1 DAGs
[2025-09-08T01:12:59.753+0000] {logging_mixin.py:188} INFO - [2025-09-08T01:12:59.753+0000] {dag.py:3823} INFO - Setting next_dagrun for update_car_data to 2025-09-06 15:00:00+00:00, run_after=2025-09-07 15:00:00+00:00
[2025-09-08T01:12:59.762+0000] {processor.py:183} INFO - Processing /opt/airflow/dags/update_car_data_dag.py took 0.074 seconds
[2025-09-08T01:13:30.092+0000] {processor.py:161} INFO - Started process (PID=251) to work on /opt/airflow/dags/update_car_data_dag.py
[2025-09-08T01:13:30.093+0000] {processor.py:830} INFO - Processing file /opt/airflow/dags/update_car_data_dag.py for tasks to queue
[2025-09-08T01:13:30.094+0000] {logging_mixin.py:188} INFO - [2025-09-08T01:13:30.093+0000] {dagbag.py:538} INFO - Filling up the DagBag from /opt/airflow/dags/update_car_data_dag.py
[2025-09-08T01:13:30.109+0000] {processor.py:840} INFO - DAG(s) 'update_car_data' retrieved from /opt/airflow/dags/update_car_data_dag.py
[2025-09-08T01:13:30.143+0000] {logging_mixin.py:188} INFO - [2025-09-08T01:13:30.143+0000] {dag.py:3036} INFO - Sync 1 DAGs
[2025-09-08T01:13:30.161+0000] {logging_mixin.py:188} INFO - [2025-09-08T01:13:30.161+0000] {dag.py:3823} INFO - Setting next_dagrun for update_car_data to 2025-09-06 15:00:00+00:00, run_after=2025-09-07 15:00:00+00:00
[2025-09-08T01:13:30.172+0000] {processor.py:183} INFO - Processing /opt/airflow/dags/update_car_data_dag.py took 0.085 seconds
[2025-09-08T01:14:00.452+0000] {processor.py:161} INFO - Started process (PID=256) to work on /opt/airflow/dags/update_car_data_dag.py
[2025-09-08T01:14:00.454+0000] {processor.py:830} INFO - Processing file /opt/airflow/dags/update_car_data_dag.py for tasks to queue
[2025-09-08T01:14:00.455+0000] {logging_mixin.py:188} INFO - [2025-09-08T01:14:00.454+0000] {dagbag.py:538} INFO - Filling up the DagBag from /opt/airflow/dags/update_car_data_dag.py
[2025-09-08T01:14:00.472+0000] {processor.py:840} INFO - DAG(s) 'update_car_data' retrieved from /opt/airflow/dags/update_car_data_dag.py
[2025-09-08T01:14:00.500+0000] {logging_mixin.py:188} INFO - [2025-09-08T01:14:00.499+0000] {dag.py:3036} INFO - Sync 1 DAGs
[2025-09-08T01:14:00.516+0000] {logging_mixin.py:188} INFO - [2025-09-08T01:14:00.516+0000] {dag.py:3823} INFO - Setting next_dagrun for update_car_data to 2025-09-06 15:00:00+00:00, run_after=2025-09-07 15:00:00+00:00
[2025-09-08T01:14:00.524+0000] {processor.py:183} INFO - Processing /opt/airflow/dags/update_car_data_dag.py took 0.078 seconds
[2025-09-08T01:14:30.796+0000] {processor.py:161} INFO - Started process (PID=261) to work on /opt/airflow/dags/update_car_data_dag.py
[2025-09-08T01:14:30.797+0000] {processor.py:830} INFO - Processing file /opt/airflow/dags/update_car_data_dag.py for tasks to queue
[2025-09-08T01:14:30.798+0000] {logging_mixin.py:188} INFO - [2025-09-08T01:14:30.798+0000] {dagbag.py:538} INFO - Filling up the DagBag from /opt/airflow/dags/update_car_data_dag.py
[2025-09-08T01:14:30.814+0000] {processor.py:840} INFO - DAG(s) 'update_car_data' retrieved from /opt/airflow/dags/update_car_data_dag.py
[2025-09-08T01:14:30.841+0000] {logging_mixin.py:188} INFO - [2025-09-08T01:14:30.841+0000] {dag.py:3036} INFO - Sync 1 DAGs
[2025-09-08T01:14:30.856+0000] {logging_mixin.py:188} INFO - [2025-09-08T01:14:30.856+0000] {dag.py:3823} INFO - Setting next_dagrun for update_car_data to 2025-09-06 15:00:00+00:00, run_after=2025-09-07 15:00:00+00:00
[2025-09-08T01:14:30.865+0000] {processor.py:183} INFO - Processing /opt/airflow/dags/update_car_data_dag.py took 0.073 seconds
[2025-09-08T01:15:01.196+0000] {processor.py:161} INFO - Started process (PID=266) to work on /opt/airflow/dags/update_car_data_dag.py
[2025-09-08T01:15:01.197+0000] {processor.py:830} INFO - Processing file /opt/airflow/dags/update_car_data_dag.py for tasks to queue
[2025-09-08T01:15:01.197+0000] {logging_mixin.py:188} INFO - [2025-09-08T01:15:01.197+0000] {dagbag.py:538} INFO - Filling up the DagBag from /opt/airflow/dags/update_car_data_dag.py
[2025-09-08T01:15:01.215+0000] {processor.py:840} INFO - DAG(s) 'update_car_data' retrieved from /opt/airflow/dags/update_car_data_dag.py
[2025-09-08T01:15:01.251+0000] {logging_mixin.py:188} INFO - [2025-09-08T01:15:01.251+0000] {dag.py:3036} INFO - Sync 1 DAGs
[2025-09-08T01:15:01.270+0000] {logging_mixin.py:188} INFO - [2025-09-08T01:15:01.270+0000] {dag.py:3823} INFO - Setting next_dagrun for update_car_data to 2025-09-06 15:00:00+00:00, run_after=2025-09-07 15:00:00+00:00
[2025-09-08T01:15:01.280+0000] {processor.py:183} INFO - Processing /opt/airflow/dags/update_car_data_dag.py took 0.093 seconds
[2025-09-08T01:15:31.560+0000] {processor.py:161} INFO - Started process (PID=271) to work on /opt/airflow/dags/update_car_data_dag.py
[2025-09-08T01:15:31.562+0000] {processor.py:830} INFO - Processing file /opt/airflow/dags/update_car_data_dag.py for tasks to queue
[2025-09-08T01:15:31.563+0000] {logging_mixin.py:188} INFO - [2025-09-08T01:15:31.562+0000] {dagbag.py:538} INFO - Filling up the DagBag from /opt/airflow/dags/update_car_data_dag.py
[2025-09-08T01:15:31.583+0000] {processor.py:840} INFO - DAG(s) 'update_car_data' retrieved from /opt/airflow/dags/update_car_data_dag.py
[2025-09-08T01:15:31.615+0000] {logging_mixin.py:188} INFO - [2025-09-08T01:15:31.615+0000] {dag.py:3036} INFO - Sync 1 DAGs
[2025-09-08T01:15:31.634+0000] {logging_mixin.py:188} INFO - [2025-09-08T01:15:31.634+0000] {dag.py:3823} INFO - Setting next_dagrun for update_car_data to 2025-09-06 15:00:00+00:00, run_after=2025-09-07 15:00:00+00:00
[2025-09-08T01:15:31.644+0000] {processor.py:183} INFO - Processing /opt/airflow/dags/update_car_data_dag.py took 0.091 seconds
[2025-09-08T01:16:01.951+0000] {processor.py:161} INFO - Started process (PID=276) to work on /opt/airflow/dags/update_car_data_dag.py
[2025-09-08T01:16:01.953+0000] {processor.py:830} INFO - Processing file /opt/airflow/dags/update_car_data_dag.py for tasks to queue
[2025-09-08T01:16:01.954+0000] {logging_mixin.py:188} INFO - [2025-09-08T01:16:01.953+0000] {dagbag.py:538} INFO - Filling up the DagBag from /opt/airflow/dags/update_car_data_dag.py
[2025-09-08T01:16:01.972+0000] {processor.py:840} INFO - DAG(s) 'update_car_data' retrieved from /opt/airflow/dags/update_car_data_dag.py
[2025-09-08T01:16:02.003+0000] {logging_mixin.py:188} INFO - [2025-09-08T01:16:02.003+0000] {dag.py:3036} INFO - Sync 1 DAGs
[2025-09-08T01:16:02.020+0000] {logging_mixin.py:188} INFO - [2025-09-08T01:16:02.020+0000] {dag.py:3823} INFO - Setting next_dagrun for update_car_data to 2025-09-06 15:00:00+00:00, run_after=2025-09-07 15:00:00+00:00
[2025-09-08T01:16:02.029+0000] {processor.py:183} INFO - Processing /opt/airflow/dags/update_car_data_dag.py took 0.084 seconds
[2025-09-08T01:16:32.325+0000] {processor.py:161} INFO - Started process (PID=281) to work on /opt/airflow/dags/update_car_data_dag.py
[2025-09-08T01:16:32.326+0000] {processor.py:830} INFO - Processing file /opt/airflow/dags/update_car_data_dag.py for tasks to queue
[2025-09-08T01:16:32.327+0000] {logging_mixin.py:188} INFO - [2025-09-08T01:16:32.326+0000] {dagbag.py:538} INFO - Filling up the DagBag from /opt/airflow/dags/update_car_data_dag.py
[2025-09-08T01:16:32.340+0000] {processor.py:840} INFO - DAG(s) 'update_car_data' retrieved from /opt/airflow/dags/update_car_data_dag.py
[2025-09-08T01:16:32.365+0000] {logging_mixin.py:188} INFO - [2025-09-08T01:16:32.365+0000] {dag.py:3036} INFO - Sync 1 DAGs
[2025-09-08T01:16:32.379+0000] {logging_mixin.py:188} INFO - [2025-09-08T01:16:32.379+0000] {dag.py:3823} INFO - Setting next_dagrun for update_car_data to 2025-09-06 15:00:00+00:00, run_after=2025-09-07 15:00:00+00:00
[2025-09-08T01:16:32.387+0000] {processor.py:183} INFO - Processing /opt/airflow/dags/update_car_data_dag.py took 0.067 seconds
[2025-09-08T01:17:02.686+0000] {processor.py:161} INFO - Started process (PID=286) to work on /opt/airflow/dags/update_car_data_dag.py
[2025-09-08T01:17:02.687+0000] {processor.py:830} INFO - Processing file /opt/airflow/dags/update_car_data_dag.py for tasks to queue
[2025-09-08T01:17:02.688+0000] {logging_mixin.py:188} INFO - [2025-09-08T01:17:02.688+0000] {dagbag.py:538} INFO - Filling up the DagBag from /opt/airflow/dags/update_car_data_dag.py
[2025-09-08T01:17:02.722+0000] {processor.py:840} INFO - DAG(s) 'update_car_data' retrieved from /opt/airflow/dags/update_car_data_dag.py
[2025-09-08T01:17:02.748+0000] {logging_mixin.py:188} INFO - [2025-09-08T01:17:02.748+0000] {dag.py:3036} INFO - Sync 1 DAGs
[2025-09-08T01:17:02.765+0000] {logging_mixin.py:188} INFO - [2025-09-08T01:17:02.765+0000] {dag.py:3823} INFO - Setting next_dagrun for update_car_data to 2025-09-06 15:00:00+00:00, run_after=2025-09-07 15:00:00+00:00
[2025-09-08T01:17:02.773+0000] {processor.py:183} INFO - Processing /opt/airflow/dags/update_car_data_dag.py took 0.093 seconds
[2025-09-08T01:17:33.026+0000] {processor.py:161} INFO - Started process (PID=291) to work on /opt/airflow/dags/update_car_data_dag.py
[2025-09-08T01:17:33.027+0000] {processor.py:830} INFO - Processing file /opt/airflow/dags/update_car_data_dag.py for tasks to queue
[2025-09-08T01:17:33.029+0000] {logging_mixin.py:188} INFO - [2025-09-08T01:17:33.028+0000] {dagbag.py:538} INFO - Filling up the DagBag from /opt/airflow/dags/update_car_data_dag.py
[2025-09-08T01:17:33.048+0000] {processor.py:840} INFO - DAG(s) 'update_car_data' retrieved from /opt/airflow/dags/update_car_data_dag.py
[2025-09-08T01:17:33.077+0000] {logging_mixin.py:188} INFO - [2025-09-08T01:17:33.077+0000] {dag.py:3036} INFO - Sync 1 DAGs
[2025-09-08T01:17:33.092+0000] {logging_mixin.py:188} INFO - [2025-09-08T01:17:33.092+0000] {dag.py:3823} INFO - Setting next_dagrun for update_car_data to 2025-09-06 15:00:00+00:00, run_after=2025-09-07 15:00:00+00:00
[2025-09-08T01:17:33.101+0000] {processor.py:183} INFO - Processing /opt/airflow/dags/update_car_data_dag.py took 0.082 seconds
[2025-09-08T01:18:03.398+0000] {processor.py:161} INFO - Started process (PID=296) to work on /opt/airflow/dags/update_car_data_dag.py
[2025-09-08T01:18:03.399+0000] {processor.py:830} INFO - Processing file /opt/airflow/dags/update_car_data_dag.py for tasks to queue
[2025-09-08T01:18:03.401+0000] {logging_mixin.py:188} INFO - [2025-09-08T01:18:03.400+0000] {dagbag.py:538} INFO - Filling up the DagBag from /opt/airflow/dags/update_car_data_dag.py
[2025-09-08T01:18:03.421+0000] {processor.py:840} INFO - DAG(s) 'update_car_data' retrieved from /opt/airflow/dags/update_car_data_dag.py
[2025-09-08T01:18:03.453+0000] {logging_mixin.py:188} INFO - [2025-09-08T01:18:03.452+0000] {dag.py:3036} INFO - Sync 1 DAGs
[2025-09-08T01:18:03.467+0000] {logging_mixin.py:188} INFO - [2025-09-08T01:18:03.467+0000] {dag.py:3823} INFO - Setting next_dagrun for update_car_data to 2025-09-06 15:00:00+00:00, run_after=2025-09-07 15:00:00+00:00
[2025-09-08T01:18:03.475+0000] {processor.py:183} INFO - Processing /opt/airflow/dags/update_car_data_dag.py took 0.085 seconds
[2025-09-08T01:18:33.780+0000] {processor.py:161} INFO - Started process (PID=301) to work on /opt/airflow/dags/update_car_data_dag.py
[2025-09-08T01:18:33.781+0000] {processor.py:830} INFO - Processing file /opt/airflow/dags/update_car_data_dag.py for tasks to queue
[2025-09-08T01:18:33.781+0000] {logging_mixin.py:188} INFO - [2025-09-08T01:18:33.781+0000] {dagbag.py:538} INFO - Filling up the DagBag from /opt/airflow/dags/update_car_data_dag.py
[2025-09-08T01:18:33.798+0000] {processor.py:840} INFO - DAG(s) 'update_car_data' retrieved from /opt/airflow/dags/update_car_data_dag.py
[2025-09-08T01:18:33.825+0000] {logging_mixin.py:188} INFO - [2025-09-08T01:18:33.825+0000] {dag.py:3036} INFO - Sync 1 DAGs
[2025-09-08T01:18:33.841+0000] {logging_mixin.py:188} INFO - [2025-09-08T01:18:33.841+0000] {dag.py:3823} INFO - Setting next_dagrun for update_car_data to 2025-09-06 15:00:00+00:00, run_after=2025-09-07 15:00:00+00:00
[2025-09-08T01:18:33.850+0000] {processor.py:183} INFO - Processing /opt/airflow/dags/update_car_data_dag.py took 0.074 seconds
[2025-09-08T01:19:04.079+0000] {processor.py:161} INFO - Started process (PID=306) to work on /opt/airflow/dags/update_car_data_dag.py
[2025-09-08T01:19:04.080+0000] {processor.py:830} INFO - Processing file /opt/airflow/dags/update_car_data_dag.py for tasks to queue
[2025-09-08T01:19:04.082+0000] {logging_mixin.py:188} INFO - [2025-09-08T01:19:04.081+0000] {dagbag.py:538} INFO - Filling up the DagBag from /opt/airflow/dags/update_car_data_dag.py
[2025-09-08T01:19:04.104+0000] {processor.py:840} INFO - DAG(s) 'update_car_data' retrieved from /opt/airflow/dags/update_car_data_dag.py
[2025-09-08T01:19:04.133+0000] {logging_mixin.py:188} INFO - [2025-09-08T01:19:04.133+0000] {dag.py:3036} INFO - Sync 1 DAGs
[2025-09-08T01:19:04.150+0000] {logging_mixin.py:188} INFO - [2025-09-08T01:19:04.150+0000] {dag.py:3823} INFO - Setting next_dagrun for update_car_data to 2025-09-06 15:00:00+00:00, run_after=2025-09-07 15:00:00+00:00
[2025-09-08T01:19:04.160+0000] {processor.py:183} INFO - Processing /opt/airflow/dags/update_car_data_dag.py took 0.086 seconds
[2025-09-08T01:19:34.467+0000] {processor.py:161} INFO - Started process (PID=311) to work on /opt/airflow/dags/update_car_data_dag.py
[2025-09-08T01:19:34.468+0000] {processor.py:830} INFO - Processing file /opt/airflow/dags/update_car_data_dag.py for tasks to queue
[2025-09-08T01:19:34.469+0000] {logging_mixin.py:188} INFO - [2025-09-08T01:19:34.469+0000] {dagbag.py:538} INFO - Filling up the DagBag from /opt/airflow/dags/update_car_data_dag.py
[2025-09-08T01:19:34.490+0000] {processor.py:840} INFO - DAG(s) 'update_car_data' retrieved from /opt/airflow/dags/update_car_data_dag.py
[2025-09-08T01:19:34.524+0000] {logging_mixin.py:188} INFO - [2025-09-08T01:19:34.523+0000] {dag.py:3036} INFO - Sync 1 DAGs
[2025-09-08T01:19:34.538+0000] {logging_mixin.py:188} INFO - [2025-09-08T01:19:34.538+0000] {dag.py:3823} INFO - Setting next_dagrun for update_car_data to 2025-09-06 15:00:00+00:00, run_after=2025-09-07 15:00:00+00:00
[2025-09-08T01:19:34.547+0000] {processor.py:183} INFO - Processing /opt/airflow/dags/update_car_data_dag.py took 0.088 seconds
[2025-09-08T01:20:04.801+0000] {processor.py:161} INFO - Started process (PID=316) to work on /opt/airflow/dags/update_car_data_dag.py
[2025-09-08T01:20:04.802+0000] {processor.py:830} INFO - Processing file /opt/airflow/dags/update_car_data_dag.py for tasks to queue
[2025-09-08T01:20:04.803+0000] {logging_mixin.py:188} INFO - [2025-09-08T01:20:04.802+0000] {dagbag.py:538} INFO - Filling up the DagBag from /opt/airflow/dags/update_car_data_dag.py
[2025-09-08T01:20:04.824+0000] {processor.py:840} INFO - DAG(s) 'update_car_data' retrieved from /opt/airflow/dags/update_car_data_dag.py
[2025-09-08T01:20:04.861+0000] {logging_mixin.py:188} INFO - [2025-09-08T01:20:04.860+0000] {dag.py:3036} INFO - Sync 1 DAGs
[2025-09-08T01:20:04.876+0000] {logging_mixin.py:188} INFO - [2025-09-08T01:20:04.876+0000] {dag.py:3823} INFO - Setting next_dagrun for update_car_data to 2025-09-06 15:00:00+00:00, run_after=2025-09-07 15:00:00+00:00
[2025-09-08T01:20:04.885+0000] {processor.py:183} INFO - Processing /opt/airflow/dags/update_car_data_dag.py took 0.090 seconds
[2025-09-08T01:20:35.166+0000] {processor.py:161} INFO - Started process (PID=321) to work on /opt/airflow/dags/update_car_data_dag.py
[2025-09-08T01:20:35.167+0000] {processor.py:830} INFO - Processing file /opt/airflow/dags/update_car_data_dag.py for tasks to queue
[2025-09-08T01:20:35.167+0000] {logging_mixin.py:188} INFO - [2025-09-08T01:20:35.167+0000] {dagbag.py:538} INFO - Filling up the DagBag from /opt/airflow/dags/update_car_data_dag.py
[2025-09-08T01:20:35.182+0000] {processor.py:840} INFO - DAG(s) 'update_car_data' retrieved from /opt/airflow/dags/update_car_data_dag.py
[2025-09-08T01:20:35.218+0000] {logging_mixin.py:188} INFO - [2025-09-08T01:20:35.218+0000] {dag.py:3036} INFO - Sync 1 DAGs
[2025-09-08T01:20:35.236+0000] {logging_mixin.py:188} INFO - [2025-09-08T01:20:35.236+0000] {dag.py:3823} INFO - Setting next_dagrun for update_car_data to 2025-09-06 15:00:00+00:00, run_after=2025-09-07 15:00:00+00:00
[2025-09-08T01:20:35.245+0000] {processor.py:183} INFO - Processing /opt/airflow/dags/update_car_data_dag.py took 0.086 seconds
[2025-09-08T01:21:05.541+0000] {processor.py:161} INFO - Started process (PID=326) to work on /opt/airflow/dags/update_car_data_dag.py
[2025-09-08T01:21:05.542+0000] {processor.py:830} INFO - Processing file /opt/airflow/dags/update_car_data_dag.py for tasks to queue
[2025-09-08T01:21:05.543+0000] {logging_mixin.py:188} INFO - [2025-09-08T01:21:05.543+0000] {dagbag.py:538} INFO - Filling up the DagBag from /opt/airflow/dags/update_car_data_dag.py
[2025-09-08T01:21:05.558+0000] {processor.py:840} INFO - DAG(s) 'update_car_data' retrieved from /opt/airflow/dags/update_car_data_dag.py
[2025-09-08T01:21:05.586+0000] {logging_mixin.py:188} INFO - [2025-09-08T01:21:05.586+0000] {dag.py:3036} INFO - Sync 1 DAGs
[2025-09-08T01:21:05.600+0000] {logging_mixin.py:188} INFO - [2025-09-08T01:21:05.600+0000] {dag.py:3823} INFO - Setting next_dagrun for update_car_data to 2025-09-06 15:00:00+00:00, run_after=2025-09-07 15:00:00+00:00
[2025-09-08T01:21:05.609+0000] {processor.py:183} INFO - Processing /opt/airflow/dags/update_car_data_dag.py took 0.072 seconds
[2025-09-08T01:21:35.854+0000] {processor.py:161} INFO - Started process (PID=331) to work on /opt/airflow/dags/update_car_data_dag.py
[2025-09-08T01:21:35.855+0000] {processor.py:830} INFO - Processing file /opt/airflow/dags/update_car_data_dag.py for tasks to queue
[2025-09-08T01:21:35.856+0000] {logging_mixin.py:188} INFO - [2025-09-08T01:21:35.855+0000] {dagbag.py:538} INFO - Filling up the DagBag from /opt/airflow/dags/update_car_data_dag.py
[2025-09-08T01:21:35.878+0000] {processor.py:840} INFO - DAG(s) 'update_car_data' retrieved from /opt/airflow/dags/update_car_data_dag.py
[2025-09-08T01:21:35.909+0000] {logging_mixin.py:188} INFO - [2025-09-08T01:21:35.908+0000] {dag.py:3036} INFO - Sync 1 DAGs
[2025-09-08T01:21:35.933+0000] {logging_mixin.py:188} INFO - [2025-09-08T01:21:35.933+0000] {dag.py:3823} INFO - Setting next_dagrun for update_car_data to 2025-09-06 15:00:00+00:00, run_after=2025-09-07 15:00:00+00:00
[2025-09-08T01:21:35.942+0000] {processor.py:183} INFO - Processing /opt/airflow/dags/update_car_data_dag.py took 0.095 seconds
[2025-09-08T01:22:06.152+0000] {processor.py:161} INFO - Started process (PID=336) to work on /opt/airflow/dags/update_car_data_dag.py
[2025-09-08T01:22:06.153+0000] {processor.py:830} INFO - Processing file /opt/airflow/dags/update_car_data_dag.py for tasks to queue
[2025-09-08T01:22:06.153+0000] {logging_mixin.py:188} INFO - [2025-09-08T01:22:06.153+0000] {dagbag.py:538} INFO - Filling up the DagBag from /opt/airflow/dags/update_car_data_dag.py
[2025-09-08T01:22:06.165+0000] {processor.py:840} INFO - DAG(s) 'update_car_data' retrieved from /opt/airflow/dags/update_car_data_dag.py
[2025-09-08T01:22:06.187+0000] {logging_mixin.py:188} INFO - [2025-09-08T01:22:06.187+0000] {dag.py:3036} INFO - Sync 1 DAGs
[2025-09-08T01:22:06.199+0000] {logging_mixin.py:188} INFO - [2025-09-08T01:22:06.199+0000] {dag.py:3823} INFO - Setting next_dagrun for update_car_data to 2025-09-06 15:00:00+00:00, run_after=2025-09-07 15:00:00+00:00
[2025-09-08T01:22:06.206+0000] {processor.py:183} INFO - Processing /opt/airflow/dags/update_car_data_dag.py took 0.058 seconds
[2025-09-08T01:22:36.491+0000] {processor.py:161} INFO - Started process (PID=341) to work on /opt/airflow/dags/update_car_data_dag.py
[2025-09-08T01:22:36.491+0000] {processor.py:830} INFO - Processing file /opt/airflow/dags/update_car_data_dag.py for tasks to queue
[2025-09-08T01:22:36.492+0000] {logging_mixin.py:188} INFO - [2025-09-08T01:22:36.492+0000] {dagbag.py:538} INFO - Filling up the DagBag from /opt/airflow/dags/update_car_data_dag.py
[2025-09-08T01:22:36.502+0000] {processor.py:840} INFO - DAG(s) 'update_car_data' retrieved from /opt/airflow/dags/update_car_data_dag.py
[2025-09-08T01:22:36.520+0000] {logging_mixin.py:188} INFO - [2025-09-08T01:22:36.520+0000] {dag.py:3036} INFO - Sync 1 DAGs
[2025-09-08T01:22:36.532+0000] {logging_mixin.py:188} INFO - [2025-09-08T01:22:36.532+0000] {dag.py:3823} INFO - Setting next_dagrun for update_car_data to 2025-09-06 15:00:00+00:00, run_after=2025-09-07 15:00:00+00:00
[2025-09-08T01:22:36.540+0000] {processor.py:183} INFO - Processing /opt/airflow/dags/update_car_data_dag.py took 0.052 seconds
[2025-09-08T01:23:06.828+0000] {processor.py:161} INFO - Started process (PID=346) to work on /opt/airflow/dags/update_car_data_dag.py
[2025-09-08T01:23:06.829+0000] {processor.py:830} INFO - Processing file /opt/airflow/dags/update_car_data_dag.py for tasks to queue
[2025-09-08T01:23:06.830+0000] {logging_mixin.py:188} INFO - [2025-09-08T01:23:06.830+0000] {dagbag.py:538} INFO - Filling up the DagBag from /opt/airflow/dags/update_car_data_dag.py
[2025-09-08T01:23:06.849+0000] {processor.py:840} INFO - DAG(s) 'update_car_data' retrieved from /opt/airflow/dags/update_car_data_dag.py
[2025-09-08T01:23:06.875+0000] {logging_mixin.py:188} INFO - [2025-09-08T01:23:06.875+0000] {dag.py:3036} INFO - Sync 1 DAGs
[2025-09-08T01:23:06.889+0000] {logging_mixin.py:188} INFO - [2025-09-08T01:23:06.888+0000] {dag.py:3823} INFO - Setting next_dagrun for update_car_data to 2025-09-06 15:00:00+00:00, run_after=2025-09-07 15:00:00+00:00
[2025-09-08T01:23:06.897+0000] {processor.py:183} INFO - Processing /opt/airflow/dags/update_car_data_dag.py took 0.074 seconds
[2025-09-08T01:23:37.126+0000] {processor.py:161} INFO - Started process (PID=351) to work on /opt/airflow/dags/update_car_data_dag.py
[2025-09-08T01:23:37.126+0000] {processor.py:830} INFO - Processing file /opt/airflow/dags/update_car_data_dag.py for tasks to queue
[2025-09-08T01:23:37.127+0000] {logging_mixin.py:188} INFO - [2025-09-08T01:23:37.127+0000] {dagbag.py:538} INFO - Filling up the DagBag from /opt/airflow/dags/update_car_data_dag.py
[2025-09-08T01:23:37.139+0000] {processor.py:840} INFO - DAG(s) 'update_car_data' retrieved from /opt/airflow/dags/update_car_data_dag.py
[2025-09-08T01:23:37.160+0000] {logging_mixin.py:188} INFO - [2025-09-08T01:23:37.160+0000] {dag.py:3036} INFO - Sync 1 DAGs
[2025-09-08T01:23:37.174+0000] {logging_mixin.py:188} INFO - [2025-09-08T01:23:37.173+0000] {dag.py:3823} INFO - Setting next_dagrun for update_car_data to 2025-09-06 15:00:00+00:00, run_after=2025-09-07 15:00:00+00:00
[2025-09-08T01:23:37.181+0000] {processor.py:183} INFO - Processing /opt/airflow/dags/update_car_data_dag.py took 0.060 seconds
[2025-09-08T01:24:07.462+0000] {processor.py:161} INFO - Started process (PID=356) to work on /opt/airflow/dags/update_car_data_dag.py
[2025-09-08T01:24:07.463+0000] {processor.py:830} INFO - Processing file /opt/airflow/dags/update_car_data_dag.py for tasks to queue
[2025-09-08T01:24:07.464+0000] {logging_mixin.py:188} INFO - [2025-09-08T01:24:07.463+0000] {dagbag.py:538} INFO - Filling up the DagBag from /opt/airflow/dags/update_car_data_dag.py
[2025-09-08T01:24:07.479+0000] {processor.py:840} INFO - DAG(s) 'update_car_data' retrieved from /opt/airflow/dags/update_car_data_dag.py
[2025-09-08T01:24:07.501+0000] {logging_mixin.py:188} INFO - [2025-09-08T01:24:07.501+0000] {dag.py:3036} INFO - Sync 1 DAGs
[2025-09-08T01:24:07.516+0000] {logging_mixin.py:188} INFO - [2025-09-08T01:24:07.516+0000] {dag.py:3823} INFO - Setting next_dagrun for update_car_data to 2025-09-06 15:00:00+00:00, run_after=2025-09-07 15:00:00+00:00
[2025-09-08T01:24:07.524+0000] {processor.py:183} INFO - Processing /opt/airflow/dags/update_car_data_dag.py took 0.066 seconds
[2025-09-08T01:24:37.788+0000] {processor.py:161} INFO - Started process (PID=361) to work on /opt/airflow/dags/update_car_data_dag.py
[2025-09-08T01:24:37.789+0000] {processor.py:830} INFO - Processing file /opt/airflow/dags/update_car_data_dag.py for tasks to queue
[2025-09-08T01:24:37.790+0000] {logging_mixin.py:188} INFO - [2025-09-08T01:24:37.790+0000] {dagbag.py:538} INFO - Filling up the DagBag from /opt/airflow/dags/update_car_data_dag.py
[2025-09-08T01:24:37.808+0000] {processor.py:840} INFO - DAG(s) 'update_car_data' retrieved from /opt/airflow/dags/update_car_data_dag.py
[2025-09-08T01:24:37.830+0000] {logging_mixin.py:188} INFO - [2025-09-08T01:24:37.830+0000] {dag.py:3036} INFO - Sync 1 DAGs
[2025-09-08T01:24:37.842+0000] {logging_mixin.py:188} INFO - [2025-09-08T01:24:37.842+0000] {dag.py:3823} INFO - Setting next_dagrun for update_car_data to 2025-09-06 15:00:00+00:00, run_after=2025-09-07 15:00:00+00:00
[2025-09-08T01:24:37.850+0000] {processor.py:183} INFO - Processing /opt/airflow/dags/update_car_data_dag.py took 0.067 seconds
[2025-09-08T01:25:08.186+0000] {processor.py:161} INFO - Started process (PID=366) to work on /opt/airflow/dags/update_car_data_dag.py
[2025-09-08T01:25:08.187+0000] {processor.py:830} INFO - Processing file /opt/airflow/dags/update_car_data_dag.py for tasks to queue
[2025-09-08T01:25:08.188+0000] {logging_mixin.py:188} INFO - [2025-09-08T01:25:08.188+0000] {dagbag.py:538} INFO - Filling up the DagBag from /opt/airflow/dags/update_car_data_dag.py
[2025-09-08T01:25:08.205+0000] {processor.py:840} INFO - DAG(s) 'update_car_data' retrieved from /opt/airflow/dags/update_car_data_dag.py
[2025-09-08T01:25:08.233+0000] {logging_mixin.py:188} INFO - [2025-09-08T01:25:08.232+0000] {dag.py:3036} INFO - Sync 1 DAGs
[2025-09-08T01:25:08.247+0000] {logging_mixin.py:188} INFO - [2025-09-08T01:25:08.247+0000] {dag.py:3823} INFO - Setting next_dagrun for update_car_data to 2025-09-06 15:00:00+00:00, run_after=2025-09-07 15:00:00+00:00
[2025-09-08T01:25:08.256+0000] {processor.py:183} INFO - Processing /opt/airflow/dags/update_car_data_dag.py took 0.075 seconds
[2025-09-08T01:25:38.579+0000] {processor.py:161} INFO - Started process (PID=371) to work on /opt/airflow/dags/update_car_data_dag.py
[2025-09-08T01:25:38.580+0000] {processor.py:830} INFO - Processing file /opt/airflow/dags/update_car_data_dag.py for tasks to queue
[2025-09-08T01:25:38.581+0000] {logging_mixin.py:188} INFO - [2025-09-08T01:25:38.581+0000] {dagbag.py:538} INFO - Filling up the DagBag from /opt/airflow/dags/update_car_data_dag.py
[2025-09-08T01:25:38.599+0000] {processor.py:840} INFO - DAG(s) 'update_car_data' retrieved from /opt/airflow/dags/update_car_data_dag.py
[2025-09-08T01:25:38.625+0000] {logging_mixin.py:188} INFO - [2025-09-08T01:25:38.625+0000] {dag.py:3036} INFO - Sync 1 DAGs
[2025-09-08T01:25:38.642+0000] {logging_mixin.py:188} INFO - [2025-09-08T01:25:38.642+0000] {dag.py:3823} INFO - Setting next_dagrun for update_car_data to 2025-09-06 15:00:00+00:00, run_after=2025-09-07 15:00:00+00:00
[2025-09-08T01:25:38.651+0000] {processor.py:183} INFO - Processing /opt/airflow/dags/update_car_data_dag.py took 0.077 seconds
[2025-09-08T01:26:08.947+0000] {processor.py:161} INFO - Started process (PID=376) to work on /opt/airflow/dags/update_car_data_dag.py
[2025-09-08T01:26:08.948+0000] {processor.py:830} INFO - Processing file /opt/airflow/dags/update_car_data_dag.py for tasks to queue
[2025-09-08T01:26:08.949+0000] {logging_mixin.py:188} INFO - [2025-09-08T01:26:08.948+0000] {dagbag.py:538} INFO - Filling up the DagBag from /opt/airflow/dags/update_car_data_dag.py
[2025-09-08T01:26:08.969+0000] {processor.py:840} INFO - DAG(s) 'update_car_data' retrieved from /opt/airflow/dags/update_car_data_dag.py
[2025-09-08T01:26:08.995+0000] {logging_mixin.py:188} INFO - [2025-09-08T01:26:08.995+0000] {dag.py:3036} INFO - Sync 1 DAGs
[2025-09-08T01:26:09.013+0000] {logging_mixin.py:188} INFO - [2025-09-08T01:26:09.013+0000] {dag.py:3823} INFO - Setting next_dagrun for update_car_data to 2025-09-06 15:00:00+00:00, run_after=2025-09-07 15:00:00+00:00
[2025-09-08T01:26:09.022+0000] {processor.py:183} INFO - Processing /opt/airflow/dags/update_car_data_dag.py took 0.083 seconds
[2025-09-08T01:26:39.320+0000] {processor.py:161} INFO - Started process (PID=381) to work on /opt/airflow/dags/update_car_data_dag.py
[2025-09-08T01:26:39.321+0000] {processor.py:830} INFO - Processing file /opt/airflow/dags/update_car_data_dag.py for tasks to queue
[2025-09-08T01:26:39.322+0000] {logging_mixin.py:188} INFO - [2025-09-08T01:26:39.321+0000] {dagbag.py:538} INFO - Filling up the DagBag from /opt/airflow/dags/update_car_data_dag.py
[2025-09-08T01:26:39.338+0000] {processor.py:840} INFO - DAG(s) 'update_car_data' retrieved from /opt/airflow/dags/update_car_data_dag.py
[2025-09-08T01:26:39.367+0000] {logging_mixin.py:188} INFO - [2025-09-08T01:26:39.367+0000] {dag.py:3036} INFO - Sync 1 DAGs
[2025-09-08T01:26:39.381+0000] {logging_mixin.py:188} INFO - [2025-09-08T01:26:39.381+0000] {dag.py:3823} INFO - Setting next_dagrun for update_car_data to 2025-09-06 15:00:00+00:00, run_after=2025-09-07 15:00:00+00:00
[2025-09-08T01:26:39.390+0000] {processor.py:183} INFO - Processing /opt/airflow/dags/update_car_data_dag.py took 0.074 seconds
[2025-09-08T01:27:09.664+0000] {processor.py:161} INFO - Started process (PID=386) to work on /opt/airflow/dags/update_car_data_dag.py
[2025-09-08T01:27:09.665+0000] {processor.py:830} INFO - Processing file /opt/airflow/dags/update_car_data_dag.py for tasks to queue
[2025-09-08T01:27:09.666+0000] {logging_mixin.py:188} INFO - [2025-09-08T01:27:09.665+0000] {dagbag.py:538} INFO - Filling up the DagBag from /opt/airflow/dags/update_car_data_dag.py
[2025-09-08T01:27:09.683+0000] {processor.py:840} INFO - DAG(s) 'update_car_data' retrieved from /opt/airflow/dags/update_car_data_dag.py
[2025-09-08T01:27:09.707+0000] {logging_mixin.py:188} INFO - [2025-09-08T01:27:09.707+0000] {dag.py:3036} INFO - Sync 1 DAGs
[2025-09-08T01:27:09.721+0000] {logging_mixin.py:188} INFO - [2025-09-08T01:27:09.721+0000] {dag.py:3823} INFO - Setting next_dagrun for update_car_data to 2025-09-06 15:00:00+00:00, run_after=2025-09-07 15:00:00+00:00
[2025-09-08T01:27:09.730+0000] {processor.py:183} INFO - Processing /opt/airflow/dags/update_car_data_dag.py took 0.072 seconds
[2025-09-08T01:27:40.008+0000] {processor.py:161} INFO - Started process (PID=391) to work on /opt/airflow/dags/update_car_data_dag.py
[2025-09-08T01:27:40.009+0000] {processor.py:830} INFO - Processing file /opt/airflow/dags/update_car_data_dag.py for tasks to queue
[2025-09-08T01:27:40.010+0000] {logging_mixin.py:188} INFO - [2025-09-08T01:27:40.009+0000] {dagbag.py:538} INFO - Filling up the DagBag from /opt/airflow/dags/update_car_data_dag.py
[2025-09-08T01:27:40.025+0000] {processor.py:840} INFO - DAG(s) 'update_car_data' retrieved from /opt/airflow/dags/update_car_data_dag.py
[2025-09-08T01:27:40.050+0000] {logging_mixin.py:188} INFO - [2025-09-08T01:27:40.050+0000] {dag.py:3036} INFO - Sync 1 DAGs
[2025-09-08T01:27:40.065+0000] {logging_mixin.py:188} INFO - [2025-09-08T01:27:40.065+0000] {dag.py:3823} INFO - Setting next_dagrun for update_car_data to 2025-09-06 15:00:00+00:00, run_after=2025-09-07 15:00:00+00:00
[2025-09-08T01:27:40.075+0000] {processor.py:183} INFO - Processing /opt/airflow/dags/update_car_data_dag.py took 0.071 seconds
[2025-09-08T01:28:10.284+0000] {processor.py:161} INFO - Started process (PID=396) to work on /opt/airflow/dags/update_car_data_dag.py
[2025-09-08T01:28:10.285+0000] {processor.py:830} INFO - Processing file /opt/airflow/dags/update_car_data_dag.py for tasks to queue
[2025-09-08T01:28:10.286+0000] {logging_mixin.py:188} INFO - [2025-09-08T01:28:10.286+0000] {dagbag.py:538} INFO - Filling up the DagBag from /opt/airflow/dags/update_car_data_dag.py
[2025-09-08T01:28:10.297+0000] {processor.py:840} INFO - DAG(s) 'update_car_data' retrieved from /opt/airflow/dags/update_car_data_dag.py
[2025-09-08T01:28:10.316+0000] {logging_mixin.py:188} INFO - [2025-09-08T01:28:10.316+0000] {dag.py:3036} INFO - Sync 1 DAGs
[2025-09-08T01:28:10.329+0000] {logging_mixin.py:188} INFO - [2025-09-08T01:28:10.329+0000] {dag.py:3823} INFO - Setting next_dagrun for update_car_data to 2025-09-06 15:00:00+00:00, run_after=2025-09-07 15:00:00+00:00
[2025-09-08T01:28:10.337+0000] {processor.py:183} INFO - Processing /opt/airflow/dags/update_car_data_dag.py took 0.056 seconds
[2025-09-08T01:28:40.641+0000] {processor.py:161} INFO - Started process (PID=401) to work on /opt/airflow/dags/update_car_data_dag.py
[2025-09-08T01:28:40.642+0000] {processor.py:830} INFO - Processing file /opt/airflow/dags/update_car_data_dag.py for tasks to queue
[2025-09-08T01:28:40.643+0000] {logging_mixin.py:188} INFO - [2025-09-08T01:28:40.642+0000] {dagbag.py:538} INFO - Filling up the DagBag from /opt/airflow/dags/update_car_data_dag.py
[2025-09-08T01:28:40.663+0000] {processor.py:840} INFO - DAG(s) 'update_car_data' retrieved from /opt/airflow/dags/update_car_data_dag.py
[2025-09-08T01:28:40.691+0000] {logging_mixin.py:188} INFO - [2025-09-08T01:28:40.691+0000] {dag.py:3036} INFO - Sync 1 DAGs
[2025-09-08T01:28:40.706+0000] {logging_mixin.py:188} INFO - [2025-09-08T01:28:40.706+0000] {dag.py:3823} INFO - Setting next_dagrun for update_car_data to 2025-09-06 15:00:00+00:00, run_after=2025-09-07 15:00:00+00:00
[2025-09-08T01:28:40.715+0000] {processor.py:183} INFO - Processing /opt/airflow/dags/update_car_data_dag.py took 0.080 seconds
[2025-09-08T01:29:10.988+0000] {processor.py:161} INFO - Started process (PID=406) to work on /opt/airflow/dags/update_car_data_dag.py
[2025-09-08T01:29:10.989+0000] {processor.py:830} INFO - Processing file /opt/airflow/dags/update_car_data_dag.py for tasks to queue
[2025-09-08T01:29:10.989+0000] {logging_mixin.py:188} INFO - [2025-09-08T01:29:10.989+0000] {dagbag.py:538} INFO - Filling up the DagBag from /opt/airflow/dags/update_car_data_dag.py
[2025-09-08T01:29:11.004+0000] {processor.py:840} INFO - DAG(s) 'update_car_data' retrieved from /opt/airflow/dags/update_car_data_dag.py
[2025-09-08T01:29:11.028+0000] {logging_mixin.py:188} INFO - [2025-09-08T01:29:11.028+0000] {dag.py:3036} INFO - Sync 1 DAGs
[2025-09-08T01:29:11.042+0000] {logging_mixin.py:188} INFO - [2025-09-08T01:29:11.042+0000] {dag.py:3823} INFO - Setting next_dagrun for update_car_data to 2025-09-06 15:00:00+00:00, run_after=2025-09-07 15:00:00+00:00
[2025-09-08T01:29:11.050+0000] {processor.py:183} INFO - Processing /opt/airflow/dags/update_car_data_dag.py took 0.068 seconds
[2025-09-08T01:29:41.328+0000] {processor.py:161} INFO - Started process (PID=411) to work on /opt/airflow/dags/update_car_data_dag.py
[2025-09-08T01:29:41.329+0000] {processor.py:830} INFO - Processing file /opt/airflow/dags/update_car_data_dag.py for tasks to queue
[2025-09-08T01:29:41.330+0000] {logging_mixin.py:188} INFO - [2025-09-08T01:29:41.329+0000] {dagbag.py:538} INFO - Filling up the DagBag from /opt/airflow/dags/update_car_data_dag.py
[2025-09-08T01:29:41.345+0000] {processor.py:840} INFO - DAG(s) 'update_car_data' retrieved from /opt/airflow/dags/update_car_data_dag.py
[2025-09-08T01:29:41.367+0000] {logging_mixin.py:188} INFO - [2025-09-08T01:29:41.367+0000] {dag.py:3036} INFO - Sync 1 DAGs
[2025-09-08T01:29:41.381+0000] {logging_mixin.py:188} INFO - [2025-09-08T01:29:41.381+0000] {dag.py:3823} INFO - Setting next_dagrun for update_car_data to 2025-09-06 15:00:00+00:00, run_after=2025-09-07 15:00:00+00:00
[2025-09-08T01:29:41.389+0000] {processor.py:183} INFO - Processing /opt/airflow/dags/update_car_data_dag.py took 0.067 seconds
[2025-09-08T01:30:11.703+0000] {processor.py:161} INFO - Started process (PID=416) to work on /opt/airflow/dags/update_car_data_dag.py
[2025-09-08T01:30:11.704+0000] {processor.py:830} INFO - Processing file /opt/airflow/dags/update_car_data_dag.py for tasks to queue
[2025-09-08T01:30:11.705+0000] {logging_mixin.py:188} INFO - [2025-09-08T01:30:11.704+0000] {dagbag.py:538} INFO - Filling up the DagBag from /opt/airflow/dags/update_car_data_dag.py
[2025-09-08T01:30:11.718+0000] {processor.py:840} INFO - DAG(s) 'update_car_data' retrieved from /opt/airflow/dags/update_car_data_dag.py
[2025-09-08T01:30:11.740+0000] {logging_mixin.py:188} INFO - [2025-09-08T01:30:11.740+0000] {dag.py:3036} INFO - Sync 1 DAGs
[2025-09-08T01:30:11.754+0000] {logging_mixin.py:188} INFO - [2025-09-08T01:30:11.754+0000] {dag.py:3823} INFO - Setting next_dagrun for update_car_data to 2025-09-06 15:00:00+00:00, run_after=2025-09-07 15:00:00+00:00
[2025-09-08T01:30:11.762+0000] {processor.py:183} INFO - Processing /opt/airflow/dags/update_car_data_dag.py took 0.063 seconds
[2025-09-08T01:30:42.036+0000] {processor.py:161} INFO - Started process (PID=421) to work on /opt/airflow/dags/update_car_data_dag.py
[2025-09-08T01:30:42.036+0000] {processor.py:830} INFO - Processing file /opt/airflow/dags/update_car_data_dag.py for tasks to queue
[2025-09-08T01:30:42.037+0000] {logging_mixin.py:188} INFO - [2025-09-08T01:30:42.037+0000] {dagbag.py:538} INFO - Filling up the DagBag from /opt/airflow/dags/update_car_data_dag.py
[2025-09-08T01:30:42.048+0000] {processor.py:840} INFO - DAG(s) 'update_car_data' retrieved from /opt/airflow/dags/update_car_data_dag.py
[2025-09-08T01:30:42.068+0000] {logging_mixin.py:188} INFO - [2025-09-08T01:30:42.068+0000] {dag.py:3036} INFO - Sync 1 DAGs
[2025-09-08T01:30:42.082+0000] {logging_mixin.py:188} INFO - [2025-09-08T01:30:42.082+0000] {dag.py:3823} INFO - Setting next_dagrun for update_car_data to 2025-09-06 15:00:00+00:00, run_after=2025-09-07 15:00:00+00:00
[2025-09-08T01:30:42.090+0000] {processor.py:183} INFO - Processing /opt/airflow/dags/update_car_data_dag.py took 0.058 seconds
[2025-09-08T01:31:12.353+0000] {processor.py:161} INFO - Started process (PID=426) to work on /opt/airflow/dags/update_car_data_dag.py
[2025-09-08T01:31:12.354+0000] {processor.py:830} INFO - Processing file /opt/airflow/dags/update_car_data_dag.py for tasks to queue
[2025-09-08T01:31:12.356+0000] {logging_mixin.py:188} INFO - [2025-09-08T01:31:12.355+0000] {dagbag.py:538} INFO - Filling up the DagBag from /opt/airflow/dags/update_car_data_dag.py
[2025-09-08T01:31:12.376+0000] {processor.py:840} INFO - DAG(s) 'update_car_data' retrieved from /opt/airflow/dags/update_car_data_dag.py
[2025-09-08T01:31:12.399+0000] {logging_mixin.py:188} INFO - [2025-09-08T01:31:12.398+0000] {dag.py:3036} INFO - Sync 1 DAGs
[2025-09-08T01:31:12.417+0000] {logging_mixin.py:188} INFO - [2025-09-08T01:31:12.416+0000] {dag.py:3823} INFO - Setting next_dagrun for update_car_data to 2025-09-06 15:00:00+00:00, run_after=2025-09-07 15:00:00+00:00
[2025-09-08T01:31:12.427+0000] {processor.py:183} INFO - Processing /opt/airflow/dags/update_car_data_dag.py took 0.084 seconds
[2025-09-08T01:31:42.744+0000] {processor.py:161} INFO - Started process (PID=431) to work on /opt/airflow/dags/update_car_data_dag.py
[2025-09-08T01:31:42.745+0000] {processor.py:830} INFO - Processing file /opt/airflow/dags/update_car_data_dag.py for tasks to queue
[2025-09-08T01:31:42.747+0000] {logging_mixin.py:188} INFO - [2025-09-08T01:31:42.746+0000] {dagbag.py:538} INFO - Filling up the DagBag from /opt/airflow/dags/update_car_data_dag.py
[2025-09-08T01:31:42.772+0000] {processor.py:840} INFO - DAG(s) 'update_car_data' retrieved from /opt/airflow/dags/update_car_data_dag.py
[2025-09-08T01:31:42.805+0000] {logging_mixin.py:188} INFO - [2025-09-08T01:31:42.805+0000] {dag.py:3036} INFO - Sync 1 DAGs
[2025-09-08T01:31:42.819+0000] {logging_mixin.py:188} INFO - [2025-09-08T01:31:42.819+0000] {dag.py:3823} INFO - Setting next_dagrun for update_car_data to 2025-09-06 15:00:00+00:00, run_after=2025-09-07 15:00:00+00:00
[2025-09-08T01:31:42.831+0000] {processor.py:183} INFO - Processing /opt/airflow/dags/update_car_data_dag.py took 0.100 seconds
[2025-09-08T01:32:13.153+0000] {processor.py:161} INFO - Started process (PID=436) to work on /opt/airflow/dags/update_car_data_dag.py
[2025-09-08T01:32:13.154+0000] {processor.py:830} INFO - Processing file /opt/airflow/dags/update_car_data_dag.py for tasks to queue
[2025-09-08T01:32:13.155+0000] {logging_mixin.py:188} INFO - [2025-09-08T01:32:13.154+0000] {dagbag.py:538} INFO - Filling up the DagBag from /opt/airflow/dags/update_car_data_dag.py
[2025-09-08T01:32:13.173+0000] {processor.py:840} INFO - DAG(s) 'update_car_data' retrieved from /opt/airflow/dags/update_car_data_dag.py
[2025-09-08T01:32:13.211+0000] {logging_mixin.py:188} INFO - [2025-09-08T01:32:13.211+0000] {dag.py:3036} INFO - Sync 1 DAGs
[2025-09-08T01:32:13.227+0000] {logging_mixin.py:188} INFO - [2025-09-08T01:32:13.227+0000] {dag.py:3823} INFO - Setting next_dagrun for update_car_data to 2025-09-06 15:00:00+00:00, run_after=2025-09-07 15:00:00+00:00
[2025-09-08T01:32:13.237+0000] {processor.py:183} INFO - Processing /opt/airflow/dags/update_car_data_dag.py took 0.089 seconds
[2025-09-08T01:32:43.529+0000] {processor.py:161} INFO - Started process (PID=441) to work on /opt/airflow/dags/update_car_data_dag.py
[2025-09-08T01:32:43.530+0000] {processor.py:830} INFO - Processing file /opt/airflow/dags/update_car_data_dag.py for tasks to queue
[2025-09-08T01:32:43.531+0000] {logging_mixin.py:188} INFO - [2025-09-08T01:32:43.530+0000] {dagbag.py:538} INFO - Filling up the DagBag from /opt/airflow/dags/update_car_data_dag.py
[2025-09-08T01:32:43.544+0000] {processor.py:840} INFO - DAG(s) 'update_car_data' retrieved from /opt/airflow/dags/update_car_data_dag.py
[2025-09-08T01:32:43.570+0000] {logging_mixin.py:188} INFO - [2025-09-08T01:32:43.570+0000] {dag.py:3036} INFO - Sync 1 DAGs
[2025-09-08T01:32:43.584+0000] {logging_mixin.py:188} INFO - [2025-09-08T01:32:43.584+0000] {dag.py:3823} INFO - Setting next_dagrun for update_car_data to 2025-09-06 15:00:00+00:00, run_after=2025-09-07 15:00:00+00:00
[2025-09-08T01:32:43.593+0000] {processor.py:183} INFO - Processing /opt/airflow/dags/update_car_data_dag.py took 0.068 seconds
[2025-09-08T01:33:13.820+0000] {processor.py:161} INFO - Started process (PID=446) to work on /opt/airflow/dags/update_car_data_dag.py
[2025-09-08T01:33:13.821+0000] {processor.py:830} INFO - Processing file /opt/airflow/dags/update_car_data_dag.py for tasks to queue
[2025-09-08T01:33:13.822+0000] {logging_mixin.py:188} INFO - [2025-09-08T01:33:13.822+0000] {dagbag.py:538} INFO - Filling up the DagBag from /opt/airflow/dags/update_car_data_dag.py
[2025-09-08T01:33:13.839+0000] {processor.py:840} INFO - DAG(s) 'update_car_data' retrieved from /opt/airflow/dags/update_car_data_dag.py
[2025-09-08T01:33:13.864+0000] {logging_mixin.py:188} INFO - [2025-09-08T01:33:13.864+0000] {dag.py:3036} INFO - Sync 1 DAGs
[2025-09-08T01:33:13.882+0000] {logging_mixin.py:188} INFO - [2025-09-08T01:33:13.882+0000] {dag.py:3823} INFO - Setting next_dagrun for update_car_data to 2025-09-06 15:00:00+00:00, run_after=2025-09-07 15:00:00+00:00
[2025-09-08T01:33:13.890+0000] {processor.py:183} INFO - Processing /opt/airflow/dags/update_car_data_dag.py took 0.075 seconds
[2025-09-08T01:33:44.185+0000] {processor.py:161} INFO - Started process (PID=451) to work on /opt/airflow/dags/update_car_data_dag.py
[2025-09-08T01:33:44.186+0000] {processor.py:830} INFO - Processing file /opt/airflow/dags/update_car_data_dag.py for tasks to queue
[2025-09-08T01:33:44.187+0000] {logging_mixin.py:188} INFO - [2025-09-08T01:33:44.187+0000] {dagbag.py:538} INFO - Filling up the DagBag from /opt/airflow/dags/update_car_data_dag.py
[2025-09-08T01:33:44.205+0000] {processor.py:840} INFO - DAG(s) 'update_car_data' retrieved from /opt/airflow/dags/update_car_data_dag.py
[2025-09-08T01:33:44.237+0000] {logging_mixin.py:188} INFO - [2025-09-08T01:33:44.237+0000] {dag.py:3036} INFO - Sync 1 DAGs
[2025-09-08T01:33:44.254+0000] {logging_mixin.py:188} INFO - [2025-09-08T01:33:44.253+0000] {dag.py:3823} INFO - Setting next_dagrun for update_car_data to 2025-09-06 15:00:00+00:00, run_after=2025-09-07 15:00:00+00:00
[2025-09-08T01:33:44.264+0000] {processor.py:183} INFO - Processing /opt/airflow/dags/update_car_data_dag.py took 0.083 seconds
[2025-09-08T01:34:14.618+0000] {processor.py:161} INFO - Started process (PID=456) to work on /opt/airflow/dags/update_car_data_dag.py
[2025-09-08T01:34:14.619+0000] {processor.py:830} INFO - Processing file /opt/airflow/dags/update_car_data_dag.py for tasks to queue
[2025-09-08T01:34:14.620+0000] {logging_mixin.py:188} INFO - [2025-09-08T01:34:14.620+0000] {dagbag.py:538} INFO - Filling up the DagBag from /opt/airflow/dags/update_car_data_dag.py
[2025-09-08T01:34:14.637+0000] {processor.py:840} INFO - DAG(s) 'update_car_data' retrieved from /opt/airflow/dags/update_car_data_dag.py
[2025-09-08T01:34:14.665+0000] {logging_mixin.py:188} INFO - [2025-09-08T01:34:14.665+0000] {dag.py:3036} INFO - Sync 1 DAGs
[2025-09-08T01:34:14.680+0000] {logging_mixin.py:188} INFO - [2025-09-08T01:34:14.680+0000] {dag.py:3823} INFO - Setting next_dagrun for update_car_data to 2025-09-06 15:00:00+00:00, run_after=2025-09-07 15:00:00+00:00
[2025-09-08T01:34:14.689+0000] {processor.py:183} INFO - Processing /opt/airflow/dags/update_car_data_dag.py took 0.077 seconds
[2025-09-08T01:34:44.954+0000] {processor.py:161} INFO - Started process (PID=461) to work on /opt/airflow/dags/update_car_data_dag.py
[2025-09-08T01:34:44.955+0000] {processor.py:830} INFO - Processing file /opt/airflow/dags/update_car_data_dag.py for tasks to queue
[2025-09-08T01:34:44.956+0000] {logging_mixin.py:188} INFO - [2025-09-08T01:34:44.956+0000] {dagbag.py:538} INFO - Filling up the DagBag from /opt/airflow/dags/update_car_data_dag.py
[2025-09-08T01:34:44.973+0000] {processor.py:840} INFO - DAG(s) 'update_car_data' retrieved from /opt/airflow/dags/update_car_data_dag.py
[2025-09-08T01:34:45.000+0000] {logging_mixin.py:188} INFO - [2025-09-08T01:34:45.000+0000] {dag.py:3036} INFO - Sync 1 DAGs
[2025-09-08T01:34:45.016+0000] {logging_mixin.py:188} INFO - [2025-09-08T01:34:45.016+0000] {dag.py:3823} INFO - Setting next_dagrun for update_car_data to 2025-09-06 15:00:00+00:00, run_after=2025-09-07 15:00:00+00:00
[2025-09-08T01:34:45.025+0000] {processor.py:183} INFO - Processing /opt/airflow/dags/update_car_data_dag.py took 0.077 seconds
[2025-09-08T01:35:15.291+0000] {processor.py:161} INFO - Started process (PID=466) to work on /opt/airflow/dags/update_car_data_dag.py
[2025-09-08T01:35:15.291+0000] {processor.py:830} INFO - Processing file /opt/airflow/dags/update_car_data_dag.py for tasks to queue
[2025-09-08T01:35:15.292+0000] {logging_mixin.py:188} INFO - [2025-09-08T01:35:15.291+0000] {dagbag.py:538} INFO - Filling up the DagBag from /opt/airflow/dags/update_car_data_dag.py
[2025-09-08T01:35:15.303+0000] {processor.py:840} INFO - DAG(s) 'update_car_data' retrieved from /opt/airflow/dags/update_car_data_dag.py
[2025-09-08T01:35:15.323+0000] {logging_mixin.py:188} INFO - [2025-09-08T01:35:15.323+0000] {dag.py:3036} INFO - Sync 1 DAGs
[2025-09-08T01:35:15.337+0000] {logging_mixin.py:188} INFO - [2025-09-08T01:35:15.337+0000] {dag.py:3823} INFO - Setting next_dagrun for update_car_data to 2025-09-06 15:00:00+00:00, run_after=2025-09-07 15:00:00+00:00
[2025-09-08T01:35:15.345+0000] {processor.py:183} INFO - Processing /opt/airflow/dags/update_car_data_dag.py took 0.058 seconds
[2025-09-08T01:35:45.634+0000] {processor.py:161} INFO - Started process (PID=471) to work on /opt/airflow/dags/update_car_data_dag.py
[2025-09-08T01:35:45.635+0000] {processor.py:830} INFO - Processing file /opt/airflow/dags/update_car_data_dag.py for tasks to queue
[2025-09-08T01:35:45.636+0000] {logging_mixin.py:188} INFO - [2025-09-08T01:35:45.635+0000] {dagbag.py:538} INFO - Filling up the DagBag from /opt/airflow/dags/update_car_data_dag.py
[2025-09-08T01:35:45.655+0000] {processor.py:840} INFO - DAG(s) 'update_car_data' retrieved from /opt/airflow/dags/update_car_data_dag.py
[2025-09-08T01:35:45.685+0000] {logging_mixin.py:188} INFO - [2025-09-08T01:35:45.685+0000] {dag.py:3036} INFO - Sync 1 DAGs
[2025-09-08T01:35:45.700+0000] {logging_mixin.py:188} INFO - [2025-09-08T01:35:45.700+0000] {dag.py:3823} INFO - Setting next_dagrun for update_car_data to 2025-09-06 15:00:00+00:00, run_after=2025-09-07 15:00:00+00:00
[2025-09-08T01:35:45.709+0000] {processor.py:183} INFO - Processing /opt/airflow/dags/update_car_data_dag.py took 0.079 seconds
[2025-09-08T01:36:16.200+0000] {processor.py:161} INFO - Started process (PID=476) to work on /opt/airflow/dags/update_car_data_dag.py
[2025-09-08T01:36:16.202+0000] {processor.py:830} INFO - Processing file /opt/airflow/dags/update_car_data_dag.py for tasks to queue
[2025-09-08T01:36:16.204+0000] {logging_mixin.py:188} INFO - [2025-09-08T01:36:16.203+0000] {dagbag.py:538} INFO - Filling up the DagBag from /opt/airflow/dags/update_car_data_dag.py
[2025-09-08T01:36:16.246+0000] {processor.py:840} INFO - DAG(s) 'update_car_data' retrieved from /opt/airflow/dags/update_car_data_dag.py
[2025-09-08T01:36:16.330+0000] {logging_mixin.py:188} INFO - [2025-09-08T01:36:16.330+0000] {dag.py:3036} INFO - Sync 1 DAGs
[2025-09-08T01:36:16.352+0000] {logging_mixin.py:188} INFO - [2025-09-08T01:36:16.352+0000] {dag.py:3823} INFO - Setting next_dagrun for update_car_data to 2025-09-06 15:00:00+00:00, run_after=2025-09-07 15:00:00+00:00
[2025-09-08T01:36:16.363+0000] {processor.py:183} INFO - Processing /opt/airflow/dags/update_car_data_dag.py took 0.173 seconds
[2025-09-08T01:36:46.557+0000] {processor.py:161} INFO - Started process (PID=481) to work on /opt/airflow/dags/update_car_data_dag.py
[2025-09-08T01:36:46.558+0000] {processor.py:830} INFO - Processing file /opt/airflow/dags/update_car_data_dag.py for tasks to queue
[2025-09-08T01:36:46.560+0000] {logging_mixin.py:188} INFO - [2025-09-08T01:36:46.559+0000] {dagbag.py:538} INFO - Filling up the DagBag from /opt/airflow/dags/update_car_data_dag.py
[2025-09-08T01:36:46.584+0000] {processor.py:840} INFO - DAG(s) 'update_car_data' retrieved from /opt/airflow/dags/update_car_data_dag.py
[2025-09-08T01:36:46.610+0000] {logging_mixin.py:188} INFO - [2025-09-08T01:36:46.610+0000] {dag.py:3036} INFO - Sync 1 DAGs
[2025-09-08T01:36:46.626+0000] {logging_mixin.py:188} INFO - [2025-09-08T01:36:46.626+0000] {dag.py:3823} INFO - Setting next_dagrun for update_car_data to 2025-09-06 15:00:00+00:00, run_after=2025-09-07 15:00:00+00:00
[2025-09-08T01:36:46.637+0000] {processor.py:183} INFO - Processing /opt/airflow/dags/update_car_data_dag.py took 0.086 seconds
[2025-09-08T01:37:16.908+0000] {processor.py:161} INFO - Started process (PID=486) to work on /opt/airflow/dags/update_car_data_dag.py
[2025-09-08T01:37:16.909+0000] {processor.py:830} INFO - Processing file /opt/airflow/dags/update_car_data_dag.py for tasks to queue
[2025-09-08T01:37:16.910+0000] {logging_mixin.py:188} INFO - [2025-09-08T01:37:16.910+0000] {dagbag.py:538} INFO - Filling up the DagBag from /opt/airflow/dags/update_car_data_dag.py
[2025-09-08T01:37:16.928+0000] {processor.py:840} INFO - DAG(s) 'update_car_data' retrieved from /opt/airflow/dags/update_car_data_dag.py
[2025-09-08T01:37:16.952+0000] {logging_mixin.py:188} INFO - [2025-09-08T01:37:16.952+0000] {dag.py:3036} INFO - Sync 1 DAGs
[2025-09-08T01:37:16.971+0000] {logging_mixin.py:188} INFO - [2025-09-08T01:37:16.971+0000] {dag.py:3823} INFO - Setting next_dagrun for update_car_data to 2025-09-06 15:00:00+00:00, run_after=2025-09-07 15:00:00+00:00
[2025-09-08T01:37:16.979+0000] {processor.py:183} INFO - Processing /opt/airflow/dags/update_car_data_dag.py took 0.075 seconds
[2025-09-08T01:37:47.230+0000] {processor.py:161} INFO - Started process (PID=491) to work on /opt/airflow/dags/update_car_data_dag.py
[2025-09-08T01:37:47.231+0000] {processor.py:830} INFO - Processing file /opt/airflow/dags/update_car_data_dag.py for tasks to queue
[2025-09-08T01:37:47.234+0000] {logging_mixin.py:188} INFO - [2025-09-08T01:37:47.232+0000] {dagbag.py:538} INFO - Filling up the DagBag from /opt/airflow/dags/update_car_data_dag.py
[2025-09-08T01:37:47.252+0000] {processor.py:840} INFO - DAG(s) 'update_car_data' retrieved from /opt/airflow/dags/update_car_data_dag.py
[2025-09-08T01:37:47.281+0000] {logging_mixin.py:188} INFO - [2025-09-08T01:37:47.281+0000] {dag.py:3036} INFO - Sync 1 DAGs
[2025-09-08T01:37:47.300+0000] {logging_mixin.py:188} INFO - [2025-09-08T01:37:47.300+0000] {dag.py:3823} INFO - Setting next_dagrun for update_car_data to 2025-09-06 15:00:00+00:00, run_after=2025-09-07 15:00:00+00:00
[2025-09-08T01:37:47.309+0000] {processor.py:183} INFO - Processing /opt/airflow/dags/update_car_data_dag.py took 0.085 seconds
[2025-09-08T01:38:17.590+0000] {processor.py:161} INFO - Started process (PID=496) to work on /opt/airflow/dags/update_car_data_dag.py
[2025-09-08T01:38:17.591+0000] {processor.py:830} INFO - Processing file /opt/airflow/dags/update_car_data_dag.py for tasks to queue
[2025-09-08T01:38:17.592+0000] {logging_mixin.py:188} INFO - [2025-09-08T01:38:17.591+0000] {dagbag.py:538} INFO - Filling up the DagBag from /opt/airflow/dags/update_car_data_dag.py
[2025-09-08T01:38:17.607+0000] {processor.py:840} INFO - DAG(s) 'update_car_data' retrieved from /opt/airflow/dags/update_car_data_dag.py
[2025-09-08T01:38:17.631+0000] {logging_mixin.py:188} INFO - [2025-09-08T01:38:17.631+0000] {dag.py:3036} INFO - Sync 1 DAGs
[2025-09-08T01:38:17.645+0000] {logging_mixin.py:188} INFO - [2025-09-08T01:38:17.645+0000] {dag.py:3823} INFO - Setting next_dagrun for update_car_data to 2025-09-06 15:00:00+00:00, run_after=2025-09-07 15:00:00+00:00
[2025-09-08T01:38:17.654+0000] {processor.py:183} INFO - Processing /opt/airflow/dags/update_car_data_dag.py took 0.070 seconds
[2025-09-08T01:38:47.899+0000] {processor.py:161} INFO - Started process (PID=501) to work on /opt/airflow/dags/update_car_data_dag.py
[2025-09-08T01:38:47.899+0000] {processor.py:830} INFO - Processing file /opt/airflow/dags/update_car_data_dag.py for tasks to queue
[2025-09-08T01:38:47.900+0000] {logging_mixin.py:188} INFO - [2025-09-08T01:38:47.900+0000] {dagbag.py:538} INFO - Filling up the DagBag from /opt/airflow/dags/update_car_data_dag.py
[2025-09-08T01:38:47.918+0000] {processor.py:840} INFO - DAG(s) 'update_car_data' retrieved from /opt/airflow/dags/update_car_data_dag.py
[2025-09-08T01:38:47.941+0000] {logging_mixin.py:188} INFO - [2025-09-08T01:38:47.941+0000] {dag.py:3036} INFO - Sync 1 DAGs
[2025-09-08T01:38:47.958+0000] {logging_mixin.py:188} INFO - [2025-09-08T01:38:47.957+0000] {dag.py:3823} INFO - Setting next_dagrun for update_car_data to 2025-09-06 15:00:00+00:00, run_after=2025-09-07 15:00:00+00:00
[2025-09-08T01:38:47.966+0000] {processor.py:183} INFO - Processing /opt/airflow/dags/update_car_data_dag.py took 0.071 seconds
[2025-09-08T01:39:18.306+0000] {processor.py:161} INFO - Started process (PID=506) to work on /opt/airflow/dags/update_car_data_dag.py
[2025-09-08T01:39:18.307+0000] {processor.py:830} INFO - Processing file /opt/airflow/dags/update_car_data_dag.py for tasks to queue
[2025-09-08T01:39:18.308+0000] {logging_mixin.py:188} INFO - [2025-09-08T01:39:18.307+0000] {dagbag.py:538} INFO - Filling up the DagBag from /opt/airflow/dags/update_car_data_dag.py
[2025-09-08T01:39:18.325+0000] {processor.py:840} INFO - DAG(s) 'update_car_data' retrieved from /opt/airflow/dags/update_car_data_dag.py
[2025-09-08T01:39:18.348+0000] {logging_mixin.py:188} INFO - [2025-09-08T01:39:18.348+0000] {dag.py:3036} INFO - Sync 1 DAGs
[2025-09-08T01:39:18.365+0000] {logging_mixin.py:188} INFO - [2025-09-08T01:39:18.364+0000] {dag.py:3823} INFO - Setting next_dagrun for update_car_data to 2025-09-06 15:00:00+00:00, run_after=2025-09-07 15:00:00+00:00
[2025-09-08T01:39:18.374+0000] {processor.py:183} INFO - Processing /opt/airflow/dags/update_car_data_dag.py took 0.072 seconds
[2025-09-08T01:39:48.730+0000] {processor.py:161} INFO - Started process (PID=511) to work on /opt/airflow/dags/update_car_data_dag.py
[2025-09-08T01:39:48.731+0000] {processor.py:830} INFO - Processing file /opt/airflow/dags/update_car_data_dag.py for tasks to queue
[2025-09-08T01:39:48.733+0000] {logging_mixin.py:188} INFO - [2025-09-08T01:39:48.732+0000] {dagbag.py:538} INFO - Filling up the DagBag from /opt/airflow/dags/update_car_data_dag.py
[2025-09-08T01:39:48.755+0000] {processor.py:840} INFO - DAG(s) 'update_car_data' retrieved from /opt/airflow/dags/update_car_data_dag.py
[2025-09-08T01:39:48.795+0000] {logging_mixin.py:188} INFO - [2025-09-08T01:39:48.795+0000] {dag.py:3036} INFO - Sync 1 DAGs
[2025-09-08T01:39:48.817+0000] {logging_mixin.py:188} INFO - [2025-09-08T01:39:48.817+0000] {dag.py:3823} INFO - Setting next_dagrun for update_car_data to 2025-09-06 15:00:00+00:00, run_after=2025-09-07 15:00:00+00:00
[2025-09-08T01:39:48.827+0000] {processor.py:183} INFO - Processing /opt/airflow/dags/update_car_data_dag.py took 0.103 seconds
[2025-09-08T01:40:19.182+0000] {processor.py:161} INFO - Started process (PID=516) to work on /opt/airflow/dags/update_car_data_dag.py
[2025-09-08T01:40:19.183+0000] {processor.py:830} INFO - Processing file /opt/airflow/dags/update_car_data_dag.py for tasks to queue
[2025-09-08T01:40:19.184+0000] {logging_mixin.py:188} INFO - [2025-09-08T01:40:19.184+0000] {dagbag.py:538} INFO - Filling up the DagBag from /opt/airflow/dags/update_car_data_dag.py
[2025-09-08T01:40:19.204+0000] {processor.py:840} INFO - DAG(s) 'update_car_data' retrieved from /opt/airflow/dags/update_car_data_dag.py
[2025-09-08T01:40:19.228+0000] {logging_mixin.py:188} INFO - [2025-09-08T01:40:19.227+0000] {dag.py:3036} INFO - Sync 1 DAGs
[2025-09-08T01:40:19.243+0000] {logging_mixin.py:188} INFO - [2025-09-08T01:40:19.243+0000] {dag.py:3823} INFO - Setting next_dagrun for update_car_data to 2025-09-06 15:00:00+00:00, run_after=2025-09-07 15:00:00+00:00
[2025-09-08T01:40:19.252+0000] {processor.py:183} INFO - Processing /opt/airflow/dags/update_car_data_dag.py took 0.076 seconds
[2025-09-08T01:40:49.519+0000] {processor.py:161} INFO - Started process (PID=521) to work on /opt/airflow/dags/update_car_data_dag.py
[2025-09-08T01:40:49.520+0000] {processor.py:830} INFO - Processing file /opt/airflow/dags/update_car_data_dag.py for tasks to queue
[2025-09-08T01:40:49.521+0000] {logging_mixin.py:188} INFO - [2025-09-08T01:40:49.521+0000] {dagbag.py:538} INFO - Filling up the DagBag from /opt/airflow/dags/update_car_data_dag.py
[2025-09-08T01:40:49.540+0000] {processor.py:840} INFO - DAG(s) 'update_car_data' retrieved from /opt/airflow/dags/update_car_data_dag.py
[2025-09-08T01:40:49.574+0000] {logging_mixin.py:188} INFO - [2025-09-08T01:40:49.574+0000] {dag.py:3036} INFO - Sync 1 DAGs
[2025-09-08T01:40:49.590+0000] {logging_mixin.py:188} INFO - [2025-09-08T01:40:49.590+0000] {dag.py:3823} INFO - Setting next_dagrun for update_car_data to 2025-09-06 15:00:00+00:00, run_after=2025-09-07 15:00:00+00:00
[2025-09-08T01:40:49.600+0000] {processor.py:183} INFO - Processing /opt/airflow/dags/update_car_data_dag.py took 0.085 seconds
[2025-09-08T01:41:19.877+0000] {processor.py:161} INFO - Started process (PID=526) to work on /opt/airflow/dags/update_car_data_dag.py
[2025-09-08T01:41:19.878+0000] {processor.py:830} INFO - Processing file /opt/airflow/dags/update_car_data_dag.py for tasks to queue
[2025-09-08T01:41:19.879+0000] {logging_mixin.py:188} INFO - [2025-09-08T01:41:19.878+0000] {dagbag.py:538} INFO - Filling up the DagBag from /opt/airflow/dags/update_car_data_dag.py
[2025-09-08T01:41:19.896+0000] {processor.py:840} INFO - DAG(s) 'update_car_data' retrieved from /opt/airflow/dags/update_car_data_dag.py
[2025-09-08T01:41:19.927+0000] {logging_mixin.py:188} INFO - [2025-09-08T01:41:19.927+0000] {dag.py:3036} INFO - Sync 1 DAGs
[2025-09-08T01:41:19.941+0000] {logging_mixin.py:188} INFO - [2025-09-08T01:41:19.941+0000] {dag.py:3823} INFO - Setting next_dagrun for update_car_data to 2025-09-06 15:00:00+00:00, run_after=2025-09-07 15:00:00+00:00
[2025-09-08T01:41:19.951+0000] {processor.py:183} INFO - Processing /opt/airflow/dags/update_car_data_dag.py took 0.080 seconds
[2025-09-08T01:41:50.249+0000] {processor.py:161} INFO - Started process (PID=531) to work on /opt/airflow/dags/update_car_data_dag.py
[2025-09-08T01:41:50.250+0000] {processor.py:830} INFO - Processing file /opt/airflow/dags/update_car_data_dag.py for tasks to queue
[2025-09-08T01:41:50.251+0000] {logging_mixin.py:188} INFO - [2025-09-08T01:41:50.251+0000] {dagbag.py:538} INFO - Filling up the DagBag from /opt/airflow/dags/update_car_data_dag.py
[2025-09-08T01:41:50.267+0000] {processor.py:840} INFO - DAG(s) 'update_car_data' retrieved from /opt/airflow/dags/update_car_data_dag.py
[2025-09-08T01:41:50.290+0000] {logging_mixin.py:188} INFO - [2025-09-08T01:41:50.290+0000] {dag.py:3036} INFO - Sync 1 DAGs
[2025-09-08T01:41:50.304+0000] {logging_mixin.py:188} INFO - [2025-09-08T01:41:50.304+0000] {dag.py:3823} INFO - Setting next_dagrun for update_car_data to 2025-09-06 15:00:00+00:00, run_after=2025-09-07 15:00:00+00:00
[2025-09-08T01:41:50.312+0000] {processor.py:183} INFO - Processing /opt/airflow/dags/update_car_data_dag.py took 0.067 seconds
[2025-09-08T01:42:20.673+0000] {processor.py:161} INFO - Started process (PID=536) to work on /opt/airflow/dags/update_car_data_dag.py
[2025-09-08T01:42:20.674+0000] {processor.py:830} INFO - Processing file /opt/airflow/dags/update_car_data_dag.py for tasks to queue
[2025-09-08T01:42:20.675+0000] {logging_mixin.py:188} INFO - [2025-09-08T01:42:20.675+0000] {dagbag.py:538} INFO - Filling up the DagBag from /opt/airflow/dags/update_car_data_dag.py
[2025-09-08T01:42:20.690+0000] {processor.py:840} INFO - DAG(s) 'update_car_data' retrieved from /opt/airflow/dags/update_car_data_dag.py
[2025-09-08T01:42:20.721+0000] {logging_mixin.py:188} INFO - [2025-09-08T01:42:20.721+0000] {dag.py:3036} INFO - Sync 1 DAGs
[2025-09-08T01:42:20.739+0000] {logging_mixin.py:188} INFO - [2025-09-08T01:42:20.739+0000] {dag.py:3823} INFO - Setting next_dagrun for update_car_data to 2025-09-06 15:00:00+00:00, run_after=2025-09-07 15:00:00+00:00
[2025-09-08T01:42:20.749+0000] {processor.py:183} INFO - Processing /opt/airflow/dags/update_car_data_dag.py took 0.081 seconds
[2025-09-08T01:42:51.034+0000] {processor.py:161} INFO - Started process (PID=541) to work on /opt/airflow/dags/update_car_data_dag.py
[2025-09-08T01:42:51.035+0000] {processor.py:830} INFO - Processing file /opt/airflow/dags/update_car_data_dag.py for tasks to queue
[2025-09-08T01:42:51.037+0000] {logging_mixin.py:188} INFO - [2025-09-08T01:42:51.036+0000] {dagbag.py:538} INFO - Filling up the DagBag from /opt/airflow/dags/update_car_data_dag.py
[2025-09-08T01:42:51.068+0000] {processor.py:840} INFO - DAG(s) 'update_car_data' retrieved from /opt/airflow/dags/update_car_data_dag.py
[2025-09-08T01:42:51.095+0000] {logging_mixin.py:188} INFO - [2025-09-08T01:42:51.095+0000] {dag.py:3036} INFO - Sync 1 DAGs
[2025-09-08T01:42:51.112+0000] {logging_mixin.py:188} INFO - [2025-09-08T01:42:51.112+0000] {dag.py:3823} INFO - Setting next_dagrun for update_car_data to 2025-09-06 15:00:00+00:00, run_after=2025-09-07 15:00:00+00:00
[2025-09-08T01:42:51.121+0000] {processor.py:183} INFO - Processing /opt/airflow/dags/update_car_data_dag.py took 0.096 seconds
[2025-09-08T01:43:21.475+0000] {processor.py:161} INFO - Started process (PID=546) to work on /opt/airflow/dags/update_car_data_dag.py
[2025-09-08T01:43:21.475+0000] {processor.py:830} INFO - Processing file /opt/airflow/dags/update_car_data_dag.py for tasks to queue
[2025-09-08T01:43:21.476+0000] {logging_mixin.py:188} INFO - [2025-09-08T01:43:21.476+0000] {dagbag.py:538} INFO - Filling up the DagBag from /opt/airflow/dags/update_car_data_dag.py
[2025-09-08T01:43:21.493+0000] {processor.py:840} INFO - DAG(s) 'update_car_data' retrieved from /opt/airflow/dags/update_car_data_dag.py
[2025-09-08T01:43:21.524+0000] {logging_mixin.py:188} INFO - [2025-09-08T01:43:21.524+0000] {dag.py:3036} INFO - Sync 1 DAGs
[2025-09-08T01:43:21.543+0000] {logging_mixin.py:188} INFO - [2025-09-08T01:43:21.543+0000] {dag.py:3823} INFO - Setting next_dagrun for update_car_data to 2025-09-06 15:00:00+00:00, run_after=2025-09-07 15:00:00+00:00
[2025-09-08T01:43:21.552+0000] {processor.py:183} INFO - Processing /opt/airflow/dags/update_car_data_dag.py took 0.083 seconds
[2025-09-08T01:43:51.818+0000] {processor.py:161} INFO - Started process (PID=551) to work on /opt/airflow/dags/update_car_data_dag.py
[2025-09-08T01:43:51.819+0000] {processor.py:830} INFO - Processing file /opt/airflow/dags/update_car_data_dag.py for tasks to queue
[2025-09-08T01:43:51.820+0000] {logging_mixin.py:188} INFO - [2025-09-08T01:43:51.820+0000] {dagbag.py:538} INFO - Filling up the DagBag from /opt/airflow/dags/update_car_data_dag.py
[2025-09-08T01:43:51.840+0000] {processor.py:840} INFO - DAG(s) 'update_car_data' retrieved from /opt/airflow/dags/update_car_data_dag.py
[2025-09-08T01:43:51.867+0000] {logging_mixin.py:188} INFO - [2025-09-08T01:43:51.867+0000] {dag.py:3036} INFO - Sync 1 DAGs
[2025-09-08T01:43:51.883+0000] {logging_mixin.py:188} INFO - [2025-09-08T01:43:51.882+0000] {dag.py:3823} INFO - Setting next_dagrun for update_car_data to 2025-09-06 15:00:00+00:00, run_after=2025-09-07 15:00:00+00:00
[2025-09-08T01:43:51.894+0000] {processor.py:183} INFO - Processing /opt/airflow/dags/update_car_data_dag.py took 0.081 seconds
[2025-09-08T01:44:22.085+0000] {processor.py:161} INFO - Started process (PID=556) to work on /opt/airflow/dags/update_car_data_dag.py
[2025-09-08T01:44:22.086+0000] {processor.py:830} INFO - Processing file /opt/airflow/dags/update_car_data_dag.py for tasks to queue
[2025-09-08T01:44:22.087+0000] {logging_mixin.py:188} INFO - [2025-09-08T01:44:22.087+0000] {dagbag.py:538} INFO - Filling up the DagBag from /opt/airflow/dags/update_car_data_dag.py
[2025-09-08T01:44:22.099+0000] {processor.py:840} INFO - DAG(s) 'update_car_data' retrieved from /opt/airflow/dags/update_car_data_dag.py
[2025-09-08T01:44:22.117+0000] {logging_mixin.py:188} INFO - [2025-09-08T01:44:22.117+0000] {dag.py:3036} INFO - Sync 1 DAGs
[2025-09-08T01:44:22.131+0000] {logging_mixin.py:188} INFO - [2025-09-08T01:44:22.131+0000] {dag.py:3823} INFO - Setting next_dagrun for update_car_data to 2025-09-06 15:00:00+00:00, run_after=2025-09-07 15:00:00+00:00
[2025-09-08T01:44:22.139+0000] {processor.py:183} INFO - Processing /opt/airflow/dags/update_car_data_dag.py took 0.057 seconds
[2025-09-08T01:44:52.352+0000] {processor.py:161} INFO - Started process (PID=561) to work on /opt/airflow/dags/update_car_data_dag.py
[2025-09-08T01:44:52.353+0000] {processor.py:830} INFO - Processing file /opt/airflow/dags/update_car_data_dag.py for tasks to queue
[2025-09-08T01:44:52.354+0000] {logging_mixin.py:188} INFO - [2025-09-08T01:44:52.354+0000] {dagbag.py:538} INFO - Filling up the DagBag from /opt/airflow/dags/update_car_data_dag.py
[2025-09-08T01:44:52.372+0000] {processor.py:840} INFO - DAG(s) 'update_car_data' retrieved from /opt/airflow/dags/update_car_data_dag.py
[2025-09-08T01:44:52.400+0000] {logging_mixin.py:188} INFO - [2025-09-08T01:44:52.400+0000] {dag.py:3036} INFO - Sync 1 DAGs
[2025-09-08T01:44:52.414+0000] {logging_mixin.py:188} INFO - [2025-09-08T01:44:52.414+0000] {dag.py:3823} INFO - Setting next_dagrun for update_car_data to 2025-09-06 15:00:00+00:00, run_after=2025-09-07 15:00:00+00:00
[2025-09-08T01:44:52.422+0000] {processor.py:183} INFO - Processing /opt/airflow/dags/update_car_data_dag.py took 0.075 seconds
[2025-09-08T01:45:22.735+0000] {processor.py:161} INFO - Started process (PID=566) to work on /opt/airflow/dags/update_car_data_dag.py
[2025-09-08T01:45:22.736+0000] {processor.py:830} INFO - Processing file /opt/airflow/dags/update_car_data_dag.py for tasks to queue
[2025-09-08T01:45:22.737+0000] {logging_mixin.py:188} INFO - [2025-09-08T01:45:22.737+0000] {dagbag.py:538} INFO - Filling up the DagBag from /opt/airflow/dags/update_car_data_dag.py
[2025-09-08T01:45:22.751+0000] {processor.py:840} INFO - DAG(s) 'update_car_data' retrieved from /opt/airflow/dags/update_car_data_dag.py
[2025-09-08T01:45:22.775+0000] {logging_mixin.py:188} INFO - [2025-09-08T01:45:22.775+0000] {dag.py:3036} INFO - Sync 1 DAGs
[2025-09-08T01:45:22.790+0000] {logging_mixin.py:188} INFO - [2025-09-08T01:45:22.790+0000] {dag.py:3823} INFO - Setting next_dagrun for update_car_data to 2025-09-06 15:00:00+00:00, run_after=2025-09-07 15:00:00+00:00
[2025-09-08T01:45:22.798+0000] {processor.py:183} INFO - Processing /opt/airflow/dags/update_car_data_dag.py took 0.067 seconds
[2025-09-08T01:45:53.036+0000] {processor.py:161} INFO - Started process (PID=571) to work on /opt/airflow/dags/update_car_data_dag.py
[2025-09-08T01:45:53.038+0000] {processor.py:830} INFO - Processing file /opt/airflow/dags/update_car_data_dag.py for tasks to queue
[2025-09-08T01:45:53.039+0000] {logging_mixin.py:188} INFO - [2025-09-08T01:45:53.038+0000] {dagbag.py:538} INFO - Filling up the DagBag from /opt/airflow/dags/update_car_data_dag.py
[2025-09-08T01:45:53.059+0000] {processor.py:840} INFO - DAG(s) 'update_car_data' retrieved from /opt/airflow/dags/update_car_data_dag.py
[2025-09-08T01:45:53.085+0000] {logging_mixin.py:188} INFO - [2025-09-08T01:45:53.085+0000] {dag.py:3036} INFO - Sync 1 DAGs
[2025-09-08T01:45:53.100+0000] {logging_mixin.py:188} INFO - [2025-09-08T01:45:53.100+0000] {dag.py:3823} INFO - Setting next_dagrun for update_car_data to 2025-09-06 15:00:00+00:00, run_after=2025-09-07 15:00:00+00:00
[2025-09-08T01:45:53.109+0000] {processor.py:183} INFO - Processing /opt/airflow/dags/update_car_data_dag.py took 0.080 seconds
[2025-09-08T01:46:23.424+0000] {processor.py:161} INFO - Started process (PID=576) to work on /opt/airflow/dags/update_car_data_dag.py
[2025-09-08T01:46:23.425+0000] {processor.py:830} INFO - Processing file /opt/airflow/dags/update_car_data_dag.py for tasks to queue
[2025-09-08T01:46:23.425+0000] {logging_mixin.py:188} INFO - [2025-09-08T01:46:23.425+0000] {dagbag.py:538} INFO - Filling up the DagBag from /opt/airflow/dags/update_car_data_dag.py
[2025-09-08T01:46:23.442+0000] {processor.py:840} INFO - DAG(s) 'update_car_data' retrieved from /opt/airflow/dags/update_car_data_dag.py
[2025-09-08T01:46:23.477+0000] {logging_mixin.py:188} INFO - [2025-09-08T01:46:23.476+0000] {dag.py:3036} INFO - Sync 1 DAGs
[2025-09-08T01:46:23.493+0000] {logging_mixin.py:188} INFO - [2025-09-08T01:46:23.492+0000] {dag.py:3823} INFO - Setting next_dagrun for update_car_data to 2025-09-06 15:00:00+00:00, run_after=2025-09-07 15:00:00+00:00
[2025-09-08T01:46:23.501+0000] {processor.py:183} INFO - Processing /opt/airflow/dags/update_car_data_dag.py took 0.083 seconds
[2025-09-08T01:46:53.752+0000] {processor.py:161} INFO - Started process (PID=581) to work on /opt/airflow/dags/update_car_data_dag.py
[2025-09-08T01:46:53.753+0000] {processor.py:830} INFO - Processing file /opt/airflow/dags/update_car_data_dag.py for tasks to queue
[2025-09-08T01:46:53.754+0000] {logging_mixin.py:188} INFO - [2025-09-08T01:46:53.753+0000] {dagbag.py:538} INFO - Filling up the DagBag from /opt/airflow/dags/update_car_data_dag.py
[2025-09-08T01:46:53.773+0000] {processor.py:840} INFO - DAG(s) 'update_car_data' retrieved from /opt/airflow/dags/update_car_data_dag.py
[2025-09-08T01:46:53.806+0000] {logging_mixin.py:188} INFO - [2025-09-08T01:46:53.806+0000] {dag.py:3036} INFO - Sync 1 DAGs
[2025-09-08T01:46:53.822+0000] {logging_mixin.py:188} INFO - [2025-09-08T01:46:53.822+0000] {dag.py:3823} INFO - Setting next_dagrun for update_car_data to 2025-09-06 15:00:00+00:00, run_after=2025-09-07 15:00:00+00:00
[2025-09-08T01:46:53.832+0000] {processor.py:183} INFO - Processing /opt/airflow/dags/update_car_data_dag.py took 0.086 seconds
[2025-09-08T01:47:24.235+0000] {processor.py:161} INFO - Started process (PID=586) to work on /opt/airflow/dags/update_car_data_dag.py
[2025-09-08T01:47:24.236+0000] {processor.py:830} INFO - Processing file /opt/airflow/dags/update_car_data_dag.py for tasks to queue
[2025-09-08T01:47:24.237+0000] {logging_mixin.py:188} INFO - [2025-09-08T01:47:24.237+0000] {dagbag.py:538} INFO - Filling up the DagBag from /opt/airflow/dags/update_car_data_dag.py
[2025-09-08T01:47:24.255+0000] {processor.py:840} INFO - DAG(s) 'update_car_data' retrieved from /opt/airflow/dags/update_car_data_dag.py
[2025-09-08T01:47:24.286+0000] {logging_mixin.py:188} INFO - [2025-09-08T01:47:24.286+0000] {dag.py:3036} INFO - Sync 1 DAGs
[2025-09-08T01:47:24.304+0000] {logging_mixin.py:188} INFO - [2025-09-08T01:47:24.304+0000] {dag.py:3823} INFO - Setting next_dagrun for update_car_data to 2025-09-06 15:00:00+00:00, run_after=2025-09-07 15:00:00+00:00
[2025-09-08T01:47:24.313+0000] {processor.py:183} INFO - Processing /opt/airflow/dags/update_car_data_dag.py took 0.083 seconds
[2025-09-08T01:47:54.653+0000] {processor.py:161} INFO - Started process (PID=591) to work on /opt/airflow/dags/update_car_data_dag.py
[2025-09-08T01:47:54.654+0000] {processor.py:830} INFO - Processing file /opt/airflow/dags/update_car_data_dag.py for tasks to queue
[2025-09-08T01:47:54.655+0000] {logging_mixin.py:188} INFO - [2025-09-08T01:47:54.654+0000] {dagbag.py:538} INFO - Filling up the DagBag from /opt/airflow/dags/update_car_data_dag.py
[2025-09-08T01:47:54.671+0000] {processor.py:840} INFO - DAG(s) 'update_car_data' retrieved from /opt/airflow/dags/update_car_data_dag.py
[2025-09-08T01:47:54.701+0000] {logging_mixin.py:188} INFO - [2025-09-08T01:47:54.701+0000] {dag.py:3036} INFO - Sync 1 DAGs
[2025-09-08T01:47:54.716+0000] {logging_mixin.py:188} INFO - [2025-09-08T01:47:54.716+0000] {dag.py:3823} INFO - Setting next_dagrun for update_car_data to 2025-09-06 15:00:00+00:00, run_after=2025-09-07 15:00:00+00:00
[2025-09-08T01:47:54.725+0000] {processor.py:183} INFO - Processing /opt/airflow/dags/update_car_data_dag.py took 0.077 seconds
[2025-09-08T01:48:24.955+0000] {processor.py:161} INFO - Started process (PID=596) to work on /opt/airflow/dags/update_car_data_dag.py
[2025-09-08T01:48:24.957+0000] {processor.py:830} INFO - Processing file /opt/airflow/dags/update_car_data_dag.py for tasks to queue
[2025-09-08T01:48:24.958+0000] {logging_mixin.py:188} INFO - [2025-09-08T01:48:24.957+0000] {dagbag.py:538} INFO - Filling up the DagBag from /opt/airflow/dags/update_car_data_dag.py
[2025-09-08T01:48:24.975+0000] {processor.py:840} INFO - DAG(s) 'update_car_data' retrieved from /opt/airflow/dags/update_car_data_dag.py
[2025-09-08T01:48:24.999+0000] {logging_mixin.py:188} INFO - [2025-09-08T01:48:24.999+0000] {dag.py:3036} INFO - Sync 1 DAGs
[2025-09-08T01:48:25.013+0000] {logging_mixin.py:188} INFO - [2025-09-08T01:48:25.013+0000] {dag.py:3823} INFO - Setting next_dagrun for update_car_data to 2025-09-06 15:00:00+00:00, run_after=2025-09-07 15:00:00+00:00
[2025-09-08T01:48:25.022+0000] {processor.py:183} INFO - Processing /opt/airflow/dags/update_car_data_dag.py took 0.072 seconds
[2025-09-08T01:48:55.396+0000] {processor.py:161} INFO - Started process (PID=601) to work on /opt/airflow/dags/update_car_data_dag.py
[2025-09-08T01:48:55.397+0000] {processor.py:830} INFO - Processing file /opt/airflow/dags/update_car_data_dag.py for tasks to queue
[2025-09-08T01:48:55.398+0000] {logging_mixin.py:188} INFO - [2025-09-08T01:48:55.398+0000] {dagbag.py:538} INFO - Filling up the DagBag from /opt/airflow/dags/update_car_data_dag.py
[2025-09-08T01:48:55.415+0000] {processor.py:840} INFO - DAG(s) 'update_car_data' retrieved from /opt/airflow/dags/update_car_data_dag.py
[2025-09-08T01:48:55.441+0000] {logging_mixin.py:188} INFO - [2025-09-08T01:48:55.441+0000] {dag.py:3036} INFO - Sync 1 DAGs
[2025-09-08T01:48:55.455+0000] {logging_mixin.py:188} INFO - [2025-09-08T01:48:55.455+0000] {dag.py:3823} INFO - Setting next_dagrun for update_car_data to 2025-09-06 15:00:00+00:00, run_after=2025-09-07 15:00:00+00:00
[2025-09-08T01:48:55.464+0000] {processor.py:183} INFO - Processing /opt/airflow/dags/update_car_data_dag.py took 0.072 seconds
[2025-09-08T01:49:25.691+0000] {processor.py:161} INFO - Started process (PID=606) to work on /opt/airflow/dags/update_car_data_dag.py
[2025-09-08T01:49:25.692+0000] {processor.py:830} INFO - Processing file /opt/airflow/dags/update_car_data_dag.py for tasks to queue
[2025-09-08T01:49:25.692+0000] {logging_mixin.py:188} INFO - [2025-09-08T01:49:25.692+0000] {dagbag.py:538} INFO - Filling up the DagBag from /opt/airflow/dags/update_car_data_dag.py
[2025-09-08T01:49:25.701+0000] {processor.py:840} INFO - DAG(s) 'update_car_data' retrieved from /opt/airflow/dags/update_car_data_dag.py
[2025-09-08T01:49:25.717+0000] {logging_mixin.py:188} INFO - [2025-09-08T01:49:25.717+0000] {dag.py:3036} INFO - Sync 1 DAGs
[2025-09-08T01:49:25.730+0000] {logging_mixin.py:188} INFO - [2025-09-08T01:49:25.730+0000] {dag.py:3823} INFO - Setting next_dagrun for update_car_data to 2025-09-06 15:00:00+00:00, run_after=2025-09-07 15:00:00+00:00
[2025-09-08T01:49:25.738+0000] {processor.py:183} INFO - Processing /opt/airflow/dags/update_car_data_dag.py took 0.049 seconds
[2025-09-08T01:49:55.981+0000] {processor.py:161} INFO - Started process (PID=611) to work on /opt/airflow/dags/update_car_data_dag.py
[2025-09-08T01:49:55.981+0000] {processor.py:830} INFO - Processing file /opt/airflow/dags/update_car_data_dag.py for tasks to queue
[2025-09-08T01:49:55.982+0000] {logging_mixin.py:188} INFO - [2025-09-08T01:49:55.981+0000] {dagbag.py:538} INFO - Filling up the DagBag from /opt/airflow/dags/update_car_data_dag.py
[2025-09-08T01:49:55.994+0000] {processor.py:840} INFO - DAG(s) 'update_car_data' retrieved from /opt/airflow/dags/update_car_data_dag.py
[2025-09-08T01:49:56.016+0000] {logging_mixin.py:188} INFO - [2025-09-08T01:49:56.015+0000] {dag.py:3036} INFO - Sync 1 DAGs
[2025-09-08T01:49:56.030+0000] {logging_mixin.py:188} INFO - [2025-09-08T01:49:56.030+0000] {dag.py:3823} INFO - Setting next_dagrun for update_car_data to 2025-09-06 15:00:00+00:00, run_after=2025-09-07 15:00:00+00:00
[2025-09-08T01:49:56.038+0000] {processor.py:183} INFO - Processing /opt/airflow/dags/update_car_data_dag.py took 0.061 seconds
[2025-09-08T01:50:26.397+0000] {processor.py:161} INFO - Started process (PID=616) to work on /opt/airflow/dags/update_car_data_dag.py
[2025-09-08T01:50:26.398+0000] {processor.py:830} INFO - Processing file /opt/airflow/dags/update_car_data_dag.py for tasks to queue
[2025-09-08T01:50:26.399+0000] {logging_mixin.py:188} INFO - [2025-09-08T01:50:26.398+0000] {dagbag.py:538} INFO - Filling up the DagBag from /opt/airflow/dags/update_car_data_dag.py
[2025-09-08T01:50:26.418+0000] {processor.py:840} INFO - DAG(s) 'update_car_data' retrieved from /opt/airflow/dags/update_car_data_dag.py
[2025-09-08T01:50:26.442+0000] {logging_mixin.py:188} INFO - [2025-09-08T01:50:26.442+0000] {dag.py:3036} INFO - Sync 1 DAGs
[2025-09-08T01:50:26.456+0000] {logging_mixin.py:188} INFO - [2025-09-08T01:50:26.456+0000] {dag.py:3823} INFO - Setting next_dagrun for update_car_data to 2025-09-06 15:00:00+00:00, run_after=2025-09-07 15:00:00+00:00
[2025-09-08T01:50:26.464+0000] {processor.py:183} INFO - Processing /opt/airflow/dags/update_car_data_dag.py took 0.073 seconds
[2025-09-08T01:50:56.717+0000] {processor.py:161} INFO - Started process (PID=621) to work on /opt/airflow/dags/update_car_data_dag.py
[2025-09-08T01:50:56.718+0000] {processor.py:830} INFO - Processing file /opt/airflow/dags/update_car_data_dag.py for tasks to queue
[2025-09-08T01:50:56.719+0000] {logging_mixin.py:188} INFO - [2025-09-08T01:50:56.719+0000] {dagbag.py:538} INFO - Filling up the DagBag from /opt/airflow/dags/update_car_data_dag.py
[2025-09-08T01:50:56.736+0000] {processor.py:840} INFO - DAG(s) 'update_car_data' retrieved from /opt/airflow/dags/update_car_data_dag.py
[2025-09-08T01:50:56.769+0000] {logging_mixin.py:188} INFO - [2025-09-08T01:50:56.769+0000] {dag.py:3036} INFO - Sync 1 DAGs
[2025-09-08T01:50:56.789+0000] {logging_mixin.py:188} INFO - [2025-09-08T01:50:56.788+0000] {dag.py:3823} INFO - Setting next_dagrun for update_car_data to 2025-09-06 15:00:00+00:00, run_after=2025-09-07 15:00:00+00:00
[2025-09-08T01:50:56.798+0000] {processor.py:183} INFO - Processing /opt/airflow/dags/update_car_data_dag.py took 0.087 seconds
[2025-09-08T01:55:28.041+0000] {processor.py:161} INFO - Started process (PID=628) to work on /opt/airflow/dags/update_car_data_dag.py
[2025-09-08T01:55:28.043+0000] {processor.py:830} INFO - Processing file /opt/airflow/dags/update_car_data_dag.py for tasks to queue
[2025-09-08T01:55:28.045+0000] {logging_mixin.py:188} INFO - [2025-09-08T01:55:28.044+0000] {dagbag.py:538} INFO - Filling up the DagBag from /opt/airflow/dags/update_car_data_dag.py
[2025-09-08T01:55:28.071+0000] {processor.py:840} INFO - DAG(s) 'update_car_data' retrieved from /opt/airflow/dags/update_car_data_dag.py
[2025-09-08T01:55:28.133+0000] {logging_mixin.py:188} INFO - [2025-09-08T01:55:28.133+0000] {dag.py:3036} INFO - Sync 1 DAGs
[2025-09-08T01:55:28.165+0000] {logging_mixin.py:188} INFO - [2025-09-08T01:55:28.164+0000] {dag.py:3823} INFO - Setting next_dagrun for update_car_data to 2025-09-06 15:00:00+00:00, run_after=2025-09-07 15:00:00+00:00
[2025-09-08T01:55:28.183+0000] {processor.py:183} INFO - Processing /opt/airflow/dags/update_car_data_dag.py took 0.163 seconds
[2025-09-08T01:55:58.596+0000] {processor.py:161} INFO - Started process (PID=633) to work on /opt/airflow/dags/update_car_data_dag.py
[2025-09-08T01:55:58.597+0000] {processor.py:830} INFO - Processing file /opt/airflow/dags/update_car_data_dag.py for tasks to queue
[2025-09-08T01:55:58.599+0000] {logging_mixin.py:188} INFO - [2025-09-08T01:55:58.598+0000] {dagbag.py:538} INFO - Filling up the DagBag from /opt/airflow/dags/update_car_data_dag.py
[2025-09-08T01:55:58.618+0000] {processor.py:840} INFO - DAG(s) 'update_car_data' retrieved from /opt/airflow/dags/update_car_data_dag.py
[2025-09-08T01:55:58.661+0000] {logging_mixin.py:188} INFO - [2025-09-08T01:55:58.661+0000] {dag.py:3036} INFO - Sync 1 DAGs
[2025-09-08T01:55:58.681+0000] {logging_mixin.py:188} INFO - [2025-09-08T01:55:58.681+0000] {dag.py:3823} INFO - Setting next_dagrun for update_car_data to 2025-09-06 15:00:00+00:00, run_after=2025-09-07 15:00:00+00:00
[2025-09-08T01:55:58.693+0000] {processor.py:183} INFO - Processing /opt/airflow/dags/update_car_data_dag.py took 0.105 seconds
[2025-09-08T01:56:28.943+0000] {processor.py:161} INFO - Started process (PID=638) to work on /opt/airflow/dags/update_car_data_dag.py
[2025-09-08T01:56:28.945+0000] {processor.py:830} INFO - Processing file /opt/airflow/dags/update_car_data_dag.py for tasks to queue
[2025-09-08T01:56:28.946+0000] {logging_mixin.py:188} INFO - [2025-09-08T01:56:28.946+0000] {dagbag.py:538} INFO - Filling up the DagBag from /opt/airflow/dags/update_car_data_dag.py
[2025-09-08T01:56:28.966+0000] {processor.py:840} INFO - DAG(s) 'update_car_data' retrieved from /opt/airflow/dags/update_car_data_dag.py
[2025-09-08T01:56:28.995+0000] {logging_mixin.py:188} INFO - [2025-09-08T01:56:28.995+0000] {dag.py:3036} INFO - Sync 1 DAGs
[2025-09-08T01:56:29.010+0000] {logging_mixin.py:188} INFO - [2025-09-08T01:56:29.010+0000] {dag.py:3823} INFO - Setting next_dagrun for update_car_data to 2025-09-06 15:00:00+00:00, run_after=2025-09-07 15:00:00+00:00
[2025-09-08T01:56:29.021+0000] {processor.py:183} INFO - Processing /opt/airflow/dags/update_car_data_dag.py took 0.098 seconds
[2025-09-08T01:56:59.319+0000] {processor.py:161} INFO - Started process (PID=643) to work on /opt/airflow/dags/update_car_data_dag.py
[2025-09-08T01:56:59.320+0000] {processor.py:830} INFO - Processing file /opt/airflow/dags/update_car_data_dag.py for tasks to queue
[2025-09-08T01:56:59.321+0000] {logging_mixin.py:188} INFO - [2025-09-08T01:56:59.321+0000] {dagbag.py:538} INFO - Filling up the DagBag from /opt/airflow/dags/update_car_data_dag.py
[2025-09-08T01:56:59.334+0000] {processor.py:840} INFO - DAG(s) 'update_car_data' retrieved from /opt/airflow/dags/update_car_data_dag.py
[2025-09-08T01:56:59.355+0000] {logging_mixin.py:188} INFO - [2025-09-08T01:56:59.355+0000] {dag.py:3036} INFO - Sync 1 DAGs
[2025-09-08T01:56:59.369+0000] {logging_mixin.py:188} INFO - [2025-09-08T01:56:59.368+0000] {dag.py:3823} INFO - Setting next_dagrun for update_car_data to 2025-09-06 15:00:00+00:00, run_after=2025-09-07 15:00:00+00:00
[2025-09-08T01:56:59.376+0000] {processor.py:183} INFO - Processing /opt/airflow/dags/update_car_data_dag.py took 0.061 seconds
[2025-09-08T01:57:29.651+0000] {processor.py:161} INFO - Started process (PID=648) to work on /opt/airflow/dags/update_car_data_dag.py
[2025-09-08T01:57:29.652+0000] {processor.py:830} INFO - Processing file /opt/airflow/dags/update_car_data_dag.py for tasks to queue
[2025-09-08T01:57:29.653+0000] {logging_mixin.py:188} INFO - [2025-09-08T01:57:29.653+0000] {dagbag.py:538} INFO - Filling up the DagBag from /opt/airflow/dags/update_car_data_dag.py
[2025-09-08T01:57:29.670+0000] {processor.py:840} INFO - DAG(s) 'update_car_data' retrieved from /opt/airflow/dags/update_car_data_dag.py
[2025-09-08T01:57:29.696+0000] {logging_mixin.py:188} INFO - [2025-09-08T01:57:29.696+0000] {dag.py:3036} INFO - Sync 1 DAGs
[2025-09-08T01:57:29.709+0000] {logging_mixin.py:188} INFO - [2025-09-08T01:57:29.709+0000] {dag.py:3823} INFO - Setting next_dagrun for update_car_data to 2025-09-06 15:00:00+00:00, run_after=2025-09-07 15:00:00+00:00
[2025-09-08T01:57:29.717+0000] {processor.py:183} INFO - Processing /opt/airflow/dags/update_car_data_dag.py took 0.072 seconds
[2025-09-08T01:57:59.988+0000] {processor.py:161} INFO - Started process (PID=653) to work on /opt/airflow/dags/update_car_data_dag.py
[2025-09-08T01:57:59.990+0000] {processor.py:830} INFO - Processing file /opt/airflow/dags/update_car_data_dag.py for tasks to queue
[2025-09-08T01:57:59.991+0000] {logging_mixin.py:188} INFO - [2025-09-08T01:57:59.991+0000] {dagbag.py:538} INFO - Filling up the DagBag from /opt/airflow/dags/update_car_data_dag.py
[2025-09-08T01:58:00.014+0000] {processor.py:840} INFO - DAG(s) 'update_car_data' retrieved from /opt/airflow/dags/update_car_data_dag.py
[2025-09-08T01:58:00.051+0000] {logging_mixin.py:188} INFO - [2025-09-08T01:58:00.051+0000] {dag.py:3036} INFO - Sync 1 DAGs
[2025-09-08T01:58:00.070+0000] {logging_mixin.py:188} INFO - [2025-09-08T01:58:00.069+0000] {dag.py:3823} INFO - Setting next_dagrun for update_car_data to 2025-09-06 15:00:00+00:00, run_after=2025-09-07 15:00:00+00:00
[2025-09-08T01:58:00.079+0000] {processor.py:183} INFO - Processing /opt/airflow/dags/update_car_data_dag.py took 0.095 seconds
[2025-09-08T01:58:30.330+0000] {processor.py:161} INFO - Started process (PID=658) to work on /opt/airflow/dags/update_car_data_dag.py
[2025-09-08T01:58:30.332+0000] {processor.py:830} INFO - Processing file /opt/airflow/dags/update_car_data_dag.py for tasks to queue
[2025-09-08T01:58:30.335+0000] {logging_mixin.py:188} INFO - [2025-09-08T01:58:30.333+0000] {dagbag.py:538} INFO - Filling up the DagBag from /opt/airflow/dags/update_car_data_dag.py
[2025-09-08T01:58:30.358+0000] {processor.py:840} INFO - DAG(s) 'update_car_data' retrieved from /opt/airflow/dags/update_car_data_dag.py
[2025-09-08T01:58:30.390+0000] {logging_mixin.py:188} INFO - [2025-09-08T01:58:30.390+0000] {dag.py:3036} INFO - Sync 1 DAGs
[2025-09-08T01:58:30.407+0000] {logging_mixin.py:188} INFO - [2025-09-08T01:58:30.407+0000] {dag.py:3823} INFO - Setting next_dagrun for update_car_data to 2025-09-06 15:00:00+00:00, run_after=2025-09-07 15:00:00+00:00
[2025-09-08T01:58:30.417+0000] {processor.py:183} INFO - Processing /opt/airflow/dags/update_car_data_dag.py took 0.091 seconds
[2025-09-08T01:59:00.622+0000] {processor.py:161} INFO - Started process (PID=663) to work on /opt/airflow/dags/update_car_data_dag.py
[2025-09-08T01:59:00.624+0000] {processor.py:830} INFO - Processing file /opt/airflow/dags/update_car_data_dag.py for tasks to queue
[2025-09-08T01:59:00.625+0000] {logging_mixin.py:188} INFO - [2025-09-08T01:59:00.624+0000] {dagbag.py:538} INFO - Filling up the DagBag from /opt/airflow/dags/update_car_data_dag.py
[2025-09-08T01:59:00.641+0000] {processor.py:840} INFO - DAG(s) 'update_car_data' retrieved from /opt/airflow/dags/update_car_data_dag.py
[2025-09-08T01:59:00.662+0000] {logging_mixin.py:188} INFO - [2025-09-08T01:59:00.662+0000] {dag.py:3036} INFO - Sync 1 DAGs
[2025-09-08T01:59:00.674+0000] {logging_mixin.py:188} INFO - [2025-09-08T01:59:00.674+0000] {dag.py:3823} INFO - Setting next_dagrun for update_car_data to 2025-09-06 15:00:00+00:00, run_after=2025-09-07 15:00:00+00:00
[2025-09-08T01:59:00.683+0000] {processor.py:183} INFO - Processing /opt/airflow/dags/update_car_data_dag.py took 0.067 seconds
[2025-09-08T01:59:30.945+0000] {processor.py:161} INFO - Started process (PID=668) to work on /opt/airflow/dags/update_car_data_dag.py
[2025-09-08T01:59:30.946+0000] {processor.py:830} INFO - Processing file /opt/airflow/dags/update_car_data_dag.py for tasks to queue
[2025-09-08T01:59:30.947+0000] {logging_mixin.py:188} INFO - [2025-09-08T01:59:30.947+0000] {dagbag.py:538} INFO - Filling up the DagBag from /opt/airflow/dags/update_car_data_dag.py
[2025-09-08T01:59:30.966+0000] {processor.py:840} INFO - DAG(s) 'update_car_data' retrieved from /opt/airflow/dags/update_car_data_dag.py
[2025-09-08T01:59:30.998+0000] {logging_mixin.py:188} INFO - [2025-09-08T01:59:30.998+0000] {dag.py:3036} INFO - Sync 1 DAGs
[2025-09-08T01:59:31.014+0000] {logging_mixin.py:188} INFO - [2025-09-08T01:59:31.014+0000] {dag.py:3823} INFO - Setting next_dagrun for update_car_data to 2025-09-06 15:00:00+00:00, run_after=2025-09-07 15:00:00+00:00
[2025-09-08T01:59:31.026+0000] {processor.py:183} INFO - Processing /opt/airflow/dags/update_car_data_dag.py took 0.086 seconds
[2025-09-08T02:00:01.219+0000] {processor.py:161} INFO - Started process (PID=673) to work on /opt/airflow/dags/update_car_data_dag.py
[2025-09-08T02:00:01.219+0000] {processor.py:830} INFO - Processing file /opt/airflow/dags/update_car_data_dag.py for tasks to queue
[2025-09-08T02:00:01.220+0000] {logging_mixin.py:188} INFO - [2025-09-08T02:00:01.220+0000] {dagbag.py:538} INFO - Filling up the DagBag from /opt/airflow/dags/update_car_data_dag.py
[2025-09-08T02:00:01.234+0000] {processor.py:840} INFO - DAG(s) 'update_car_data' retrieved from /opt/airflow/dags/update_car_data_dag.py
[2025-09-08T02:00:01.265+0000] {logging_mixin.py:188} INFO - [2025-09-08T02:00:01.265+0000] {dag.py:3036} INFO - Sync 1 DAGs
[2025-09-08T02:00:01.283+0000] {logging_mixin.py:188} INFO - [2025-09-08T02:00:01.283+0000] {dag.py:3823} INFO - Setting next_dagrun for update_car_data to 2025-09-06 15:00:00+00:00, run_after=2025-09-07 15:00:00+00:00
[2025-09-08T02:00:01.290+0000] {processor.py:183} INFO - Processing /opt/airflow/dags/update_car_data_dag.py took 0.077 seconds
[2025-09-08T02:00:31.518+0000] {processor.py:161} INFO - Started process (PID=678) to work on /opt/airflow/dags/update_car_data_dag.py
[2025-09-08T02:00:31.519+0000] {processor.py:830} INFO - Processing file /opt/airflow/dags/update_car_data_dag.py for tasks to queue
[2025-09-08T02:00:31.520+0000] {logging_mixin.py:188} INFO - [2025-09-08T02:00:31.520+0000] {dagbag.py:538} INFO - Filling up the DagBag from /opt/airflow/dags/update_car_data_dag.py
[2025-09-08T02:00:31.534+0000] {processor.py:840} INFO - DAG(s) 'update_car_data' retrieved from /opt/airflow/dags/update_car_data_dag.py
[2025-09-08T02:00:31.564+0000] {logging_mixin.py:188} INFO - [2025-09-08T02:00:31.564+0000] {dag.py:3036} INFO - Sync 1 DAGs
[2025-09-08T02:00:31.579+0000] {logging_mixin.py:188} INFO - [2025-09-08T02:00:31.579+0000] {dag.py:3823} INFO - Setting next_dagrun for update_car_data to 2025-09-06 15:00:00+00:00, run_after=2025-09-07 15:00:00+00:00
[2025-09-08T02:00:31.587+0000] {processor.py:183} INFO - Processing /opt/airflow/dags/update_car_data_dag.py took 0.074 seconds
[2025-09-08T02:01:01.873+0000] {processor.py:161} INFO - Started process (PID=683) to work on /opt/airflow/dags/update_car_data_dag.py
[2025-09-08T02:01:01.875+0000] {processor.py:830} INFO - Processing file /opt/airflow/dags/update_car_data_dag.py for tasks to queue
[2025-09-08T02:01:01.876+0000] {logging_mixin.py:188} INFO - [2025-09-08T02:01:01.876+0000] {dagbag.py:538} INFO - Filling up the DagBag from /opt/airflow/dags/update_car_data_dag.py
[2025-09-08T02:01:01.893+0000] {processor.py:840} INFO - DAG(s) 'update_car_data' retrieved from /opt/airflow/dags/update_car_data_dag.py
[2025-09-08T02:01:01.927+0000] {logging_mixin.py:188} INFO - [2025-09-08T02:01:01.927+0000] {dag.py:3036} INFO - Sync 1 DAGs
[2025-09-08T02:01:01.945+0000] {logging_mixin.py:188} INFO - [2025-09-08T02:01:01.945+0000] {dag.py:3823} INFO - Setting next_dagrun for update_car_data to 2025-09-06 15:00:00+00:00, run_after=2025-09-07 15:00:00+00:00
[2025-09-08T02:01:01.955+0000] {processor.py:183} INFO - Processing /opt/airflow/dags/update_car_data_dag.py took 0.089 seconds
[2025-09-08T02:01:32.223+0000] {processor.py:161} INFO - Started process (PID=688) to work on /opt/airflow/dags/update_car_data_dag.py
[2025-09-08T02:01:32.224+0000] {processor.py:830} INFO - Processing file /opt/airflow/dags/update_car_data_dag.py for tasks to queue
[2025-09-08T02:01:32.226+0000] {logging_mixin.py:188} INFO - [2025-09-08T02:01:32.225+0000] {dagbag.py:538} INFO - Filling up the DagBag from /opt/airflow/dags/update_car_data_dag.py
[2025-09-08T02:01:32.248+0000] {processor.py:840} INFO - DAG(s) 'update_car_data' retrieved from /opt/airflow/dags/update_car_data_dag.py
[2025-09-08T02:01:32.281+0000] {logging_mixin.py:188} INFO - [2025-09-08T02:01:32.281+0000] {dag.py:3036} INFO - Sync 1 DAGs
[2025-09-08T02:01:32.298+0000] {logging_mixin.py:188} INFO - [2025-09-08T02:01:32.298+0000] {dag.py:3823} INFO - Setting next_dagrun for update_car_data to 2025-09-06 15:00:00+00:00, run_after=2025-09-07 15:00:00+00:00
[2025-09-08T02:01:32.308+0000] {processor.py:183} INFO - Processing /opt/airflow/dags/update_car_data_dag.py took 0.093 seconds
[2025-09-08T02:02:02.555+0000] {processor.py:161} INFO - Started process (PID=693) to work on /opt/airflow/dags/update_car_data_dag.py
[2025-09-08T02:02:02.556+0000] {processor.py:830} INFO - Processing file /opt/airflow/dags/update_car_data_dag.py for tasks to queue
[2025-09-08T02:02:02.557+0000] {logging_mixin.py:188} INFO - [2025-09-08T02:02:02.557+0000] {dagbag.py:538} INFO - Filling up the DagBag from /opt/airflow/dags/update_car_data_dag.py
[2025-09-08T02:02:02.577+0000] {processor.py:840} INFO - DAG(s) 'update_car_data' retrieved from /opt/airflow/dags/update_car_data_dag.py
[2025-09-08T02:02:02.607+0000] {logging_mixin.py:188} INFO - [2025-09-08T02:02:02.607+0000] {dag.py:3036} INFO - Sync 1 DAGs
[2025-09-08T02:02:02.623+0000] {logging_mixin.py:188} INFO - [2025-09-08T02:02:02.623+0000] {dag.py:3823} INFO - Setting next_dagrun for update_car_data to 2025-09-06 15:00:00+00:00, run_after=2025-09-07 15:00:00+00:00
[2025-09-08T02:02:02.633+0000] {processor.py:183} INFO - Processing /opt/airflow/dags/update_car_data_dag.py took 0.085 seconds
[2025-09-08T02:02:32.939+0000] {processor.py:161} INFO - Started process (PID=698) to work on /opt/airflow/dags/update_car_data_dag.py
[2025-09-08T02:02:32.941+0000] {processor.py:830} INFO - Processing file /opt/airflow/dags/update_car_data_dag.py for tasks to queue
[2025-09-08T02:02:32.942+0000] {logging_mixin.py:188} INFO - [2025-09-08T02:02:32.941+0000] {dagbag.py:538} INFO - Filling up the DagBag from /opt/airflow/dags/update_car_data_dag.py
[2025-09-08T02:02:32.972+0000] {processor.py:840} INFO - DAG(s) 'update_car_data' retrieved from /opt/airflow/dags/update_car_data_dag.py
[2025-09-08T02:02:33.008+0000] {logging_mixin.py:188} INFO - [2025-09-08T02:02:33.008+0000] {dag.py:3036} INFO - Sync 1 DAGs
[2025-09-08T02:02:33.025+0000] {logging_mixin.py:188} INFO - [2025-09-08T02:02:33.025+0000] {dag.py:3823} INFO - Setting next_dagrun for update_car_data to 2025-09-06 15:00:00+00:00, run_after=2025-09-07 15:00:00+00:00
[2025-09-08T02:02:33.034+0000] {processor.py:183} INFO - Processing /opt/airflow/dags/update_car_data_dag.py took 0.100 seconds
[2025-09-08T02:03:03.328+0000] {processor.py:161} INFO - Started process (PID=703) to work on /opt/airflow/dags/update_car_data_dag.py
[2025-09-08T02:03:03.329+0000] {processor.py:830} INFO - Processing file /opt/airflow/dags/update_car_data_dag.py for tasks to queue
[2025-09-08T02:03:03.331+0000] {logging_mixin.py:188} INFO - [2025-09-08T02:03:03.330+0000] {dagbag.py:538} INFO - Filling up the DagBag from /opt/airflow/dags/update_car_data_dag.py
[2025-09-08T02:03:03.352+0000] {processor.py:840} INFO - DAG(s) 'update_car_data' retrieved from /opt/airflow/dags/update_car_data_dag.py
[2025-09-08T02:03:03.400+0000] {logging_mixin.py:188} INFO - [2025-09-08T02:03:03.399+0000] {dag.py:3036} INFO - Sync 1 DAGs
[2025-09-08T02:03:03.418+0000] {logging_mixin.py:188} INFO - [2025-09-08T02:03:03.418+0000] {dag.py:3823} INFO - Setting next_dagrun for update_car_data to 2025-09-06 15:00:00+00:00, run_after=2025-09-07 15:00:00+00:00
[2025-09-08T02:03:03.428+0000] {processor.py:183} INFO - Processing /opt/airflow/dags/update_car_data_dag.py took 0.105 seconds
[2025-09-08T02:03:33.692+0000] {processor.py:161} INFO - Started process (PID=708) to work on /opt/airflow/dags/update_car_data_dag.py
[2025-09-08T02:03:33.695+0000] {processor.py:830} INFO - Processing file /opt/airflow/dags/update_car_data_dag.py for tasks to queue
[2025-09-08T02:03:33.696+0000] {logging_mixin.py:188} INFO - [2025-09-08T02:03:33.696+0000] {dagbag.py:538} INFO - Filling up the DagBag from /opt/airflow/dags/update_car_data_dag.py
[2025-09-08T02:03:33.715+0000] {processor.py:840} INFO - DAG(s) 'update_car_data' retrieved from /opt/airflow/dags/update_car_data_dag.py
[2025-09-08T02:03:33.752+0000] {logging_mixin.py:188} INFO - [2025-09-08T02:03:33.752+0000] {dag.py:3036} INFO - Sync 1 DAGs
[2025-09-08T02:03:33.768+0000] {logging_mixin.py:188} INFO - [2025-09-08T02:03:33.768+0000] {dag.py:3823} INFO - Setting next_dagrun for update_car_data to 2025-09-06 15:00:00+00:00, run_after=2025-09-07 15:00:00+00:00
[2025-09-08T02:03:33.776+0000] {processor.py:183} INFO - Processing /opt/airflow/dags/update_car_data_dag.py took 0.098 seconds
[2025-09-08T02:04:04.067+0000] {processor.py:161} INFO - Started process (PID=713) to work on /opt/airflow/dags/update_car_data_dag.py
[2025-09-08T02:04:04.070+0000] {processor.py:830} INFO - Processing file /opt/airflow/dags/update_car_data_dag.py for tasks to queue
[2025-09-08T02:04:04.072+0000] {logging_mixin.py:188} INFO - [2025-09-08T02:04:04.071+0000] {dagbag.py:538} INFO - Filling up the DagBag from /opt/airflow/dags/update_car_data_dag.py
[2025-09-08T02:04:04.089+0000] {processor.py:840} INFO - DAG(s) 'update_car_data' retrieved from /opt/airflow/dags/update_car_data_dag.py
[2025-09-08T02:04:04.115+0000] {logging_mixin.py:188} INFO - [2025-09-08T02:04:04.115+0000] {dag.py:3036} INFO - Sync 1 DAGs
[2025-09-08T02:04:04.130+0000] {logging_mixin.py:188} INFO - [2025-09-08T02:04:04.129+0000] {dag.py:3823} INFO - Setting next_dagrun for update_car_data to 2025-09-06 15:00:00+00:00, run_after=2025-09-07 15:00:00+00:00
[2025-09-08T02:04:04.138+0000] {processor.py:183} INFO - Processing /opt/airflow/dags/update_car_data_dag.py took 0.076 seconds
[2025-09-08T02:04:34.409+0000] {processor.py:161} INFO - Started process (PID=718) to work on /opt/airflow/dags/update_car_data_dag.py
[2025-09-08T02:04:34.411+0000] {processor.py:830} INFO - Processing file /opt/airflow/dags/update_car_data_dag.py for tasks to queue
[2025-09-08T02:04:34.412+0000] {logging_mixin.py:188} INFO - [2025-09-08T02:04:34.412+0000] {dagbag.py:538} INFO - Filling up the DagBag from /opt/airflow/dags/update_car_data_dag.py
[2025-09-08T02:04:34.431+0000] {processor.py:840} INFO - DAG(s) 'update_car_data' retrieved from /opt/airflow/dags/update_car_data_dag.py
[2025-09-08T02:04:34.461+0000] {logging_mixin.py:188} INFO - [2025-09-08T02:04:34.461+0000] {dag.py:3036} INFO - Sync 1 DAGs
[2025-09-08T02:04:34.480+0000] {logging_mixin.py:188} INFO - [2025-09-08T02:04:34.480+0000] {dag.py:3823} INFO - Setting next_dagrun for update_car_data to 2025-09-06 15:00:00+00:00, run_after=2025-09-07 15:00:00+00:00
[2025-09-08T02:04:34.490+0000] {processor.py:183} INFO - Processing /opt/airflow/dags/update_car_data_dag.py took 0.088 seconds
[2025-09-08T02:05:04.974+0000] {processor.py:161} INFO - Started process (PID=723) to work on /opt/airflow/dags/update_car_data_dag.py
[2025-09-08T02:05:04.976+0000] {processor.py:830} INFO - Processing file /opt/airflow/dags/update_car_data_dag.py for tasks to queue
[2025-09-08T02:05:04.977+0000] {logging_mixin.py:188} INFO - [2025-09-08T02:05:04.976+0000] {dagbag.py:538} INFO - Filling up the DagBag from /opt/airflow/dags/update_car_data_dag.py
[2025-09-08T02:05:05.000+0000] {processor.py:840} INFO - DAG(s) 'update_car_data' retrieved from /opt/airflow/dags/update_car_data_dag.py
[2025-09-08T02:05:05.042+0000] {logging_mixin.py:188} INFO - [2025-09-08T02:05:05.042+0000] {dag.py:3036} INFO - Sync 1 DAGs
[2025-09-08T02:05:05.066+0000] {logging_mixin.py:188} INFO - [2025-09-08T02:05:05.065+0000] {dag.py:3823} INFO - Setting next_dagrun for update_car_data to 2025-09-06 15:00:00+00:00, run_after=2025-09-07 15:00:00+00:00
[2025-09-08T02:05:05.077+0000] {processor.py:183} INFO - Processing /opt/airflow/dags/update_car_data_dag.py took 0.108 seconds
[2025-09-08T02:05:35.462+0000] {processor.py:161} INFO - Started process (PID=728) to work on /opt/airflow/dags/update_car_data_dag.py
[2025-09-08T02:05:35.463+0000] {processor.py:830} INFO - Processing file /opt/airflow/dags/update_car_data_dag.py for tasks to queue
[2025-09-08T02:05:35.465+0000] {logging_mixin.py:188} INFO - [2025-09-08T02:05:35.464+0000] {dagbag.py:538} INFO - Filling up the DagBag from /opt/airflow/dags/update_car_data_dag.py
[2025-09-08T02:05:35.497+0000] {processor.py:840} INFO - DAG(s) 'update_car_data' retrieved from /opt/airflow/dags/update_car_data_dag.py
[2025-09-08T02:05:35.534+0000] {logging_mixin.py:188} INFO - [2025-09-08T02:05:35.534+0000] {dag.py:3036} INFO - Sync 1 DAGs
[2025-09-08T02:05:35.561+0000] {logging_mixin.py:188} INFO - [2025-09-08T02:05:35.561+0000] {dag.py:3823} INFO - Setting next_dagrun for update_car_data to 2025-09-06 15:00:00+00:00, run_after=2025-09-07 15:00:00+00:00
[2025-09-08T02:05:35.570+0000] {processor.py:183} INFO - Processing /opt/airflow/dags/update_car_data_dag.py took 0.114 seconds
[2025-09-08T02:06:05.822+0000] {processor.py:161} INFO - Started process (PID=733) to work on /opt/airflow/dags/update_car_data_dag.py
[2025-09-08T02:06:05.824+0000] {processor.py:830} INFO - Processing file /opt/airflow/dags/update_car_data_dag.py for tasks to queue
[2025-09-08T02:06:05.826+0000] {logging_mixin.py:188} INFO - [2025-09-08T02:06:05.825+0000] {dagbag.py:538} INFO - Filling up the DagBag from /opt/airflow/dags/update_car_data_dag.py
[2025-09-08T02:06:05.846+0000] {processor.py:840} INFO - DAG(s) 'update_car_data' retrieved from /opt/airflow/dags/update_car_data_dag.py
[2025-09-08T02:06:05.879+0000] {logging_mixin.py:188} INFO - [2025-09-08T02:06:05.879+0000] {dag.py:3036} INFO - Sync 1 DAGs
[2025-09-08T02:06:05.897+0000] {logging_mixin.py:188} INFO - [2025-09-08T02:06:05.897+0000] {dag.py:3823} INFO - Setting next_dagrun for update_car_data to 2025-09-06 15:00:00+00:00, run_after=2025-09-07 15:00:00+00:00
[2025-09-08T02:06:05.906+0000] {processor.py:183} INFO - Processing /opt/airflow/dags/update_car_data_dag.py took 0.092 seconds
[2025-09-08T02:06:36.261+0000] {processor.py:161} INFO - Started process (PID=738) to work on /opt/airflow/dags/update_car_data_dag.py
[2025-09-08T02:06:36.263+0000] {processor.py:830} INFO - Processing file /opt/airflow/dags/update_car_data_dag.py for tasks to queue
[2025-09-08T02:06:36.265+0000] {logging_mixin.py:188} INFO - [2025-09-08T02:06:36.264+0000] {dagbag.py:538} INFO - Filling up the DagBag from /opt/airflow/dags/update_car_data_dag.py
[2025-09-08T02:06:36.287+0000] {processor.py:840} INFO - DAG(s) 'update_car_data' retrieved from /opt/airflow/dags/update_car_data_dag.py
[2025-09-08T02:06:36.315+0000] {logging_mixin.py:188} INFO - [2025-09-08T02:06:36.315+0000] {dag.py:3036} INFO - Sync 1 DAGs
[2025-09-08T02:06:36.332+0000] {logging_mixin.py:188} INFO - [2025-09-08T02:06:36.332+0000] {dag.py:3823} INFO - Setting next_dagrun for update_car_data to 2025-09-06 15:00:00+00:00, run_after=2025-09-07 15:00:00+00:00
[2025-09-08T02:06:36.340+0000] {processor.py:183} INFO - Processing /opt/airflow/dags/update_car_data_dag.py took 0.087 seconds
[2025-09-08T02:07:06.615+0000] {processor.py:161} INFO - Started process (PID=743) to work on /opt/airflow/dags/update_car_data_dag.py
[2025-09-08T02:07:06.617+0000] {processor.py:830} INFO - Processing file /opt/airflow/dags/update_car_data_dag.py for tasks to queue
[2025-09-08T02:07:06.618+0000] {logging_mixin.py:188} INFO - [2025-09-08T02:07:06.617+0000] {dagbag.py:538} INFO - Filling up the DagBag from /opt/airflow/dags/update_car_data_dag.py
[2025-09-08T02:07:06.635+0000] {processor.py:840} INFO - DAG(s) 'update_car_data' retrieved from /opt/airflow/dags/update_car_data_dag.py
[2025-09-08T02:07:06.669+0000] {logging_mixin.py:188} INFO - [2025-09-08T02:07:06.669+0000] {dag.py:3036} INFO - Sync 1 DAGs
[2025-09-08T02:07:06.687+0000] {logging_mixin.py:188} INFO - [2025-09-08T02:07:06.687+0000] {dag.py:3823} INFO - Setting next_dagrun for update_car_data to 2025-09-06 15:00:00+00:00, run_after=2025-09-07 15:00:00+00:00
[2025-09-08T02:07:06.696+0000] {processor.py:183} INFO - Processing /opt/airflow/dags/update_car_data_dag.py took 0.088 seconds
[2025-09-08T02:07:36.980+0000] {processor.py:161} INFO - Started process (PID=748) to work on /opt/airflow/dags/update_car_data_dag.py
[2025-09-08T02:07:36.982+0000] {processor.py:830} INFO - Processing file /opt/airflow/dags/update_car_data_dag.py for tasks to queue
[2025-09-08T02:07:36.984+0000] {logging_mixin.py:188} INFO - [2025-09-08T02:07:36.983+0000] {dagbag.py:538} INFO - Filling up the DagBag from /opt/airflow/dags/update_car_data_dag.py
[2025-09-08T02:07:37.008+0000] {processor.py:840} INFO - DAG(s) 'update_car_data' retrieved from /opt/airflow/dags/update_car_data_dag.py
[2025-09-08T02:07:37.047+0000] {logging_mixin.py:188} INFO - [2025-09-08T02:07:37.047+0000] {dag.py:3036} INFO - Sync 1 DAGs
[2025-09-08T02:07:37.069+0000] {logging_mixin.py:188} INFO - [2025-09-08T02:07:37.069+0000] {dag.py:3823} INFO - Setting next_dagrun for update_car_data to 2025-09-06 15:00:00+00:00, run_after=2025-09-07 15:00:00+00:00
[2025-09-08T02:07:37.080+0000] {processor.py:183} INFO - Processing /opt/airflow/dags/update_car_data_dag.py took 0.107 seconds
[2025-09-08T02:08:07.332+0000] {processor.py:161} INFO - Started process (PID=753) to work on /opt/airflow/dags/update_car_data_dag.py
[2025-09-08T02:08:07.334+0000] {processor.py:830} INFO - Processing file /opt/airflow/dags/update_car_data_dag.py for tasks to queue
[2025-09-08T02:08:07.335+0000] {logging_mixin.py:188} INFO - [2025-09-08T02:08:07.335+0000] {dagbag.py:538} INFO - Filling up the DagBag from /opt/airflow/dags/update_car_data_dag.py
[2025-09-08T02:08:07.360+0000] {processor.py:840} INFO - DAG(s) 'update_car_data' retrieved from /opt/airflow/dags/update_car_data_dag.py
[2025-09-08T02:08:07.395+0000] {logging_mixin.py:188} INFO - [2025-09-08T02:08:07.395+0000] {dag.py:3036} INFO - Sync 1 DAGs
[2025-09-08T02:08:07.412+0000] {logging_mixin.py:188} INFO - [2025-09-08T02:08:07.412+0000] {dag.py:3823} INFO - Setting next_dagrun for update_car_data to 2025-09-06 15:00:00+00:00, run_after=2025-09-07 15:00:00+00:00
[2025-09-08T02:08:07.420+0000] {processor.py:183} INFO - Processing /opt/airflow/dags/update_car_data_dag.py took 0.099 seconds
[2025-09-08T02:08:37.646+0000] {processor.py:161} INFO - Started process (PID=758) to work on /opt/airflow/dags/update_car_data_dag.py
[2025-09-08T02:08:37.649+0000] {processor.py:830} INFO - Processing file /opt/airflow/dags/update_car_data_dag.py for tasks to queue
[2025-09-08T02:08:37.650+0000] {logging_mixin.py:188} INFO - [2025-09-08T02:08:37.649+0000] {dagbag.py:538} INFO - Filling up the DagBag from /opt/airflow/dags/update_car_data_dag.py
[2025-09-08T02:08:37.669+0000] {processor.py:840} INFO - DAG(s) 'update_car_data' retrieved from /opt/airflow/dags/update_car_data_dag.py
[2025-09-08T02:08:37.696+0000] {logging_mixin.py:188} INFO - [2025-09-08T02:08:37.696+0000] {dag.py:3036} INFO - Sync 1 DAGs
[2025-09-08T02:08:37.714+0000] {logging_mixin.py:188} INFO - [2025-09-08T02:08:37.714+0000] {dag.py:3823} INFO - Setting next_dagrun for update_car_data to 2025-09-06 15:00:00+00:00, run_after=2025-09-07 15:00:00+00:00
[2025-09-08T02:08:37.722+0000] {processor.py:183} INFO - Processing /opt/airflow/dags/update_car_data_dag.py took 0.085 seconds
[2025-09-08T02:09:08.037+0000] {processor.py:161} INFO - Started process (PID=763) to work on /opt/airflow/dags/update_car_data_dag.py
[2025-09-08T02:09:08.042+0000] {processor.py:830} INFO - Processing file /opt/airflow/dags/update_car_data_dag.py for tasks to queue
[2025-09-08T02:09:08.045+0000] {logging_mixin.py:188} INFO - [2025-09-08T02:09:08.044+0000] {dagbag.py:538} INFO - Filling up the DagBag from /opt/airflow/dags/update_car_data_dag.py
[2025-09-08T02:09:08.065+0000] {processor.py:840} INFO - DAG(s) 'update_car_data' retrieved from /opt/airflow/dags/update_car_data_dag.py
[2025-09-08T02:09:08.094+0000] {logging_mixin.py:188} INFO - [2025-09-08T02:09:08.094+0000] {dag.py:3036} INFO - Sync 1 DAGs
[2025-09-08T02:09:08.111+0000] {logging_mixin.py:188} INFO - [2025-09-08T02:09:08.111+0000] {dag.py:3823} INFO - Setting next_dagrun for update_car_data to 2025-09-06 15:00:00+00:00, run_after=2025-09-07 15:00:00+00:00
[2025-09-08T02:09:08.121+0000] {processor.py:183} INFO - Processing /opt/airflow/dags/update_car_data_dag.py took 0.089 seconds
[2025-09-08T02:09:38.381+0000] {processor.py:161} INFO - Started process (PID=768) to work on /opt/airflow/dags/update_car_data_dag.py
[2025-09-08T02:09:38.387+0000] {processor.py:830} INFO - Processing file /opt/airflow/dags/update_car_data_dag.py for tasks to queue
[2025-09-08T02:09:38.391+0000] {logging_mixin.py:188} INFO - [2025-09-08T02:09:38.390+0000] {dagbag.py:538} INFO - Filling up the DagBag from /opt/airflow/dags/update_car_data_dag.py
[2025-09-08T02:09:38.412+0000] {processor.py:840} INFO - DAG(s) 'update_car_data' retrieved from /opt/airflow/dags/update_car_data_dag.py
[2025-09-08T02:09:38.440+0000] {logging_mixin.py:188} INFO - [2025-09-08T02:09:38.440+0000] {dag.py:3036} INFO - Sync 1 DAGs
[2025-09-08T02:09:38.458+0000] {logging_mixin.py:188} INFO - [2025-09-08T02:09:38.458+0000] {dag.py:3823} INFO - Setting next_dagrun for update_car_data to 2025-09-06 15:00:00+00:00, run_after=2025-09-07 15:00:00+00:00
[2025-09-08T02:09:38.467+0000] {processor.py:183} INFO - Processing /opt/airflow/dags/update_car_data_dag.py took 0.094 seconds
[2025-09-08T02:10:08.759+0000] {processor.py:161} INFO - Started process (PID=773) to work on /opt/airflow/dags/update_car_data_dag.py
[2025-09-08T02:10:08.760+0000] {processor.py:830} INFO - Processing file /opt/airflow/dags/update_car_data_dag.py for tasks to queue
[2025-09-08T02:10:08.761+0000] {logging_mixin.py:188} INFO - [2025-09-08T02:10:08.761+0000] {dagbag.py:538} INFO - Filling up the DagBag from /opt/airflow/dags/update_car_data_dag.py
[2025-09-08T02:10:08.779+0000] {processor.py:840} INFO - DAG(s) 'update_car_data' retrieved from /opt/airflow/dags/update_car_data_dag.py
[2025-09-08T02:10:08.810+0000] {logging_mixin.py:188} INFO - [2025-09-08T02:10:08.810+0000] {dag.py:3036} INFO - Sync 1 DAGs
[2025-09-08T02:10:08.829+0000] {logging_mixin.py:188} INFO - [2025-09-08T02:10:08.829+0000] {dag.py:3823} INFO - Setting next_dagrun for update_car_data to 2025-09-06 15:00:00+00:00, run_after=2025-09-07 15:00:00+00:00
[2025-09-08T02:10:08.839+0000] {processor.py:183} INFO - Processing /opt/airflow/dags/update_car_data_dag.py took 0.087 seconds
[2025-09-08T02:10:39.134+0000] {processor.py:161} INFO - Started process (PID=778) to work on /opt/airflow/dags/update_car_data_dag.py
[2025-09-08T02:10:39.136+0000] {processor.py:830} INFO - Processing file /opt/airflow/dags/update_car_data_dag.py for tasks to queue
[2025-09-08T02:10:39.137+0000] {logging_mixin.py:188} INFO - [2025-09-08T02:10:39.137+0000] {dagbag.py:538} INFO - Filling up the DagBag from /opt/airflow/dags/update_car_data_dag.py
[2025-09-08T02:10:39.160+0000] {processor.py:840} INFO - DAG(s) 'update_car_data' retrieved from /opt/airflow/dags/update_car_data_dag.py
[2025-09-08T02:10:39.196+0000] {logging_mixin.py:188} INFO - [2025-09-08T02:10:39.196+0000] {dag.py:3036} INFO - Sync 1 DAGs
[2025-09-08T02:10:39.213+0000] {logging_mixin.py:188} INFO - [2025-09-08T02:10:39.213+0000] {dag.py:3823} INFO - Setting next_dagrun for update_car_data to 2025-09-06 15:00:00+00:00, run_after=2025-09-07 15:00:00+00:00
[2025-09-08T02:10:39.225+0000] {processor.py:183} INFO - Processing /opt/airflow/dags/update_car_data_dag.py took 0.096 seconds
[2025-09-08T02:11:09.621+0000] {processor.py:161} INFO - Started process (PID=783) to work on /opt/airflow/dags/update_car_data_dag.py
[2025-09-08T02:11:09.623+0000] {processor.py:830} INFO - Processing file /opt/airflow/dags/update_car_data_dag.py for tasks to queue
[2025-09-08T02:11:09.625+0000] {logging_mixin.py:188} INFO - [2025-09-08T02:11:09.623+0000] {dagbag.py:538} INFO - Filling up the DagBag from /opt/airflow/dags/update_car_data_dag.py
[2025-09-08T02:11:09.657+0000] {processor.py:840} INFO - DAG(s) 'update_car_data' retrieved from /opt/airflow/dags/update_car_data_dag.py
[2025-09-08T02:11:09.708+0000] {logging_mixin.py:188} INFO - [2025-09-08T02:11:09.708+0000] {dag.py:3036} INFO - Sync 1 DAGs
[2025-09-08T02:11:09.728+0000] {logging_mixin.py:188} INFO - [2025-09-08T02:11:09.728+0000] {dag.py:3823} INFO - Setting next_dagrun for update_car_data to 2025-09-06 15:00:00+00:00, run_after=2025-09-07 15:00:00+00:00
[2025-09-08T02:11:09.737+0000] {processor.py:183} INFO - Processing /opt/airflow/dags/update_car_data_dag.py took 0.121 seconds
[2025-09-08T02:11:40.015+0000] {processor.py:161} INFO - Started process (PID=788) to work on /opt/airflow/dags/update_car_data_dag.py
[2025-09-08T02:11:40.018+0000] {processor.py:830} INFO - Processing file /opt/airflow/dags/update_car_data_dag.py for tasks to queue
[2025-09-08T02:11:40.020+0000] {logging_mixin.py:188} INFO - [2025-09-08T02:11:40.019+0000] {dagbag.py:538} INFO - Filling up the DagBag from /opt/airflow/dags/update_car_data_dag.py
[2025-09-08T02:11:40.049+0000] {processor.py:840} INFO - DAG(s) 'update_car_data' retrieved from /opt/airflow/dags/update_car_data_dag.py
[2025-09-08T02:11:40.076+0000] {logging_mixin.py:188} INFO - [2025-09-08T02:11:40.076+0000] {dag.py:3036} INFO - Sync 1 DAGs
[2025-09-08T02:11:40.092+0000] {logging_mixin.py:188} INFO - [2025-09-08T02:11:40.092+0000] {dag.py:3823} INFO - Setting next_dagrun for update_car_data to 2025-09-06 15:00:00+00:00, run_after=2025-09-07 15:00:00+00:00
[2025-09-08T02:11:40.100+0000] {processor.py:183} INFO - Processing /opt/airflow/dags/update_car_data_dag.py took 0.099 seconds
[2025-09-08T02:12:10.381+0000] {processor.py:161} INFO - Started process (PID=793) to work on /opt/airflow/dags/update_car_data_dag.py
[2025-09-08T02:12:10.383+0000] {processor.py:830} INFO - Processing file /opt/airflow/dags/update_car_data_dag.py for tasks to queue
[2025-09-08T02:12:10.384+0000] {logging_mixin.py:188} INFO - [2025-09-08T02:12:10.384+0000] {dagbag.py:538} INFO - Filling up the DagBag from /opt/airflow/dags/update_car_data_dag.py
[2025-09-08T02:12:10.405+0000] {processor.py:840} INFO - DAG(s) 'update_car_data' retrieved from /opt/airflow/dags/update_car_data_dag.py
[2025-09-08T02:12:10.440+0000] {logging_mixin.py:188} INFO - [2025-09-08T02:12:10.440+0000] {dag.py:3036} INFO - Sync 1 DAGs
[2025-09-08T02:12:10.456+0000] {logging_mixin.py:188} INFO - [2025-09-08T02:12:10.456+0000] {dag.py:3823} INFO - Setting next_dagrun for update_car_data to 2025-09-06 15:00:00+00:00, run_after=2025-09-07 15:00:00+00:00
[2025-09-08T02:12:10.465+0000] {processor.py:183} INFO - Processing /opt/airflow/dags/update_car_data_dag.py took 0.088 seconds
[2025-09-08T02:12:40.755+0000] {processor.py:161} INFO - Started process (PID=798) to work on /opt/airflow/dags/update_car_data_dag.py
[2025-09-08T02:12:40.758+0000] {processor.py:830} INFO - Processing file /opt/airflow/dags/update_car_data_dag.py for tasks to queue
[2025-09-08T02:12:40.759+0000] {logging_mixin.py:188} INFO - [2025-09-08T02:12:40.759+0000] {dagbag.py:538} INFO - Filling up the DagBag from /opt/airflow/dags/update_car_data_dag.py
[2025-09-08T02:12:40.773+0000] {processor.py:840} INFO - DAG(s) 'update_car_data' retrieved from /opt/airflow/dags/update_car_data_dag.py
[2025-09-08T02:12:40.808+0000] {logging_mixin.py:188} INFO - [2025-09-08T02:12:40.808+0000] {dag.py:3036} INFO - Sync 1 DAGs
[2025-09-08T02:12:40.825+0000] {logging_mixin.py:188} INFO - [2025-09-08T02:12:40.825+0000] {dag.py:3823} INFO - Setting next_dagrun for update_car_data to 2025-09-06 15:00:00+00:00, run_after=2025-09-07 15:00:00+00:00
[2025-09-08T02:12:40.834+0000] {processor.py:183} INFO - Processing /opt/airflow/dags/update_car_data_dag.py took 0.083 seconds
[2025-09-08T02:13:11.155+0000] {processor.py:161} INFO - Started process (PID=803) to work on /opt/airflow/dags/update_car_data_dag.py
[2025-09-08T02:13:11.157+0000] {processor.py:830} INFO - Processing file /opt/airflow/dags/update_car_data_dag.py for tasks to queue
[2025-09-08T02:13:11.159+0000] {logging_mixin.py:188} INFO - [2025-09-08T02:13:11.158+0000] {dagbag.py:538} INFO - Filling up the DagBag from /opt/airflow/dags/update_car_data_dag.py
[2025-09-08T02:13:11.186+0000] {processor.py:840} INFO - DAG(s) 'update_car_data' retrieved from /opt/airflow/dags/update_car_data_dag.py
[2025-09-08T02:13:11.216+0000] {logging_mixin.py:188} INFO - [2025-09-08T02:13:11.216+0000] {dag.py:3036} INFO - Sync 1 DAGs
[2025-09-08T02:13:11.234+0000] {logging_mixin.py:188} INFO - [2025-09-08T02:13:11.234+0000] {dag.py:3823} INFO - Setting next_dagrun for update_car_data to 2025-09-06 15:00:00+00:00, run_after=2025-09-07 15:00:00+00:00
[2025-09-08T02:13:11.244+0000] {processor.py:183} INFO - Processing /opt/airflow/dags/update_car_data_dag.py took 0.103 seconds
[2025-09-08T02:13:41.467+0000] {processor.py:161} INFO - Started process (PID=808) to work on /opt/airflow/dags/update_car_data_dag.py
[2025-09-08T02:13:41.468+0000] {processor.py:830} INFO - Processing file /opt/airflow/dags/update_car_data_dag.py for tasks to queue
[2025-09-08T02:13:41.469+0000] {logging_mixin.py:188} INFO - [2025-09-08T02:13:41.469+0000] {dagbag.py:538} INFO - Filling up the DagBag from /opt/airflow/dags/update_car_data_dag.py
[2025-09-08T02:13:41.488+0000] {processor.py:840} INFO - DAG(s) 'update_car_data' retrieved from /opt/airflow/dags/update_car_data_dag.py
[2025-09-08T02:13:41.528+0000] {logging_mixin.py:188} INFO - [2025-09-08T02:13:41.528+0000] {dag.py:3036} INFO - Sync 1 DAGs
[2025-09-08T02:13:41.545+0000] {logging_mixin.py:188} INFO - [2025-09-08T02:13:41.545+0000] {dag.py:3823} INFO - Setting next_dagrun for update_car_data to 2025-09-06 15:00:00+00:00, run_after=2025-09-07 15:00:00+00:00
[2025-09-08T02:13:41.554+0000] {processor.py:183} INFO - Processing /opt/airflow/dags/update_car_data_dag.py took 0.091 seconds
[2025-09-08T02:14:11.897+0000] {processor.py:161} INFO - Started process (PID=813) to work on /opt/airflow/dags/update_car_data_dag.py
[2025-09-08T02:14:11.899+0000] {processor.py:830} INFO - Processing file /opt/airflow/dags/update_car_data_dag.py for tasks to queue
[2025-09-08T02:14:11.900+0000] {logging_mixin.py:188} INFO - [2025-09-08T02:14:11.900+0000] {dagbag.py:538} INFO - Filling up the DagBag from /opt/airflow/dags/update_car_data_dag.py
[2025-09-08T02:14:11.917+0000] {processor.py:840} INFO - DAG(s) 'update_car_data' retrieved from /opt/airflow/dags/update_car_data_dag.py
[2025-09-08T02:14:11.949+0000] {logging_mixin.py:188} INFO - [2025-09-08T02:14:11.949+0000] {dag.py:3036} INFO - Sync 1 DAGs
[2025-09-08T02:14:11.965+0000] {logging_mixin.py:188} INFO - [2025-09-08T02:14:11.965+0000] {dag.py:3823} INFO - Setting next_dagrun for update_car_data to 2025-09-06 15:00:00+00:00, run_after=2025-09-07 15:00:00+00:00
[2025-09-08T02:14:11.973+0000] {processor.py:183} INFO - Processing /opt/airflow/dags/update_car_data_dag.py took 0.082 seconds
[2025-09-08T02:14:42.259+0000] {processor.py:161} INFO - Started process (PID=818) to work on /opt/airflow/dags/update_car_data_dag.py
[2025-09-08T02:14:42.271+0000] {processor.py:830} INFO - Processing file /opt/airflow/dags/update_car_data_dag.py for tasks to queue
[2025-09-08T02:14:42.273+0000] {logging_mixin.py:188} INFO - [2025-09-08T02:14:42.272+0000] {dagbag.py:538} INFO - Filling up the DagBag from /opt/airflow/dags/update_car_data_dag.py
[2025-09-08T02:14:42.291+0000] {processor.py:840} INFO - DAG(s) 'update_car_data' retrieved from /opt/airflow/dags/update_car_data_dag.py
[2025-09-08T02:14:42.318+0000] {logging_mixin.py:188} INFO - [2025-09-08T02:14:42.318+0000] {dag.py:3036} INFO - Sync 1 DAGs
[2025-09-08T02:14:42.338+0000] {logging_mixin.py:188} INFO - [2025-09-08T02:14:42.338+0000] {dag.py:3823} INFO - Setting next_dagrun for update_car_data to 2025-09-06 15:00:00+00:00, run_after=2025-09-07 15:00:00+00:00
[2025-09-08T02:14:42.347+0000] {processor.py:183} INFO - Processing /opt/airflow/dags/update_car_data_dag.py took 0.096 seconds
[2025-09-08T02:15:12.559+0000] {processor.py:161} INFO - Started process (PID=823) to work on /opt/airflow/dags/update_car_data_dag.py
[2025-09-08T02:15:12.561+0000] {processor.py:830} INFO - Processing file /opt/airflow/dags/update_car_data_dag.py for tasks to queue
[2025-09-08T02:15:12.565+0000] {logging_mixin.py:188} INFO - [2025-09-08T02:15:12.564+0000] {dagbag.py:538} INFO - Filling up the DagBag from /opt/airflow/dags/update_car_data_dag.py
[2025-09-08T02:15:12.584+0000] {processor.py:840} INFO - DAG(s) 'update_car_data' retrieved from /opt/airflow/dags/update_car_data_dag.py
[2025-09-08T02:15:12.608+0000] {logging_mixin.py:188} INFO - [2025-09-08T02:15:12.607+0000] {dag.py:3036} INFO - Sync 1 DAGs
[2025-09-08T02:15:12.622+0000] {logging_mixin.py:188} INFO - [2025-09-08T02:15:12.622+0000] {dag.py:3823} INFO - Setting next_dagrun for update_car_data to 2025-09-06 15:00:00+00:00, run_after=2025-09-07 15:00:00+00:00
[2025-09-08T02:15:12.632+0000] {processor.py:183} INFO - Processing /opt/airflow/dags/update_car_data_dag.py took 0.077 seconds
[2025-09-08T02:15:43.000+0000] {processor.py:161} INFO - Started process (PID=828) to work on /opt/airflow/dags/update_car_data_dag.py
[2025-09-08T02:15:43.003+0000] {processor.py:830} INFO - Processing file /opt/airflow/dags/update_car_data_dag.py for tasks to queue
[2025-09-08T02:15:43.004+0000] {logging_mixin.py:188} INFO - [2025-09-08T02:15:43.004+0000] {dagbag.py:538} INFO - Filling up the DagBag from /opt/airflow/dags/update_car_data_dag.py
[2025-09-08T02:15:43.032+0000] {processor.py:840} INFO - DAG(s) 'update_car_data' retrieved from /opt/airflow/dags/update_car_data_dag.py
[2025-09-08T02:15:43.058+0000] {logging_mixin.py:188} INFO - [2025-09-08T02:15:43.057+0000] {dag.py:3036} INFO - Sync 1 DAGs
[2025-09-08T02:15:43.076+0000] {logging_mixin.py:188} INFO - [2025-09-08T02:15:43.075+0000] {dag.py:3823} INFO - Setting next_dagrun for update_car_data to 2025-09-06 15:00:00+00:00, run_after=2025-09-07 15:00:00+00:00
[2025-09-08T02:15:43.084+0000] {processor.py:183} INFO - Processing /opt/airflow/dags/update_car_data_dag.py took 0.092 seconds
[2025-09-08T02:16:13.363+0000] {processor.py:161} INFO - Started process (PID=833) to work on /opt/airflow/dags/update_car_data_dag.py
[2025-09-08T02:16:13.365+0000] {processor.py:830} INFO - Processing file /opt/airflow/dags/update_car_data_dag.py for tasks to queue
[2025-09-08T02:16:13.368+0000] {logging_mixin.py:188} INFO - [2025-09-08T02:16:13.367+0000] {dagbag.py:538} INFO - Filling up the DagBag from /opt/airflow/dags/update_car_data_dag.py
[2025-09-08T02:16:13.386+0000] {processor.py:840} INFO - DAG(s) 'update_car_data' retrieved from /opt/airflow/dags/update_car_data_dag.py
[2025-09-08T02:16:13.419+0000] {logging_mixin.py:188} INFO - [2025-09-08T02:16:13.419+0000] {dag.py:3036} INFO - Sync 1 DAGs
[2025-09-08T02:16:13.434+0000] {logging_mixin.py:188} INFO - [2025-09-08T02:16:13.434+0000] {dag.py:3823} INFO - Setting next_dagrun for update_car_data to 2025-09-06 15:00:00+00:00, run_after=2025-09-07 15:00:00+00:00
[2025-09-08T02:16:13.445+0000] {processor.py:183} INFO - Processing /opt/airflow/dags/update_car_data_dag.py took 0.088 seconds
[2025-09-08T02:16:43.715+0000] {processor.py:161} INFO - Started process (PID=838) to work on /opt/airflow/dags/update_car_data_dag.py
[2025-09-08T02:16:43.718+0000] {processor.py:830} INFO - Processing file /opt/airflow/dags/update_car_data_dag.py for tasks to queue
[2025-09-08T02:16:43.719+0000] {logging_mixin.py:188} INFO - [2025-09-08T02:16:43.718+0000] {dagbag.py:538} INFO - Filling up the DagBag from /opt/airflow/dags/update_car_data_dag.py
[2025-09-08T02:16:43.743+0000] {processor.py:840} INFO - DAG(s) 'update_car_data' retrieved from /opt/airflow/dags/update_car_data_dag.py
[2025-09-08T02:16:43.774+0000] {logging_mixin.py:188} INFO - [2025-09-08T02:16:43.774+0000] {dag.py:3036} INFO - Sync 1 DAGs
[2025-09-08T02:16:43.791+0000] {logging_mixin.py:188} INFO - [2025-09-08T02:16:43.791+0000] {dag.py:3823} INFO - Setting next_dagrun for update_car_data to 2025-09-06 15:00:00+00:00, run_after=2025-09-07 15:00:00+00:00
[2025-09-08T02:16:43.801+0000] {processor.py:183} INFO - Processing /opt/airflow/dags/update_car_data_dag.py took 0.095 seconds
[2025-09-08T02:17:14.123+0000] {processor.py:161} INFO - Started process (PID=843) to work on /opt/airflow/dags/update_car_data_dag.py
[2025-09-08T02:17:14.125+0000] {processor.py:830} INFO - Processing file /opt/airflow/dags/update_car_data_dag.py for tasks to queue
[2025-09-08T02:17:14.126+0000] {logging_mixin.py:188} INFO - [2025-09-08T02:17:14.126+0000] {dagbag.py:538} INFO - Filling up the DagBag from /opt/airflow/dags/update_car_data_dag.py
[2025-09-08T02:17:14.150+0000] {processor.py:840} INFO - DAG(s) 'update_car_data' retrieved from /opt/airflow/dags/update_car_data_dag.py
[2025-09-08T02:17:14.185+0000] {logging_mixin.py:188} INFO - [2025-09-08T02:17:14.185+0000] {dag.py:3036} INFO - Sync 1 DAGs
[2025-09-08T02:17:14.199+0000] {logging_mixin.py:188} INFO - [2025-09-08T02:17:14.199+0000] {dag.py:3823} INFO - Setting next_dagrun for update_car_data to 2025-09-06 15:00:00+00:00, run_after=2025-09-07 15:00:00+00:00
[2025-09-08T02:17:14.208+0000] {processor.py:183} INFO - Processing /opt/airflow/dags/update_car_data_dag.py took 0.092 seconds
[2025-09-08T02:17:44.628+0000] {processor.py:161} INFO - Started process (PID=848) to work on /opt/airflow/dags/update_car_data_dag.py
[2025-09-08T02:17:44.632+0000] {processor.py:830} INFO - Processing file /opt/airflow/dags/update_car_data_dag.py for tasks to queue
[2025-09-08T02:17:44.633+0000] {logging_mixin.py:188} INFO - [2025-09-08T02:17:44.632+0000] {dagbag.py:538} INFO - Filling up the DagBag from /opt/airflow/dags/update_car_data_dag.py
[2025-09-08T02:17:44.653+0000] {processor.py:840} INFO - DAG(s) 'update_car_data' retrieved from /opt/airflow/dags/update_car_data_dag.py
[2025-09-08T02:17:44.685+0000] {logging_mixin.py:188} INFO - [2025-09-08T02:17:44.685+0000] {dag.py:3036} INFO - Sync 1 DAGs
[2025-09-08T02:17:44.701+0000] {logging_mixin.py:188} INFO - [2025-09-08T02:17:44.701+0000] {dag.py:3823} INFO - Setting next_dagrun for update_car_data to 2025-09-06 15:00:00+00:00, run_after=2025-09-07 15:00:00+00:00
[2025-09-08T02:17:44.710+0000] {processor.py:183} INFO - Processing /opt/airflow/dags/update_car_data_dag.py took 0.092 seconds
[2025-09-08T02:18:15.071+0000] {processor.py:161} INFO - Started process (PID=853) to work on /opt/airflow/dags/update_car_data_dag.py
[2025-09-08T02:18:15.072+0000] {processor.py:830} INFO - Processing file /opt/airflow/dags/update_car_data_dag.py for tasks to queue
[2025-09-08T02:18:15.073+0000] {logging_mixin.py:188} INFO - [2025-09-08T02:18:15.073+0000] {dagbag.py:538} INFO - Filling up the DagBag from /opt/airflow/dags/update_car_data_dag.py
[2025-09-08T02:18:15.093+0000] {processor.py:840} INFO - DAG(s) 'update_car_data' retrieved from /opt/airflow/dags/update_car_data_dag.py
[2025-09-08T02:18:15.123+0000] {logging_mixin.py:188} INFO - [2025-09-08T02:18:15.123+0000] {dag.py:3036} INFO - Sync 1 DAGs
[2025-09-08T02:18:15.145+0000] {logging_mixin.py:188} INFO - [2025-09-08T02:18:15.145+0000] {dag.py:3823} INFO - Setting next_dagrun for update_car_data to 2025-09-06 15:00:00+00:00, run_after=2025-09-07 15:00:00+00:00
[2025-09-08T02:18:15.156+0000] {processor.py:183} INFO - Processing /opt/airflow/dags/update_car_data_dag.py took 0.091 seconds
[2025-09-08T02:18:45.426+0000] {processor.py:161} INFO - Started process (PID=858) to work on /opt/airflow/dags/update_car_data_dag.py
[2025-09-08T02:18:45.428+0000] {processor.py:830} INFO - Processing file /opt/airflow/dags/update_car_data_dag.py for tasks to queue
[2025-09-08T02:18:45.431+0000] {logging_mixin.py:188} INFO - [2025-09-08T02:18:45.430+0000] {dagbag.py:538} INFO - Filling up the DagBag from /opt/airflow/dags/update_car_data_dag.py
[2025-09-08T02:18:45.453+0000] {processor.py:840} INFO - DAG(s) 'update_car_data' retrieved from /opt/airflow/dags/update_car_data_dag.py
[2025-09-08T02:18:45.477+0000] {logging_mixin.py:188} INFO - [2025-09-08T02:18:45.477+0000] {dag.py:3036} INFO - Sync 1 DAGs
[2025-09-08T02:18:45.493+0000] {logging_mixin.py:188} INFO - [2025-09-08T02:18:45.493+0000] {dag.py:3823} INFO - Setting next_dagrun for update_car_data to 2025-09-06 15:00:00+00:00, run_after=2025-09-07 15:00:00+00:00
[2025-09-08T02:18:45.503+0000] {processor.py:183} INFO - Processing /opt/airflow/dags/update_car_data_dag.py took 0.085 seconds
[2025-09-08T02:19:15.746+0000] {processor.py:161} INFO - Started process (PID=863) to work on /opt/airflow/dags/update_car_data_dag.py
[2025-09-08T02:19:15.747+0000] {processor.py:830} INFO - Processing file /opt/airflow/dags/update_car_data_dag.py for tasks to queue
[2025-09-08T02:19:15.748+0000] {logging_mixin.py:188} INFO - [2025-09-08T02:19:15.747+0000] {dagbag.py:538} INFO - Filling up the DagBag from /opt/airflow/dags/update_car_data_dag.py
[2025-09-08T02:19:15.758+0000] {processor.py:840} INFO - DAG(s) 'update_car_data' retrieved from /opt/airflow/dags/update_car_data_dag.py
[2025-09-08T02:19:15.779+0000] {logging_mixin.py:188} INFO - [2025-09-08T02:19:15.779+0000] {dag.py:3036} INFO - Sync 1 DAGs
[2025-09-08T02:19:15.792+0000] {logging_mixin.py:188} INFO - [2025-09-08T02:19:15.792+0000] {dag.py:3823} INFO - Setting next_dagrun for update_car_data to 2025-09-06 15:00:00+00:00, run_after=2025-09-07 15:00:00+00:00
[2025-09-08T02:19:15.800+0000] {processor.py:183} INFO - Processing /opt/airflow/dags/update_car_data_dag.py took 0.058 seconds
[2025-09-08T02:19:46.106+0000] {processor.py:161} INFO - Started process (PID=868) to work on /opt/airflow/dags/update_car_data_dag.py
[2025-09-08T02:19:46.107+0000] {processor.py:830} INFO - Processing file /opt/airflow/dags/update_car_data_dag.py for tasks to queue
[2025-09-08T02:19:46.108+0000] {logging_mixin.py:188} INFO - [2025-09-08T02:19:46.108+0000] {dagbag.py:538} INFO - Filling up the DagBag from /opt/airflow/dags/update_car_data_dag.py
[2025-09-08T02:19:46.128+0000] {processor.py:840} INFO - DAG(s) 'update_car_data' retrieved from /opt/airflow/dags/update_car_data_dag.py
[2025-09-08T02:19:46.155+0000] {logging_mixin.py:188} INFO - [2025-09-08T02:19:46.155+0000] {dag.py:3036} INFO - Sync 1 DAGs
[2025-09-08T02:19:46.171+0000] {logging_mixin.py:188} INFO - [2025-09-08T02:19:46.171+0000] {dag.py:3823} INFO - Setting next_dagrun for update_car_data to 2025-09-06 15:00:00+00:00, run_after=2025-09-07 15:00:00+00:00
[2025-09-08T02:19:46.180+0000] {processor.py:183} INFO - Processing /opt/airflow/dags/update_car_data_dag.py took 0.080 seconds
[2025-09-08T02:20:16.392+0000] {processor.py:161} INFO - Started process (PID=873) to work on /opt/airflow/dags/update_car_data_dag.py
[2025-09-08T02:20:16.393+0000] {processor.py:830} INFO - Processing file /opt/airflow/dags/update_car_data_dag.py for tasks to queue
[2025-09-08T02:20:16.394+0000] {logging_mixin.py:188} INFO - [2025-09-08T02:20:16.394+0000] {dagbag.py:538} INFO - Filling up the DagBag from /opt/airflow/dags/update_car_data_dag.py
[2025-09-08T02:20:16.410+0000] {processor.py:840} INFO - DAG(s) 'update_car_data' retrieved from /opt/airflow/dags/update_car_data_dag.py
[2025-09-08T02:20:16.435+0000] {logging_mixin.py:188} INFO - [2025-09-08T02:20:16.435+0000] {dag.py:3036} INFO - Sync 1 DAGs
[2025-09-08T02:20:16.449+0000] {logging_mixin.py:188} INFO - [2025-09-08T02:20:16.449+0000] {dag.py:3823} INFO - Setting next_dagrun for update_car_data to 2025-09-06 15:00:00+00:00, run_after=2025-09-07 15:00:00+00:00
[2025-09-08T02:20:16.456+0000] {processor.py:183} INFO - Processing /opt/airflow/dags/update_car_data_dag.py took 0.069 seconds
[2025-09-08T02:20:46.699+0000] {processor.py:161} INFO - Started process (PID=878) to work on /opt/airflow/dags/update_car_data_dag.py
[2025-09-08T02:20:46.700+0000] {processor.py:830} INFO - Processing file /opt/airflow/dags/update_car_data_dag.py for tasks to queue
[2025-09-08T02:20:46.701+0000] {logging_mixin.py:188} INFO - [2025-09-08T02:20:46.701+0000] {dagbag.py:538} INFO - Filling up the DagBag from /opt/airflow/dags/update_car_data_dag.py
[2025-09-08T02:20:46.716+0000] {processor.py:840} INFO - DAG(s) 'update_car_data' retrieved from /opt/airflow/dags/update_car_data_dag.py
[2025-09-08T02:20:46.747+0000] {logging_mixin.py:188} INFO - [2025-09-08T02:20:46.746+0000] {dag.py:3036} INFO - Sync 1 DAGs
[2025-09-08T02:20:46.763+0000] {logging_mixin.py:188} INFO - [2025-09-08T02:20:46.763+0000] {dag.py:3823} INFO - Setting next_dagrun for update_car_data to 2025-09-06 15:00:00+00:00, run_after=2025-09-07 15:00:00+00:00
[2025-09-08T02:20:46.774+0000] {processor.py:183} INFO - Processing /opt/airflow/dags/update_car_data_dag.py took 0.079 seconds
[2025-09-08T02:21:17.111+0000] {processor.py:161} INFO - Started process (PID=883) to work on /opt/airflow/dags/update_car_data_dag.py
[2025-09-08T02:21:17.113+0000] {processor.py:830} INFO - Processing file /opt/airflow/dags/update_car_data_dag.py for tasks to queue
[2025-09-08T02:21:17.116+0000] {logging_mixin.py:188} INFO - [2025-09-08T02:21:17.115+0000] {dagbag.py:538} INFO - Filling up the DagBag from /opt/airflow/dags/update_car_data_dag.py
[2025-09-08T02:21:17.145+0000] {processor.py:840} INFO - DAG(s) 'update_car_data' retrieved from /opt/airflow/dags/update_car_data_dag.py
[2025-09-08T02:21:17.190+0000] {logging_mixin.py:188} INFO - [2025-09-08T02:21:17.190+0000] {dag.py:3036} INFO - Sync 1 DAGs
[2025-09-08T02:21:17.210+0000] {logging_mixin.py:188} INFO - [2025-09-08T02:21:17.210+0000] {dag.py:3823} INFO - Setting next_dagrun for update_car_data to 2025-09-06 15:00:00+00:00, run_after=2025-09-07 15:00:00+00:00
[2025-09-08T02:21:17.222+0000] {processor.py:183} INFO - Processing /opt/airflow/dags/update_car_data_dag.py took 0.114 seconds
[2025-09-08T02:21:47.558+0000] {processor.py:161} INFO - Started process (PID=888) to work on /opt/airflow/dags/update_car_data_dag.py
[2025-09-08T02:21:47.559+0000] {processor.py:830} INFO - Processing file /opt/airflow/dags/update_car_data_dag.py for tasks to queue
[2025-09-08T02:21:47.560+0000] {logging_mixin.py:188} INFO - [2025-09-08T02:21:47.560+0000] {dagbag.py:538} INFO - Filling up the DagBag from /opt/airflow/dags/update_car_data_dag.py
[2025-09-08T02:21:47.579+0000] {processor.py:840} INFO - DAG(s) 'update_car_data' retrieved from /opt/airflow/dags/update_car_data_dag.py
[2025-09-08T02:21:47.616+0000] {logging_mixin.py:188} INFO - [2025-09-08T02:21:47.615+0000] {dag.py:3036} INFO - Sync 1 DAGs
[2025-09-08T02:21:47.635+0000] {logging_mixin.py:188} INFO - [2025-09-08T02:21:47.635+0000] {dag.py:3823} INFO - Setting next_dagrun for update_car_data to 2025-09-06 15:00:00+00:00, run_after=2025-09-07 15:00:00+00:00
[2025-09-08T02:21:47.645+0000] {processor.py:183} INFO - Processing /opt/airflow/dags/update_car_data_dag.py took 0.099 seconds
[2025-09-08T02:22:17.918+0000] {processor.py:161} INFO - Started process (PID=893) to work on /opt/airflow/dags/update_car_data_dag.py
[2025-09-08T02:22:17.919+0000] {processor.py:830} INFO - Processing file /opt/airflow/dags/update_car_data_dag.py for tasks to queue
[2025-09-08T02:22:17.921+0000] {logging_mixin.py:188} INFO - [2025-09-08T02:22:17.920+0000] {dagbag.py:538} INFO - Filling up the DagBag from /opt/airflow/dags/update_car_data_dag.py
[2025-09-08T02:22:17.942+0000] {processor.py:840} INFO - DAG(s) 'update_car_data' retrieved from /opt/airflow/dags/update_car_data_dag.py
[2025-09-08T02:22:17.977+0000] {logging_mixin.py:188} INFO - [2025-09-08T02:22:17.977+0000] {dag.py:3036} INFO - Sync 1 DAGs
[2025-09-08T02:22:17.999+0000] {logging_mixin.py:188} INFO - [2025-09-08T02:22:17.999+0000] {dag.py:3823} INFO - Setting next_dagrun for update_car_data to 2025-09-06 15:00:00+00:00, run_after=2025-09-07 15:00:00+00:00
[2025-09-08T02:22:18.008+0000] {processor.py:183} INFO - Processing /opt/airflow/dags/update_car_data_dag.py took 0.096 seconds
[2025-09-08T02:22:48.276+0000] {processor.py:161} INFO - Started process (PID=898) to work on /opt/airflow/dags/update_car_data_dag.py
[2025-09-08T02:22:48.278+0000] {processor.py:830} INFO - Processing file /opt/airflow/dags/update_car_data_dag.py for tasks to queue
[2025-09-08T02:22:48.280+0000] {logging_mixin.py:188} INFO - [2025-09-08T02:22:48.279+0000] {dagbag.py:538} INFO - Filling up the DagBag from /opt/airflow/dags/update_car_data_dag.py
[2025-09-08T02:22:48.301+0000] {processor.py:840} INFO - DAG(s) 'update_car_data' retrieved from /opt/airflow/dags/update_car_data_dag.py
[2025-09-08T02:22:48.332+0000] {logging_mixin.py:188} INFO - [2025-09-08T02:22:48.332+0000] {dag.py:3036} INFO - Sync 1 DAGs
[2025-09-08T02:22:48.349+0000] {logging_mixin.py:188} INFO - [2025-09-08T02:22:48.349+0000] {dag.py:3823} INFO - Setting next_dagrun for update_car_data to 2025-09-06 15:00:00+00:00, run_after=2025-09-07 15:00:00+00:00
[2025-09-08T02:22:48.359+0000] {processor.py:183} INFO - Processing /opt/airflow/dags/update_car_data_dag.py took 0.088 seconds
[2025-09-08T02:23:18.609+0000] {processor.py:161} INFO - Started process (PID=903) to work on /opt/airflow/dags/update_car_data_dag.py
[2025-09-08T02:23:18.610+0000] {processor.py:830} INFO - Processing file /opt/airflow/dags/update_car_data_dag.py for tasks to queue
[2025-09-08T02:23:18.611+0000] {logging_mixin.py:188} INFO - [2025-09-08T02:23:18.610+0000] {dagbag.py:538} INFO - Filling up the DagBag from /opt/airflow/dags/update_car_data_dag.py
[2025-09-08T02:23:18.622+0000] {processor.py:840} INFO - DAG(s) 'update_car_data' retrieved from /opt/airflow/dags/update_car_data_dag.py
[2025-09-08T02:23:18.643+0000] {logging_mixin.py:188} INFO - [2025-09-08T02:23:18.643+0000] {dag.py:3036} INFO - Sync 1 DAGs
[2025-09-08T02:23:18.657+0000] {logging_mixin.py:188} INFO - [2025-09-08T02:23:18.657+0000] {dag.py:3823} INFO - Setting next_dagrun for update_car_data to 2025-09-06 15:00:00+00:00, run_after=2025-09-07 15:00:00+00:00
[2025-09-08T02:23:18.666+0000] {processor.py:183} INFO - Processing /opt/airflow/dags/update_car_data_dag.py took 0.060 seconds
[2025-09-08T02:23:48.950+0000] {processor.py:161} INFO - Started process (PID=908) to work on /opt/airflow/dags/update_car_data_dag.py
[2025-09-08T02:23:48.951+0000] {processor.py:830} INFO - Processing file /opt/airflow/dags/update_car_data_dag.py for tasks to queue
[2025-09-08T02:23:48.952+0000] {logging_mixin.py:188} INFO - [2025-09-08T02:23:48.952+0000] {dagbag.py:538} INFO - Filling up the DagBag from /opt/airflow/dags/update_car_data_dag.py
[2025-09-08T02:23:48.964+0000] {processor.py:840} INFO - DAG(s) 'update_car_data' retrieved from /opt/airflow/dags/update_car_data_dag.py
[2025-09-08T02:23:48.984+0000] {logging_mixin.py:188} INFO - [2025-09-08T02:23:48.983+0000] {dag.py:3036} INFO - Sync 1 DAGs
[2025-09-08T02:23:48.996+0000] {logging_mixin.py:188} INFO - [2025-09-08T02:23:48.996+0000] {dag.py:3823} INFO - Setting next_dagrun for update_car_data to 2025-09-06 15:00:00+00:00, run_after=2025-09-07 15:00:00+00:00
[2025-09-08T02:23:49.003+0000] {processor.py:183} INFO - Processing /opt/airflow/dags/update_car_data_dag.py took 0.056 seconds
[2025-09-08T02:24:19.283+0000] {processor.py:161} INFO - Started process (PID=913) to work on /opt/airflow/dags/update_car_data_dag.py
[2025-09-08T02:24:19.285+0000] {processor.py:830} INFO - Processing file /opt/airflow/dags/update_car_data_dag.py for tasks to queue
[2025-09-08T02:24:19.286+0000] {logging_mixin.py:188} INFO - [2025-09-08T02:24:19.286+0000] {dagbag.py:538} INFO - Filling up the DagBag from /opt/airflow/dags/update_car_data_dag.py
[2025-09-08T02:24:19.311+0000] {processor.py:840} INFO - DAG(s) 'update_car_data' retrieved from /opt/airflow/dags/update_car_data_dag.py
[2025-09-08T02:24:19.341+0000] {logging_mixin.py:188} INFO - [2025-09-08T02:24:19.341+0000] {dag.py:3036} INFO - Sync 1 DAGs
[2025-09-08T02:24:19.357+0000] {logging_mixin.py:188} INFO - [2025-09-08T02:24:19.357+0000] {dag.py:3823} INFO - Setting next_dagrun for update_car_data to 2025-09-06 15:00:00+00:00, run_after=2025-09-07 15:00:00+00:00
[2025-09-08T02:24:19.366+0000] {processor.py:183} INFO - Processing /opt/airflow/dags/update_car_data_dag.py took 0.095 seconds
[2025-09-08T02:24:49.612+0000] {processor.py:161} INFO - Started process (PID=918) to work on /opt/airflow/dags/update_car_data_dag.py
[2025-09-08T02:24:49.615+0000] {processor.py:830} INFO - Processing file /opt/airflow/dags/update_car_data_dag.py for tasks to queue
[2025-09-08T02:24:49.617+0000] {logging_mixin.py:188} INFO - [2025-09-08T02:24:49.616+0000] {dagbag.py:538} INFO - Filling up the DagBag from /opt/airflow/dags/update_car_data_dag.py
[2025-09-08T02:24:49.640+0000] {processor.py:840} INFO - DAG(s) 'update_car_data' retrieved from /opt/airflow/dags/update_car_data_dag.py
[2025-09-08T02:24:49.668+0000] {logging_mixin.py:188} INFO - [2025-09-08T02:24:49.668+0000] {dag.py:3036} INFO - Sync 1 DAGs
[2025-09-08T02:24:49.683+0000] {logging_mixin.py:188} INFO - [2025-09-08T02:24:49.682+0000] {dag.py:3823} INFO - Setting next_dagrun for update_car_data to 2025-09-06 15:00:00+00:00, run_after=2025-09-07 15:00:00+00:00
[2025-09-08T02:24:49.691+0000] {processor.py:183} INFO - Processing /opt/airflow/dags/update_car_data_dag.py took 0.088 seconds
[2025-09-08T02:25:19.911+0000] {processor.py:161} INFO - Started process (PID=923) to work on /opt/airflow/dags/update_car_data_dag.py
[2025-09-08T02:25:19.912+0000] {processor.py:830} INFO - Processing file /opt/airflow/dags/update_car_data_dag.py for tasks to queue
[2025-09-08T02:25:19.913+0000] {logging_mixin.py:188} INFO - [2025-09-08T02:25:19.912+0000] {dagbag.py:538} INFO - Filling up the DagBag from /opt/airflow/dags/update_car_data_dag.py
[2025-09-08T02:25:19.925+0000] {processor.py:840} INFO - DAG(s) 'update_car_data' retrieved from /opt/airflow/dags/update_car_data_dag.py
[2025-09-08T02:25:19.944+0000] {logging_mixin.py:188} INFO - [2025-09-08T02:25:19.944+0000] {dag.py:3036} INFO - Sync 1 DAGs
[2025-09-08T02:25:19.957+0000] {logging_mixin.py:188} INFO - [2025-09-08T02:25:19.957+0000] {dag.py:3823} INFO - Setting next_dagrun for update_car_data to 2025-09-06 15:00:00+00:00, run_after=2025-09-07 15:00:00+00:00
[2025-09-08T02:25:19.964+0000] {processor.py:183} INFO - Processing /opt/airflow/dags/update_car_data_dag.py took 0.059 seconds
[2025-09-08T02:25:50.317+0000] {processor.py:161} INFO - Started process (PID=928) to work on /opt/airflow/dags/update_car_data_dag.py
[2025-09-08T02:25:50.319+0000] {processor.py:830} INFO - Processing file /opt/airflow/dags/update_car_data_dag.py for tasks to queue
[2025-09-08T02:25:50.320+0000] {logging_mixin.py:188} INFO - [2025-09-08T02:25:50.319+0000] {dagbag.py:538} INFO - Filling up the DagBag from /opt/airflow/dags/update_car_data_dag.py
[2025-09-08T02:25:50.341+0000] {processor.py:840} INFO - DAG(s) 'update_car_data' retrieved from /opt/airflow/dags/update_car_data_dag.py
[2025-09-08T02:25:50.371+0000] {logging_mixin.py:188} INFO - [2025-09-08T02:25:50.371+0000] {dag.py:3036} INFO - Sync 1 DAGs
[2025-09-08T02:25:50.388+0000] {logging_mixin.py:188} INFO - [2025-09-08T02:25:50.388+0000] {dag.py:3823} INFO - Setting next_dagrun for update_car_data to 2025-09-06 15:00:00+00:00, run_after=2025-09-07 15:00:00+00:00
[2025-09-08T02:25:50.397+0000] {processor.py:183} INFO - Processing /opt/airflow/dags/update_car_data_dag.py took 0.089 seconds
[2025-09-08T02:26:20.676+0000] {processor.py:161} INFO - Started process (PID=933) to work on /opt/airflow/dags/update_car_data_dag.py
[2025-09-08T02:26:20.678+0000] {processor.py:830} INFO - Processing file /opt/airflow/dags/update_car_data_dag.py for tasks to queue
[2025-09-08T02:26:20.679+0000] {logging_mixin.py:188} INFO - [2025-09-08T02:26:20.678+0000] {dagbag.py:538} INFO - Filling up the DagBag from /opt/airflow/dags/update_car_data_dag.py
[2025-09-08T02:26:20.699+0000] {processor.py:840} INFO - DAG(s) 'update_car_data' retrieved from /opt/airflow/dags/update_car_data_dag.py
[2025-09-08T02:26:20.728+0000] {logging_mixin.py:188} INFO - [2025-09-08T02:26:20.728+0000] {dag.py:3036} INFO - Sync 1 DAGs
[2025-09-08T02:26:20.743+0000] {logging_mixin.py:188} INFO - [2025-09-08T02:26:20.743+0000] {dag.py:3823} INFO - Setting next_dagrun for update_car_data to 2025-09-06 15:00:00+00:00, run_after=2025-09-07 15:00:00+00:00
[2025-09-08T02:26:20.753+0000] {processor.py:183} INFO - Processing /opt/airflow/dags/update_car_data_dag.py took 0.081 seconds
[2025-09-08T02:26:50.993+0000] {processor.py:161} INFO - Started process (PID=938) to work on /opt/airflow/dags/update_car_data_dag.py
[2025-09-08T02:26:50.995+0000] {processor.py:830} INFO - Processing file /opt/airflow/dags/update_car_data_dag.py for tasks to queue
[2025-09-08T02:26:50.997+0000] {logging_mixin.py:188} INFO - [2025-09-08T02:26:50.996+0000] {dagbag.py:538} INFO - Filling up the DagBag from /opt/airflow/dags/update_car_data_dag.py
[2025-09-08T02:26:51.020+0000] {processor.py:840} INFO - DAG(s) 'update_car_data' retrieved from /opt/airflow/dags/update_car_data_dag.py
[2025-09-08T02:26:51.048+0000] {logging_mixin.py:188} INFO - [2025-09-08T02:26:51.048+0000] {dag.py:3036} INFO - Sync 1 DAGs
[2025-09-08T02:26:51.062+0000] {logging_mixin.py:188} INFO - [2025-09-08T02:26:51.062+0000] {dag.py:3823} INFO - Setting next_dagrun for update_car_data to 2025-09-06 15:00:00+00:00, run_after=2025-09-07 15:00:00+00:00
[2025-09-08T02:26:51.073+0000] {processor.py:183} INFO - Processing /opt/airflow/dags/update_car_data_dag.py took 0.090 seconds
[2025-09-08T02:27:21.272+0000] {processor.py:161} INFO - Started process (PID=943) to work on /opt/airflow/dags/update_car_data_dag.py
[2025-09-08T02:27:21.274+0000] {processor.py:830} INFO - Processing file /opt/airflow/dags/update_car_data_dag.py for tasks to queue
[2025-09-08T02:27:21.275+0000] {logging_mixin.py:188} INFO - [2025-09-08T02:27:21.274+0000] {dagbag.py:538} INFO - Filling up the DagBag from /opt/airflow/dags/update_car_data_dag.py
[2025-09-08T02:27:21.297+0000] {processor.py:840} INFO - DAG(s) 'update_car_data' retrieved from /opt/airflow/dags/update_car_data_dag.py
[2025-09-08T02:27:21.324+0000] {logging_mixin.py:188} INFO - [2025-09-08T02:27:21.324+0000] {dag.py:3036} INFO - Sync 1 DAGs
[2025-09-08T02:27:21.341+0000] {logging_mixin.py:188} INFO - [2025-09-08T02:27:21.341+0000] {dag.py:3823} INFO - Setting next_dagrun for update_car_data to 2025-09-06 15:00:00+00:00, run_after=2025-09-07 15:00:00+00:00
[2025-09-08T02:27:21.349+0000] {processor.py:183} INFO - Processing /opt/airflow/dags/update_car_data_dag.py took 0.082 seconds
[2025-09-08T02:27:51.705+0000] {processor.py:161} INFO - Started process (PID=948) to work on /opt/airflow/dags/update_car_data_dag.py
[2025-09-08T02:27:51.706+0000] {processor.py:830} INFO - Processing file /opt/airflow/dags/update_car_data_dag.py for tasks to queue
[2025-09-08T02:27:51.708+0000] {logging_mixin.py:188} INFO - [2025-09-08T02:27:51.707+0000] {dagbag.py:538} INFO - Filling up the DagBag from /opt/airflow/dags/update_car_data_dag.py
[2025-09-08T02:27:51.733+0000] {processor.py:840} INFO - DAG(s) 'update_car_data' retrieved from /opt/airflow/dags/update_car_data_dag.py
[2025-09-08T02:27:51.780+0000] {logging_mixin.py:188} INFO - [2025-09-08T02:27:51.780+0000] {dag.py:3036} INFO - Sync 1 DAGs
[2025-09-08T02:27:51.799+0000] {logging_mixin.py:188} INFO - [2025-09-08T02:27:51.799+0000] {dag.py:3823} INFO - Setting next_dagrun for update_car_data to 2025-09-06 15:00:00+00:00, run_after=2025-09-07 15:00:00+00:00
[2025-09-08T02:27:51.809+0000] {processor.py:183} INFO - Processing /opt/airflow/dags/update_car_data_dag.py took 0.111 seconds
[2025-09-08T02:28:22.053+0000] {processor.py:161} INFO - Started process (PID=953) to work on /opt/airflow/dags/update_car_data_dag.py
[2025-09-08T02:28:22.058+0000] {processor.py:830} INFO - Processing file /opt/airflow/dags/update_car_data_dag.py for tasks to queue
[2025-09-08T02:28:22.060+0000] {logging_mixin.py:188} INFO - [2025-09-08T02:28:22.059+0000] {dagbag.py:538} INFO - Filling up the DagBag from /opt/airflow/dags/update_car_data_dag.py
[2025-09-08T02:28:22.085+0000] {processor.py:840} INFO - DAG(s) 'update_car_data' retrieved from /opt/airflow/dags/update_car_data_dag.py
[2025-09-08T02:28:22.115+0000] {logging_mixin.py:188} INFO - [2025-09-08T02:28:22.114+0000] {dag.py:3036} INFO - Sync 1 DAGs
[2025-09-08T02:28:22.133+0000] {logging_mixin.py:188} INFO - [2025-09-08T02:28:22.133+0000] {dag.py:3823} INFO - Setting next_dagrun for update_car_data to 2025-09-06 15:00:00+00:00, run_after=2025-09-07 15:00:00+00:00
[2025-09-08T02:28:22.142+0000] {processor.py:183} INFO - Processing /opt/airflow/dags/update_car_data_dag.py took 0.096 seconds
[2025-09-08T02:28:52.437+0000] {processor.py:161} INFO - Started process (PID=958) to work on /opt/airflow/dags/update_car_data_dag.py
[2025-09-08T02:28:52.441+0000] {processor.py:830} INFO - Processing file /opt/airflow/dags/update_car_data_dag.py for tasks to queue
[2025-09-08T02:28:52.442+0000] {logging_mixin.py:188} INFO - [2025-09-08T02:28:52.442+0000] {dagbag.py:538} INFO - Filling up the DagBag from /opt/airflow/dags/update_car_data_dag.py
[2025-09-08T02:28:52.461+0000] {processor.py:840} INFO - DAG(s) 'update_car_data' retrieved from /opt/airflow/dags/update_car_data_dag.py
[2025-09-08T02:28:52.495+0000] {logging_mixin.py:188} INFO - [2025-09-08T02:28:52.495+0000] {dag.py:3036} INFO - Sync 1 DAGs
[2025-09-08T02:28:52.511+0000] {logging_mixin.py:188} INFO - [2025-09-08T02:28:52.511+0000] {dag.py:3823} INFO - Setting next_dagrun for update_car_data to 2025-09-06 15:00:00+00:00, run_after=2025-09-07 15:00:00+00:00
[2025-09-08T02:28:52.520+0000] {processor.py:183} INFO - Processing /opt/airflow/dags/update_car_data_dag.py took 0.092 seconds
[2025-09-08T02:29:22.768+0000] {processor.py:161} INFO - Started process (PID=963) to work on /opt/airflow/dags/update_car_data_dag.py
[2025-09-08T02:29:22.770+0000] {processor.py:830} INFO - Processing file /opt/airflow/dags/update_car_data_dag.py for tasks to queue
[2025-09-08T02:29:22.771+0000] {logging_mixin.py:188} INFO - [2025-09-08T02:29:22.771+0000] {dagbag.py:538} INFO - Filling up the DagBag from /opt/airflow/dags/update_car_data_dag.py
[2025-09-08T02:29:22.785+0000] {processor.py:840} INFO - DAG(s) 'update_car_data' retrieved from /opt/airflow/dags/update_car_data_dag.py
[2025-09-08T02:29:22.805+0000] {logging_mixin.py:188} INFO - [2025-09-08T02:29:22.805+0000] {dag.py:3036} INFO - Sync 1 DAGs
[2025-09-08T02:29:22.818+0000] {logging_mixin.py:188} INFO - [2025-09-08T02:29:22.818+0000] {dag.py:3823} INFO - Setting next_dagrun for update_car_data to 2025-09-06 15:00:00+00:00, run_after=2025-09-07 15:00:00+00:00
[2025-09-08T02:29:22.825+0000] {processor.py:183} INFO - Processing /opt/airflow/dags/update_car_data_dag.py took 0.062 seconds
[2025-09-08T02:29:53.126+0000] {processor.py:161} INFO - Started process (PID=968) to work on /opt/airflow/dags/update_car_data_dag.py
[2025-09-08T02:29:53.129+0000] {processor.py:830} INFO - Processing file /opt/airflow/dags/update_car_data_dag.py for tasks to queue
[2025-09-08T02:29:53.130+0000] {logging_mixin.py:188} INFO - [2025-09-08T02:29:53.129+0000] {dagbag.py:538} INFO - Filling up the DagBag from /opt/airflow/dags/update_car_data_dag.py
[2025-09-08T02:29:53.149+0000] {processor.py:840} INFO - DAG(s) 'update_car_data' retrieved from /opt/airflow/dags/update_car_data_dag.py
[2025-09-08T02:29:53.180+0000] {logging_mixin.py:188} INFO - [2025-09-08T02:29:53.180+0000] {dag.py:3036} INFO - Sync 1 DAGs
[2025-09-08T02:29:53.195+0000] {logging_mixin.py:188} INFO - [2025-09-08T02:29:53.195+0000] {dag.py:3823} INFO - Setting next_dagrun for update_car_data to 2025-09-06 15:00:00+00:00, run_after=2025-09-07 15:00:00+00:00
[2025-09-08T02:29:53.206+0000] {processor.py:183} INFO - Processing /opt/airflow/dags/update_car_data_dag.py took 0.086 seconds
[2025-09-08T02:30:23.464+0000] {processor.py:161} INFO - Started process (PID=973) to work on /opt/airflow/dags/update_car_data_dag.py
[2025-09-08T02:30:23.466+0000] {processor.py:830} INFO - Processing file /opt/airflow/dags/update_car_data_dag.py for tasks to queue
[2025-09-08T02:30:23.467+0000] {logging_mixin.py:188} INFO - [2025-09-08T02:30:23.467+0000] {dagbag.py:538} INFO - Filling up the DagBag from /opt/airflow/dags/update_car_data_dag.py
[2025-09-08T02:30:23.482+0000] {processor.py:840} INFO - DAG(s) 'update_car_data' retrieved from /opt/airflow/dags/update_car_data_dag.py
[2025-09-08T02:30:23.501+0000] {logging_mixin.py:188} INFO - [2025-09-08T02:30:23.501+0000] {dag.py:3036} INFO - Sync 1 DAGs
[2025-09-08T02:30:23.513+0000] {logging_mixin.py:188} INFO - [2025-09-08T02:30:23.512+0000] {dag.py:3823} INFO - Setting next_dagrun for update_car_data to 2025-09-06 15:00:00+00:00, run_after=2025-09-07 15:00:00+00:00
[2025-09-08T02:30:23.520+0000] {processor.py:183} INFO - Processing /opt/airflow/dags/update_car_data_dag.py took 0.063 seconds
[2025-09-08T02:30:53.854+0000] {processor.py:161} INFO - Started process (PID=978) to work on /opt/airflow/dags/update_car_data_dag.py
[2025-09-08T02:30:53.857+0000] {processor.py:830} INFO - Processing file /opt/airflow/dags/update_car_data_dag.py for tasks to queue
[2025-09-08T02:30:53.862+0000] {logging_mixin.py:188} INFO - [2025-09-08T02:30:53.858+0000] {dagbag.py:538} INFO - Filling up the DagBag from /opt/airflow/dags/update_car_data_dag.py
[2025-09-08T02:30:53.899+0000] {processor.py:840} INFO - DAG(s) 'update_car_data' retrieved from /opt/airflow/dags/update_car_data_dag.py
[2025-09-08T02:30:53.941+0000] {logging_mixin.py:188} INFO - [2025-09-08T02:30:53.941+0000] {dag.py:3036} INFO - Sync 1 DAGs
[2025-09-08T02:30:53.958+0000] {logging_mixin.py:188} INFO - [2025-09-08T02:30:53.958+0000] {dag.py:3823} INFO - Setting next_dagrun for update_car_data to 2025-09-06 15:00:00+00:00, run_after=2025-09-07 15:00:00+00:00
[2025-09-08T02:30:53.969+0000] {processor.py:183} INFO - Processing /opt/airflow/dags/update_car_data_dag.py took 0.121 seconds
[2025-09-08T02:31:24.200+0000] {processor.py:161} INFO - Started process (PID=983) to work on /opt/airflow/dags/update_car_data_dag.py
[2025-09-08T02:31:24.203+0000] {processor.py:830} INFO - Processing file /opt/airflow/dags/update_car_data_dag.py for tasks to queue
[2025-09-08T02:31:24.204+0000] {logging_mixin.py:188} INFO - [2025-09-08T02:31:24.203+0000] {dagbag.py:538} INFO - Filling up the DagBag from /opt/airflow/dags/update_car_data_dag.py
[2025-09-08T02:31:24.225+0000] {processor.py:840} INFO - DAG(s) 'update_car_data' retrieved from /opt/airflow/dags/update_car_data_dag.py
[2025-09-08T02:31:24.254+0000] {logging_mixin.py:188} INFO - [2025-09-08T02:31:24.254+0000] {dag.py:3036} INFO - Sync 1 DAGs
[2025-09-08T02:31:24.268+0000] {logging_mixin.py:188} INFO - [2025-09-08T02:31:24.268+0000] {dag.py:3823} INFO - Setting next_dagrun for update_car_data to 2025-09-06 15:00:00+00:00, run_after=2025-09-07 15:00:00+00:00
[2025-09-08T02:31:24.276+0000] {processor.py:183} INFO - Processing /opt/airflow/dags/update_car_data_dag.py took 0.082 seconds
[2025-09-08T02:31:54.610+0000] {processor.py:161} INFO - Started process (PID=988) to work on /opt/airflow/dags/update_car_data_dag.py
[2025-09-08T02:31:54.612+0000] {processor.py:830} INFO - Processing file /opt/airflow/dags/update_car_data_dag.py for tasks to queue
[2025-09-08T02:31:54.614+0000] {logging_mixin.py:188} INFO - [2025-09-08T02:31:54.613+0000] {dagbag.py:538} INFO - Filling up the DagBag from /opt/airflow/dags/update_car_data_dag.py
[2025-09-08T02:31:54.637+0000] {processor.py:840} INFO - DAG(s) 'update_car_data' retrieved from /opt/airflow/dags/update_car_data_dag.py
[2025-09-08T02:31:54.670+0000] {logging_mixin.py:188} INFO - [2025-09-08T02:31:54.670+0000] {dag.py:3036} INFO - Sync 1 DAGs
[2025-09-08T02:31:54.686+0000] {logging_mixin.py:188} INFO - [2025-09-08T02:31:54.686+0000] {dag.py:3823} INFO - Setting next_dagrun for update_car_data to 2025-09-06 15:00:00+00:00, run_after=2025-09-07 15:00:00+00:00
[2025-09-08T02:31:54.694+0000] {processor.py:183} INFO - Processing /opt/airflow/dags/update_car_data_dag.py took 0.091 seconds
[2025-09-08T02:32:24.918+0000] {processor.py:161} INFO - Started process (PID=993) to work on /opt/airflow/dags/update_car_data_dag.py
[2025-09-08T02:32:24.920+0000] {processor.py:830} INFO - Processing file /opt/airflow/dags/update_car_data_dag.py for tasks to queue
[2025-09-08T02:32:24.922+0000] {logging_mixin.py:188} INFO - [2025-09-08T02:32:24.921+0000] {dagbag.py:538} INFO - Filling up the DagBag from /opt/airflow/dags/update_car_data_dag.py
[2025-09-08T02:32:24.941+0000] {processor.py:840} INFO - DAG(s) 'update_car_data' retrieved from /opt/airflow/dags/update_car_data_dag.py
[2025-09-08T02:32:24.972+0000] {logging_mixin.py:188} INFO - [2025-09-08T02:32:24.972+0000] {dag.py:3036} INFO - Sync 1 DAGs
[2025-09-08T02:32:24.988+0000] {logging_mixin.py:188} INFO - [2025-09-08T02:32:24.988+0000] {dag.py:3823} INFO - Setting next_dagrun for update_car_data to 2025-09-06 15:00:00+00:00, run_after=2025-09-07 15:00:00+00:00
[2025-09-08T02:32:24.999+0000] {processor.py:183} INFO - Processing /opt/airflow/dags/update_car_data_dag.py took 0.091 seconds
[2025-09-08T02:32:55.271+0000] {processor.py:161} INFO - Started process (PID=998) to work on /opt/airflow/dags/update_car_data_dag.py
[2025-09-08T02:32:55.273+0000] {processor.py:830} INFO - Processing file /opt/airflow/dags/update_car_data_dag.py for tasks to queue
[2025-09-08T02:32:55.274+0000] {logging_mixin.py:188} INFO - [2025-09-08T02:32:55.274+0000] {dagbag.py:538} INFO - Filling up the DagBag from /opt/airflow/dags/update_car_data_dag.py
[2025-09-08T02:32:55.295+0000] {processor.py:840} INFO - DAG(s) 'update_car_data' retrieved from /opt/airflow/dags/update_car_data_dag.py
[2025-09-08T02:32:55.320+0000] {logging_mixin.py:188} INFO - [2025-09-08T02:32:55.320+0000] {dag.py:3036} INFO - Sync 1 DAGs
[2025-09-08T02:32:55.335+0000] {logging_mixin.py:188} INFO - [2025-09-08T02:32:55.334+0000] {dag.py:3823} INFO - Setting next_dagrun for update_car_data to 2025-09-06 15:00:00+00:00, run_after=2025-09-07 15:00:00+00:00
[2025-09-08T02:32:55.343+0000] {processor.py:183} INFO - Processing /opt/airflow/dags/update_car_data_dag.py took 0.078 seconds
[2025-09-08T02:33:25.661+0000] {processor.py:161} INFO - Started process (PID=1003) to work on /opt/airflow/dags/update_car_data_dag.py
[2025-09-08T02:33:25.662+0000] {processor.py:830} INFO - Processing file /opt/airflow/dags/update_car_data_dag.py for tasks to queue
[2025-09-08T02:33:25.663+0000] {logging_mixin.py:188} INFO - [2025-09-08T02:33:25.663+0000] {dagbag.py:538} INFO - Filling up the DagBag from /opt/airflow/dags/update_car_data_dag.py
[2025-09-08T02:33:25.676+0000] {processor.py:840} INFO - DAG(s) 'update_car_data' retrieved from /opt/airflow/dags/update_car_data_dag.py
[2025-09-08T02:33:25.697+0000] {logging_mixin.py:188} INFO - [2025-09-08T02:33:25.697+0000] {dag.py:3036} INFO - Sync 1 DAGs
[2025-09-08T02:33:25.709+0000] {logging_mixin.py:188} INFO - [2025-09-08T02:33:25.709+0000] {dag.py:3823} INFO - Setting next_dagrun for update_car_data to 2025-09-06 15:00:00+00:00, run_after=2025-09-07 15:00:00+00:00
[2025-09-08T02:33:25.717+0000] {processor.py:183} INFO - Processing /opt/airflow/dags/update_car_data_dag.py took 0.061 seconds
[2025-09-08T02:33:55.940+0000] {processor.py:161} INFO - Started process (PID=1008) to work on /opt/airflow/dags/update_car_data_dag.py
[2025-09-08T02:33:55.942+0000] {processor.py:830} INFO - Processing file /opt/airflow/dags/update_car_data_dag.py for tasks to queue
[2025-09-08T02:33:55.942+0000] {logging_mixin.py:188} INFO - [2025-09-08T02:33:55.942+0000] {dagbag.py:538} INFO - Filling up the DagBag from /opt/airflow/dags/update_car_data_dag.py
[2025-09-08T02:33:55.955+0000] {processor.py:840} INFO - DAG(s) 'update_car_data' retrieved from /opt/airflow/dags/update_car_data_dag.py
[2025-09-08T02:33:55.974+0000] {logging_mixin.py:188} INFO - [2025-09-08T02:33:55.974+0000] {dag.py:3036} INFO - Sync 1 DAGs
[2025-09-08T02:33:55.986+0000] {logging_mixin.py:188} INFO - [2025-09-08T02:33:55.986+0000] {dag.py:3823} INFO - Setting next_dagrun for update_car_data to 2025-09-06 15:00:00+00:00, run_after=2025-09-07 15:00:00+00:00
[2025-09-08T02:33:55.994+0000] {processor.py:183} INFO - Processing /opt/airflow/dags/update_car_data_dag.py took 0.058 seconds
[2025-09-08T02:34:26.272+0000] {processor.py:161} INFO - Started process (PID=1013) to work on /opt/airflow/dags/update_car_data_dag.py
[2025-09-08T02:34:26.273+0000] {processor.py:830} INFO - Processing file /opt/airflow/dags/update_car_data_dag.py for tasks to queue
[2025-09-08T02:34:26.275+0000] {logging_mixin.py:188} INFO - [2025-09-08T02:34:26.274+0000] {dagbag.py:538} INFO - Filling up the DagBag from /opt/airflow/dags/update_car_data_dag.py
[2025-09-08T02:34:26.295+0000] {processor.py:840} INFO - DAG(s) 'update_car_data' retrieved from /opt/airflow/dags/update_car_data_dag.py
[2025-09-08T02:34:26.323+0000] {logging_mixin.py:188} INFO - [2025-09-08T02:34:26.322+0000] {dag.py:3036} INFO - Sync 1 DAGs
[2025-09-08T02:34:26.340+0000] {logging_mixin.py:188} INFO - [2025-09-08T02:34:26.340+0000] {dag.py:3823} INFO - Setting next_dagrun for update_car_data to 2025-09-06 15:00:00+00:00, run_after=2025-09-07 15:00:00+00:00
[2025-09-08T02:34:26.348+0000] {processor.py:183} INFO - Processing /opt/airflow/dags/update_car_data_dag.py took 0.084 seconds
[2025-09-08T02:34:56.598+0000] {processor.py:161} INFO - Started process (PID=1018) to work on /opt/airflow/dags/update_car_data_dag.py
[2025-09-08T02:34:56.598+0000] {processor.py:830} INFO - Processing file /opt/airflow/dags/update_car_data_dag.py for tasks to queue
[2025-09-08T02:34:56.599+0000] {logging_mixin.py:188} INFO - [2025-09-08T02:34:56.599+0000] {dagbag.py:538} INFO - Filling up the DagBag from /opt/airflow/dags/update_car_data_dag.py
[2025-09-08T02:34:56.614+0000] {processor.py:840} INFO - DAG(s) 'update_car_data' retrieved from /opt/airflow/dags/update_car_data_dag.py
[2025-09-08T02:34:56.633+0000] {logging_mixin.py:188} INFO - [2025-09-08T02:34:56.633+0000] {dag.py:3036} INFO - Sync 1 DAGs
[2025-09-08T02:34:56.645+0000] {logging_mixin.py:188} INFO - [2025-09-08T02:34:56.645+0000] {dag.py:3823} INFO - Setting next_dagrun for update_car_data to 2025-09-06 15:00:00+00:00, run_after=2025-09-07 15:00:00+00:00
[2025-09-08T02:34:56.652+0000] {processor.py:183} INFO - Processing /opt/airflow/dags/update_car_data_dag.py took 0.057 seconds
[2025-09-08T02:35:26.942+0000] {processor.py:161} INFO - Started process (PID=1023) to work on /opt/airflow/dags/update_car_data_dag.py
[2025-09-08T02:35:26.944+0000] {processor.py:830} INFO - Processing file /opt/airflow/dags/update_car_data_dag.py for tasks to queue
[2025-09-08T02:35:26.945+0000] {logging_mixin.py:188} INFO - [2025-09-08T02:35:26.944+0000] {dagbag.py:538} INFO - Filling up the DagBag from /opt/airflow/dags/update_car_data_dag.py
[2025-09-08T02:35:26.956+0000] {processor.py:840} INFO - DAG(s) 'update_car_data' retrieved from /opt/airflow/dags/update_car_data_dag.py
[2025-09-08T02:35:26.976+0000] {logging_mixin.py:188} INFO - [2025-09-08T02:35:26.976+0000] {dag.py:3036} INFO - Sync 1 DAGs
[2025-09-08T02:35:26.989+0000] {logging_mixin.py:188} INFO - [2025-09-08T02:35:26.988+0000] {dag.py:3823} INFO - Setting next_dagrun for update_car_data to 2025-09-06 15:00:00+00:00, run_after=2025-09-07 15:00:00+00:00
[2025-09-08T02:35:26.996+0000] {processor.py:183} INFO - Processing /opt/airflow/dags/update_car_data_dag.py took 0.058 seconds
[2025-09-08T02:35:57.293+0000] {processor.py:161} INFO - Started process (PID=1028) to work on /opt/airflow/dags/update_car_data_dag.py
[2025-09-08T02:35:57.295+0000] {processor.py:830} INFO - Processing file /opt/airflow/dags/update_car_data_dag.py for tasks to queue
[2025-09-08T02:35:57.296+0000] {logging_mixin.py:188} INFO - [2025-09-08T02:35:57.295+0000] {dagbag.py:538} INFO - Filling up the DagBag from /opt/airflow/dags/update_car_data_dag.py
[2025-09-08T02:35:57.318+0000] {processor.py:840} INFO - DAG(s) 'update_car_data' retrieved from /opt/airflow/dags/update_car_data_dag.py
[2025-09-08T02:35:57.355+0000] {logging_mixin.py:188} INFO - [2025-09-08T02:35:57.355+0000] {dag.py:3036} INFO - Sync 1 DAGs
[2025-09-08T02:35:57.372+0000] {logging_mixin.py:188} INFO - [2025-09-08T02:35:57.372+0000] {dag.py:3823} INFO - Setting next_dagrun for update_car_data to 2025-09-06 15:00:00+00:00, run_after=2025-09-07 15:00:00+00:00
[2025-09-08T02:35:57.381+0000] {processor.py:183} INFO - Processing /opt/airflow/dags/update_car_data_dag.py took 0.097 seconds
[2025-09-08T02:36:27.637+0000] {processor.py:161} INFO - Started process (PID=1033) to work on /opt/airflow/dags/update_car_data_dag.py
[2025-09-08T02:36:27.639+0000] {processor.py:830} INFO - Processing file /opt/airflow/dags/update_car_data_dag.py for tasks to queue
[2025-09-08T02:36:27.640+0000] {logging_mixin.py:188} INFO - [2025-09-08T02:36:27.640+0000] {dagbag.py:538} INFO - Filling up the DagBag from /opt/airflow/dags/update_car_data_dag.py
[2025-09-08T02:36:27.653+0000] {processor.py:840} INFO - DAG(s) 'update_car_data' retrieved from /opt/airflow/dags/update_car_data_dag.py
[2025-09-08T02:36:27.678+0000] {logging_mixin.py:188} INFO - [2025-09-08T02:36:27.678+0000] {dag.py:3036} INFO - Sync 1 DAGs
[2025-09-08T02:36:27.711+0000] {logging_mixin.py:188} INFO - [2025-09-08T02:36:27.710+0000] {dag.py:3823} INFO - Setting next_dagrun for update_car_data to 2025-09-06 15:00:00+00:00, run_after=2025-09-07 15:00:00+00:00
[2025-09-08T02:36:27.733+0000] {processor.py:183} INFO - Processing /opt/airflow/dags/update_car_data_dag.py took 0.101 seconds
[2025-09-08T02:36:58.129+0000] {processor.py:161} INFO - Started process (PID=1038) to work on /opt/airflow/dags/update_car_data_dag.py
[2025-09-08T02:36:58.130+0000] {processor.py:830} INFO - Processing file /opt/airflow/dags/update_car_data_dag.py for tasks to queue
[2025-09-08T02:36:58.132+0000] {logging_mixin.py:188} INFO - [2025-09-08T02:36:58.131+0000] {dagbag.py:538} INFO - Filling up the DagBag from /opt/airflow/dags/update_car_data_dag.py
[2025-09-08T02:36:58.152+0000] {processor.py:840} INFO - DAG(s) 'update_car_data' retrieved from /opt/airflow/dags/update_car_data_dag.py
[2025-09-08T02:36:58.187+0000] {logging_mixin.py:188} INFO - [2025-09-08T02:36:58.187+0000] {dag.py:3036} INFO - Sync 1 DAGs
[2025-09-08T02:36:58.203+0000] {logging_mixin.py:188} INFO - [2025-09-08T02:36:58.203+0000] {dag.py:3823} INFO - Setting next_dagrun for update_car_data to 2025-09-06 15:00:00+00:00, run_after=2025-09-07 15:00:00+00:00
[2025-09-08T02:36:58.213+0000] {processor.py:183} INFO - Processing /opt/airflow/dags/update_car_data_dag.py took 0.093 seconds
[2025-09-08T02:37:28.487+0000] {processor.py:161} INFO - Started process (PID=1043) to work on /opt/airflow/dags/update_car_data_dag.py
[2025-09-08T02:37:28.489+0000] {processor.py:830} INFO - Processing file /opt/airflow/dags/update_car_data_dag.py for tasks to queue
[2025-09-08T02:37:28.490+0000] {logging_mixin.py:188} INFO - [2025-09-08T02:37:28.490+0000] {dagbag.py:538} INFO - Filling up the DagBag from /opt/airflow/dags/update_car_data_dag.py
[2025-09-08T02:37:28.508+0000] {processor.py:840} INFO - DAG(s) 'update_car_data' retrieved from /opt/airflow/dags/update_car_data_dag.py
[2025-09-08T02:37:28.537+0000] {logging_mixin.py:188} INFO - [2025-09-08T02:37:28.537+0000] {dag.py:3036} INFO - Sync 1 DAGs
[2025-09-08T02:37:28.551+0000] {logging_mixin.py:188} INFO - [2025-09-08T02:37:28.551+0000] {dag.py:3823} INFO - Setting next_dagrun for update_car_data to 2025-09-06 15:00:00+00:00, run_after=2025-09-07 15:00:00+00:00
[2025-09-08T02:37:28.559+0000] {processor.py:183} INFO - Processing /opt/airflow/dags/update_car_data_dag.py took 0.082 seconds
[2025-09-08T02:37:58.860+0000] {processor.py:161} INFO - Started process (PID=1048) to work on /opt/airflow/dags/update_car_data_dag.py
[2025-09-08T02:37:58.861+0000] {processor.py:830} INFO - Processing file /opt/airflow/dags/update_car_data_dag.py for tasks to queue
[2025-09-08T02:37:58.862+0000] {logging_mixin.py:188} INFO - [2025-09-08T02:37:58.862+0000] {dagbag.py:538} INFO - Filling up the DagBag from /opt/airflow/dags/update_car_data_dag.py
[2025-09-08T02:37:58.884+0000] {processor.py:840} INFO - DAG(s) 'update_car_data' retrieved from /opt/airflow/dags/update_car_data_dag.py
[2025-09-08T02:37:58.919+0000] {logging_mixin.py:188} INFO - [2025-09-08T02:37:58.919+0000] {dag.py:3036} INFO - Sync 1 DAGs
[2025-09-08T02:37:58.934+0000] {logging_mixin.py:188} INFO - [2025-09-08T02:37:58.934+0000] {dag.py:3823} INFO - Setting next_dagrun for update_car_data to 2025-09-06 15:00:00+00:00, run_after=2025-09-07 15:00:00+00:00
[2025-09-08T02:37:58.943+0000] {processor.py:183} INFO - Processing /opt/airflow/dags/update_car_data_dag.py took 0.089 seconds
[2025-09-08T02:38:29.193+0000] {processor.py:161} INFO - Started process (PID=1053) to work on /opt/airflow/dags/update_car_data_dag.py
[2025-09-08T02:38:29.199+0000] {processor.py:830} INFO - Processing file /opt/airflow/dags/update_car_data_dag.py for tasks to queue
[2025-09-08T02:38:29.202+0000] {logging_mixin.py:188} INFO - [2025-09-08T02:38:29.202+0000] {dagbag.py:538} INFO - Filling up the DagBag from /opt/airflow/dags/update_car_data_dag.py
[2025-09-08T02:38:29.219+0000] {processor.py:840} INFO - DAG(s) 'update_car_data' retrieved from /opt/airflow/dags/update_car_data_dag.py
[2025-09-08T02:38:29.249+0000] {logging_mixin.py:188} INFO - [2025-09-08T02:38:29.249+0000] {dag.py:3036} INFO - Sync 1 DAGs
[2025-09-08T02:38:29.264+0000] {logging_mixin.py:188} INFO - [2025-09-08T02:38:29.264+0000] {dag.py:3823} INFO - Setting next_dagrun for update_car_data to 2025-09-06 15:00:00+00:00, run_after=2025-09-07 15:00:00+00:00
[2025-09-08T02:38:29.273+0000] {processor.py:183} INFO - Processing /opt/airflow/dags/update_car_data_dag.py took 0.088 seconds
[2025-09-08T02:38:59.551+0000] {processor.py:161} INFO - Started process (PID=1058) to work on /opt/airflow/dags/update_car_data_dag.py
[2025-09-08T02:38:59.553+0000] {processor.py:830} INFO - Processing file /opt/airflow/dags/update_car_data_dag.py for tasks to queue
[2025-09-08T02:38:59.554+0000] {logging_mixin.py:188} INFO - [2025-09-08T02:38:59.554+0000] {dagbag.py:538} INFO - Filling up the DagBag from /opt/airflow/dags/update_car_data_dag.py
[2025-09-08T02:38:59.579+0000] {processor.py:840} INFO - DAG(s) 'update_car_data' retrieved from /opt/airflow/dags/update_car_data_dag.py
[2025-09-08T02:38:59.606+0000] {logging_mixin.py:188} INFO - [2025-09-08T02:38:59.606+0000] {dag.py:3036} INFO - Sync 1 DAGs
[2025-09-08T02:38:59.625+0000] {logging_mixin.py:188} INFO - [2025-09-08T02:38:59.625+0000] {dag.py:3823} INFO - Setting next_dagrun for update_car_data to 2025-09-06 15:00:00+00:00, run_after=2025-09-07 15:00:00+00:00
[2025-09-08T02:38:59.634+0000] {processor.py:183} INFO - Processing /opt/airflow/dags/update_car_data_dag.py took 0.090 seconds
[2025-09-08T02:39:29.903+0000] {processor.py:161} INFO - Started process (PID=1063) to work on /opt/airflow/dags/update_car_data_dag.py
[2025-09-08T02:39:29.905+0000] {processor.py:830} INFO - Processing file /opt/airflow/dags/update_car_data_dag.py for tasks to queue
[2025-09-08T02:39:29.906+0000] {logging_mixin.py:188} INFO - [2025-09-08T02:39:29.906+0000] {dagbag.py:538} INFO - Filling up the DagBag from /opt/airflow/dags/update_car_data_dag.py
[2025-09-08T02:39:29.926+0000] {processor.py:840} INFO - DAG(s) 'update_car_data' retrieved from /opt/airflow/dags/update_car_data_dag.py
[2025-09-08T02:39:29.954+0000] {logging_mixin.py:188} INFO - [2025-09-08T02:39:29.954+0000] {dag.py:3036} INFO - Sync 1 DAGs
[2025-09-08T02:39:29.968+0000] {logging_mixin.py:188} INFO - [2025-09-08T02:39:29.968+0000] {dag.py:3823} INFO - Setting next_dagrun for update_car_data to 2025-09-06 15:00:00+00:00, run_after=2025-09-07 15:00:00+00:00
[2025-09-08T02:39:29.977+0000] {processor.py:183} INFO - Processing /opt/airflow/dags/update_car_data_dag.py took 0.080 seconds
[2025-09-08T02:40:00.264+0000] {processor.py:161} INFO - Started process (PID=1068) to work on /opt/airflow/dags/update_car_data_dag.py
[2025-09-08T02:40:00.266+0000] {processor.py:830} INFO - Processing file /opt/airflow/dags/update_car_data_dag.py for tasks to queue
[2025-09-08T02:40:00.267+0000] {logging_mixin.py:188} INFO - [2025-09-08T02:40:00.266+0000] {dagbag.py:538} INFO - Filling up the DagBag from /opt/airflow/dags/update_car_data_dag.py
[2025-09-08T02:40:00.286+0000] {processor.py:840} INFO - DAG(s) 'update_car_data' retrieved from /opt/airflow/dags/update_car_data_dag.py
[2025-09-08T02:40:00.319+0000] {logging_mixin.py:188} INFO - [2025-09-08T02:40:00.319+0000] {dag.py:3036} INFO - Sync 1 DAGs
[2025-09-08T02:40:00.338+0000] {logging_mixin.py:188} INFO - [2025-09-08T02:40:00.338+0000] {dag.py:3823} INFO - Setting next_dagrun for update_car_data to 2025-09-06 15:00:00+00:00, run_after=2025-09-07 15:00:00+00:00
[2025-09-08T02:40:00.348+0000] {processor.py:183} INFO - Processing /opt/airflow/dags/update_car_data_dag.py took 0.089 seconds
[2025-09-08T02:40:30.605+0000] {processor.py:161} INFO - Started process (PID=1073) to work on /opt/airflow/dags/update_car_data_dag.py
[2025-09-08T02:40:30.607+0000] {processor.py:830} INFO - Processing file /opt/airflow/dags/update_car_data_dag.py for tasks to queue
[2025-09-08T02:40:30.608+0000] {logging_mixin.py:188} INFO - [2025-09-08T02:40:30.608+0000] {dagbag.py:538} INFO - Filling up the DagBag from /opt/airflow/dags/update_car_data_dag.py
[2025-09-08T02:40:30.633+0000] {processor.py:840} INFO - DAG(s) 'update_car_data' retrieved from /opt/airflow/dags/update_car_data_dag.py
[2025-09-08T02:40:30.663+0000] {logging_mixin.py:188} INFO - [2025-09-08T02:40:30.663+0000] {dag.py:3036} INFO - Sync 1 DAGs
[2025-09-08T02:40:30.681+0000] {logging_mixin.py:188} INFO - [2025-09-08T02:40:30.681+0000] {dag.py:3823} INFO - Setting next_dagrun for update_car_data to 2025-09-06 15:00:00+00:00, run_after=2025-09-07 15:00:00+00:00
[2025-09-08T02:40:30.689+0000] {processor.py:183} INFO - Processing /opt/airflow/dags/update_car_data_dag.py took 0.093 seconds
[2025-09-08T02:41:01.042+0000] {processor.py:161} INFO - Started process (PID=1078) to work on /opt/airflow/dags/update_car_data_dag.py
[2025-09-08T02:41:01.043+0000] {processor.py:830} INFO - Processing file /opt/airflow/dags/update_car_data_dag.py for tasks to queue
[2025-09-08T02:41:01.045+0000] {logging_mixin.py:188} INFO - [2025-09-08T02:41:01.044+0000] {dagbag.py:538} INFO - Filling up the DagBag from /opt/airflow/dags/update_car_data_dag.py
[2025-09-08T02:41:01.067+0000] {processor.py:840} INFO - DAG(s) 'update_car_data' retrieved from /opt/airflow/dags/update_car_data_dag.py
[2025-09-08T02:41:01.092+0000] {logging_mixin.py:188} INFO - [2025-09-08T02:41:01.092+0000] {dag.py:3036} INFO - Sync 1 DAGs
[2025-09-08T02:41:01.107+0000] {logging_mixin.py:188} INFO - [2025-09-08T02:41:01.107+0000] {dag.py:3823} INFO - Setting next_dagrun for update_car_data to 2025-09-06 15:00:00+00:00, run_after=2025-09-07 15:00:00+00:00
[2025-09-08T02:41:01.116+0000] {processor.py:183} INFO - Processing /opt/airflow/dags/update_car_data_dag.py took 0.078 seconds
[2025-09-08T02:41:31.384+0000] {processor.py:161} INFO - Started process (PID=1083) to work on /opt/airflow/dags/update_car_data_dag.py
[2025-09-08T02:41:31.386+0000] {processor.py:830} INFO - Processing file /opt/airflow/dags/update_car_data_dag.py for tasks to queue
[2025-09-08T02:41:31.388+0000] {logging_mixin.py:188} INFO - [2025-09-08T02:41:31.388+0000] {dagbag.py:538} INFO - Filling up the DagBag from /opt/airflow/dags/update_car_data_dag.py
[2025-09-08T02:41:31.412+0000] {processor.py:840} INFO - DAG(s) 'update_car_data' retrieved from /opt/airflow/dags/update_car_data_dag.py
[2025-09-08T02:41:31.438+0000] {logging_mixin.py:188} INFO - [2025-09-08T02:41:31.438+0000] {dag.py:3036} INFO - Sync 1 DAGs
[2025-09-08T02:41:31.456+0000] {logging_mixin.py:188} INFO - [2025-09-08T02:41:31.456+0000] {dag.py:3823} INFO - Setting next_dagrun for update_car_data to 2025-09-06 15:00:00+00:00, run_after=2025-09-07 15:00:00+00:00
[2025-09-08T02:41:31.465+0000] {processor.py:183} INFO - Processing /opt/airflow/dags/update_car_data_dag.py took 0.088 seconds
[2025-09-08T02:42:01.732+0000] {processor.py:161} INFO - Started process (PID=1088) to work on /opt/airflow/dags/update_car_data_dag.py
[2025-09-08T02:42:01.733+0000] {processor.py:830} INFO - Processing file /opt/airflow/dags/update_car_data_dag.py for tasks to queue
[2025-09-08T02:42:01.734+0000] {logging_mixin.py:188} INFO - [2025-09-08T02:42:01.733+0000] {dagbag.py:538} INFO - Filling up the DagBag from /opt/airflow/dags/update_car_data_dag.py
[2025-09-08T02:42:01.760+0000] {processor.py:840} INFO - DAG(s) 'update_car_data' retrieved from /opt/airflow/dags/update_car_data_dag.py
[2025-09-08T02:42:01.797+0000] {logging_mixin.py:188} INFO - [2025-09-08T02:42:01.797+0000] {dag.py:3036} INFO - Sync 1 DAGs
[2025-09-08T02:42:01.813+0000] {logging_mixin.py:188} INFO - [2025-09-08T02:42:01.813+0000] {dag.py:3823} INFO - Setting next_dagrun for update_car_data to 2025-09-06 15:00:00+00:00, run_after=2025-09-07 15:00:00+00:00
[2025-09-08T02:42:01.822+0000] {processor.py:183} INFO - Processing /opt/airflow/dags/update_car_data_dag.py took 0.097 seconds
[2025-09-08T02:42:32.098+0000] {processor.py:161} INFO - Started process (PID=1093) to work on /opt/airflow/dags/update_car_data_dag.py
[2025-09-08T02:42:32.099+0000] {processor.py:830} INFO - Processing file /opt/airflow/dags/update_car_data_dag.py for tasks to queue
[2025-09-08T02:42:32.100+0000] {logging_mixin.py:188} INFO - [2025-09-08T02:42:32.100+0000] {dagbag.py:538} INFO - Filling up the DagBag from /opt/airflow/dags/update_car_data_dag.py
[2025-09-08T02:42:32.127+0000] {processor.py:840} INFO - DAG(s) 'update_car_data' retrieved from /opt/airflow/dags/update_car_data_dag.py
[2025-09-08T02:42:32.180+0000] {logging_mixin.py:188} INFO - [2025-09-08T02:42:32.180+0000] {dag.py:3036} INFO - Sync 1 DAGs
[2025-09-08T02:42:32.207+0000] {logging_mixin.py:188} INFO - [2025-09-08T02:42:32.207+0000] {dag.py:3823} INFO - Setting next_dagrun for update_car_data to 2025-09-06 15:00:00+00:00, run_after=2025-09-07 15:00:00+00:00
[2025-09-08T02:42:32.217+0000] {processor.py:183} INFO - Processing /opt/airflow/dags/update_car_data_dag.py took 0.126 seconds
[2025-09-08T02:43:02.437+0000] {processor.py:161} INFO - Started process (PID=1098) to work on /opt/airflow/dags/update_car_data_dag.py
[2025-09-08T02:43:02.439+0000] {processor.py:830} INFO - Processing file /opt/airflow/dags/update_car_data_dag.py for tasks to queue
[2025-09-08T02:43:02.440+0000] {logging_mixin.py:188} INFO - [2025-09-08T02:43:02.439+0000] {dagbag.py:538} INFO - Filling up the DagBag from /opt/airflow/dags/update_car_data_dag.py
[2025-09-08T02:43:02.467+0000] {processor.py:840} INFO - DAG(s) 'update_car_data' retrieved from /opt/airflow/dags/update_car_data_dag.py
[2025-09-08T02:43:02.505+0000] {logging_mixin.py:188} INFO - [2025-09-08T02:43:02.504+0000] {dag.py:3036} INFO - Sync 1 DAGs
[2025-09-08T02:43:02.526+0000] {logging_mixin.py:188} INFO - [2025-09-08T02:43:02.526+0000] {dag.py:3823} INFO - Setting next_dagrun for update_car_data to 2025-09-06 15:00:00+00:00, run_after=2025-09-07 15:00:00+00:00
[2025-09-08T02:43:02.536+0000] {processor.py:183} INFO - Processing /opt/airflow/dags/update_car_data_dag.py took 0.108 seconds
[2025-09-08T02:43:32.715+0000] {processor.py:161} INFO - Started process (PID=1103) to work on /opt/airflow/dags/update_car_data_dag.py
[2025-09-08T02:43:32.717+0000] {processor.py:830} INFO - Processing file /opt/airflow/dags/update_car_data_dag.py for tasks to queue
[2025-09-08T02:43:32.718+0000] {logging_mixin.py:188} INFO - [2025-09-08T02:43:32.717+0000] {dagbag.py:538} INFO - Filling up the DagBag from /opt/airflow/dags/update_car_data_dag.py
[2025-09-08T02:43:32.732+0000] {processor.py:840} INFO - DAG(s) 'update_car_data' retrieved from /opt/airflow/dags/update_car_data_dag.py
[2025-09-08T02:43:32.760+0000] {logging_mixin.py:188} INFO - [2025-09-08T02:43:32.760+0000] {dag.py:3036} INFO - Sync 1 DAGs
[2025-09-08T02:43:32.777+0000] {logging_mixin.py:188} INFO - [2025-09-08T02:43:32.777+0000] {dag.py:3823} INFO - Setting next_dagrun for update_car_data to 2025-09-06 15:00:00+00:00, run_after=2025-09-07 15:00:00+00:00
[2025-09-08T02:43:32.786+0000] {processor.py:183} INFO - Processing /opt/airflow/dags/update_car_data_dag.py took 0.079 seconds
[2025-09-08T02:44:03.105+0000] {processor.py:161} INFO - Started process (PID=1108) to work on /opt/airflow/dags/update_car_data_dag.py
[2025-09-08T02:44:03.108+0000] {processor.py:830} INFO - Processing file /opt/airflow/dags/update_car_data_dag.py for tasks to queue
[2025-09-08T02:44:03.109+0000] {logging_mixin.py:188} INFO - [2025-09-08T02:44:03.108+0000] {dagbag.py:538} INFO - Filling up the DagBag from /opt/airflow/dags/update_car_data_dag.py
[2025-09-08T02:44:03.130+0000] {processor.py:840} INFO - DAG(s) 'update_car_data' retrieved from /opt/airflow/dags/update_car_data_dag.py
[2025-09-08T02:44:03.159+0000] {logging_mixin.py:188} INFO - [2025-09-08T02:44:03.159+0000] {dag.py:3036} INFO - Sync 1 DAGs
[2025-09-08T02:44:03.176+0000] {logging_mixin.py:188} INFO - [2025-09-08T02:44:03.176+0000] {dag.py:3823} INFO - Setting next_dagrun for update_car_data to 2025-09-06 15:00:00+00:00, run_after=2025-09-07 15:00:00+00:00
[2025-09-08T02:44:03.184+0000] {processor.py:183} INFO - Processing /opt/airflow/dags/update_car_data_dag.py took 0.086 seconds
[2025-09-08T02:44:33.413+0000] {processor.py:161} INFO - Started process (PID=1113) to work on /opt/airflow/dags/update_car_data_dag.py
[2025-09-08T02:44:33.415+0000] {processor.py:830} INFO - Processing file /opt/airflow/dags/update_car_data_dag.py for tasks to queue
[2025-09-08T02:44:33.417+0000] {logging_mixin.py:188} INFO - [2025-09-08T02:44:33.416+0000] {dagbag.py:538} INFO - Filling up the DagBag from /opt/airflow/dags/update_car_data_dag.py
[2025-09-08T02:44:33.440+0000] {processor.py:840} INFO - DAG(s) 'update_car_data' retrieved from /opt/airflow/dags/update_car_data_dag.py
[2025-09-08T02:44:33.472+0000] {logging_mixin.py:188} INFO - [2025-09-08T02:44:33.472+0000] {dag.py:3036} INFO - Sync 1 DAGs
[2025-09-08T02:44:33.492+0000] {logging_mixin.py:188} INFO - [2025-09-08T02:44:33.491+0000] {dag.py:3823} INFO - Setting next_dagrun for update_car_data to 2025-09-06 15:00:00+00:00, run_after=2025-09-07 15:00:00+00:00
[2025-09-08T02:44:33.502+0000] {processor.py:183} INFO - Processing /opt/airflow/dags/update_car_data_dag.py took 0.093 seconds
[2025-09-08T02:45:03.749+0000] {processor.py:161} INFO - Started process (PID=1118) to work on /opt/airflow/dags/update_car_data_dag.py
[2025-09-08T02:45:03.750+0000] {processor.py:830} INFO - Processing file /opt/airflow/dags/update_car_data_dag.py for tasks to queue
[2025-09-08T02:45:03.751+0000] {logging_mixin.py:188} INFO - [2025-09-08T02:45:03.751+0000] {dagbag.py:538} INFO - Filling up the DagBag from /opt/airflow/dags/update_car_data_dag.py
[2025-09-08T02:45:03.772+0000] {processor.py:840} INFO - DAG(s) 'update_car_data' retrieved from /opt/airflow/dags/update_car_data_dag.py
[2025-09-08T02:45:03.802+0000] {logging_mixin.py:188} INFO - [2025-09-08T02:45:03.801+0000] {dag.py:3036} INFO - Sync 1 DAGs
[2025-09-08T02:45:03.817+0000] {logging_mixin.py:188} INFO - [2025-09-08T02:45:03.817+0000] {dag.py:3823} INFO - Setting next_dagrun for update_car_data to 2025-09-06 15:00:00+00:00, run_after=2025-09-07 15:00:00+00:00
[2025-09-08T02:45:03.826+0000] {processor.py:183} INFO - Processing /opt/airflow/dags/update_car_data_dag.py took 0.082 seconds
[2025-09-08T02:45:34.077+0000] {processor.py:161} INFO - Started process (PID=1123) to work on /opt/airflow/dags/update_car_data_dag.py
[2025-09-08T02:45:34.077+0000] {processor.py:830} INFO - Processing file /opt/airflow/dags/update_car_data_dag.py for tasks to queue
[2025-09-08T02:45:34.078+0000] {logging_mixin.py:188} INFO - [2025-09-08T02:45:34.078+0000] {dagbag.py:538} INFO - Filling up the DagBag from /opt/airflow/dags/update_car_data_dag.py
[2025-09-08T02:45:34.090+0000] {processor.py:840} INFO - DAG(s) 'update_car_data' retrieved from /opt/airflow/dags/update_car_data_dag.py
[2025-09-08T02:45:34.111+0000] {logging_mixin.py:188} INFO - [2025-09-08T02:45:34.111+0000] {dag.py:3036} INFO - Sync 1 DAGs
[2025-09-08T02:45:34.125+0000] {logging_mixin.py:188} INFO - [2025-09-08T02:45:34.125+0000] {dag.py:3823} INFO - Setting next_dagrun for update_car_data to 2025-09-06 15:00:00+00:00, run_after=2025-09-07 15:00:00+00:00
[2025-09-08T02:45:34.139+0000] {processor.py:183} INFO - Processing /opt/airflow/dags/update_car_data_dag.py took 0.066 seconds
[2025-09-08T02:46:04.398+0000] {processor.py:161} INFO - Started process (PID=1128) to work on /opt/airflow/dags/update_car_data_dag.py
[2025-09-08T02:46:04.400+0000] {processor.py:830} INFO - Processing file /opt/airflow/dags/update_car_data_dag.py for tasks to queue
[2025-09-08T02:46:04.401+0000] {logging_mixin.py:188} INFO - [2025-09-08T02:46:04.401+0000] {dagbag.py:538} INFO - Filling up the DagBag from /opt/airflow/dags/update_car_data_dag.py
[2025-09-08T02:46:04.419+0000] {processor.py:840} INFO - DAG(s) 'update_car_data' retrieved from /opt/airflow/dags/update_car_data_dag.py
[2025-09-08T02:46:04.446+0000] {logging_mixin.py:188} INFO - [2025-09-08T02:46:04.445+0000] {dag.py:3036} INFO - Sync 1 DAGs
[2025-09-08T02:46:04.460+0000] {logging_mixin.py:188} INFO - [2025-09-08T02:46:04.460+0000] {dag.py:3823} INFO - Setting next_dagrun for update_car_data to 2025-09-06 15:00:00+00:00, run_after=2025-09-07 15:00:00+00:00
[2025-09-08T02:46:04.469+0000] {processor.py:183} INFO - Processing /opt/airflow/dags/update_car_data_dag.py took 0.077 seconds
[2025-09-08T02:46:34.715+0000] {processor.py:161} INFO - Started process (PID=1133) to work on /opt/airflow/dags/update_car_data_dag.py
[2025-09-08T02:46:34.717+0000] {processor.py:830} INFO - Processing file /opt/airflow/dags/update_car_data_dag.py for tasks to queue
[2025-09-08T02:46:34.718+0000] {logging_mixin.py:188} INFO - [2025-09-08T02:46:34.718+0000] {dagbag.py:538} INFO - Filling up the DagBag from /opt/airflow/dags/update_car_data_dag.py
[2025-09-08T02:46:34.729+0000] {processor.py:840} INFO - DAG(s) 'update_car_data' retrieved from /opt/airflow/dags/update_car_data_dag.py
[2025-09-08T02:46:34.750+0000] {logging_mixin.py:188} INFO - [2025-09-08T02:46:34.750+0000] {dag.py:3036} INFO - Sync 1 DAGs
[2025-09-08T02:46:34.762+0000] {logging_mixin.py:188} INFO - [2025-09-08T02:46:34.762+0000] {dag.py:3823} INFO - Setting next_dagrun for update_car_data to 2025-09-06 15:00:00+00:00, run_after=2025-09-07 15:00:00+00:00
[2025-09-08T02:46:34.769+0000] {processor.py:183} INFO - Processing /opt/airflow/dags/update_car_data_dag.py took 0.058 seconds
[2025-09-08T02:47:05.079+0000] {processor.py:161} INFO - Started process (PID=1138) to work on /opt/airflow/dags/update_car_data_dag.py
[2025-09-08T02:47:05.082+0000] {processor.py:830} INFO - Processing file /opt/airflow/dags/update_car_data_dag.py for tasks to queue
[2025-09-08T02:47:05.083+0000] {logging_mixin.py:188} INFO - [2025-09-08T02:47:05.082+0000] {dagbag.py:538} INFO - Filling up the DagBag from /opt/airflow/dags/update_car_data_dag.py
[2025-09-08T02:47:05.110+0000] {processor.py:840} INFO - DAG(s) 'update_car_data' retrieved from /opt/airflow/dags/update_car_data_dag.py
[2025-09-08T02:47:05.138+0000] {logging_mixin.py:188} INFO - [2025-09-08T02:47:05.138+0000] {dag.py:3036} INFO - Sync 1 DAGs
[2025-09-08T02:47:05.157+0000] {logging_mixin.py:188} INFO - [2025-09-08T02:47:05.157+0000] {dag.py:3823} INFO - Setting next_dagrun for update_car_data to 2025-09-06 15:00:00+00:00, run_after=2025-09-07 15:00:00+00:00
[2025-09-08T02:47:05.168+0000] {processor.py:183} INFO - Processing /opt/airflow/dags/update_car_data_dag.py took 0.097 seconds
[2025-09-08T02:47:35.395+0000] {processor.py:161} INFO - Started process (PID=1143) to work on /opt/airflow/dags/update_car_data_dag.py
[2025-09-08T02:47:35.398+0000] {processor.py:830} INFO - Processing file /opt/airflow/dags/update_car_data_dag.py for tasks to queue
[2025-09-08T02:47:35.399+0000] {logging_mixin.py:188} INFO - [2025-09-08T02:47:35.399+0000] {dagbag.py:538} INFO - Filling up the DagBag from /opt/airflow/dags/update_car_data_dag.py
[2025-09-08T02:47:35.427+0000] {processor.py:840} INFO - DAG(s) 'update_car_data' retrieved from /opt/airflow/dags/update_car_data_dag.py
[2025-09-08T02:47:35.452+0000] {logging_mixin.py:188} INFO - [2025-09-08T02:47:35.452+0000] {dag.py:3036} INFO - Sync 1 DAGs
[2025-09-08T02:47:35.465+0000] {logging_mixin.py:188} INFO - [2025-09-08T02:47:35.465+0000] {dag.py:3823} INFO - Setting next_dagrun for update_car_data to 2025-09-06 15:00:00+00:00, run_after=2025-09-07 15:00:00+00:00
[2025-09-08T02:47:35.474+0000] {processor.py:183} INFO - Processing /opt/airflow/dags/update_car_data_dag.py took 0.086 seconds
[2025-09-08T02:48:05.778+0000] {processor.py:161} INFO - Started process (PID=1148) to work on /opt/airflow/dags/update_car_data_dag.py
[2025-09-08T02:48:05.779+0000] {processor.py:830} INFO - Processing file /opt/airflow/dags/update_car_data_dag.py for tasks to queue
[2025-09-08T02:48:05.780+0000] {logging_mixin.py:188} INFO - [2025-09-08T02:48:05.780+0000] {dagbag.py:538} INFO - Filling up the DagBag from /opt/airflow/dags/update_car_data_dag.py
[2025-09-08T02:48:05.809+0000] {processor.py:840} INFO - DAG(s) 'update_car_data' retrieved from /opt/airflow/dags/update_car_data_dag.py
[2025-09-08T02:48:05.848+0000] {logging_mixin.py:188} INFO - [2025-09-08T02:48:05.848+0000] {dag.py:3036} INFO - Sync 1 DAGs
[2025-09-08T02:48:05.868+0000] {logging_mixin.py:188} INFO - [2025-09-08T02:48:05.867+0000] {dag.py:3823} INFO - Setting next_dagrun for update_car_data to 2025-09-06 15:00:00+00:00, run_after=2025-09-07 15:00:00+00:00
[2025-09-08T02:48:05.876+0000] {processor.py:183} INFO - Processing /opt/airflow/dags/update_car_data_dag.py took 0.106 seconds
[2025-09-08T02:48:36.123+0000] {processor.py:161} INFO - Started process (PID=1153) to work on /opt/airflow/dags/update_car_data_dag.py
[2025-09-08T02:48:36.124+0000] {processor.py:830} INFO - Processing file /opt/airflow/dags/update_car_data_dag.py for tasks to queue
[2025-09-08T02:48:36.126+0000] {logging_mixin.py:188} INFO - [2025-09-08T02:48:36.125+0000] {dagbag.py:538} INFO - Filling up the DagBag from /opt/airflow/dags/update_car_data_dag.py
[2025-09-08T02:48:36.150+0000] {processor.py:840} INFO - DAG(s) 'update_car_data' retrieved from /opt/airflow/dags/update_car_data_dag.py
[2025-09-08T02:48:36.183+0000] {logging_mixin.py:188} INFO - [2025-09-08T02:48:36.183+0000] {dag.py:3036} INFO - Sync 1 DAGs
[2025-09-08T02:48:36.200+0000] {logging_mixin.py:188} INFO - [2025-09-08T02:48:36.200+0000] {dag.py:3823} INFO - Setting next_dagrun for update_car_data to 2025-09-06 15:00:00+00:00, run_after=2025-09-07 15:00:00+00:00
[2025-09-08T02:48:36.210+0000] {processor.py:183} INFO - Processing /opt/airflow/dags/update_car_data_dag.py took 0.094 seconds
[2025-09-08T02:49:06.513+0000] {processor.py:161} INFO - Started process (PID=1158) to work on /opt/airflow/dags/update_car_data_dag.py
[2025-09-08T02:49:06.519+0000] {processor.py:830} INFO - Processing file /opt/airflow/dags/update_car_data_dag.py for tasks to queue
[2025-09-08T02:49:06.521+0000] {logging_mixin.py:188} INFO - [2025-09-08T02:49:06.520+0000] {dagbag.py:538} INFO - Filling up the DagBag from /opt/airflow/dags/update_car_data_dag.py
[2025-09-08T02:49:06.537+0000] {processor.py:840} INFO - DAG(s) 'update_car_data' retrieved from /opt/airflow/dags/update_car_data_dag.py
[2025-09-08T02:49:06.568+0000] {logging_mixin.py:188} INFO - [2025-09-08T02:49:06.568+0000] {dag.py:3036} INFO - Sync 1 DAGs
[2025-09-08T02:49:06.583+0000] {logging_mixin.py:188} INFO - [2025-09-08T02:49:06.583+0000] {dag.py:3823} INFO - Setting next_dagrun for update_car_data to 2025-09-06 15:00:00+00:00, run_after=2025-09-07 15:00:00+00:00
[2025-09-08T02:49:06.592+0000] {processor.py:183} INFO - Processing /opt/airflow/dags/update_car_data_dag.py took 0.087 seconds
[2025-09-08T02:49:37.026+0000] {processor.py:161} INFO - Started process (PID=1163) to work on /opt/airflow/dags/update_car_data_dag.py
[2025-09-08T02:49:37.028+0000] {processor.py:830} INFO - Processing file /opt/airflow/dags/update_car_data_dag.py for tasks to queue
[2025-09-08T02:49:37.029+0000] {logging_mixin.py:188} INFO - [2025-09-08T02:49:37.028+0000] {dagbag.py:538} INFO - Filling up the DagBag from /opt/airflow/dags/update_car_data_dag.py
[2025-09-08T02:49:37.050+0000] {processor.py:840} INFO - DAG(s) 'update_car_data' retrieved from /opt/airflow/dags/update_car_data_dag.py
[2025-09-08T02:49:37.084+0000] {logging_mixin.py:188} INFO - [2025-09-08T02:49:37.084+0000] {dag.py:3036} INFO - Sync 1 DAGs
[2025-09-08T02:49:37.102+0000] {logging_mixin.py:188} INFO - [2025-09-08T02:49:37.102+0000] {dag.py:3823} INFO - Setting next_dagrun for update_car_data to 2025-09-06 15:00:00+00:00, run_after=2025-09-07 15:00:00+00:00
[2025-09-08T02:49:37.111+0000] {processor.py:183} INFO - Processing /opt/airflow/dags/update_car_data_dag.py took 0.090 seconds
[2025-09-08T02:50:07.484+0000] {processor.py:161} INFO - Started process (PID=1168) to work on /opt/airflow/dags/update_car_data_dag.py
[2025-09-08T02:50:07.487+0000] {processor.py:830} INFO - Processing file /opt/airflow/dags/update_car_data_dag.py for tasks to queue
[2025-09-08T02:50:07.492+0000] {logging_mixin.py:188} INFO - [2025-09-08T02:50:07.489+0000] {dagbag.py:538} INFO - Filling up the DagBag from /opt/airflow/dags/update_car_data_dag.py
[2025-09-08T02:50:07.512+0000] {processor.py:840} INFO - DAG(s) 'update_car_data' retrieved from /opt/airflow/dags/update_car_data_dag.py
[2025-09-08T02:50:07.546+0000] {logging_mixin.py:188} INFO - [2025-09-08T02:50:07.545+0000] {dag.py:3036} INFO - Sync 1 DAGs
[2025-09-08T02:50:07.562+0000] {logging_mixin.py:188} INFO - [2025-09-08T02:50:07.562+0000] {dag.py:3823} INFO - Setting next_dagrun for update_car_data to 2025-09-06 15:00:00+00:00, run_after=2025-09-07 15:00:00+00:00
[2025-09-08T02:50:07.571+0000] {processor.py:183} INFO - Processing /opt/airflow/dags/update_car_data_dag.py took 0.091 seconds
[2025-09-08T02:50:37.906+0000] {processor.py:161} INFO - Started process (PID=1173) to work on /opt/airflow/dags/update_car_data_dag.py
[2025-09-08T02:50:37.908+0000] {processor.py:830} INFO - Processing file /opt/airflow/dags/update_car_data_dag.py for tasks to queue
[2025-09-08T02:50:37.910+0000] {logging_mixin.py:188} INFO - [2025-09-08T02:50:37.909+0000] {dagbag.py:538} INFO - Filling up the DagBag from /opt/airflow/dags/update_car_data_dag.py
[2025-09-08T02:50:37.934+0000] {processor.py:840} INFO - DAG(s) 'update_car_data' retrieved from /opt/airflow/dags/update_car_data_dag.py
[2025-09-08T02:50:37.968+0000] {logging_mixin.py:188} INFO - [2025-09-08T02:50:37.968+0000] {dag.py:3036} INFO - Sync 1 DAGs
[2025-09-08T02:50:37.989+0000] {logging_mixin.py:188} INFO - [2025-09-08T02:50:37.988+0000] {dag.py:3823} INFO - Setting next_dagrun for update_car_data to 2025-09-06 15:00:00+00:00, run_after=2025-09-07 15:00:00+00:00
[2025-09-08T02:50:37.999+0000] {processor.py:183} INFO - Processing /opt/airflow/dags/update_car_data_dag.py took 0.104 seconds
[2025-09-08T02:51:08.269+0000] {processor.py:161} INFO - Started process (PID=1178) to work on /opt/airflow/dags/update_car_data_dag.py
[2025-09-08T02:51:08.270+0000] {processor.py:830} INFO - Processing file /opt/airflow/dags/update_car_data_dag.py for tasks to queue
[2025-09-08T02:51:08.271+0000] {logging_mixin.py:188} INFO - [2025-09-08T02:51:08.271+0000] {dagbag.py:538} INFO - Filling up the DagBag from /opt/airflow/dags/update_car_data_dag.py
[2025-09-08T02:51:08.286+0000] {processor.py:840} INFO - DAG(s) 'update_car_data' retrieved from /opt/airflow/dags/update_car_data_dag.py
[2025-09-08T02:51:08.318+0000] {logging_mixin.py:188} INFO - [2025-09-08T02:51:08.318+0000] {dag.py:3036} INFO - Sync 1 DAGs
[2025-09-08T02:51:08.337+0000] {logging_mixin.py:188} INFO - [2025-09-08T02:51:08.337+0000] {dag.py:3823} INFO - Setting next_dagrun for update_car_data to 2025-09-06 15:00:00+00:00, run_after=2025-09-07 15:00:00+00:00
[2025-09-08T02:51:08.348+0000] {processor.py:183} INFO - Processing /opt/airflow/dags/update_car_data_dag.py took 0.083 seconds
[2025-09-08T02:51:38.607+0000] {processor.py:161} INFO - Started process (PID=1183) to work on /opt/airflow/dags/update_car_data_dag.py
[2025-09-08T02:51:38.609+0000] {processor.py:830} INFO - Processing file /opt/airflow/dags/update_car_data_dag.py for tasks to queue
[2025-09-08T02:51:38.612+0000] {logging_mixin.py:188} INFO - [2025-09-08T02:51:38.611+0000] {dagbag.py:538} INFO - Filling up the DagBag from /opt/airflow/dags/update_car_data_dag.py
[2025-09-08T02:51:38.634+0000] {processor.py:840} INFO - DAG(s) 'update_car_data' retrieved from /opt/airflow/dags/update_car_data_dag.py
[2025-09-08T02:51:38.665+0000] {logging_mixin.py:188} INFO - [2025-09-08T02:51:38.665+0000] {dag.py:3036} INFO - Sync 1 DAGs
[2025-09-08T02:51:38.681+0000] {logging_mixin.py:188} INFO - [2025-09-08T02:51:38.681+0000] {dag.py:3823} INFO - Setting next_dagrun for update_car_data to 2025-09-06 15:00:00+00:00, run_after=2025-09-07 15:00:00+00:00
[2025-09-08T02:51:38.691+0000] {processor.py:183} INFO - Processing /opt/airflow/dags/update_car_data_dag.py took 0.091 seconds
[2025-09-08T02:52:08.966+0000] {processor.py:161} INFO - Started process (PID=1188) to work on /opt/airflow/dags/update_car_data_dag.py
[2025-09-08T02:52:08.968+0000] {processor.py:830} INFO - Processing file /opt/airflow/dags/update_car_data_dag.py for tasks to queue
[2025-09-08T02:52:08.970+0000] {logging_mixin.py:188} INFO - [2025-09-08T02:52:08.969+0000] {dagbag.py:538} INFO - Filling up the DagBag from /opt/airflow/dags/update_car_data_dag.py
[2025-09-08T02:52:08.993+0000] {processor.py:840} INFO - DAG(s) 'update_car_data' retrieved from /opt/airflow/dags/update_car_data_dag.py
[2025-09-08T02:52:09.023+0000] {logging_mixin.py:188} INFO - [2025-09-08T02:52:09.023+0000] {dag.py:3036} INFO - Sync 1 DAGs
[2025-09-08T02:52:09.041+0000] {logging_mixin.py:188} INFO - [2025-09-08T02:52:09.041+0000] {dag.py:3823} INFO - Setting next_dagrun for update_car_data to 2025-09-06 15:00:00+00:00, run_after=2025-09-07 15:00:00+00:00
[2025-09-08T02:52:09.052+0000] {processor.py:183} INFO - Processing /opt/airflow/dags/update_car_data_dag.py took 0.098 seconds
[2025-09-08T02:52:39.378+0000] {processor.py:161} INFO - Started process (PID=1193) to work on /opt/airflow/dags/update_car_data_dag.py
[2025-09-08T02:52:39.382+0000] {processor.py:830} INFO - Processing file /opt/airflow/dags/update_car_data_dag.py for tasks to queue
[2025-09-08T02:52:39.383+0000] {logging_mixin.py:188} INFO - [2025-09-08T02:52:39.383+0000] {dagbag.py:538} INFO - Filling up the DagBag from /opt/airflow/dags/update_car_data_dag.py
[2025-09-08T02:52:39.406+0000] {processor.py:840} INFO - DAG(s) 'update_car_data' retrieved from /opt/airflow/dags/update_car_data_dag.py
[2025-09-08T02:52:39.439+0000] {logging_mixin.py:188} INFO - [2025-09-08T02:52:39.439+0000] {dag.py:3036} INFO - Sync 1 DAGs
[2025-09-08T02:52:39.459+0000] {logging_mixin.py:188} INFO - [2025-09-08T02:52:39.459+0000] {dag.py:3823} INFO - Setting next_dagrun for update_car_data to 2025-09-06 15:00:00+00:00, run_after=2025-09-07 15:00:00+00:00
[2025-09-08T02:52:39.469+0000] {processor.py:183} INFO - Processing /opt/airflow/dags/update_car_data_dag.py took 0.097 seconds
[2025-09-08T02:53:09.741+0000] {processor.py:161} INFO - Started process (PID=1198) to work on /opt/airflow/dags/update_car_data_dag.py
[2025-09-08T02:53:09.744+0000] {processor.py:830} INFO - Processing file /opt/airflow/dags/update_car_data_dag.py for tasks to queue
[2025-09-08T02:53:09.745+0000] {logging_mixin.py:188} INFO - [2025-09-08T02:53:09.744+0000] {dagbag.py:538} INFO - Filling up the DagBag from /opt/airflow/dags/update_car_data_dag.py
[2025-09-08T02:53:09.764+0000] {processor.py:840} INFO - DAG(s) 'update_car_data' retrieved from /opt/airflow/dags/update_car_data_dag.py
[2025-09-08T02:53:09.798+0000] {logging_mixin.py:188} INFO - [2025-09-08T02:53:09.797+0000] {dag.py:3036} INFO - Sync 1 DAGs
[2025-09-08T02:53:09.816+0000] {logging_mixin.py:188} INFO - [2025-09-08T02:53:09.816+0000] {dag.py:3823} INFO - Setting next_dagrun for update_car_data to 2025-09-06 15:00:00+00:00, run_after=2025-09-07 15:00:00+00:00
[2025-09-08T02:53:09.825+0000] {processor.py:183} INFO - Processing /opt/airflow/dags/update_car_data_dag.py took 0.096 seconds
[2025-09-08T02:53:40.171+0000] {processor.py:161} INFO - Started process (PID=1203) to work on /opt/airflow/dags/update_car_data_dag.py
[2025-09-08T02:53:40.173+0000] {processor.py:830} INFO - Processing file /opt/airflow/dags/update_car_data_dag.py for tasks to queue
[2025-09-08T02:53:40.174+0000] {logging_mixin.py:188} INFO - [2025-09-08T02:53:40.174+0000] {dagbag.py:538} INFO - Filling up the DagBag from /opt/airflow/dags/update_car_data_dag.py
[2025-09-08T02:53:40.196+0000] {processor.py:840} INFO - DAG(s) 'update_car_data' retrieved from /opt/airflow/dags/update_car_data_dag.py
[2025-09-08T02:53:40.218+0000] {logging_mixin.py:188} INFO - [2025-09-08T02:53:40.218+0000] {dag.py:3036} INFO - Sync 1 DAGs
[2025-09-08T02:53:40.232+0000] {logging_mixin.py:188} INFO - [2025-09-08T02:53:40.232+0000] {dag.py:3823} INFO - Setting next_dagrun for update_car_data to 2025-09-06 15:00:00+00:00, run_after=2025-09-07 15:00:00+00:00
[2025-09-08T02:53:40.240+0000] {processor.py:183} INFO - Processing /opt/airflow/dags/update_car_data_dag.py took 0.076 seconds
[2025-09-08T02:54:10.542+0000] {processor.py:161} INFO - Started process (PID=1208) to work on /opt/airflow/dags/update_car_data_dag.py
[2025-09-08T02:54:10.544+0000] {processor.py:830} INFO - Processing file /opt/airflow/dags/update_car_data_dag.py for tasks to queue
[2025-09-08T02:54:10.545+0000] {logging_mixin.py:188} INFO - [2025-09-08T02:54:10.544+0000] {dagbag.py:538} INFO - Filling up the DagBag from /opt/airflow/dags/update_car_data_dag.py
[2025-09-08T02:54:10.564+0000] {processor.py:840} INFO - DAG(s) 'update_car_data' retrieved from /opt/airflow/dags/update_car_data_dag.py
[2025-09-08T02:54:10.594+0000] {logging_mixin.py:188} INFO - [2025-09-08T02:54:10.594+0000] {dag.py:3036} INFO - Sync 1 DAGs
[2025-09-08T02:54:10.610+0000] {logging_mixin.py:188} INFO - [2025-09-08T02:54:10.610+0000] {dag.py:3823} INFO - Setting next_dagrun for update_car_data to 2025-09-06 15:00:00+00:00, run_after=2025-09-07 15:00:00+00:00
[2025-09-08T02:54:10.619+0000] {processor.py:183} INFO - Processing /opt/airflow/dags/update_car_data_dag.py took 0.084 seconds
[2025-09-08T02:54:40.830+0000] {processor.py:161} INFO - Started process (PID=1213) to work on /opt/airflow/dags/update_car_data_dag.py
[2025-09-08T02:54:40.834+0000] {processor.py:830} INFO - Processing file /opt/airflow/dags/update_car_data_dag.py for tasks to queue
[2025-09-08T02:54:40.835+0000] {logging_mixin.py:188} INFO - [2025-09-08T02:54:40.834+0000] {dagbag.py:538} INFO - Filling up the DagBag from /opt/airflow/dags/update_car_data_dag.py
[2025-09-08T02:54:40.858+0000] {processor.py:840} INFO - DAG(s) 'update_car_data' retrieved from /opt/airflow/dags/update_car_data_dag.py
[2025-09-08T02:54:40.891+0000] {logging_mixin.py:188} INFO - [2025-09-08T02:54:40.890+0000] {dag.py:3036} INFO - Sync 1 DAGs
[2025-09-08T02:54:40.906+0000] {logging_mixin.py:188} INFO - [2025-09-08T02:54:40.906+0000] {dag.py:3823} INFO - Setting next_dagrun for update_car_data to 2025-09-06 15:00:00+00:00, run_after=2025-09-07 15:00:00+00:00
[2025-09-08T02:54:40.915+0000] {processor.py:183} INFO - Processing /opt/airflow/dags/update_car_data_dag.py took 0.092 seconds
[2025-09-08T02:55:11.126+0000] {processor.py:161} INFO - Started process (PID=1218) to work on /opt/airflow/dags/update_car_data_dag.py
[2025-09-08T02:55:11.127+0000] {processor.py:830} INFO - Processing file /opt/airflow/dags/update_car_data_dag.py for tasks to queue
[2025-09-08T02:55:11.128+0000] {logging_mixin.py:188} INFO - [2025-09-08T02:55:11.128+0000] {dagbag.py:538} INFO - Filling up the DagBag from /opt/airflow/dags/update_car_data_dag.py
[2025-09-08T02:55:11.143+0000] {processor.py:840} INFO - DAG(s) 'update_car_data' retrieved from /opt/airflow/dags/update_car_data_dag.py
[2025-09-08T02:55:11.164+0000] {logging_mixin.py:188} INFO - [2025-09-08T02:55:11.164+0000] {dag.py:3036} INFO - Sync 1 DAGs
[2025-09-08T02:55:11.178+0000] {logging_mixin.py:188} INFO - [2025-09-08T02:55:11.178+0000] {dag.py:3823} INFO - Setting next_dagrun for update_car_data to 2025-09-06 15:00:00+00:00, run_after=2025-09-07 15:00:00+00:00
[2025-09-08T02:55:11.187+0000] {processor.py:183} INFO - Processing /opt/airflow/dags/update_car_data_dag.py took 0.066 seconds
[2025-09-08T02:55:41.428+0000] {processor.py:161} INFO - Started process (PID=1223) to work on /opt/airflow/dags/update_car_data_dag.py
[2025-09-08T02:55:41.430+0000] {processor.py:830} INFO - Processing file /opt/airflow/dags/update_car_data_dag.py for tasks to queue
[2025-09-08T02:55:41.431+0000] {logging_mixin.py:188} INFO - [2025-09-08T02:55:41.430+0000] {dagbag.py:538} INFO - Filling up the DagBag from /opt/airflow/dags/update_car_data_dag.py
[2025-09-08T02:55:41.445+0000] {processor.py:840} INFO - DAG(s) 'update_car_data' retrieved from /opt/airflow/dags/update_car_data_dag.py
[2025-09-08T02:55:41.471+0000] {logging_mixin.py:188} INFO - [2025-09-08T02:55:41.471+0000] {dag.py:3036} INFO - Sync 1 DAGs
[2025-09-08T02:55:41.486+0000] {logging_mixin.py:188} INFO - [2025-09-08T02:55:41.486+0000] {dag.py:3823} INFO - Setting next_dagrun for update_car_data to 2025-09-06 15:00:00+00:00, run_after=2025-09-07 15:00:00+00:00
[2025-09-08T02:55:41.495+0000] {processor.py:183} INFO - Processing /opt/airflow/dags/update_car_data_dag.py took 0.072 seconds
[2025-09-08T02:56:11.735+0000] {processor.py:161} INFO - Started process (PID=1228) to work on /opt/airflow/dags/update_car_data_dag.py
[2025-09-08T02:56:11.737+0000] {processor.py:830} INFO - Processing file /opt/airflow/dags/update_car_data_dag.py for tasks to queue
[2025-09-08T02:56:11.738+0000] {logging_mixin.py:188} INFO - [2025-09-08T02:56:11.738+0000] {dagbag.py:538} INFO - Filling up the DagBag from /opt/airflow/dags/update_car_data_dag.py
[2025-09-08T02:56:11.757+0000] {processor.py:840} INFO - DAG(s) 'update_car_data' retrieved from /opt/airflow/dags/update_car_data_dag.py
[2025-09-08T02:56:11.787+0000] {logging_mixin.py:188} INFO - [2025-09-08T02:56:11.787+0000] {dag.py:3036} INFO - Sync 1 DAGs
[2025-09-08T02:56:11.803+0000] {logging_mixin.py:188} INFO - [2025-09-08T02:56:11.803+0000] {dag.py:3823} INFO - Setting next_dagrun for update_car_data to 2025-09-06 15:00:00+00:00, run_after=2025-09-07 15:00:00+00:00
[2025-09-08T02:56:11.813+0000] {processor.py:183} INFO - Processing /opt/airflow/dags/update_car_data_dag.py took 0.085 seconds
[2025-09-08T02:56:42.028+0000] {processor.py:161} INFO - Started process (PID=1233) to work on /opt/airflow/dags/update_car_data_dag.py
[2025-09-08T02:56:42.030+0000] {processor.py:830} INFO - Processing file /opt/airflow/dags/update_car_data_dag.py for tasks to queue
[2025-09-08T02:56:42.031+0000] {logging_mixin.py:188} INFO - [2025-09-08T02:56:42.030+0000] {dagbag.py:538} INFO - Filling up the DagBag from /opt/airflow/dags/update_car_data_dag.py
[2025-09-08T02:56:42.051+0000] {processor.py:840} INFO - DAG(s) 'update_car_data' retrieved from /opt/airflow/dags/update_car_data_dag.py
[2025-09-08T02:56:42.080+0000] {logging_mixin.py:188} INFO - [2025-09-08T02:56:42.080+0000] {dag.py:3036} INFO - Sync 1 DAGs
[2025-09-08T02:56:42.095+0000] {logging_mixin.py:188} INFO - [2025-09-08T02:56:42.095+0000] {dag.py:3823} INFO - Setting next_dagrun for update_car_data to 2025-09-06 15:00:00+00:00, run_after=2025-09-07 15:00:00+00:00
[2025-09-08T02:56:42.105+0000] {processor.py:183} INFO - Processing /opt/airflow/dags/update_car_data_dag.py took 0.082 seconds
[2025-09-08T02:57:12.433+0000] {processor.py:161} INFO - Started process (PID=1238) to work on /opt/airflow/dags/update_car_data_dag.py
[2025-09-08T02:57:12.437+0000] {processor.py:830} INFO - Processing file /opt/airflow/dags/update_car_data_dag.py for tasks to queue
[2025-09-08T02:57:12.441+0000] {logging_mixin.py:188} INFO - [2025-09-08T02:57:12.440+0000] {dagbag.py:538} INFO - Filling up the DagBag from /opt/airflow/dags/update_car_data_dag.py
[2025-09-08T02:57:12.463+0000] {processor.py:840} INFO - DAG(s) 'update_car_data' retrieved from /opt/airflow/dags/update_car_data_dag.py
[2025-09-08T02:57:12.505+0000] {logging_mixin.py:188} INFO - [2025-09-08T02:57:12.505+0000] {dag.py:3036} INFO - Sync 1 DAGs
[2025-09-08T02:57:12.531+0000] {logging_mixin.py:188} INFO - [2025-09-08T02:57:12.531+0000] {dag.py:3823} INFO - Setting next_dagrun for update_car_data to 2025-09-06 15:00:00+00:00, run_after=2025-09-07 15:00:00+00:00
[2025-09-08T02:57:12.540+0000] {processor.py:183} INFO - Processing /opt/airflow/dags/update_car_data_dag.py took 0.114 seconds
[2025-09-08T02:57:42.760+0000] {processor.py:161} INFO - Started process (PID=1243) to work on /opt/airflow/dags/update_car_data_dag.py
[2025-09-08T02:57:42.763+0000] {processor.py:830} INFO - Processing file /opt/airflow/dags/update_car_data_dag.py for tasks to queue
[2025-09-08T02:57:42.764+0000] {logging_mixin.py:188} INFO - [2025-09-08T02:57:42.764+0000] {dagbag.py:538} INFO - Filling up the DagBag from /opt/airflow/dags/update_car_data_dag.py
[2025-09-08T02:57:42.782+0000] {processor.py:840} INFO - DAG(s) 'update_car_data' retrieved from /opt/airflow/dags/update_car_data_dag.py
[2025-09-08T02:57:42.811+0000] {logging_mixin.py:188} INFO - [2025-09-08T02:57:42.811+0000] {dag.py:3036} INFO - Sync 1 DAGs
[2025-09-08T02:57:42.827+0000] {logging_mixin.py:188} INFO - [2025-09-08T02:57:42.827+0000] {dag.py:3823} INFO - Setting next_dagrun for update_car_data to 2025-09-06 15:00:00+00:00, run_after=2025-09-07 15:00:00+00:00
[2025-09-08T02:57:42.836+0000] {processor.py:183} INFO - Processing /opt/airflow/dags/update_car_data_dag.py took 0.091 seconds
[2025-09-08T02:58:13.168+0000] {processor.py:161} INFO - Started process (PID=1248) to work on /opt/airflow/dags/update_car_data_dag.py
[2025-09-08T02:58:13.169+0000] {processor.py:830} INFO - Processing file /opt/airflow/dags/update_car_data_dag.py for tasks to queue
[2025-09-08T02:58:13.171+0000] {logging_mixin.py:188} INFO - [2025-09-08T02:58:13.170+0000] {dagbag.py:538} INFO - Filling up the DagBag from /opt/airflow/dags/update_car_data_dag.py
[2025-09-08T02:58:13.198+0000] {processor.py:840} INFO - DAG(s) 'update_car_data' retrieved from /opt/airflow/dags/update_car_data_dag.py
[2025-09-08T02:58:13.234+0000] {logging_mixin.py:188} INFO - [2025-09-08T02:58:13.234+0000] {dag.py:3036} INFO - Sync 1 DAGs
[2025-09-08T02:58:13.255+0000] {logging_mixin.py:188} INFO - [2025-09-08T02:58:13.254+0000] {dag.py:3823} INFO - Setting next_dagrun for update_car_data to 2025-09-06 15:00:00+00:00, run_after=2025-09-07 15:00:00+00:00
[2025-09-08T02:58:13.264+0000] {processor.py:183} INFO - Processing /opt/airflow/dags/update_car_data_dag.py took 0.107 seconds
[2025-09-08T02:58:43.584+0000] {processor.py:161} INFO - Started process (PID=1253) to work on /opt/airflow/dags/update_car_data_dag.py
[2025-09-08T02:58:43.587+0000] {processor.py:830} INFO - Processing file /opt/airflow/dags/update_car_data_dag.py for tasks to queue
[2025-09-08T02:58:43.588+0000] {logging_mixin.py:188} INFO - [2025-09-08T02:58:43.588+0000] {dagbag.py:538} INFO - Filling up the DagBag from /opt/airflow/dags/update_car_data_dag.py
[2025-09-08T02:58:43.613+0000] {processor.py:840} INFO - DAG(s) 'update_car_data' retrieved from /opt/airflow/dags/update_car_data_dag.py
[2025-09-08T02:58:43.655+0000] {logging_mixin.py:188} INFO - [2025-09-08T02:58:43.655+0000] {dag.py:3036} INFO - Sync 1 DAGs
[2025-09-08T02:58:43.672+0000] {logging_mixin.py:188} INFO - [2025-09-08T02:58:43.672+0000] {dag.py:3823} INFO - Setting next_dagrun for update_car_data to 2025-09-06 15:00:00+00:00, run_after=2025-09-07 15:00:00+00:00
[2025-09-08T02:58:43.683+0000] {processor.py:183} INFO - Processing /opt/airflow/dags/update_car_data_dag.py took 0.114 seconds
[2025-09-08T02:59:13.958+0000] {processor.py:161} INFO - Started process (PID=1258) to work on /opt/airflow/dags/update_car_data_dag.py
[2025-09-08T02:59:13.959+0000] {processor.py:830} INFO - Processing file /opt/airflow/dags/update_car_data_dag.py for tasks to queue
[2025-09-08T02:59:13.960+0000] {logging_mixin.py:188} INFO - [2025-09-08T02:59:13.960+0000] {dagbag.py:538} INFO - Filling up the DagBag from /opt/airflow/dags/update_car_data_dag.py
[2025-09-08T02:59:13.979+0000] {processor.py:840} INFO - DAG(s) 'update_car_data' retrieved from /opt/airflow/dags/update_car_data_dag.py
[2025-09-08T02:59:14.009+0000] {logging_mixin.py:188} INFO - [2025-09-08T02:59:14.009+0000] {dag.py:3036} INFO - Sync 1 DAGs
[2025-09-08T02:59:14.025+0000] {logging_mixin.py:188} INFO - [2025-09-08T02:59:14.025+0000] {dag.py:3823} INFO - Setting next_dagrun for update_car_data to 2025-09-06 15:00:00+00:00, run_after=2025-09-07 15:00:00+00:00
[2025-09-08T02:59:14.035+0000] {processor.py:183} INFO - Processing /opt/airflow/dags/update_car_data_dag.py took 0.092 seconds
[2025-09-08T02:59:44.317+0000] {processor.py:161} INFO - Started process (PID=1263) to work on /opt/airflow/dags/update_car_data_dag.py
[2025-09-08T02:59:44.320+0000] {processor.py:830} INFO - Processing file /opt/airflow/dags/update_car_data_dag.py for tasks to queue
[2025-09-08T02:59:44.321+0000] {logging_mixin.py:188} INFO - [2025-09-08T02:59:44.320+0000] {dagbag.py:538} INFO - Filling up the DagBag from /opt/airflow/dags/update_car_data_dag.py
[2025-09-08T02:59:44.341+0000] {processor.py:840} INFO - DAG(s) 'update_car_data' retrieved from /opt/airflow/dags/update_car_data_dag.py
[2025-09-08T02:59:44.370+0000] {logging_mixin.py:188} INFO - [2025-09-08T02:59:44.370+0000] {dag.py:3036} INFO - Sync 1 DAGs
[2025-09-08T02:59:44.388+0000] {logging_mixin.py:188} INFO - [2025-09-08T02:59:44.388+0000] {dag.py:3823} INFO - Setting next_dagrun for update_car_data to 2025-09-06 15:00:00+00:00, run_after=2025-09-07 15:00:00+00:00
[2025-09-08T02:59:44.397+0000] {processor.py:183} INFO - Processing /opt/airflow/dags/update_car_data_dag.py took 0.086 seconds
[2025-09-08T03:00:14.642+0000] {processor.py:161} INFO - Started process (PID=1268) to work on /opt/airflow/dags/update_car_data_dag.py
[2025-09-08T03:00:14.646+0000] {processor.py:830} INFO - Processing file /opt/airflow/dags/update_car_data_dag.py for tasks to queue
[2025-09-08T03:00:14.647+0000] {logging_mixin.py:188} INFO - [2025-09-08T03:00:14.647+0000] {dagbag.py:538} INFO - Filling up the DagBag from /opt/airflow/dags/update_car_data_dag.py
[2025-09-08T03:00:14.665+0000] {processor.py:840} INFO - DAG(s) 'update_car_data' retrieved from /opt/airflow/dags/update_car_data_dag.py
[2025-09-08T03:00:14.689+0000] {logging_mixin.py:188} INFO - [2025-09-08T03:00:14.688+0000] {dag.py:3036} INFO - Sync 1 DAGs
[2025-09-08T03:00:14.704+0000] {logging_mixin.py:188} INFO - [2025-09-08T03:00:14.704+0000] {dag.py:3823} INFO - Setting next_dagrun for update_car_data to 2025-09-06 15:00:00+00:00, run_after=2025-09-07 15:00:00+00:00
[2025-09-08T03:00:14.714+0000] {processor.py:183} INFO - Processing /opt/airflow/dags/update_car_data_dag.py took 0.077 seconds
[2025-09-08T03:00:45.017+0000] {processor.py:161} INFO - Started process (PID=1273) to work on /opt/airflow/dags/update_car_data_dag.py
[2025-09-08T03:00:45.020+0000] {processor.py:830} INFO - Processing file /opt/airflow/dags/update_car_data_dag.py for tasks to queue
[2025-09-08T03:00:45.021+0000] {logging_mixin.py:188} INFO - [2025-09-08T03:00:45.020+0000] {dagbag.py:538} INFO - Filling up the DagBag from /opt/airflow/dags/update_car_data_dag.py
[2025-09-08T03:00:45.039+0000] {processor.py:840} INFO - DAG(s) 'update_car_data' retrieved from /opt/airflow/dags/update_car_data_dag.py
[2025-09-08T03:00:45.063+0000] {logging_mixin.py:188} INFO - [2025-09-08T03:00:45.063+0000] {dag.py:3036} INFO - Sync 1 DAGs
[2025-09-08T03:00:45.078+0000] {logging_mixin.py:188} INFO - [2025-09-08T03:00:45.078+0000] {dag.py:3823} INFO - Setting next_dagrun for update_car_data to 2025-09-06 15:00:00+00:00, run_after=2025-09-07 15:00:00+00:00
[2025-09-08T03:00:45.086+0000] {processor.py:183} INFO - Processing /opt/airflow/dags/update_car_data_dag.py took 0.075 seconds
[2025-09-08T03:01:15.408+0000] {processor.py:161} INFO - Started process (PID=1278) to work on /opt/airflow/dags/update_car_data_dag.py
[2025-09-08T03:01:15.410+0000] {processor.py:830} INFO - Processing file /opt/airflow/dags/update_car_data_dag.py for tasks to queue
[2025-09-08T03:01:15.411+0000] {logging_mixin.py:188} INFO - [2025-09-08T03:01:15.411+0000] {dagbag.py:538} INFO - Filling up the DagBag from /opt/airflow/dags/update_car_data_dag.py
[2025-09-08T03:01:15.431+0000] {processor.py:840} INFO - DAG(s) 'update_car_data' retrieved from /opt/airflow/dags/update_car_data_dag.py
[2025-09-08T03:01:15.462+0000] {logging_mixin.py:188} INFO - [2025-09-08T03:01:15.462+0000] {dag.py:3036} INFO - Sync 1 DAGs
[2025-09-08T03:01:15.481+0000] {logging_mixin.py:188} INFO - [2025-09-08T03:01:15.480+0000] {dag.py:3823} INFO - Setting next_dagrun for update_car_data to 2025-09-06 15:00:00+00:00, run_after=2025-09-07 15:00:00+00:00
[2025-09-08T03:01:15.489+0000] {processor.py:183} INFO - Processing /opt/airflow/dags/update_car_data_dag.py took 0.088 seconds
[2025-09-08T03:01:45.807+0000] {processor.py:161} INFO - Started process (PID=1283) to work on /opt/airflow/dags/update_car_data_dag.py
[2025-09-08T03:01:45.810+0000] {processor.py:830} INFO - Processing file /opt/airflow/dags/update_car_data_dag.py for tasks to queue
[2025-09-08T03:01:45.812+0000] {logging_mixin.py:188} INFO - [2025-09-08T03:01:45.811+0000] {dagbag.py:538} INFO - Filling up the DagBag from /opt/airflow/dags/update_car_data_dag.py
[2025-09-08T03:01:45.832+0000] {processor.py:840} INFO - DAG(s) 'update_car_data' retrieved from /opt/airflow/dags/update_car_data_dag.py
[2025-09-08T03:01:45.858+0000] {logging_mixin.py:188} INFO - [2025-09-08T03:01:45.858+0000] {dag.py:3036} INFO - Sync 1 DAGs
[2025-09-08T03:01:45.872+0000] {logging_mixin.py:188} INFO - [2025-09-08T03:01:45.872+0000] {dag.py:3823} INFO - Setting next_dagrun for update_car_data to 2025-09-06 15:00:00+00:00, run_after=2025-09-07 15:00:00+00:00
[2025-09-08T03:01:45.883+0000] {processor.py:183} INFO - Processing /opt/airflow/dags/update_car_data_dag.py took 0.084 seconds
[2025-09-08T03:02:16.110+0000] {processor.py:161} INFO - Started process (PID=1288) to work on /opt/airflow/dags/update_car_data_dag.py
[2025-09-08T03:02:16.112+0000] {processor.py:830} INFO - Processing file /opt/airflow/dags/update_car_data_dag.py for tasks to queue
[2025-09-08T03:02:16.113+0000] {logging_mixin.py:188} INFO - [2025-09-08T03:02:16.112+0000] {dagbag.py:538} INFO - Filling up the DagBag from /opt/airflow/dags/update_car_data_dag.py
[2025-09-08T03:02:16.135+0000] {processor.py:840} INFO - DAG(s) 'update_car_data' retrieved from /opt/airflow/dags/update_car_data_dag.py
[2025-09-08T03:02:16.162+0000] {logging_mixin.py:188} INFO - [2025-09-08T03:02:16.162+0000] {dag.py:3036} INFO - Sync 1 DAGs
[2025-09-08T03:02:16.176+0000] {logging_mixin.py:188} INFO - [2025-09-08T03:02:16.176+0000] {dag.py:3823} INFO - Setting next_dagrun for update_car_data to 2025-09-06 15:00:00+00:00, run_after=2025-09-07 15:00:00+00:00
[2025-09-08T03:02:16.186+0000] {processor.py:183} INFO - Processing /opt/airflow/dags/update_car_data_dag.py took 0.085 seconds
[2025-09-08T03:02:46.563+0000] {processor.py:161} INFO - Started process (PID=1293) to work on /opt/airflow/dags/update_car_data_dag.py
[2025-09-08T03:02:46.568+0000] {processor.py:830} INFO - Processing file /opt/airflow/dags/update_car_data_dag.py for tasks to queue
[2025-09-08T03:02:46.574+0000] {logging_mixin.py:188} INFO - [2025-09-08T03:02:46.573+0000] {dagbag.py:538} INFO - Filling up the DagBag from /opt/airflow/dags/update_car_data_dag.py
[2025-09-08T03:02:46.612+0000] {processor.py:840} INFO - DAG(s) 'update_car_data' retrieved from /opt/airflow/dags/update_car_data_dag.py
[2025-09-08T03:02:46.680+0000] {logging_mixin.py:188} INFO - [2025-09-08T03:02:46.679+0000] {dag.py:3036} INFO - Sync 1 DAGs
[2025-09-08T03:02:46.713+0000] {logging_mixin.py:188} INFO - [2025-09-08T03:02:46.713+0000] {dag.py:3823} INFO - Setting next_dagrun for update_car_data to 2025-09-06 15:00:00+00:00, run_after=2025-09-07 15:00:00+00:00
[2025-09-08T03:02:46.735+0000] {processor.py:183} INFO - Processing /opt/airflow/dags/update_car_data_dag.py took 0.195 seconds
[2025-09-08T03:03:16.958+0000] {processor.py:161} INFO - Started process (PID=1298) to work on /opt/airflow/dags/update_car_data_dag.py
[2025-09-08T03:03:16.961+0000] {processor.py:830} INFO - Processing file /opt/airflow/dags/update_car_data_dag.py for tasks to queue
[2025-09-08T03:03:16.962+0000] {logging_mixin.py:188} INFO - [2025-09-08T03:03:16.961+0000] {dagbag.py:538} INFO - Filling up the DagBag from /opt/airflow/dags/update_car_data_dag.py
[2025-09-08T03:03:16.982+0000] {processor.py:840} INFO - DAG(s) 'update_car_data' retrieved from /opt/airflow/dags/update_car_data_dag.py
[2025-09-08T03:03:17.017+0000] {logging_mixin.py:188} INFO - [2025-09-08T03:03:17.017+0000] {dag.py:3036} INFO - Sync 1 DAGs
[2025-09-08T03:03:17.036+0000] {logging_mixin.py:188} INFO - [2025-09-08T03:03:17.035+0000] {dag.py:3823} INFO - Setting next_dagrun for update_car_data to 2025-09-06 15:00:00+00:00, run_after=2025-09-07 15:00:00+00:00
[2025-09-08T03:03:17.048+0000] {processor.py:183} INFO - Processing /opt/airflow/dags/update_car_data_dag.py took 0.095 seconds
[2025-09-08T03:03:47.485+0000] {processor.py:161} INFO - Started process (PID=1303) to work on /opt/airflow/dags/update_car_data_dag.py
[2025-09-08T03:03:47.490+0000] {processor.py:830} INFO - Processing file /opt/airflow/dags/update_car_data_dag.py for tasks to queue
[2025-09-08T03:03:47.492+0000] {logging_mixin.py:188} INFO - [2025-09-08T03:03:47.491+0000] {dagbag.py:538} INFO - Filling up the DagBag from /opt/airflow/dags/update_car_data_dag.py
[2025-09-08T03:03:47.516+0000] {processor.py:840} INFO - DAG(s) 'update_car_data' retrieved from /opt/airflow/dags/update_car_data_dag.py
[2025-09-08T03:03:47.548+0000] {logging_mixin.py:188} INFO - [2025-09-08T03:03:47.548+0000] {dag.py:3036} INFO - Sync 1 DAGs
[2025-09-08T03:03:47.564+0000] {logging_mixin.py:188} INFO - [2025-09-08T03:03:47.564+0000] {dag.py:3823} INFO - Setting next_dagrun for update_car_data to 2025-09-06 15:00:00+00:00, run_after=2025-09-07 15:00:00+00:00
[2025-09-08T03:03:47.573+0000] {processor.py:183} INFO - Processing /opt/airflow/dags/update_car_data_dag.py took 0.095 seconds
[2025-09-08T03:04:18.119+0000] {processor.py:161} INFO - Started process (PID=1308) to work on /opt/airflow/dags/update_car_data_dag.py
[2025-09-08T03:04:18.135+0000] {processor.py:830} INFO - Processing file /opt/airflow/dags/update_car_data_dag.py for tasks to queue
[2025-09-08T03:04:18.140+0000] {logging_mixin.py:188} INFO - [2025-09-08T03:04:18.137+0000] {dagbag.py:538} INFO - Filling up the DagBag from /opt/airflow/dags/update_car_data_dag.py
[2025-09-08T03:04:18.233+0000] {processor.py:840} INFO - DAG(s) 'update_car_data' retrieved from /opt/airflow/dags/update_car_data_dag.py
[2025-09-08T03:04:18.542+0000] {logging_mixin.py:188} INFO - [2025-09-08T03:04:18.537+0000] {dag.py:3036} INFO - Sync 1 DAGs
[2025-09-08T03:04:18.652+0000] {logging_mixin.py:188} INFO - [2025-09-08T03:04:18.651+0000] {dag.py:3823} INFO - Setting next_dagrun for update_car_data to 2025-09-06 15:00:00+00:00, run_after=2025-09-07 15:00:00+00:00
[2025-09-08T03:04:18.718+0000] {processor.py:183} INFO - Processing /opt/airflow/dags/update_car_data_dag.py took 0.621 seconds
[2025-09-08T03:12:23.274+0000] {processor.py:161} INFO - Started process (PID=166) to work on /opt/airflow/dags/update_car_data_dag.py
[2025-09-08T03:12:23.276+0000] {processor.py:830} INFO - Processing file /opt/airflow/dags/update_car_data_dag.py for tasks to queue
[2025-09-08T03:12:23.277+0000] {logging_mixin.py:188} INFO - [2025-09-08T03:12:23.277+0000] {dagbag.py:538} INFO - Filling up the DagBag from /opt/airflow/dags/update_car_data_dag.py
[2025-09-08T03:12:23.299+0000] {processor.py:840} INFO - DAG(s) 'update_car_data' retrieved from /opt/airflow/dags/update_car_data_dag.py
[2025-09-08T03:12:23.339+0000] {logging_mixin.py:188} INFO - [2025-09-08T03:12:23.339+0000] {dag.py:3036} INFO - Sync 1 DAGs
[2025-09-08T03:12:23.365+0000] {logging_mixin.py:188} INFO - [2025-09-08T03:12:23.364+0000] {dag.py:3823} INFO - Setting next_dagrun for update_car_data to 2025-09-06 15:00:00+00:00, run_after=2025-09-07 15:00:00+00:00
[2025-09-08T03:12:23.373+0000] {processor.py:183} INFO - Processing /opt/airflow/dags/update_car_data_dag.py took 0.101 seconds
[2025-09-08T03:12:53.562+0000] {processor.py:161} INFO - Started process (PID=172) to work on /opt/airflow/dags/update_car_data_dag.py
[2025-09-08T03:12:53.564+0000] {processor.py:830} INFO - Processing file /opt/airflow/dags/update_car_data_dag.py for tasks to queue
[2025-09-08T03:12:53.565+0000] {logging_mixin.py:188} INFO - [2025-09-08T03:12:53.564+0000] {dagbag.py:538} INFO - Filling up the DagBag from /opt/airflow/dags/update_car_data_dag.py
[2025-09-08T03:12:53.578+0000] {processor.py:840} INFO - DAG(s) 'update_car_data' retrieved from /opt/airflow/dags/update_car_data_dag.py
[2025-09-08T03:12:53.602+0000] {logging_mixin.py:188} INFO - [2025-09-08T03:12:53.602+0000] {dag.py:3036} INFO - Sync 1 DAGs
[2025-09-08T03:12:53.620+0000] {logging_mixin.py:188} INFO - [2025-09-08T03:12:53.620+0000] {dag.py:3823} INFO - Setting next_dagrun for update_car_data to 2025-09-06 15:00:00+00:00, run_after=2025-09-07 15:00:00+00:00
[2025-09-08T03:12:53.629+0000] {processor.py:183} INFO - Processing /opt/airflow/dags/update_car_data_dag.py took 0.070 seconds
[2025-09-08T03:13:23.851+0000] {processor.py:161} INFO - Started process (PID=177) to work on /opt/airflow/dags/update_car_data_dag.py
[2025-09-08T03:13:23.853+0000] {processor.py:830} INFO - Processing file /opt/airflow/dags/update_car_data_dag.py for tasks to queue
[2025-09-08T03:13:23.854+0000] {logging_mixin.py:188} INFO - [2025-09-08T03:13:23.854+0000] {dagbag.py:538} INFO - Filling up the DagBag from /opt/airflow/dags/update_car_data_dag.py
[2025-09-08T03:13:23.871+0000] {processor.py:840} INFO - DAG(s) 'update_car_data' retrieved from /opt/airflow/dags/update_car_data_dag.py
[2025-09-08T03:13:23.904+0000] {logging_mixin.py:188} INFO - [2025-09-08T03:13:23.904+0000] {dag.py:3036} INFO - Sync 1 DAGs
[2025-09-08T03:13:23.922+0000] {logging_mixin.py:188} INFO - [2025-09-08T03:13:23.922+0000] {dag.py:3823} INFO - Setting next_dagrun for update_car_data to 2025-09-06 15:00:00+00:00, run_after=2025-09-07 15:00:00+00:00
[2025-09-08T03:13:23.931+0000] {processor.py:183} INFO - Processing /opt/airflow/dags/update_car_data_dag.py took 0.086 seconds
[2025-09-08T03:13:54.175+0000] {processor.py:161} INFO - Started process (PID=182) to work on /opt/airflow/dags/update_car_data_dag.py
[2025-09-08T03:13:54.176+0000] {processor.py:830} INFO - Processing file /opt/airflow/dags/update_car_data_dag.py for tasks to queue
[2025-09-08T03:13:54.177+0000] {logging_mixin.py:188} INFO - [2025-09-08T03:13:54.177+0000] {dagbag.py:538} INFO - Filling up the DagBag from /opt/airflow/dags/update_car_data_dag.py
[2025-09-08T03:13:54.192+0000] {processor.py:840} INFO - DAG(s) 'update_car_data' retrieved from /opt/airflow/dags/update_car_data_dag.py
[2025-09-08T03:13:54.221+0000] {logging_mixin.py:188} INFO - [2025-09-08T03:13:54.221+0000] {dag.py:3036} INFO - Sync 1 DAGs
[2025-09-08T03:13:54.238+0000] {logging_mixin.py:188} INFO - [2025-09-08T03:13:54.237+0000] {dag.py:3823} INFO - Setting next_dagrun for update_car_data to 2025-09-06 15:00:00+00:00, run_after=2025-09-07 15:00:00+00:00
[2025-09-08T03:13:54.246+0000] {processor.py:183} INFO - Processing /opt/airflow/dags/update_car_data_dag.py took 0.076 seconds
[2025-09-08T03:14:24.525+0000] {processor.py:161} INFO - Started process (PID=187) to work on /opt/airflow/dags/update_car_data_dag.py
[2025-09-08T03:14:24.527+0000] {processor.py:830} INFO - Processing file /opt/airflow/dags/update_car_data_dag.py for tasks to queue
[2025-09-08T03:14:24.528+0000] {logging_mixin.py:188} INFO - [2025-09-08T03:14:24.527+0000] {dagbag.py:538} INFO - Filling up the DagBag from /opt/airflow/dags/update_car_data_dag.py
[2025-09-08T03:14:24.547+0000] {processor.py:840} INFO - DAG(s) 'update_car_data' retrieved from /opt/airflow/dags/update_car_data_dag.py
[2025-09-08T03:14:24.574+0000] {logging_mixin.py:188} INFO - [2025-09-08T03:14:24.574+0000] {dag.py:3036} INFO - Sync 1 DAGs
[2025-09-08T03:14:24.589+0000] {logging_mixin.py:188} INFO - [2025-09-08T03:14:24.589+0000] {dag.py:3823} INFO - Setting next_dagrun for update_car_data to 2025-09-06 15:00:00+00:00, run_after=2025-09-07 15:00:00+00:00
[2025-09-08T03:14:24.597+0000] {processor.py:183} INFO - Processing /opt/airflow/dags/update_car_data_dag.py took 0.076 seconds
[2025-09-08T03:14:54.886+0000] {processor.py:161} INFO - Started process (PID=192) to work on /opt/airflow/dags/update_car_data_dag.py
[2025-09-08T03:14:54.888+0000] {processor.py:830} INFO - Processing file /opt/airflow/dags/update_car_data_dag.py for tasks to queue
[2025-09-08T03:14:54.889+0000] {logging_mixin.py:188} INFO - [2025-09-08T03:14:54.888+0000] {dagbag.py:538} INFO - Filling up the DagBag from /opt/airflow/dags/update_car_data_dag.py
[2025-09-08T03:14:54.912+0000] {processor.py:840} INFO - DAG(s) 'update_car_data' retrieved from /opt/airflow/dags/update_car_data_dag.py
[2025-09-08T03:14:54.935+0000] {logging_mixin.py:188} INFO - [2025-09-08T03:14:54.935+0000] {dag.py:3036} INFO - Sync 1 DAGs
[2025-09-08T03:14:54.948+0000] {logging_mixin.py:188} INFO - [2025-09-08T03:14:54.948+0000] {dag.py:3823} INFO - Setting next_dagrun for update_car_data to 2025-09-06 15:00:00+00:00, run_after=2025-09-07 15:00:00+00:00
[2025-09-08T03:14:54.957+0000] {processor.py:183} INFO - Processing /opt/airflow/dags/update_car_data_dag.py took 0.077 seconds
[2025-09-08T03:15:25.256+0000] {processor.py:161} INFO - Started process (PID=197) to work on /opt/airflow/dags/update_car_data_dag.py
[2025-09-08T03:15:25.258+0000] {processor.py:830} INFO - Processing file /opt/airflow/dags/update_car_data_dag.py for tasks to queue
[2025-09-08T03:15:25.258+0000] {logging_mixin.py:188} INFO - [2025-09-08T03:15:25.258+0000] {dagbag.py:538} INFO - Filling up the DagBag from /opt/airflow/dags/update_car_data_dag.py
[2025-09-08T03:15:25.276+0000] {processor.py:840} INFO - DAG(s) 'update_car_data' retrieved from /opt/airflow/dags/update_car_data_dag.py
[2025-09-08T03:15:25.304+0000] {logging_mixin.py:188} INFO - [2025-09-08T03:15:25.304+0000] {dag.py:3036} INFO - Sync 1 DAGs
[2025-09-08T03:15:25.321+0000] {logging_mixin.py:188} INFO - [2025-09-08T03:15:25.321+0000] {dag.py:3823} INFO - Setting next_dagrun for update_car_data to 2025-09-06 15:00:00+00:00, run_after=2025-09-07 15:00:00+00:00
[2025-09-08T03:15:25.330+0000] {processor.py:183} INFO - Processing /opt/airflow/dags/update_car_data_dag.py took 0.082 seconds
[2025-09-08T03:15:55.614+0000] {processor.py:161} INFO - Started process (PID=202) to work on /opt/airflow/dags/update_car_data_dag.py
[2025-09-08T03:15:55.616+0000] {processor.py:830} INFO - Processing file /opt/airflow/dags/update_car_data_dag.py for tasks to queue
[2025-09-08T03:15:55.617+0000] {logging_mixin.py:188} INFO - [2025-09-08T03:15:55.616+0000] {dagbag.py:538} INFO - Filling up the DagBag from /opt/airflow/dags/update_car_data_dag.py
[2025-09-08T03:15:55.638+0000] {processor.py:840} INFO - DAG(s) 'update_car_data' retrieved from /opt/airflow/dags/update_car_data_dag.py
[2025-09-08T03:15:55.668+0000] {logging_mixin.py:188} INFO - [2025-09-08T03:15:55.668+0000] {dag.py:3036} INFO - Sync 1 DAGs
[2025-09-08T03:15:55.684+0000] {logging_mixin.py:188} INFO - [2025-09-08T03:15:55.684+0000] {dag.py:3823} INFO - Setting next_dagrun for update_car_data to 2025-09-06 15:00:00+00:00, run_after=2025-09-07 15:00:00+00:00
[2025-09-08T03:15:55.693+0000] {processor.py:183} INFO - Processing /opt/airflow/dags/update_car_data_dag.py took 0.086 seconds
[2025-09-08T03:16:25.995+0000] {processor.py:161} INFO - Started process (PID=207) to work on /opt/airflow/dags/update_car_data_dag.py
[2025-09-08T03:16:25.996+0000] {processor.py:830} INFO - Processing file /opt/airflow/dags/update_car_data_dag.py for tasks to queue
[2025-09-08T03:16:25.997+0000] {logging_mixin.py:188} INFO - [2025-09-08T03:16:25.997+0000] {dagbag.py:538} INFO - Filling up the DagBag from /opt/airflow/dags/update_car_data_dag.py
[2025-09-08T03:16:26.013+0000] {processor.py:840} INFO - DAG(s) 'update_car_data' retrieved from /opt/airflow/dags/update_car_data_dag.py
[2025-09-08T03:16:26.038+0000] {logging_mixin.py:188} INFO - [2025-09-08T03:16:26.038+0000] {dag.py:3036} INFO - Sync 1 DAGs
[2025-09-08T03:16:26.055+0000] {logging_mixin.py:188} INFO - [2025-09-08T03:16:26.055+0000] {dag.py:3823} INFO - Setting next_dagrun for update_car_data to 2025-09-06 15:00:00+00:00, run_after=2025-09-07 15:00:00+00:00
[2025-09-08T03:16:26.064+0000] {processor.py:183} INFO - Processing /opt/airflow/dags/update_car_data_dag.py took 0.076 seconds
[2025-09-08T03:16:56.383+0000] {processor.py:161} INFO - Started process (PID=212) to work on /opt/airflow/dags/update_car_data_dag.py
[2025-09-08T03:16:56.385+0000] {processor.py:830} INFO - Processing file /opt/airflow/dags/update_car_data_dag.py for tasks to queue
[2025-09-08T03:16:56.386+0000] {logging_mixin.py:188} INFO - [2025-09-08T03:16:56.385+0000] {dagbag.py:538} INFO - Filling up the DagBag from /opt/airflow/dags/update_car_data_dag.py
[2025-09-08T03:16:56.402+0000] {processor.py:840} INFO - DAG(s) 'update_car_data' retrieved from /opt/airflow/dags/update_car_data_dag.py
[2025-09-08T03:16:56.431+0000] {logging_mixin.py:188} INFO - [2025-09-08T03:16:56.431+0000] {dag.py:3036} INFO - Sync 1 DAGs
[2025-09-08T03:16:56.449+0000] {logging_mixin.py:188} INFO - [2025-09-08T03:16:56.449+0000] {dag.py:3823} INFO - Setting next_dagrun for update_car_data to 2025-09-06 15:00:00+00:00, run_after=2025-09-07 15:00:00+00:00
[2025-09-08T03:16:56.458+0000] {processor.py:183} INFO - Processing /opt/airflow/dags/update_car_data_dag.py took 0.079 seconds
[2025-09-08T03:17:26.749+0000] {processor.py:161} INFO - Started process (PID=217) to work on /opt/airflow/dags/update_car_data_dag.py
[2025-09-08T03:17:26.750+0000] {processor.py:830} INFO - Processing file /opt/airflow/dags/update_car_data_dag.py for tasks to queue
[2025-09-08T03:17:26.751+0000] {logging_mixin.py:188} INFO - [2025-09-08T03:17:26.751+0000] {dagbag.py:538} INFO - Filling up the DagBag from /opt/airflow/dags/update_car_data_dag.py
[2025-09-08T03:17:26.767+0000] {processor.py:840} INFO - DAG(s) 'update_car_data' retrieved from /opt/airflow/dags/update_car_data_dag.py
[2025-09-08T03:17:26.793+0000] {logging_mixin.py:188} INFO - [2025-09-08T03:17:26.792+0000] {dag.py:3036} INFO - Sync 1 DAGs
[2025-09-08T03:17:26.808+0000] {logging_mixin.py:188} INFO - [2025-09-08T03:17:26.808+0000] {dag.py:3823} INFO - Setting next_dagrun for update_car_data to 2025-09-06 15:00:00+00:00, run_after=2025-09-07 15:00:00+00:00
[2025-09-08T03:17:26.818+0000] {processor.py:183} INFO - Processing /opt/airflow/dags/update_car_data_dag.py took 0.074 seconds
[2025-09-08T03:17:57.137+0000] {processor.py:161} INFO - Started process (PID=222) to work on /opt/airflow/dags/update_car_data_dag.py
[2025-09-08T03:17:57.139+0000] {processor.py:830} INFO - Processing file /opt/airflow/dags/update_car_data_dag.py for tasks to queue
[2025-09-08T03:17:57.141+0000] {logging_mixin.py:188} INFO - [2025-09-08T03:17:57.140+0000] {dagbag.py:538} INFO - Filling up the DagBag from /opt/airflow/dags/update_car_data_dag.py
[2025-09-08T03:17:57.164+0000] {processor.py:840} INFO - DAG(s) 'update_car_data' retrieved from /opt/airflow/dags/update_car_data_dag.py
[2025-09-08T03:17:57.191+0000] {logging_mixin.py:188} INFO - [2025-09-08T03:17:57.191+0000] {dag.py:3036} INFO - Sync 1 DAGs
[2025-09-08T03:17:57.205+0000] {logging_mixin.py:188} INFO - [2025-09-08T03:17:57.205+0000] {dag.py:3823} INFO - Setting next_dagrun for update_car_data to 2025-09-06 15:00:00+00:00, run_after=2025-09-07 15:00:00+00:00
[2025-09-08T03:17:57.217+0000] {processor.py:183} INFO - Processing /opt/airflow/dags/update_car_data_dag.py took 0.085 seconds
[2025-09-08T03:18:27.522+0000] {processor.py:161} INFO - Started process (PID=227) to work on /opt/airflow/dags/update_car_data_dag.py
[2025-09-08T03:18:27.523+0000] {processor.py:830} INFO - Processing file /opt/airflow/dags/update_car_data_dag.py for tasks to queue
[2025-09-08T03:18:27.524+0000] {logging_mixin.py:188} INFO - [2025-09-08T03:18:27.524+0000] {dagbag.py:538} INFO - Filling up the DagBag from /opt/airflow/dags/update_car_data_dag.py
[2025-09-08T03:18:27.537+0000] {processor.py:840} INFO - DAG(s) 'update_car_data' retrieved from /opt/airflow/dags/update_car_data_dag.py
[2025-09-08T03:18:27.564+0000] {logging_mixin.py:188} INFO - [2025-09-08T03:18:27.564+0000] {dag.py:3036} INFO - Sync 1 DAGs
[2025-09-08T03:18:27.581+0000] {logging_mixin.py:188} INFO - [2025-09-08T03:18:27.581+0000] {dag.py:3823} INFO - Setting next_dagrun for update_car_data to 2025-09-06 15:00:00+00:00, run_after=2025-09-07 15:00:00+00:00
[2025-09-08T03:18:27.591+0000] {processor.py:183} INFO - Processing /opt/airflow/dags/update_car_data_dag.py took 0.073 seconds
[2025-09-08T03:18:57.829+0000] {processor.py:161} INFO - Started process (PID=232) to work on /opt/airflow/dags/update_car_data_dag.py
[2025-09-08T03:18:57.832+0000] {processor.py:830} INFO - Processing file /opt/airflow/dags/update_car_data_dag.py for tasks to queue
[2025-09-08T03:18:57.833+0000] {logging_mixin.py:188} INFO - [2025-09-08T03:18:57.832+0000] {dagbag.py:538} INFO - Filling up the DagBag from /opt/airflow/dags/update_car_data_dag.py
[2025-09-08T03:18:57.851+0000] {processor.py:840} INFO - DAG(s) 'update_car_data' retrieved from /opt/airflow/dags/update_car_data_dag.py
[2025-09-08T03:18:57.881+0000] {logging_mixin.py:188} INFO - [2025-09-08T03:18:57.880+0000] {dag.py:3036} INFO - Sync 1 DAGs
[2025-09-08T03:18:57.902+0000] {logging_mixin.py:188} INFO - [2025-09-08T03:18:57.901+0000] {dag.py:3823} INFO - Setting next_dagrun for update_car_data to 2025-09-06 15:00:00+00:00, run_after=2025-09-07 15:00:00+00:00
[2025-09-08T03:18:57.910+0000] {processor.py:183} INFO - Processing /opt/airflow/dags/update_car_data_dag.py took 0.085 seconds
[2025-09-08T03:19:28.138+0000] {processor.py:161} INFO - Started process (PID=237) to work on /opt/airflow/dags/update_car_data_dag.py
[2025-09-08T03:19:28.139+0000] {processor.py:830} INFO - Processing file /opt/airflow/dags/update_car_data_dag.py for tasks to queue
[2025-09-08T03:19:28.141+0000] {logging_mixin.py:188} INFO - [2025-09-08T03:19:28.141+0000] {dagbag.py:538} INFO - Filling up the DagBag from /opt/airflow/dags/update_car_data_dag.py
[2025-09-08T03:19:28.160+0000] {processor.py:840} INFO - DAG(s) 'update_car_data' retrieved from /opt/airflow/dags/update_car_data_dag.py
[2025-09-08T03:19:28.183+0000] {logging_mixin.py:188} INFO - [2025-09-08T03:19:28.183+0000] {dag.py:3036} INFO - Sync 1 DAGs
[2025-09-08T03:19:28.200+0000] {logging_mixin.py:188} INFO - [2025-09-08T03:19:28.200+0000] {dag.py:3823} INFO - Setting next_dagrun for update_car_data to 2025-09-06 15:00:00+00:00, run_after=2025-09-07 15:00:00+00:00
[2025-09-08T03:19:28.209+0000] {processor.py:183} INFO - Processing /opt/airflow/dags/update_car_data_dag.py took 0.076 seconds
[2025-09-08T03:19:58.449+0000] {processor.py:161} INFO - Started process (PID=242) to work on /opt/airflow/dags/update_car_data_dag.py
[2025-09-08T03:19:58.453+0000] {processor.py:830} INFO - Processing file /opt/airflow/dags/update_car_data_dag.py for tasks to queue
[2025-09-08T03:19:58.454+0000] {logging_mixin.py:188} INFO - [2025-09-08T03:19:58.453+0000] {dagbag.py:538} INFO - Filling up the DagBag from /opt/airflow/dags/update_car_data_dag.py
[2025-09-08T03:19:58.479+0000] {processor.py:840} INFO - DAG(s) 'update_car_data' retrieved from /opt/airflow/dags/update_car_data_dag.py
[2025-09-08T03:19:58.508+0000] {logging_mixin.py:188} INFO - [2025-09-08T03:19:58.508+0000] {dag.py:3036} INFO - Sync 1 DAGs
[2025-09-08T03:19:58.522+0000] {logging_mixin.py:188} INFO - [2025-09-08T03:19:58.522+0000] {dag.py:3823} INFO - Setting next_dagrun for update_car_data to 2025-09-06 15:00:00+00:00, run_after=2025-09-07 15:00:00+00:00
[2025-09-08T03:19:58.536+0000] {processor.py:183} INFO - Processing /opt/airflow/dags/update_car_data_dag.py took 0.095 seconds
[2025-09-08T03:20:28.758+0000] {processor.py:161} INFO - Started process (PID=247) to work on /opt/airflow/dags/update_car_data_dag.py
[2025-09-08T03:20:28.760+0000] {processor.py:830} INFO - Processing file /opt/airflow/dags/update_car_data_dag.py for tasks to queue
[2025-09-08T03:20:28.761+0000] {logging_mixin.py:188} INFO - [2025-09-08T03:20:28.760+0000] {dagbag.py:538} INFO - Filling up the DagBag from /opt/airflow/dags/update_car_data_dag.py
[2025-09-08T03:20:28.773+0000] {processor.py:840} INFO - DAG(s) 'update_car_data' retrieved from /opt/airflow/dags/update_car_data_dag.py
[2025-09-08T03:20:28.792+0000] {logging_mixin.py:188} INFO - [2025-09-08T03:20:28.792+0000] {dag.py:3036} INFO - Sync 1 DAGs
[2025-09-08T03:20:28.804+0000] {logging_mixin.py:188} INFO - [2025-09-08T03:20:28.804+0000] {dag.py:3823} INFO - Setting next_dagrun for update_car_data to 2025-09-06 15:00:00+00:00, run_after=2025-09-07 15:00:00+00:00
[2025-09-08T03:20:28.812+0000] {processor.py:183} INFO - Processing /opt/airflow/dags/update_car_data_dag.py took 0.058 seconds
[2025-09-08T03:20:59.160+0000] {processor.py:161} INFO - Started process (PID=252) to work on /opt/airflow/dags/update_car_data_dag.py
[2025-09-08T03:20:59.162+0000] {processor.py:830} INFO - Processing file /opt/airflow/dags/update_car_data_dag.py for tasks to queue
[2025-09-08T03:20:59.163+0000] {logging_mixin.py:188} INFO - [2025-09-08T03:20:59.163+0000] {dagbag.py:538} INFO - Filling up the DagBag from /opt/airflow/dags/update_car_data_dag.py
[2025-09-08T03:20:59.179+0000] {processor.py:840} INFO - DAG(s) 'update_car_data' retrieved from /opt/airflow/dags/update_car_data_dag.py
[2025-09-08T03:20:59.210+0000] {logging_mixin.py:188} INFO - [2025-09-08T03:20:59.210+0000] {dag.py:3036} INFO - Sync 1 DAGs
[2025-09-08T03:20:59.225+0000] {logging_mixin.py:188} INFO - [2025-09-08T03:20:59.225+0000] {dag.py:3823} INFO - Setting next_dagrun for update_car_data to 2025-09-06 15:00:00+00:00, run_after=2025-09-07 15:00:00+00:00
[2025-09-08T03:20:59.234+0000] {processor.py:183} INFO - Processing /opt/airflow/dags/update_car_data_dag.py took 0.078 seconds
[2025-09-08T03:21:29.581+0000] {processor.py:161} INFO - Started process (PID=257) to work on /opt/airflow/dags/update_car_data_dag.py
[2025-09-08T03:21:29.583+0000] {processor.py:830} INFO - Processing file /opt/airflow/dags/update_car_data_dag.py for tasks to queue
[2025-09-08T03:21:29.584+0000] {logging_mixin.py:188} INFO - [2025-09-08T03:21:29.583+0000] {dagbag.py:538} INFO - Filling up the DagBag from /opt/airflow/dags/update_car_data_dag.py
[2025-09-08T03:21:29.600+0000] {processor.py:840} INFO - DAG(s) 'update_car_data' retrieved from /opt/airflow/dags/update_car_data_dag.py
[2025-09-08T03:21:29.634+0000] {logging_mixin.py:188} INFO - [2025-09-08T03:21:29.634+0000] {dag.py:3036} INFO - Sync 1 DAGs
[2025-09-08T03:21:29.650+0000] {logging_mixin.py:188} INFO - [2025-09-08T03:21:29.649+0000] {dag.py:3823} INFO - Setting next_dagrun for update_car_data to 2025-09-06 15:00:00+00:00, run_after=2025-09-07 15:00:00+00:00
[2025-09-08T03:21:29.659+0000] {processor.py:183} INFO - Processing /opt/airflow/dags/update_car_data_dag.py took 0.082 seconds
[2025-09-08T03:21:59.967+0000] {processor.py:161} INFO - Started process (PID=262) to work on /opt/airflow/dags/update_car_data_dag.py
[2025-09-08T03:21:59.968+0000] {processor.py:830} INFO - Processing file /opt/airflow/dags/update_car_data_dag.py for tasks to queue
[2025-09-08T03:21:59.969+0000] {logging_mixin.py:188} INFO - [2025-09-08T03:21:59.969+0000] {dagbag.py:538} INFO - Filling up the DagBag from /opt/airflow/dags/update_car_data_dag.py
[2025-09-08T03:21:59.986+0000] {processor.py:840} INFO - DAG(s) 'update_car_data' retrieved from /opt/airflow/dags/update_car_data_dag.py
[2025-09-08T03:22:00.016+0000] {logging_mixin.py:188} INFO - [2025-09-08T03:22:00.016+0000] {dag.py:3036} INFO - Sync 1 DAGs
[2025-09-08T03:22:00.036+0000] {logging_mixin.py:188} INFO - [2025-09-08T03:22:00.035+0000] {dag.py:3823} INFO - Setting next_dagrun for update_car_data to 2025-09-06 15:00:00+00:00, run_after=2025-09-07 15:00:00+00:00
[2025-09-08T03:22:00.046+0000] {processor.py:183} INFO - Processing /opt/airflow/dags/update_car_data_dag.py took 0.083 seconds
[2025-09-08T03:22:30.333+0000] {processor.py:161} INFO - Started process (PID=267) to work on /opt/airflow/dags/update_car_data_dag.py
[2025-09-08T03:22:30.336+0000] {processor.py:830} INFO - Processing file /opt/airflow/dags/update_car_data_dag.py for tasks to queue
[2025-09-08T03:22:30.337+0000] {logging_mixin.py:188} INFO - [2025-09-08T03:22:30.337+0000] {dagbag.py:538} INFO - Filling up the DagBag from /opt/airflow/dags/update_car_data_dag.py
[2025-09-08T03:22:30.357+0000] {processor.py:840} INFO - DAG(s) 'update_car_data' retrieved from /opt/airflow/dags/update_car_data_dag.py
[2025-09-08T03:22:30.389+0000] {logging_mixin.py:188} INFO - [2025-09-08T03:22:30.389+0000] {dag.py:3036} INFO - Sync 1 DAGs
[2025-09-08T03:22:30.404+0000] {logging_mixin.py:188} INFO - [2025-09-08T03:22:30.404+0000] {dag.py:3823} INFO - Setting next_dagrun for update_car_data to 2025-09-06 15:00:00+00:00, run_after=2025-09-07 15:00:00+00:00
[2025-09-08T03:22:30.414+0000] {processor.py:183} INFO - Processing /opt/airflow/dags/update_car_data_dag.py took 0.086 seconds
[2025-09-08T03:23:00.675+0000] {processor.py:161} INFO - Started process (PID=272) to work on /opt/airflow/dags/update_car_data_dag.py
[2025-09-08T03:23:00.676+0000] {processor.py:830} INFO - Processing file /opt/airflow/dags/update_car_data_dag.py for tasks to queue
[2025-09-08T03:23:00.677+0000] {logging_mixin.py:188} INFO - [2025-09-08T03:23:00.676+0000] {dagbag.py:538} INFO - Filling up the DagBag from /opt/airflow/dags/update_car_data_dag.py
[2025-09-08T03:23:00.695+0000] {processor.py:840} INFO - DAG(s) 'update_car_data' retrieved from /opt/airflow/dags/update_car_data_dag.py
[2025-09-08T03:23:00.728+0000] {logging_mixin.py:188} INFO - [2025-09-08T03:23:00.728+0000] {dag.py:3036} INFO - Sync 1 DAGs
[2025-09-08T03:23:00.742+0000] {logging_mixin.py:188} INFO - [2025-09-08T03:23:00.742+0000] {dag.py:3823} INFO - Setting next_dagrun for update_car_data to 2025-09-06 15:00:00+00:00, run_after=2025-09-07 15:00:00+00:00
[2025-09-08T03:23:00.751+0000] {processor.py:183} INFO - Processing /opt/airflow/dags/update_car_data_dag.py took 0.079 seconds
[2025-09-08T03:23:31.110+0000] {processor.py:161} INFO - Started process (PID=277) to work on /opt/airflow/dags/update_car_data_dag.py
[2025-09-08T03:23:31.111+0000] {processor.py:830} INFO - Processing file /opt/airflow/dags/update_car_data_dag.py for tasks to queue
[2025-09-08T03:23:31.112+0000] {logging_mixin.py:188} INFO - [2025-09-08T03:23:31.112+0000] {dagbag.py:538} INFO - Filling up the DagBag from /opt/airflow/dags/update_car_data_dag.py
[2025-09-08T03:23:31.130+0000] {processor.py:840} INFO - DAG(s) 'update_car_data' retrieved from /opt/airflow/dags/update_car_data_dag.py
[2025-09-08T03:23:31.159+0000] {logging_mixin.py:188} INFO - [2025-09-08T03:23:31.159+0000] {dag.py:3036} INFO - Sync 1 DAGs
[2025-09-08T03:23:31.175+0000] {logging_mixin.py:188} INFO - [2025-09-08T03:23:31.175+0000] {dag.py:3823} INFO - Setting next_dagrun for update_car_data to 2025-09-06 15:00:00+00:00, run_after=2025-09-07 15:00:00+00:00
[2025-09-08T03:23:31.184+0000] {processor.py:183} INFO - Processing /opt/airflow/dags/update_car_data_dag.py took 0.079 seconds
[2025-09-08T03:24:01.444+0000] {processor.py:161} INFO - Started process (PID=282) to work on /opt/airflow/dags/update_car_data_dag.py
[2025-09-08T03:24:01.446+0000] {processor.py:830} INFO - Processing file /opt/airflow/dags/update_car_data_dag.py for tasks to queue
[2025-09-08T03:24:01.447+0000] {logging_mixin.py:188} INFO - [2025-09-08T03:24:01.446+0000] {dagbag.py:538} INFO - Filling up the DagBag from /opt/airflow/dags/update_car_data_dag.py
[2025-09-08T03:24:01.467+0000] {processor.py:840} INFO - DAG(s) 'update_car_data' retrieved from /opt/airflow/dags/update_car_data_dag.py
[2025-09-08T03:24:01.495+0000] {logging_mixin.py:188} INFO - [2025-09-08T03:24:01.495+0000] {dag.py:3036} INFO - Sync 1 DAGs
[2025-09-08T03:24:01.512+0000] {logging_mixin.py:188} INFO - [2025-09-08T03:24:01.512+0000] {dag.py:3823} INFO - Setting next_dagrun for update_car_data to 2025-09-06 15:00:00+00:00, run_after=2025-09-07 15:00:00+00:00
[2025-09-08T03:24:01.521+0000] {processor.py:183} INFO - Processing /opt/airflow/dags/update_car_data_dag.py took 0.086 seconds
[2025-09-08T03:24:31.804+0000] {processor.py:161} INFO - Started process (PID=287) to work on /opt/airflow/dags/update_car_data_dag.py
[2025-09-08T03:24:31.807+0000] {processor.py:830} INFO - Processing file /opt/airflow/dags/update_car_data_dag.py for tasks to queue
[2025-09-08T03:24:31.808+0000] {logging_mixin.py:188} INFO - [2025-09-08T03:24:31.808+0000] {dagbag.py:538} INFO - Filling up the DagBag from /opt/airflow/dags/update_car_data_dag.py
[2025-09-08T03:24:31.828+0000] {processor.py:840} INFO - DAG(s) 'update_car_data' retrieved from /opt/airflow/dags/update_car_data_dag.py
[2025-09-08T03:24:31.856+0000] {logging_mixin.py:188} INFO - [2025-09-08T03:24:31.856+0000] {dag.py:3036} INFO - Sync 1 DAGs
[2025-09-08T03:24:31.872+0000] {logging_mixin.py:188} INFO - [2025-09-08T03:24:31.872+0000] {dag.py:3823} INFO - Setting next_dagrun for update_car_data to 2025-09-06 15:00:00+00:00, run_after=2025-09-07 15:00:00+00:00
[2025-09-08T03:24:31.881+0000] {processor.py:183} INFO - Processing /opt/airflow/dags/update_car_data_dag.py took 0.082 seconds
[2025-09-08T03:25:02.244+0000] {processor.py:161} INFO - Started process (PID=292) to work on /opt/airflow/dags/update_car_data_dag.py
[2025-09-08T03:25:02.247+0000] {processor.py:830} INFO - Processing file /opt/airflow/dags/update_car_data_dag.py for tasks to queue
[2025-09-08T03:25:02.248+0000] {logging_mixin.py:188} INFO - [2025-09-08T03:25:02.248+0000] {dagbag.py:538} INFO - Filling up the DagBag from /opt/airflow/dags/update_car_data_dag.py
[2025-09-08T03:25:02.270+0000] {processor.py:840} INFO - DAG(s) 'update_car_data' retrieved from /opt/airflow/dags/update_car_data_dag.py
[2025-09-08T03:25:02.296+0000] {logging_mixin.py:188} INFO - [2025-09-08T03:25:02.296+0000] {dag.py:3036} INFO - Sync 1 DAGs
[2025-09-08T03:25:02.310+0000] {logging_mixin.py:188} INFO - [2025-09-08T03:25:02.310+0000] {dag.py:3823} INFO - Setting next_dagrun for update_car_data to 2025-09-06 15:00:00+00:00, run_after=2025-09-07 15:00:00+00:00
[2025-09-08T03:25:02.319+0000] {processor.py:183} INFO - Processing /opt/airflow/dags/update_car_data_dag.py took 0.081 seconds
[2025-09-08T03:25:32.598+0000] {processor.py:161} INFO - Started process (PID=297) to work on /opt/airflow/dags/update_car_data_dag.py
[2025-09-08T03:25:32.599+0000] {processor.py:830} INFO - Processing file /opt/airflow/dags/update_car_data_dag.py for tasks to queue
[2025-09-08T03:25:32.600+0000] {logging_mixin.py:188} INFO - [2025-09-08T03:25:32.600+0000] {dagbag.py:538} INFO - Filling up the DagBag from /opt/airflow/dags/update_car_data_dag.py
[2025-09-08T03:25:32.617+0000] {processor.py:840} INFO - DAG(s) 'update_car_data' retrieved from /opt/airflow/dags/update_car_data_dag.py
[2025-09-08T03:25:32.648+0000] {logging_mixin.py:188} INFO - [2025-09-08T03:25:32.648+0000] {dag.py:3036} INFO - Sync 1 DAGs
[2025-09-08T03:25:32.663+0000] {logging_mixin.py:188} INFO - [2025-09-08T03:25:32.663+0000] {dag.py:3823} INFO - Setting next_dagrun for update_car_data to 2025-09-06 15:00:00+00:00, run_after=2025-09-07 15:00:00+00:00
[2025-09-08T03:25:32.673+0000] {processor.py:183} INFO - Processing /opt/airflow/dags/update_car_data_dag.py took 0.082 seconds
[2025-09-08T03:26:02.891+0000] {processor.py:161} INFO - Started process (PID=302) to work on /opt/airflow/dags/update_car_data_dag.py
[2025-09-08T03:26:02.893+0000] {processor.py:830} INFO - Processing file /opt/airflow/dags/update_car_data_dag.py for tasks to queue
[2025-09-08T03:26:02.896+0000] {logging_mixin.py:188} INFO - [2025-09-08T03:26:02.895+0000] {dagbag.py:538} INFO - Filling up the DagBag from /opt/airflow/dags/update_car_data_dag.py
[2025-09-08T03:26:02.914+0000] {processor.py:840} INFO - DAG(s) 'update_car_data' retrieved from /opt/airflow/dags/update_car_data_dag.py
[2025-09-08T03:26:02.946+0000] {logging_mixin.py:188} INFO - [2025-09-08T03:26:02.946+0000] {dag.py:3036} INFO - Sync 1 DAGs
[2025-09-08T03:26:02.966+0000] {logging_mixin.py:188} INFO - [2025-09-08T03:26:02.966+0000] {dag.py:3823} INFO - Setting next_dagrun for update_car_data to 2025-09-06 15:00:00+00:00, run_after=2025-09-07 15:00:00+00:00
[2025-09-08T03:26:02.977+0000] {processor.py:183} INFO - Processing /opt/airflow/dags/update_car_data_dag.py took 0.091 seconds
[2025-09-08T03:26:33.227+0000] {processor.py:161} INFO - Started process (PID=307) to work on /opt/airflow/dags/update_car_data_dag.py
[2025-09-08T03:26:33.228+0000] {processor.py:830} INFO - Processing file /opt/airflow/dags/update_car_data_dag.py for tasks to queue
[2025-09-08T03:26:33.229+0000] {logging_mixin.py:188} INFO - [2025-09-08T03:26:33.229+0000] {dagbag.py:538} INFO - Filling up the DagBag from /opt/airflow/dags/update_car_data_dag.py
[2025-09-08T03:26:33.244+0000] {processor.py:840} INFO - DAG(s) 'update_car_data' retrieved from /opt/airflow/dags/update_car_data_dag.py
[2025-09-08T03:26:33.264+0000] {logging_mixin.py:188} INFO - [2025-09-08T03:26:33.264+0000] {dag.py:3036} INFO - Sync 1 DAGs
[2025-09-08T03:26:33.277+0000] {logging_mixin.py:188} INFO - [2025-09-08T03:26:33.277+0000] {dag.py:3823} INFO - Setting next_dagrun for update_car_data to 2025-09-06 15:00:00+00:00, run_after=2025-09-07 15:00:00+00:00
[2025-09-08T03:26:33.286+0000] {processor.py:183} INFO - Processing /opt/airflow/dags/update_car_data_dag.py took 0.064 seconds
[2025-09-08T03:27:03.623+0000] {processor.py:161} INFO - Started process (PID=312) to work on /opt/airflow/dags/update_car_data_dag.py
[2025-09-08T03:27:03.624+0000] {processor.py:830} INFO - Processing file /opt/airflow/dags/update_car_data_dag.py for tasks to queue
[2025-09-08T03:27:03.627+0000] {logging_mixin.py:188} INFO - [2025-09-08T03:27:03.626+0000] {dagbag.py:538} INFO - Filling up the DagBag from /opt/airflow/dags/update_car_data_dag.py
[2025-09-08T03:27:03.644+0000] {processor.py:840} INFO - DAG(s) 'update_car_data' retrieved from /opt/airflow/dags/update_car_data_dag.py
[2025-09-08T03:27:03.678+0000] {logging_mixin.py:188} INFO - [2025-09-08T03:27:03.678+0000] {dag.py:3036} INFO - Sync 1 DAGs
[2025-09-08T03:27:03.694+0000] {logging_mixin.py:188} INFO - [2025-09-08T03:27:03.694+0000] {dag.py:3823} INFO - Setting next_dagrun for update_car_data to 2025-09-06 15:00:00+00:00, run_after=2025-09-07 15:00:00+00:00
[2025-09-08T03:27:03.703+0000] {processor.py:183} INFO - Processing /opt/airflow/dags/update_car_data_dag.py took 0.084 seconds
[2025-09-08T03:27:33.975+0000] {processor.py:161} INFO - Started process (PID=317) to work on /opt/airflow/dags/update_car_data_dag.py
[2025-09-08T03:27:33.976+0000] {processor.py:830} INFO - Processing file /opt/airflow/dags/update_car_data_dag.py for tasks to queue
[2025-09-08T03:27:33.977+0000] {logging_mixin.py:188} INFO - [2025-09-08T03:27:33.976+0000] {dagbag.py:538} INFO - Filling up the DagBag from /opt/airflow/dags/update_car_data_dag.py
[2025-09-08T03:27:33.994+0000] {processor.py:840} INFO - DAG(s) 'update_car_data' retrieved from /opt/airflow/dags/update_car_data_dag.py
[2025-09-08T03:27:34.026+0000] {logging_mixin.py:188} INFO - [2025-09-08T03:27:34.026+0000] {dag.py:3036} INFO - Sync 1 DAGs
[2025-09-08T03:27:34.044+0000] {logging_mixin.py:188} INFO - [2025-09-08T03:27:34.044+0000] {dag.py:3823} INFO - Setting next_dagrun for update_car_data to 2025-09-06 15:00:00+00:00, run_after=2025-09-07 15:00:00+00:00
[2025-09-08T03:27:34.056+0000] {processor.py:183} INFO - Processing /opt/airflow/dags/update_car_data_dag.py took 0.086 seconds
[2025-09-08T03:28:04.335+0000] {processor.py:161} INFO - Started process (PID=322) to work on /opt/airflow/dags/update_car_data_dag.py
[2025-09-08T03:28:04.338+0000] {processor.py:830} INFO - Processing file /opt/airflow/dags/update_car_data_dag.py for tasks to queue
[2025-09-08T03:28:04.339+0000] {logging_mixin.py:188} INFO - [2025-09-08T03:28:04.338+0000] {dagbag.py:538} INFO - Filling up the DagBag from /opt/airflow/dags/update_car_data_dag.py
[2025-09-08T03:28:04.366+0000] {processor.py:840} INFO - DAG(s) 'update_car_data' retrieved from /opt/airflow/dags/update_car_data_dag.py
[2025-09-08T03:28:04.395+0000] {logging_mixin.py:188} INFO - [2025-09-08T03:28:04.395+0000] {dag.py:3036} INFO - Sync 1 DAGs
[2025-09-08T03:28:04.413+0000] {logging_mixin.py:188} INFO - [2025-09-08T03:28:04.413+0000] {dag.py:3823} INFO - Setting next_dagrun for update_car_data to 2025-09-06 15:00:00+00:00, run_after=2025-09-07 15:00:00+00:00
[2025-09-08T03:28:04.421+0000] {processor.py:183} INFO - Processing /opt/airflow/dags/update_car_data_dag.py took 0.095 seconds
[2025-09-08T03:28:34.713+0000] {processor.py:161} INFO - Started process (PID=327) to work on /opt/airflow/dags/update_car_data_dag.py
[2025-09-08T03:28:34.716+0000] {processor.py:830} INFO - Processing file /opt/airflow/dags/update_car_data_dag.py for tasks to queue
[2025-09-08T03:28:34.717+0000] {logging_mixin.py:188} INFO - [2025-09-08T03:28:34.717+0000] {dagbag.py:538} INFO - Filling up the DagBag from /opt/airflow/dags/update_car_data_dag.py
[2025-09-08T03:28:34.737+0000] {processor.py:840} INFO - DAG(s) 'update_car_data' retrieved from /opt/airflow/dags/update_car_data_dag.py
[2025-09-08T03:28:34.766+0000] {logging_mixin.py:188} INFO - [2025-09-08T03:28:34.765+0000] {dag.py:3036} INFO - Sync 1 DAGs
[2025-09-08T03:28:34.782+0000] {logging_mixin.py:188} INFO - [2025-09-08T03:28:34.782+0000] {dag.py:3823} INFO - Setting next_dagrun for update_car_data to 2025-09-06 15:00:00+00:00, run_after=2025-09-07 15:00:00+00:00
[2025-09-08T03:28:34.790+0000] {processor.py:183} INFO - Processing /opt/airflow/dags/update_car_data_dag.py took 0.082 seconds
[2025-09-08T03:29:05.054+0000] {processor.py:161} INFO - Started process (PID=332) to work on /opt/airflow/dags/update_car_data_dag.py
[2025-09-08T03:29:05.057+0000] {processor.py:830} INFO - Processing file /opt/airflow/dags/update_car_data_dag.py for tasks to queue
[2025-09-08T03:29:05.059+0000] {logging_mixin.py:188} INFO - [2025-09-08T03:29:05.059+0000] {dagbag.py:538} INFO - Filling up the DagBag from /opt/airflow/dags/update_car_data_dag.py
[2025-09-08T03:29:05.075+0000] {processor.py:840} INFO - DAG(s) 'update_car_data' retrieved from /opt/airflow/dags/update_car_data_dag.py
[2025-09-08T03:29:05.109+0000] {logging_mixin.py:188} INFO - [2025-09-08T03:29:05.109+0000] {dag.py:3036} INFO - Sync 1 DAGs
[2025-09-08T03:29:05.124+0000] {logging_mixin.py:188} INFO - [2025-09-08T03:29:05.124+0000] {dag.py:3823} INFO - Setting next_dagrun for update_car_data to 2025-09-06 15:00:00+00:00, run_after=2025-09-07 15:00:00+00:00
[2025-09-08T03:29:05.133+0000] {processor.py:183} INFO - Processing /opt/airflow/dags/update_car_data_dag.py took 0.083 seconds
[2025-09-08T03:29:35.408+0000] {processor.py:161} INFO - Started process (PID=337) to work on /opt/airflow/dags/update_car_data_dag.py
[2025-09-08T03:29:35.410+0000] {processor.py:830} INFO - Processing file /opt/airflow/dags/update_car_data_dag.py for tasks to queue
[2025-09-08T03:29:35.411+0000] {logging_mixin.py:188} INFO - [2025-09-08T03:29:35.411+0000] {dagbag.py:538} INFO - Filling up the DagBag from /opt/airflow/dags/update_car_data_dag.py
[2025-09-08T03:29:35.430+0000] {processor.py:840} INFO - DAG(s) 'update_car_data' retrieved from /opt/airflow/dags/update_car_data_dag.py
[2025-09-08T03:29:35.458+0000] {logging_mixin.py:188} INFO - [2025-09-08T03:29:35.458+0000] {dag.py:3036} INFO - Sync 1 DAGs
[2025-09-08T03:29:35.473+0000] {logging_mixin.py:188} INFO - [2025-09-08T03:29:35.473+0000] {dag.py:3823} INFO - Setting next_dagrun for update_car_data to 2025-09-06 15:00:00+00:00, run_after=2025-09-07 15:00:00+00:00
[2025-09-08T03:29:35.482+0000] {processor.py:183} INFO - Processing /opt/airflow/dags/update_car_data_dag.py took 0.079 seconds
[2025-09-08T03:30:05.874+0000] {processor.py:161} INFO - Started process (PID=342) to work on /opt/airflow/dags/update_car_data_dag.py
[2025-09-08T03:30:05.876+0000] {processor.py:830} INFO - Processing file /opt/airflow/dags/update_car_data_dag.py for tasks to queue
[2025-09-08T03:30:05.879+0000] {logging_mixin.py:188} INFO - [2025-09-08T03:30:05.879+0000] {dagbag.py:538} INFO - Filling up the DagBag from /opt/airflow/dags/update_car_data_dag.py
[2025-09-08T03:30:05.900+0000] {processor.py:840} INFO - DAG(s) 'update_car_data' retrieved from /opt/airflow/dags/update_car_data_dag.py
[2025-09-08T03:30:05.932+0000] {logging_mixin.py:188} INFO - [2025-09-08T03:30:05.932+0000] {dag.py:3036} INFO - Sync 1 DAGs
[2025-09-08T03:30:05.950+0000] {logging_mixin.py:188} INFO - [2025-09-08T03:30:05.950+0000] {dag.py:3823} INFO - Setting next_dagrun for update_car_data to 2025-09-06 15:00:00+00:00, run_after=2025-09-07 15:00:00+00:00
[2025-09-08T03:30:05.959+0000] {processor.py:183} INFO - Processing /opt/airflow/dags/update_car_data_dag.py took 0.090 seconds
[2025-09-08T03:30:36.217+0000] {processor.py:161} INFO - Started process (PID=347) to work on /opt/airflow/dags/update_car_data_dag.py
[2025-09-08T03:30:36.218+0000] {processor.py:830} INFO - Processing file /opt/airflow/dags/update_car_data_dag.py for tasks to queue
[2025-09-08T03:30:36.219+0000] {logging_mixin.py:188} INFO - [2025-09-08T03:30:36.219+0000] {dagbag.py:538} INFO - Filling up the DagBag from /opt/airflow/dags/update_car_data_dag.py
[2025-09-08T03:30:36.238+0000] {processor.py:840} INFO - DAG(s) 'update_car_data' retrieved from /opt/airflow/dags/update_car_data_dag.py
[2025-09-08T03:30:36.271+0000] {logging_mixin.py:188} INFO - [2025-09-08T03:30:36.271+0000] {dag.py:3036} INFO - Sync 1 DAGs
[2025-09-08T03:30:36.286+0000] {logging_mixin.py:188} INFO - [2025-09-08T03:30:36.286+0000] {dag.py:3823} INFO - Setting next_dagrun for update_car_data to 2025-09-06 15:00:00+00:00, run_after=2025-09-07 15:00:00+00:00
[2025-09-08T03:30:36.294+0000] {processor.py:183} INFO - Processing /opt/airflow/dags/update_car_data_dag.py took 0.078 seconds
[2025-09-08T03:31:06.603+0000] {processor.py:161} INFO - Started process (PID=352) to work on /opt/airflow/dags/update_car_data_dag.py
[2025-09-08T03:31:06.605+0000] {processor.py:830} INFO - Processing file /opt/airflow/dags/update_car_data_dag.py for tasks to queue
[2025-09-08T03:31:06.606+0000] {logging_mixin.py:188} INFO - [2025-09-08T03:31:06.605+0000] {dagbag.py:538} INFO - Filling up the DagBag from /opt/airflow/dags/update_car_data_dag.py
[2025-09-08T03:31:06.638+0000] {processor.py:840} INFO - DAG(s) 'update_car_data' retrieved from /opt/airflow/dags/update_car_data_dag.py
[2025-09-08T03:31:06.674+0000] {logging_mixin.py:188} INFO - [2025-09-08T03:31:06.674+0000] {dag.py:3036} INFO - Sync 1 DAGs
[2025-09-08T03:31:06.692+0000] {logging_mixin.py:188} INFO - [2025-09-08T03:31:06.692+0000] {dag.py:3823} INFO - Setting next_dagrun for update_car_data to 2025-09-06 15:00:00+00:00, run_after=2025-09-07 15:00:00+00:00
[2025-09-08T03:31:06.704+0000] {processor.py:183} INFO - Processing /opt/airflow/dags/update_car_data_dag.py took 0.107 seconds
[2025-09-08T03:31:36.987+0000] {processor.py:161} INFO - Started process (PID=357) to work on /opt/airflow/dags/update_car_data_dag.py
[2025-09-08T03:31:36.991+0000] {processor.py:830} INFO - Processing file /opt/airflow/dags/update_car_data_dag.py for tasks to queue
[2025-09-08T03:31:36.992+0000] {logging_mixin.py:188} INFO - [2025-09-08T03:31:36.992+0000] {dagbag.py:538} INFO - Filling up the DagBag from /opt/airflow/dags/update_car_data_dag.py
[2025-09-08T03:31:37.012+0000] {processor.py:840} INFO - DAG(s) 'update_car_data' retrieved from /opt/airflow/dags/update_car_data_dag.py
[2025-09-08T03:31:37.040+0000] {logging_mixin.py:188} INFO - [2025-09-08T03:31:37.040+0000] {dag.py:3036} INFO - Sync 1 DAGs
[2025-09-08T03:31:37.056+0000] {logging_mixin.py:188} INFO - [2025-09-08T03:31:37.056+0000] {dag.py:3823} INFO - Setting next_dagrun for update_car_data to 2025-09-06 15:00:00+00:00, run_after=2025-09-07 15:00:00+00:00
[2025-09-08T03:31:37.065+0000] {processor.py:183} INFO - Processing /opt/airflow/dags/update_car_data_dag.py took 0.082 seconds
[2025-09-08T03:32:07.425+0000] {processor.py:161} INFO - Started process (PID=362) to work on /opt/airflow/dags/update_car_data_dag.py
[2025-09-08T03:32:07.427+0000] {processor.py:830} INFO - Processing file /opt/airflow/dags/update_car_data_dag.py for tasks to queue
[2025-09-08T03:32:07.428+0000] {logging_mixin.py:188} INFO - [2025-09-08T03:32:07.428+0000] {dagbag.py:538} INFO - Filling up the DagBag from /opt/airflow/dags/update_car_data_dag.py
[2025-09-08T03:32:07.445+0000] {processor.py:840} INFO - DAG(s) 'update_car_data' retrieved from /opt/airflow/dags/update_car_data_dag.py
[2025-09-08T03:32:07.479+0000] {logging_mixin.py:188} INFO - [2025-09-08T03:32:07.479+0000] {dag.py:3036} INFO - Sync 1 DAGs
[2025-09-08T03:32:07.494+0000] {logging_mixin.py:188} INFO - [2025-09-08T03:32:07.494+0000] {dag.py:3823} INFO - Setting next_dagrun for update_car_data to 2025-09-06 15:00:00+00:00, run_after=2025-09-07 15:00:00+00:00
[2025-09-08T03:32:07.504+0000] {processor.py:183} INFO - Processing /opt/airflow/dags/update_car_data_dag.py took 0.086 seconds
[2025-09-08T03:32:37.843+0000] {processor.py:161} INFO - Started process (PID=367) to work on /opt/airflow/dags/update_car_data_dag.py
[2025-09-08T03:32:37.845+0000] {processor.py:830} INFO - Processing file /opt/airflow/dags/update_car_data_dag.py for tasks to queue
[2025-09-08T03:32:37.846+0000] {logging_mixin.py:188} INFO - [2025-09-08T03:32:37.846+0000] {dagbag.py:538} INFO - Filling up the DagBag from /opt/airflow/dags/update_car_data_dag.py
[2025-09-08T03:32:37.867+0000] {processor.py:840} INFO - DAG(s) 'update_car_data' retrieved from /opt/airflow/dags/update_car_data_dag.py
[2025-09-08T03:32:37.900+0000] {logging_mixin.py:188} INFO - [2025-09-08T03:32:37.899+0000] {dag.py:3036} INFO - Sync 1 DAGs
[2025-09-08T03:32:37.914+0000] {logging_mixin.py:188} INFO - [2025-09-08T03:32:37.914+0000] {dag.py:3823} INFO - Setting next_dagrun for update_car_data to 2025-09-06 15:00:00+00:00, run_after=2025-09-07 15:00:00+00:00
[2025-09-08T03:32:37.924+0000] {processor.py:183} INFO - Processing /opt/airflow/dags/update_car_data_dag.py took 0.086 seconds
[2025-09-08T03:33:08.179+0000] {processor.py:161} INFO - Started process (PID=372) to work on /opt/airflow/dags/update_car_data_dag.py
[2025-09-08T03:33:08.181+0000] {processor.py:830} INFO - Processing file /opt/airflow/dags/update_car_data_dag.py for tasks to queue
[2025-09-08T03:33:08.184+0000] {logging_mixin.py:188} INFO - [2025-09-08T03:33:08.184+0000] {dagbag.py:538} INFO - Filling up the DagBag from /opt/airflow/dags/update_car_data_dag.py
[2025-09-08T03:33:08.202+0000] {processor.py:840} INFO - DAG(s) 'update_car_data' retrieved from /opt/airflow/dags/update_car_data_dag.py
[2025-09-08T03:33:08.230+0000] {logging_mixin.py:188} INFO - [2025-09-08T03:33:08.230+0000] {dag.py:3036} INFO - Sync 1 DAGs
[2025-09-08T03:33:08.248+0000] {logging_mixin.py:188} INFO - [2025-09-08T03:33:08.248+0000] {dag.py:3823} INFO - Setting next_dagrun for update_car_data to 2025-09-06 15:00:00+00:00, run_after=2025-09-07 15:00:00+00:00
[2025-09-08T03:33:08.259+0000] {processor.py:183} INFO - Processing /opt/airflow/dags/update_car_data_dag.py took 0.085 seconds
[2025-09-08T03:33:38.507+0000] {processor.py:161} INFO - Started process (PID=377) to work on /opt/airflow/dags/update_car_data_dag.py
[2025-09-08T03:33:38.508+0000] {processor.py:830} INFO - Processing file /opt/airflow/dags/update_car_data_dag.py for tasks to queue
[2025-09-08T03:33:38.509+0000] {logging_mixin.py:188} INFO - [2025-09-08T03:33:38.509+0000] {dagbag.py:538} INFO - Filling up the DagBag from /opt/airflow/dags/update_car_data_dag.py
[2025-09-08T03:33:38.527+0000] {processor.py:840} INFO - DAG(s) 'update_car_data' retrieved from /opt/airflow/dags/update_car_data_dag.py
[2025-09-08T03:33:38.555+0000] {logging_mixin.py:188} INFO - [2025-09-08T03:33:38.555+0000] {dag.py:3036} INFO - Sync 1 DAGs
[2025-09-08T03:33:38.568+0000] {logging_mixin.py:188} INFO - [2025-09-08T03:33:38.568+0000] {dag.py:3823} INFO - Setting next_dagrun for update_car_data to 2025-09-06 15:00:00+00:00, run_after=2025-09-07 15:00:00+00:00
[2025-09-08T03:33:38.576+0000] {processor.py:183} INFO - Processing /opt/airflow/dags/update_car_data_dag.py took 0.079 seconds
[2025-09-08T03:34:08.822+0000] {processor.py:161} INFO - Started process (PID=382) to work on /opt/airflow/dags/update_car_data_dag.py
[2025-09-08T03:34:08.824+0000] {processor.py:830} INFO - Processing file /opt/airflow/dags/update_car_data_dag.py for tasks to queue
[2025-09-08T03:34:08.824+0000] {logging_mixin.py:188} INFO - [2025-09-08T03:34:08.824+0000] {dagbag.py:538} INFO - Filling up the DagBag from /opt/airflow/dags/update_car_data_dag.py
[2025-09-08T03:34:08.843+0000] {processor.py:840} INFO - DAG(s) 'update_car_data' retrieved from /opt/airflow/dags/update_car_data_dag.py
[2025-09-08T03:34:08.872+0000] {logging_mixin.py:188} INFO - [2025-09-08T03:34:08.872+0000] {dag.py:3036} INFO - Sync 1 DAGs
[2025-09-08T03:34:08.886+0000] {logging_mixin.py:188} INFO - [2025-09-08T03:34:08.886+0000] {dag.py:3823} INFO - Setting next_dagrun for update_car_data to 2025-09-06 15:00:00+00:00, run_after=2025-09-07 15:00:00+00:00
[2025-09-08T03:34:08.895+0000] {processor.py:183} INFO - Processing /opt/airflow/dags/update_car_data_dag.py took 0.077 seconds
[2025-09-08T03:34:39.106+0000] {processor.py:161} INFO - Started process (PID=387) to work on /opt/airflow/dags/update_car_data_dag.py
[2025-09-08T03:34:39.108+0000] {processor.py:830} INFO - Processing file /opt/airflow/dags/update_car_data_dag.py for tasks to queue
[2025-09-08T03:34:39.109+0000] {logging_mixin.py:188} INFO - [2025-09-08T03:34:39.108+0000] {dagbag.py:538} INFO - Filling up the DagBag from /opt/airflow/dags/update_car_data_dag.py
[2025-09-08T03:34:39.125+0000] {processor.py:840} INFO - DAG(s) 'update_car_data' retrieved from /opt/airflow/dags/update_car_data_dag.py
[2025-09-08T03:34:39.147+0000] {logging_mixin.py:188} INFO - [2025-09-08T03:34:39.147+0000] {dag.py:3036} INFO - Sync 1 DAGs
[2025-09-08T03:34:39.160+0000] {logging_mixin.py:188} INFO - [2025-09-08T03:34:39.160+0000] {dag.py:3823} INFO - Setting next_dagrun for update_car_data to 2025-09-06 15:00:00+00:00, run_after=2025-09-07 15:00:00+00:00
[2025-09-08T03:34:39.168+0000] {processor.py:183} INFO - Processing /opt/airflow/dags/update_car_data_dag.py took 0.068 seconds
[2025-09-08T03:35:09.510+0000] {processor.py:161} INFO - Started process (PID=392) to work on /opt/airflow/dags/update_car_data_dag.py
[2025-09-08T03:35:09.512+0000] {processor.py:830} INFO - Processing file /opt/airflow/dags/update_car_data_dag.py for tasks to queue
[2025-09-08T03:35:09.513+0000] {logging_mixin.py:188} INFO - [2025-09-08T03:35:09.513+0000] {dagbag.py:538} INFO - Filling up the DagBag from /opt/airflow/dags/update_car_data_dag.py
[2025-09-08T03:35:09.535+0000] {processor.py:840} INFO - DAG(s) 'update_car_data' retrieved from /opt/airflow/dags/update_car_data_dag.py
[2025-09-08T03:35:09.561+0000] {logging_mixin.py:188} INFO - [2025-09-08T03:35:09.561+0000] {dag.py:3036} INFO - Sync 1 DAGs
[2025-09-08T03:35:09.577+0000] {logging_mixin.py:188} INFO - [2025-09-08T03:35:09.577+0000] {dag.py:3823} INFO - Setting next_dagrun for update_car_data to 2025-09-06 15:00:00+00:00, run_after=2025-09-07 15:00:00+00:00
[2025-09-08T03:35:09.586+0000] {processor.py:183} INFO - Processing /opt/airflow/dags/update_car_data_dag.py took 0.083 seconds
[2025-09-08T03:35:39.894+0000] {processor.py:161} INFO - Started process (PID=397) to work on /opt/airflow/dags/update_car_data_dag.py
[2025-09-08T03:35:39.896+0000] {processor.py:830} INFO - Processing file /opt/airflow/dags/update_car_data_dag.py for tasks to queue
[2025-09-08T03:35:39.897+0000] {logging_mixin.py:188} INFO - [2025-09-08T03:35:39.897+0000] {dagbag.py:538} INFO - Filling up the DagBag from /opt/airflow/dags/update_car_data_dag.py
[2025-09-08T03:35:39.915+0000] {processor.py:840} INFO - DAG(s) 'update_car_data' retrieved from /opt/airflow/dags/update_car_data_dag.py
[2025-09-08T03:35:39.938+0000] {logging_mixin.py:188} INFO - [2025-09-08T03:35:39.938+0000] {dag.py:3036} INFO - Sync 1 DAGs
[2025-09-08T03:35:39.951+0000] {logging_mixin.py:188} INFO - [2025-09-08T03:35:39.951+0000] {dag.py:3823} INFO - Setting next_dagrun for update_car_data to 2025-09-06 15:00:00+00:00, run_after=2025-09-07 15:00:00+00:00
[2025-09-08T03:35:39.960+0000] {processor.py:183} INFO - Processing /opt/airflow/dags/update_car_data_dag.py took 0.072 seconds
[2025-09-08T03:36:10.220+0000] {processor.py:161} INFO - Started process (PID=402) to work on /opt/airflow/dags/update_car_data_dag.py
[2025-09-08T03:36:10.222+0000] {processor.py:830} INFO - Processing file /opt/airflow/dags/update_car_data_dag.py for tasks to queue
[2025-09-08T03:36:10.223+0000] {logging_mixin.py:188} INFO - [2025-09-08T03:36:10.222+0000] {dagbag.py:538} INFO - Filling up the DagBag from /opt/airflow/dags/update_car_data_dag.py
[2025-09-08T03:36:10.234+0000] {processor.py:840} INFO - DAG(s) 'update_car_data' retrieved from /opt/airflow/dags/update_car_data_dag.py
[2025-09-08T03:36:10.254+0000] {logging_mixin.py:188} INFO - [2025-09-08T03:36:10.254+0000] {dag.py:3036} INFO - Sync 1 DAGs
[2025-09-08T03:36:10.268+0000] {logging_mixin.py:188} INFO - [2025-09-08T03:36:10.268+0000] {dag.py:3823} INFO - Setting next_dagrun for update_car_data to 2025-09-06 15:00:00+00:00, run_after=2025-09-07 15:00:00+00:00
[2025-09-08T03:36:10.275+0000] {processor.py:183} INFO - Processing /opt/airflow/dags/update_car_data_dag.py took 0.060 seconds
[2025-09-08T03:36:40.595+0000] {processor.py:161} INFO - Started process (PID=407) to work on /opt/airflow/dags/update_car_data_dag.py
[2025-09-08T03:36:40.596+0000] {processor.py:830} INFO - Processing file /opt/airflow/dags/update_car_data_dag.py for tasks to queue
[2025-09-08T03:36:40.597+0000] {logging_mixin.py:188} INFO - [2025-09-08T03:36:40.597+0000] {dagbag.py:538} INFO - Filling up the DagBag from /opt/airflow/dags/update_car_data_dag.py
[2025-09-08T03:36:40.616+0000] {processor.py:840} INFO - DAG(s) 'update_car_data' retrieved from /opt/airflow/dags/update_car_data_dag.py
[2025-09-08T03:36:40.642+0000] {logging_mixin.py:188} INFO - [2025-09-08T03:36:40.642+0000] {dag.py:3036} INFO - Sync 1 DAGs
[2025-09-08T03:36:40.656+0000] {logging_mixin.py:188} INFO - [2025-09-08T03:36:40.656+0000] {dag.py:3823} INFO - Setting next_dagrun for update_car_data to 2025-09-06 15:00:00+00:00, run_after=2025-09-07 15:00:00+00:00
[2025-09-08T03:36:40.665+0000] {processor.py:183} INFO - Processing /opt/airflow/dags/update_car_data_dag.py took 0.074 seconds
[2025-09-08T03:37:10.947+0000] {processor.py:161} INFO - Started process (PID=412) to work on /opt/airflow/dags/update_car_data_dag.py
[2025-09-08T03:37:10.949+0000] {processor.py:830} INFO - Processing file /opt/airflow/dags/update_car_data_dag.py for tasks to queue
[2025-09-08T03:37:10.950+0000] {logging_mixin.py:188} INFO - [2025-09-08T03:37:10.950+0000] {dagbag.py:538} INFO - Filling up the DagBag from /opt/airflow/dags/update_car_data_dag.py
[2025-09-08T03:37:10.973+0000] {processor.py:840} INFO - DAG(s) 'update_car_data' retrieved from /opt/airflow/dags/update_car_data_dag.py
[2025-09-08T03:37:11.000+0000] {logging_mixin.py:188} INFO - [2025-09-08T03:37:11.000+0000] {dag.py:3036} INFO - Sync 1 DAGs
[2025-09-08T03:37:11.017+0000] {logging_mixin.py:188} INFO - [2025-09-08T03:37:11.017+0000] {dag.py:3823} INFO - Setting next_dagrun for update_car_data to 2025-09-06 15:00:00+00:00, run_after=2025-09-07 15:00:00+00:00
[2025-09-08T03:37:11.026+0000] {processor.py:183} INFO - Processing /opt/airflow/dags/update_car_data_dag.py took 0.085 seconds
[2025-09-08T03:37:41.281+0000] {processor.py:161} INFO - Started process (PID=417) to work on /opt/airflow/dags/update_car_data_dag.py
[2025-09-08T03:37:41.283+0000] {processor.py:830} INFO - Processing file /opt/airflow/dags/update_car_data_dag.py for tasks to queue
[2025-09-08T03:37:41.284+0000] {logging_mixin.py:188} INFO - [2025-09-08T03:37:41.283+0000] {dagbag.py:538} INFO - Filling up the DagBag from /opt/airflow/dags/update_car_data_dag.py
[2025-09-08T03:37:41.294+0000] {processor.py:840} INFO - DAG(s) 'update_car_data' retrieved from /opt/airflow/dags/update_car_data_dag.py
[2025-09-08T03:37:41.315+0000] {logging_mixin.py:188} INFO - [2025-09-08T03:37:41.315+0000] {dag.py:3036} INFO - Sync 1 DAGs
[2025-09-08T03:37:41.328+0000] {logging_mixin.py:188} INFO - [2025-09-08T03:37:41.328+0000] {dag.py:3823} INFO - Setting next_dagrun for update_car_data to 2025-09-06 15:00:00+00:00, run_after=2025-09-07 15:00:00+00:00
[2025-09-08T03:37:41.337+0000] {processor.py:183} INFO - Processing /opt/airflow/dags/update_car_data_dag.py took 0.059 seconds
[2025-09-08T03:38:11.639+0000] {processor.py:161} INFO - Started process (PID=422) to work on /opt/airflow/dags/update_car_data_dag.py
[2025-09-08T03:38:11.640+0000] {processor.py:830} INFO - Processing file /opt/airflow/dags/update_car_data_dag.py for tasks to queue
[2025-09-08T03:38:11.640+0000] {logging_mixin.py:188} INFO - [2025-09-08T03:38:11.640+0000] {dagbag.py:538} INFO - Filling up the DagBag from /opt/airflow/dags/update_car_data_dag.py
[2025-09-08T03:38:11.659+0000] {processor.py:840} INFO - DAG(s) 'update_car_data' retrieved from /opt/airflow/dags/update_car_data_dag.py
[2025-09-08T03:38:11.687+0000] {logging_mixin.py:188} INFO - [2025-09-08T03:38:11.687+0000] {dag.py:3036} INFO - Sync 1 DAGs
[2025-09-08T03:38:11.704+0000] {logging_mixin.py:188} INFO - [2025-09-08T03:38:11.704+0000] {dag.py:3823} INFO - Setting next_dagrun for update_car_data to 2025-09-06 15:00:00+00:00, run_after=2025-09-07 15:00:00+00:00
[2025-09-08T03:38:11.713+0000] {processor.py:183} INFO - Processing /opt/airflow/dags/update_car_data_dag.py took 0.079 seconds
[2025-09-08T03:38:41.939+0000] {processor.py:161} INFO - Started process (PID=427) to work on /opt/airflow/dags/update_car_data_dag.py
[2025-09-08T03:38:41.940+0000] {processor.py:830} INFO - Processing file /opt/airflow/dags/update_car_data_dag.py for tasks to queue
[2025-09-08T03:38:41.941+0000] {logging_mixin.py:188} INFO - [2025-09-08T03:38:41.941+0000] {dagbag.py:538} INFO - Filling up the DagBag from /opt/airflow/dags/update_car_data_dag.py
[2025-09-08T03:38:41.959+0000] {processor.py:840} INFO - DAG(s) 'update_car_data' retrieved from /opt/airflow/dags/update_car_data_dag.py
[2025-09-08T03:38:41.990+0000] {logging_mixin.py:188} INFO - [2025-09-08T03:38:41.990+0000] {dag.py:3036} INFO - Sync 1 DAGs
[2025-09-08T03:38:42.005+0000] {logging_mixin.py:188} INFO - [2025-09-08T03:38:42.004+0000] {dag.py:3823} INFO - Setting next_dagrun for update_car_data to 2025-09-06 15:00:00+00:00, run_after=2025-09-07 15:00:00+00:00
[2025-09-08T03:38:42.014+0000] {processor.py:183} INFO - Processing /opt/airflow/dags/update_car_data_dag.py took 0.081 seconds
[2025-09-08T03:39:12.233+0000] {processor.py:161} INFO - Started process (PID=432) to work on /opt/airflow/dags/update_car_data_dag.py
[2025-09-08T03:39:12.234+0000] {processor.py:830} INFO - Processing file /opt/airflow/dags/update_car_data_dag.py for tasks to queue
[2025-09-08T03:39:12.235+0000] {logging_mixin.py:188} INFO - [2025-09-08T03:39:12.235+0000] {dagbag.py:538} INFO - Filling up the DagBag from /opt/airflow/dags/update_car_data_dag.py
[2025-09-08T03:39:12.252+0000] {processor.py:840} INFO - DAG(s) 'update_car_data' retrieved from /opt/airflow/dags/update_car_data_dag.py
[2025-09-08T03:39:12.281+0000] {logging_mixin.py:188} INFO - [2025-09-08T03:39:12.280+0000] {dag.py:3036} INFO - Sync 1 DAGs
[2025-09-08T03:39:12.296+0000] {logging_mixin.py:188} INFO - [2025-09-08T03:39:12.296+0000] {dag.py:3823} INFO - Setting next_dagrun for update_car_data to 2025-09-06 15:00:00+00:00, run_after=2025-09-07 15:00:00+00:00
[2025-09-08T03:39:12.306+0000] {processor.py:183} INFO - Processing /opt/airflow/dags/update_car_data_dag.py took 0.077 seconds
[2025-09-08T03:39:42.526+0000] {processor.py:161} INFO - Started process (PID=437) to work on /opt/airflow/dags/update_car_data_dag.py
[2025-09-08T03:39:42.527+0000] {processor.py:830} INFO - Processing file /opt/airflow/dags/update_car_data_dag.py for tasks to queue
[2025-09-08T03:39:42.528+0000] {logging_mixin.py:188} INFO - [2025-09-08T03:39:42.528+0000] {dagbag.py:538} INFO - Filling up the DagBag from /opt/airflow/dags/update_car_data_dag.py
[2025-09-08T03:39:42.543+0000] {processor.py:840} INFO - DAG(s) 'update_car_data' retrieved from /opt/airflow/dags/update_car_data_dag.py
[2025-09-08T03:39:42.566+0000] {logging_mixin.py:188} INFO - [2025-09-08T03:39:42.566+0000] {dag.py:3036} INFO - Sync 1 DAGs
[2025-09-08T03:39:42.580+0000] {logging_mixin.py:188} INFO - [2025-09-08T03:39:42.580+0000] {dag.py:3823} INFO - Setting next_dagrun for update_car_data to 2025-09-06 15:00:00+00:00, run_after=2025-09-07 15:00:00+00:00
[2025-09-08T03:39:42.588+0000] {processor.py:183} INFO - Processing /opt/airflow/dags/update_car_data_dag.py took 0.068 seconds
[2025-09-08T03:40:12.854+0000] {processor.py:161} INFO - Started process (PID=442) to work on /opt/airflow/dags/update_car_data_dag.py
[2025-09-08T03:40:12.856+0000] {processor.py:830} INFO - Processing file /opt/airflow/dags/update_car_data_dag.py for tasks to queue
[2025-09-08T03:40:12.857+0000] {logging_mixin.py:188} INFO - [2025-09-08T03:40:12.856+0000] {dagbag.py:538} INFO - Filling up the DagBag from /opt/airflow/dags/update_car_data_dag.py
[2025-09-08T03:40:12.881+0000] {processor.py:840} INFO - DAG(s) 'update_car_data' retrieved from /opt/airflow/dags/update_car_data_dag.py
[2025-09-08T03:40:12.920+0000] {logging_mixin.py:188} INFO - [2025-09-08T03:40:12.920+0000] {dag.py:3036} INFO - Sync 1 DAGs
[2025-09-08T03:40:12.936+0000] {logging_mixin.py:188} INFO - [2025-09-08T03:40:12.936+0000] {dag.py:3823} INFO - Setting next_dagrun for update_car_data to 2025-09-06 15:00:00+00:00, run_after=2025-09-07 15:00:00+00:00
[2025-09-08T03:40:12.946+0000] {processor.py:183} INFO - Processing /opt/airflow/dags/update_car_data_dag.py took 0.101 seconds
[2025-09-08T03:40:43.169+0000] {processor.py:161} INFO - Started process (PID=447) to work on /opt/airflow/dags/update_car_data_dag.py
[2025-09-08T03:40:43.170+0000] {processor.py:830} INFO - Processing file /opt/airflow/dags/update_car_data_dag.py for tasks to queue
[2025-09-08T03:40:43.171+0000] {logging_mixin.py:188} INFO - [2025-09-08T03:40:43.171+0000] {dagbag.py:538} INFO - Filling up the DagBag from /opt/airflow/dags/update_car_data_dag.py
[2025-09-08T03:40:43.186+0000] {processor.py:840} INFO - DAG(s) 'update_car_data' retrieved from /opt/airflow/dags/update_car_data_dag.py
[2025-09-08T03:40:43.216+0000] {logging_mixin.py:188} INFO - [2025-09-08T03:40:43.216+0000] {dag.py:3036} INFO - Sync 1 DAGs
[2025-09-08T03:40:43.232+0000] {logging_mixin.py:188} INFO - [2025-09-08T03:40:43.232+0000] {dag.py:3823} INFO - Setting next_dagrun for update_car_data to 2025-09-06 15:00:00+00:00, run_after=2025-09-07 15:00:00+00:00
[2025-09-08T03:40:43.244+0000] {processor.py:183} INFO - Processing /opt/airflow/dags/update_car_data_dag.py took 0.083 seconds
[2025-09-08T03:41:13.532+0000] {processor.py:161} INFO - Started process (PID=452) to work on /opt/airflow/dags/update_car_data_dag.py
[2025-09-08T03:41:13.534+0000] {processor.py:830} INFO - Processing file /opt/airflow/dags/update_car_data_dag.py for tasks to queue
[2025-09-08T03:41:13.535+0000] {logging_mixin.py:188} INFO - [2025-09-08T03:41:13.534+0000] {dagbag.py:538} INFO - Filling up the DagBag from /opt/airflow/dags/update_car_data_dag.py
[2025-09-08T03:41:13.556+0000] {processor.py:840} INFO - DAG(s) 'update_car_data' retrieved from /opt/airflow/dags/update_car_data_dag.py
[2025-09-08T03:41:13.584+0000] {logging_mixin.py:188} INFO - [2025-09-08T03:41:13.584+0000] {dag.py:3036} INFO - Sync 1 DAGs
[2025-09-08T03:41:13.598+0000] {logging_mixin.py:188} INFO - [2025-09-08T03:41:13.598+0000] {dag.py:3823} INFO - Setting next_dagrun for update_car_data to 2025-09-06 15:00:00+00:00, run_after=2025-09-07 15:00:00+00:00
[2025-09-08T03:41:13.607+0000] {processor.py:183} INFO - Processing /opt/airflow/dags/update_car_data_dag.py took 0.082 seconds
[2025-09-08T03:41:43.836+0000] {processor.py:161} INFO - Started process (PID=457) to work on /opt/airflow/dags/update_car_data_dag.py
[2025-09-08T03:41:43.838+0000] {processor.py:830} INFO - Processing file /opt/airflow/dags/update_car_data_dag.py for tasks to queue
[2025-09-08T03:41:43.840+0000] {logging_mixin.py:188} INFO - [2025-09-08T03:41:43.839+0000] {dagbag.py:538} INFO - Filling up the DagBag from /opt/airflow/dags/update_car_data_dag.py
[2025-09-08T03:41:43.860+0000] {processor.py:840} INFO - DAG(s) 'update_car_data' retrieved from /opt/airflow/dags/update_car_data_dag.py
[2025-09-08T03:41:43.888+0000] {logging_mixin.py:188} INFO - [2025-09-08T03:41:43.888+0000] {dag.py:3036} INFO - Sync 1 DAGs
[2025-09-08T03:41:43.905+0000] {logging_mixin.py:188} INFO - [2025-09-08T03:41:43.905+0000] {dag.py:3823} INFO - Setting next_dagrun for update_car_data to 2025-09-06 15:00:00+00:00, run_after=2025-09-07 15:00:00+00:00
[2025-09-08T03:41:43.915+0000] {processor.py:183} INFO - Processing /opt/airflow/dags/update_car_data_dag.py took 0.086 seconds
[2025-09-08T03:42:14.184+0000] {processor.py:161} INFO - Started process (PID=462) to work on /opt/airflow/dags/update_car_data_dag.py
[2025-09-08T03:42:14.185+0000] {processor.py:830} INFO - Processing file /opt/airflow/dags/update_car_data_dag.py for tasks to queue
[2025-09-08T03:42:14.186+0000] {logging_mixin.py:188} INFO - [2025-09-08T03:42:14.186+0000] {dagbag.py:538} INFO - Filling up the DagBag from /opt/airflow/dags/update_car_data_dag.py
[2025-09-08T03:42:14.197+0000] {processor.py:840} INFO - DAG(s) 'update_car_data' retrieved from /opt/airflow/dags/update_car_data_dag.py
[2025-09-08T03:42:14.217+0000] {logging_mixin.py:188} INFO - [2025-09-08T03:42:14.217+0000] {dag.py:3036} INFO - Sync 1 DAGs
[2025-09-08T03:42:14.230+0000] {logging_mixin.py:188} INFO - [2025-09-08T03:42:14.230+0000] {dag.py:3823} INFO - Setting next_dagrun for update_car_data to 2025-09-06 15:00:00+00:00, run_after=2025-09-07 15:00:00+00:00
[2025-09-08T03:42:14.237+0000] {processor.py:183} INFO - Processing /opt/airflow/dags/update_car_data_dag.py took 0.057 seconds
[2025-09-08T03:42:44.630+0000] {processor.py:161} INFO - Started process (PID=467) to work on /opt/airflow/dags/update_car_data_dag.py
[2025-09-08T03:42:44.633+0000] {processor.py:830} INFO - Processing file /opt/airflow/dags/update_car_data_dag.py for tasks to queue
[2025-09-08T03:42:44.634+0000] {logging_mixin.py:188} INFO - [2025-09-08T03:42:44.633+0000] {dagbag.py:538} INFO - Filling up the DagBag from /opt/airflow/dags/update_car_data_dag.py
[2025-09-08T03:42:44.657+0000] {processor.py:840} INFO - DAG(s) 'update_car_data' retrieved from /opt/airflow/dags/update_car_data_dag.py
[2025-09-08T03:42:44.687+0000] {logging_mixin.py:188} INFO - [2025-09-08T03:42:44.687+0000] {dag.py:3036} INFO - Sync 1 DAGs
[2025-09-08T03:42:44.703+0000] {logging_mixin.py:188} INFO - [2025-09-08T03:42:44.703+0000] {dag.py:3823} INFO - Setting next_dagrun for update_car_data to 2025-09-06 15:00:00+00:00, run_after=2025-09-07 15:00:00+00:00
[2025-09-08T03:42:44.714+0000] {processor.py:183} INFO - Processing /opt/airflow/dags/update_car_data_dag.py took 0.088 seconds
[2025-09-08T03:43:15.085+0000] {processor.py:161} INFO - Started process (PID=472) to work on /opt/airflow/dags/update_car_data_dag.py
[2025-09-08T03:43:15.098+0000] {processor.py:830} INFO - Processing file /opt/airflow/dags/update_car_data_dag.py for tasks to queue
[2025-09-08T03:43:15.099+0000] {logging_mixin.py:188} INFO - [2025-09-08T03:43:15.098+0000] {dagbag.py:538} INFO - Filling up the DagBag from /opt/airflow/dags/update_car_data_dag.py
[2025-09-08T03:43:15.129+0000] {processor.py:840} INFO - DAG(s) 'update_car_data' retrieved from /opt/airflow/dags/update_car_data_dag.py
[2025-09-08T03:43:15.161+0000] {logging_mixin.py:188} INFO - [2025-09-08T03:43:15.161+0000] {dag.py:3036} INFO - Sync 1 DAGs
[2025-09-08T03:43:15.180+0000] {logging_mixin.py:188} INFO - [2025-09-08T03:43:15.180+0000] {dag.py:3823} INFO - Setting next_dagrun for update_car_data to 2025-09-06 15:00:00+00:00, run_after=2025-09-07 15:00:00+00:00
[2025-09-08T03:43:15.191+0000] {processor.py:183} INFO - Processing /opt/airflow/dags/update_car_data_dag.py took 0.114 seconds
[2025-09-08T03:43:45.447+0000] {processor.py:161} INFO - Started process (PID=477) to work on /opt/airflow/dags/update_car_data_dag.py
[2025-09-08T03:43:45.450+0000] {processor.py:830} INFO - Processing file /opt/airflow/dags/update_car_data_dag.py for tasks to queue
[2025-09-08T03:43:45.451+0000] {logging_mixin.py:188} INFO - [2025-09-08T03:43:45.450+0000] {dagbag.py:538} INFO - Filling up the DagBag from /opt/airflow/dags/update_car_data_dag.py
[2025-09-08T03:43:45.472+0000] {processor.py:840} INFO - DAG(s) 'update_car_data' retrieved from /opt/airflow/dags/update_car_data_dag.py
[2025-09-08T03:43:45.499+0000] {logging_mixin.py:188} INFO - [2025-09-08T03:43:45.499+0000] {dag.py:3036} INFO - Sync 1 DAGs
[2025-09-08T03:43:45.514+0000] {logging_mixin.py:188} INFO - [2025-09-08T03:43:45.514+0000] {dag.py:3823} INFO - Setting next_dagrun for update_car_data to 2025-09-06 15:00:00+00:00, run_after=2025-09-07 15:00:00+00:00
[2025-09-08T03:43:45.522+0000] {processor.py:183} INFO - Processing /opt/airflow/dags/update_car_data_dag.py took 0.082 seconds
[2025-09-08T03:44:15.795+0000] {processor.py:161} INFO - Started process (PID=482) to work on /opt/airflow/dags/update_car_data_dag.py
[2025-09-08T03:44:15.798+0000] {processor.py:830} INFO - Processing file /opt/airflow/dags/update_car_data_dag.py for tasks to queue
[2025-09-08T03:44:15.799+0000] {logging_mixin.py:188} INFO - [2025-09-08T03:44:15.799+0000] {dagbag.py:538} INFO - Filling up the DagBag from /opt/airflow/dags/update_car_data_dag.py
[2025-09-08T03:44:15.821+0000] {processor.py:840} INFO - DAG(s) 'update_car_data' retrieved from /opt/airflow/dags/update_car_data_dag.py
[2025-09-08T03:44:15.855+0000] {logging_mixin.py:188} INFO - [2025-09-08T03:44:15.855+0000] {dag.py:3036} INFO - Sync 1 DAGs
[2025-09-08T03:44:15.870+0000] {logging_mixin.py:188} INFO - [2025-09-08T03:44:15.870+0000] {dag.py:3823} INFO - Setting next_dagrun for update_car_data to 2025-09-06 15:00:00+00:00, run_after=2025-09-07 15:00:00+00:00
[2025-09-08T03:44:15.883+0000] {processor.py:183} INFO - Processing /opt/airflow/dags/update_car_data_dag.py took 0.094 seconds
[2025-09-08T03:44:46.281+0000] {processor.py:161} INFO - Started process (PID=487) to work on /opt/airflow/dags/update_car_data_dag.py
[2025-09-08T03:44:46.282+0000] {processor.py:830} INFO - Processing file /opt/airflow/dags/update_car_data_dag.py for tasks to queue
[2025-09-08T03:44:46.283+0000] {logging_mixin.py:188} INFO - [2025-09-08T03:44:46.283+0000] {dagbag.py:538} INFO - Filling up the DagBag from /opt/airflow/dags/update_car_data_dag.py
[2025-09-08T03:44:46.299+0000] {processor.py:840} INFO - DAG(s) 'update_car_data' retrieved from /opt/airflow/dags/update_car_data_dag.py
[2025-09-08T03:44:46.333+0000] {logging_mixin.py:188} INFO - [2025-09-08T03:44:46.333+0000] {dag.py:3036} INFO - Sync 1 DAGs
[2025-09-08T03:44:46.352+0000] {logging_mixin.py:188} INFO - [2025-09-08T03:44:46.352+0000] {dag.py:3823} INFO - Setting next_dagrun for update_car_data to 2025-09-06 15:00:00+00:00, run_after=2025-09-07 15:00:00+00:00
[2025-09-08T03:44:46.362+0000] {processor.py:183} INFO - Processing /opt/airflow/dags/update_car_data_dag.py took 0.086 seconds
[2025-09-08T04:00:27.612+0000] {processor.py:161} INFO - Started process (PID=493) to work on /opt/airflow/dags/update_car_data_dag.py
[2025-09-08T04:00:27.613+0000] {processor.py:830} INFO - Processing file /opt/airflow/dags/update_car_data_dag.py for tasks to queue
[2025-09-08T04:00:27.614+0000] {logging_mixin.py:188} INFO - [2025-09-08T04:00:27.614+0000] {dagbag.py:538} INFO - Filling up the DagBag from /opt/airflow/dags/update_car_data_dag.py
[2025-09-08T04:00:27.640+0000] {processor.py:840} INFO - DAG(s) 'update_car_data' retrieved from /opt/airflow/dags/update_car_data_dag.py
[2025-09-08T04:00:27.676+0000] {logging_mixin.py:188} INFO - [2025-09-08T04:00:27.676+0000] {dag.py:3036} INFO - Sync 1 DAGs
[2025-09-08T04:00:27.706+0000] {logging_mixin.py:188} INFO - [2025-09-08T04:00:27.706+0000] {dag.py:3823} INFO - Setting next_dagrun for update_car_data to 2025-09-06 15:00:00+00:00, run_after=2025-09-07 15:00:00+00:00
[2025-09-08T04:00:27.717+0000] {processor.py:183} INFO - Processing /opt/airflow/dags/update_car_data_dag.py took 0.109 seconds
[2025-09-08T05:00:03.360+0000] {processor.py:161} INFO - Started process (PID=501) to work on /opt/airflow/dags/update_car_data_dag.py
[2025-09-08T05:00:03.363+0000] {processor.py:830} INFO - Processing file /opt/airflow/dags/update_car_data_dag.py for tasks to queue
[2025-09-08T05:00:03.368+0000] {logging_mixin.py:188} INFO - [2025-09-08T05:00:03.366+0000] {dagbag.py:538} INFO - Filling up the DagBag from /opt/airflow/dags/update_car_data_dag.py
[2025-09-08T05:00:03.425+0000] {processor.py:840} INFO - DAG(s) 'update_car_data' retrieved from /opt/airflow/dags/update_car_data_dag.py
[2025-09-08T05:00:03.561+0000] {logging_mixin.py:188} INFO - [2025-09-08T05:00:03.560+0000] {dag.py:3036} INFO - Sync 1 DAGs
[2025-09-08T05:00:03.624+0000] {logging_mixin.py:188} INFO - [2025-09-08T05:00:03.623+0000] {dag.py:3823} INFO - Setting next_dagrun for update_car_data to 2025-09-06 15:00:00+00:00, run_after=2025-09-07 15:00:00+00:00
[2025-09-08T05:00:03.667+0000] {processor.py:183} INFO - Processing /opt/airflow/dags/update_car_data_dag.py took 0.325 seconds
[2025-09-08T05:00:34.226+0000] {processor.py:161} INFO - Started process (PID=506) to work on /opt/airflow/dags/update_car_data_dag.py
[2025-09-08T05:00:34.228+0000] {processor.py:830} INFO - Processing file /opt/airflow/dags/update_car_data_dag.py for tasks to queue
[2025-09-08T05:00:34.229+0000] {logging_mixin.py:188} INFO - [2025-09-08T05:00:34.228+0000] {dagbag.py:538} INFO - Filling up the DagBag from /opt/airflow/dags/update_car_data_dag.py
[2025-09-08T05:00:34.258+0000] {processor.py:840} INFO - DAG(s) 'update_car_data' retrieved from /opt/airflow/dags/update_car_data_dag.py
[2025-09-08T05:00:34.300+0000] {logging_mixin.py:188} INFO - [2025-09-08T05:00:34.300+0000] {dag.py:3036} INFO - Sync 1 DAGs
[2025-09-08T05:00:34.360+0000] {logging_mixin.py:188} INFO - [2025-09-08T05:00:34.359+0000] {dag.py:3823} INFO - Setting next_dagrun for update_car_data to 2025-09-06 15:00:00+00:00, run_after=2025-09-07 15:00:00+00:00
[2025-09-08T05:00:34.380+0000] {processor.py:183} INFO - Processing /opt/airflow/dags/update_car_data_dag.py took 0.161 seconds
[2025-09-08T05:01:04.528+0000] {processor.py:161} INFO - Started process (PID=511) to work on /opt/airflow/dags/update_car_data_dag.py
[2025-09-08T05:01:04.529+0000] {processor.py:830} INFO - Processing file /opt/airflow/dags/update_car_data_dag.py for tasks to queue
[2025-09-08T05:01:04.531+0000] {logging_mixin.py:188} INFO - [2025-09-08T05:01:04.530+0000] {dagbag.py:538} INFO - Filling up the DagBag from /opt/airflow/dags/update_car_data_dag.py
[2025-09-08T05:01:04.548+0000] {processor.py:840} INFO - DAG(s) 'update_car_data' retrieved from /opt/airflow/dags/update_car_data_dag.py
[2025-09-08T05:01:04.587+0000] {logging_mixin.py:188} INFO - [2025-09-08T05:01:04.587+0000] {dag.py:3036} INFO - Sync 1 DAGs
[2025-09-08T05:01:04.603+0000] {logging_mixin.py:188} INFO - [2025-09-08T05:01:04.603+0000] {dag.py:3823} INFO - Setting next_dagrun for update_car_data to 2025-09-06 15:00:00+00:00, run_after=2025-09-07 15:00:00+00:00
[2025-09-08T05:01:04.614+0000] {processor.py:183} INFO - Processing /opt/airflow/dags/update_car_data_dag.py took 0.104 seconds
[2025-09-08T05:01:34.871+0000] {processor.py:161} INFO - Started process (PID=516) to work on /opt/airflow/dags/update_car_data_dag.py
[2025-09-08T05:01:34.872+0000] {processor.py:830} INFO - Processing file /opt/airflow/dags/update_car_data_dag.py for tasks to queue
[2025-09-08T05:01:34.873+0000] {logging_mixin.py:188} INFO - [2025-09-08T05:01:34.873+0000] {dagbag.py:538} INFO - Filling up the DagBag from /opt/airflow/dags/update_car_data_dag.py
[2025-09-08T05:01:34.889+0000] {processor.py:840} INFO - DAG(s) 'update_car_data' retrieved from /opt/airflow/dags/update_car_data_dag.py
[2025-09-08T05:01:34.922+0000] {logging_mixin.py:188} INFO - [2025-09-08T05:01:34.922+0000] {dag.py:3036} INFO - Sync 1 DAGs
[2025-09-08T05:01:34.943+0000] {logging_mixin.py:188} INFO - [2025-09-08T05:01:34.943+0000] {dag.py:3823} INFO - Setting next_dagrun for update_car_data to 2025-09-06 15:00:00+00:00, run_after=2025-09-07 15:00:00+00:00
[2025-09-08T05:01:34.954+0000] {processor.py:183} INFO - Processing /opt/airflow/dags/update_car_data_dag.py took 0.099 seconds
[2025-09-08T05:02:05.254+0000] {processor.py:161} INFO - Started process (PID=521) to work on /opt/airflow/dags/update_car_data_dag.py
[2025-09-08T05:02:05.255+0000] {processor.py:830} INFO - Processing file /opt/airflow/dags/update_car_data_dag.py for tasks to queue
[2025-09-08T05:02:05.257+0000] {logging_mixin.py:188} INFO - [2025-09-08T05:02:05.256+0000] {dagbag.py:538} INFO - Filling up the DagBag from /opt/airflow/dags/update_car_data_dag.py
[2025-09-08T05:02:05.282+0000] {processor.py:840} INFO - DAG(s) 'update_car_data' retrieved from /opt/airflow/dags/update_car_data_dag.py
[2025-09-08T05:02:05.313+0000] {logging_mixin.py:188} INFO - [2025-09-08T05:02:05.313+0000] {dag.py:3036} INFO - Sync 1 DAGs
[2025-09-08T05:02:05.332+0000] {logging_mixin.py:188} INFO - [2025-09-08T05:02:05.332+0000] {dag.py:3823} INFO - Setting next_dagrun for update_car_data to 2025-09-06 15:00:00+00:00, run_after=2025-09-07 15:00:00+00:00
[2025-09-08T05:02:05.341+0000] {processor.py:183} INFO - Processing /opt/airflow/dags/update_car_data_dag.py took 0.093 seconds
[2025-09-08T05:02:35.578+0000] {processor.py:161} INFO - Started process (PID=526) to work on /opt/airflow/dags/update_car_data_dag.py
[2025-09-08T05:02:35.579+0000] {processor.py:830} INFO - Processing file /opt/airflow/dags/update_car_data_dag.py for tasks to queue
[2025-09-08T05:02:35.580+0000] {logging_mixin.py:188} INFO - [2025-09-08T05:02:35.580+0000] {dagbag.py:538} INFO - Filling up the DagBag from /opt/airflow/dags/update_car_data_dag.py
[2025-09-08T05:02:35.599+0000] {processor.py:840} INFO - DAG(s) 'update_car_data' retrieved from /opt/airflow/dags/update_car_data_dag.py
[2025-09-08T05:02:35.632+0000] {logging_mixin.py:188} INFO - [2025-09-08T05:02:35.632+0000] {dag.py:3036} INFO - Sync 1 DAGs
[2025-09-08T05:02:35.648+0000] {logging_mixin.py:188} INFO - [2025-09-08T05:02:35.648+0000] {dag.py:3823} INFO - Setting next_dagrun for update_car_data to 2025-09-06 15:00:00+00:00, run_after=2025-09-07 15:00:00+00:00
[2025-09-08T05:02:35.656+0000] {processor.py:183} INFO - Processing /opt/airflow/dags/update_car_data_dag.py took 0.087 seconds
[2025-09-08T05:03:05.892+0000] {processor.py:161} INFO - Started process (PID=531) to work on /opt/airflow/dags/update_car_data_dag.py
[2025-09-08T05:03:05.893+0000] {processor.py:830} INFO - Processing file /opt/airflow/dags/update_car_data_dag.py for tasks to queue
[2025-09-08T05:03:05.894+0000] {logging_mixin.py:188} INFO - [2025-09-08T05:03:05.893+0000] {dagbag.py:538} INFO - Filling up the DagBag from /opt/airflow/dags/update_car_data_dag.py
[2025-09-08T05:03:05.905+0000] {processor.py:840} INFO - DAG(s) 'update_car_data' retrieved from /opt/airflow/dags/update_car_data_dag.py
[2025-09-08T05:03:05.926+0000] {logging_mixin.py:188} INFO - [2025-09-08T05:03:05.926+0000] {dag.py:3036} INFO - Sync 1 DAGs
[2025-09-08T05:03:05.940+0000] {logging_mixin.py:188} INFO - [2025-09-08T05:03:05.940+0000] {dag.py:3823} INFO - Setting next_dagrun for update_car_data to 2025-09-06 15:00:00+00:00, run_after=2025-09-07 15:00:00+00:00
[2025-09-08T05:03:05.949+0000] {processor.py:183} INFO - Processing /opt/airflow/dags/update_car_data_dag.py took 0.063 seconds
[2025-09-08T05:03:36.253+0000] {processor.py:161} INFO - Started process (PID=536) to work on /opt/airflow/dags/update_car_data_dag.py
[2025-09-08T05:03:36.254+0000] {processor.py:830} INFO - Processing file /opt/airflow/dags/update_car_data_dag.py for tasks to queue
[2025-09-08T05:03:36.255+0000] {logging_mixin.py:188} INFO - [2025-09-08T05:03:36.254+0000] {dagbag.py:538} INFO - Filling up the DagBag from /opt/airflow/dags/update_car_data_dag.py
[2025-09-08T05:03:36.278+0000] {processor.py:840} INFO - DAG(s) 'update_car_data' retrieved from /opt/airflow/dags/update_car_data_dag.py
[2025-09-08T05:03:36.309+0000] {logging_mixin.py:188} INFO - [2025-09-08T05:03:36.309+0000] {dag.py:3036} INFO - Sync 1 DAGs
[2025-09-08T05:03:36.326+0000] {logging_mixin.py:188} INFO - [2025-09-08T05:03:36.326+0000] {dag.py:3823} INFO - Setting next_dagrun for update_car_data to 2025-09-06 15:00:00+00:00, run_after=2025-09-07 15:00:00+00:00
[2025-09-08T05:03:36.334+0000] {processor.py:183} INFO - Processing /opt/airflow/dags/update_car_data_dag.py took 0.099 seconds
[2025-09-08T05:04:06.570+0000] {processor.py:161} INFO - Started process (PID=541) to work on /opt/airflow/dags/update_car_data_dag.py
[2025-09-08T05:04:06.571+0000] {processor.py:830} INFO - Processing file /opt/airflow/dags/update_car_data_dag.py for tasks to queue
[2025-09-08T05:04:06.572+0000] {logging_mixin.py:188} INFO - [2025-09-08T05:04:06.572+0000] {dagbag.py:538} INFO - Filling up the DagBag from /opt/airflow/dags/update_car_data_dag.py
[2025-09-08T05:04:06.587+0000] {processor.py:840} INFO - DAG(s) 'update_car_data' retrieved from /opt/airflow/dags/update_car_data_dag.py
[2025-09-08T05:04:06.628+0000] {logging_mixin.py:188} INFO - [2025-09-08T05:04:06.628+0000] {dag.py:3036} INFO - Sync 1 DAGs
[2025-09-08T05:04:06.655+0000] {logging_mixin.py:188} INFO - [2025-09-08T05:04:06.655+0000] {dag.py:3823} INFO - Setting next_dagrun for update_car_data to 2025-09-06 15:00:00+00:00, run_after=2025-09-07 15:00:00+00:00
[2025-09-08T05:04:06.670+0000] {processor.py:183} INFO - Processing /opt/airflow/dags/update_car_data_dag.py took 0.105 seconds
[2025-09-08T05:04:36.933+0000] {processor.py:161} INFO - Started process (PID=546) to work on /opt/airflow/dags/update_car_data_dag.py
[2025-09-08T05:04:36.934+0000] {processor.py:830} INFO - Processing file /opt/airflow/dags/update_car_data_dag.py for tasks to queue
[2025-09-08T05:04:36.935+0000] {logging_mixin.py:188} INFO - [2025-09-08T05:04:36.935+0000] {dagbag.py:538} INFO - Filling up the DagBag from /opt/airflow/dags/update_car_data_dag.py
[2025-09-08T05:04:36.956+0000] {processor.py:840} INFO - DAG(s) 'update_car_data' retrieved from /opt/airflow/dags/update_car_data_dag.py
[2025-09-08T05:04:36.989+0000] {logging_mixin.py:188} INFO - [2025-09-08T05:04:36.989+0000] {dag.py:3036} INFO - Sync 1 DAGs
[2025-09-08T05:04:37.007+0000] {logging_mixin.py:188} INFO - [2025-09-08T05:04:37.007+0000] {dag.py:3823} INFO - Setting next_dagrun for update_car_data to 2025-09-06 15:00:00+00:00, run_after=2025-09-07 15:00:00+00:00
[2025-09-08T05:04:37.016+0000] {processor.py:183} INFO - Processing /opt/airflow/dags/update_car_data_dag.py took 0.089 seconds
[2025-09-08T05:05:07.294+0000] {processor.py:161} INFO - Started process (PID=551) to work on /opt/airflow/dags/update_car_data_dag.py
[2025-09-08T05:05:07.295+0000] {processor.py:830} INFO - Processing file /opt/airflow/dags/update_car_data_dag.py for tasks to queue
[2025-09-08T05:05:07.296+0000] {logging_mixin.py:188} INFO - [2025-09-08T05:05:07.296+0000] {dagbag.py:538} INFO - Filling up the DagBag from /opt/airflow/dags/update_car_data_dag.py
[2025-09-08T05:05:07.316+0000] {processor.py:840} INFO - DAG(s) 'update_car_data' retrieved from /opt/airflow/dags/update_car_data_dag.py
[2025-09-08T05:05:07.346+0000] {logging_mixin.py:188} INFO - [2025-09-08T05:05:07.346+0000] {dag.py:3036} INFO - Sync 1 DAGs
[2025-09-08T05:05:07.360+0000] {logging_mixin.py:188} INFO - [2025-09-08T05:05:07.360+0000] {dag.py:3823} INFO - Setting next_dagrun for update_car_data to 2025-09-06 15:00:00+00:00, run_after=2025-09-07 15:00:00+00:00
[2025-09-08T05:05:07.369+0000] {processor.py:183} INFO - Processing /opt/airflow/dags/update_car_data_dag.py took 0.078 seconds
[2025-09-08T05:05:37.683+0000] {processor.py:161} INFO - Started process (PID=556) to work on /opt/airflow/dags/update_car_data_dag.py
[2025-09-08T05:05:37.684+0000] {processor.py:830} INFO - Processing file /opt/airflow/dags/update_car_data_dag.py for tasks to queue
[2025-09-08T05:05:37.685+0000] {logging_mixin.py:188} INFO - [2025-09-08T05:05:37.684+0000] {dagbag.py:538} INFO - Filling up the DagBag from /opt/airflow/dags/update_car_data_dag.py
[2025-09-08T05:05:37.699+0000] {processor.py:840} INFO - DAG(s) 'update_car_data' retrieved from /opt/airflow/dags/update_car_data_dag.py
[2025-09-08T05:05:37.729+0000] {logging_mixin.py:188} INFO - [2025-09-08T05:05:37.729+0000] {dag.py:3036} INFO - Sync 1 DAGs
[2025-09-08T05:05:37.745+0000] {logging_mixin.py:188} INFO - [2025-09-08T05:05:37.745+0000] {dag.py:3823} INFO - Setting next_dagrun for update_car_data to 2025-09-06 15:00:00+00:00, run_after=2025-09-07 15:00:00+00:00
[2025-09-08T05:05:37.754+0000] {processor.py:183} INFO - Processing /opt/airflow/dags/update_car_data_dag.py took 0.078 seconds
[2025-09-08T05:06:08.064+0000] {processor.py:161} INFO - Started process (PID=561) to work on /opt/airflow/dags/update_car_data_dag.py
[2025-09-08T05:06:08.065+0000] {processor.py:830} INFO - Processing file /opt/airflow/dags/update_car_data_dag.py for tasks to queue
[2025-09-08T05:06:08.066+0000] {logging_mixin.py:188} INFO - [2025-09-08T05:06:08.066+0000] {dagbag.py:538} INFO - Filling up the DagBag from /opt/airflow/dags/update_car_data_dag.py
[2025-09-08T05:06:08.095+0000] {processor.py:840} INFO - DAG(s) 'update_car_data' retrieved from /opt/airflow/dags/update_car_data_dag.py
[2025-09-08T05:06:08.122+0000] {logging_mixin.py:188} INFO - [2025-09-08T05:06:08.122+0000] {dag.py:3036} INFO - Sync 1 DAGs
[2025-09-08T05:06:08.138+0000] {logging_mixin.py:188} INFO - [2025-09-08T05:06:08.138+0000] {dag.py:3823} INFO - Setting next_dagrun for update_car_data to 2025-09-06 15:00:00+00:00, run_after=2025-09-07 15:00:00+00:00
[2025-09-08T05:06:08.147+0000] {processor.py:183} INFO - Processing /opt/airflow/dags/update_car_data_dag.py took 0.087 seconds
[2025-09-08T05:06:38.371+0000] {processor.py:161} INFO - Started process (PID=566) to work on /opt/airflow/dags/update_car_data_dag.py
[2025-09-08T05:06:38.373+0000] {processor.py:830} INFO - Processing file /opt/airflow/dags/update_car_data_dag.py for tasks to queue
[2025-09-08T05:06:38.373+0000] {logging_mixin.py:188} INFO - [2025-09-08T05:06:38.373+0000] {dagbag.py:538} INFO - Filling up the DagBag from /opt/airflow/dags/update_car_data_dag.py
[2025-09-08T05:06:38.384+0000] {processor.py:840} INFO - DAG(s) 'update_car_data' retrieved from /opt/airflow/dags/update_car_data_dag.py
[2025-09-08T05:06:38.404+0000] {logging_mixin.py:188} INFO - [2025-09-08T05:06:38.404+0000] {dag.py:3036} INFO - Sync 1 DAGs
[2025-09-08T05:06:38.418+0000] {logging_mixin.py:188} INFO - [2025-09-08T05:06:38.418+0000] {dag.py:3823} INFO - Setting next_dagrun for update_car_data to 2025-09-06 15:00:00+00:00, run_after=2025-09-07 15:00:00+00:00
[2025-09-08T05:06:38.426+0000] {processor.py:183} INFO - Processing /opt/airflow/dags/update_car_data_dag.py took 0.058 seconds
[2025-09-08T05:07:08.685+0000] {processor.py:161} INFO - Started process (PID=571) to work on /opt/airflow/dags/update_car_data_dag.py
[2025-09-08T05:07:08.686+0000] {processor.py:830} INFO - Processing file /opt/airflow/dags/update_car_data_dag.py for tasks to queue
[2025-09-08T05:07:08.687+0000] {logging_mixin.py:188} INFO - [2025-09-08T05:07:08.687+0000] {dagbag.py:538} INFO - Filling up the DagBag from /opt/airflow/dags/update_car_data_dag.py
[2025-09-08T05:07:08.703+0000] {processor.py:840} INFO - DAG(s) 'update_car_data' retrieved from /opt/airflow/dags/update_car_data_dag.py
[2025-09-08T05:07:08.729+0000] {logging_mixin.py:188} INFO - [2025-09-08T05:07:08.729+0000] {dag.py:3036} INFO - Sync 1 DAGs
[2025-09-08T05:07:08.742+0000] {logging_mixin.py:188} INFO - [2025-09-08T05:07:08.742+0000] {dag.py:3823} INFO - Setting next_dagrun for update_car_data to 2025-09-06 15:00:00+00:00, run_after=2025-09-07 15:00:00+00:00
[2025-09-08T05:07:08.750+0000] {processor.py:183} INFO - Processing /opt/airflow/dags/update_car_data_dag.py took 0.071 seconds
[2025-09-08T05:07:38.949+0000] {processor.py:161} INFO - Started process (PID=576) to work on /opt/airflow/dags/update_car_data_dag.py
[2025-09-08T05:07:38.951+0000] {processor.py:830} INFO - Processing file /opt/airflow/dags/update_car_data_dag.py for tasks to queue
[2025-09-08T05:07:38.952+0000] {logging_mixin.py:188} INFO - [2025-09-08T05:07:38.952+0000] {dagbag.py:538} INFO - Filling up the DagBag from /opt/airflow/dags/update_car_data_dag.py
[2025-09-08T05:07:38.963+0000] {processor.py:840} INFO - DAG(s) 'update_car_data' retrieved from /opt/airflow/dags/update_car_data_dag.py
[2025-09-08T05:07:38.982+0000] {logging_mixin.py:188} INFO - [2025-09-08T05:07:38.982+0000] {dag.py:3036} INFO - Sync 1 DAGs
[2025-09-08T05:07:38.994+0000] {logging_mixin.py:188} INFO - [2025-09-08T05:07:38.994+0000] {dag.py:3823} INFO - Setting next_dagrun for update_car_data to 2025-09-06 15:00:00+00:00, run_after=2025-09-07 15:00:00+00:00
[2025-09-08T05:07:39.002+0000] {processor.py:183} INFO - Processing /opt/airflow/dags/update_car_data_dag.py took 0.056 seconds
[2025-09-08T05:08:09.223+0000] {processor.py:161} INFO - Started process (PID=581) to work on /opt/airflow/dags/update_car_data_dag.py
[2025-09-08T05:08:09.224+0000] {processor.py:830} INFO - Processing file /opt/airflow/dags/update_car_data_dag.py for tasks to queue
[2025-09-08T05:08:09.224+0000] {logging_mixin.py:188} INFO - [2025-09-08T05:08:09.224+0000] {dagbag.py:538} INFO - Filling up the DagBag from /opt/airflow/dags/update_car_data_dag.py
[2025-09-08T05:08:09.234+0000] {processor.py:840} INFO - DAG(s) 'update_car_data' retrieved from /opt/airflow/dags/update_car_data_dag.py
[2025-09-08T05:08:09.252+0000] {logging_mixin.py:188} INFO - [2025-09-08T05:08:09.252+0000] {dag.py:3036} INFO - Sync 1 DAGs
[2025-09-08T05:08:09.265+0000] {logging_mixin.py:188} INFO - [2025-09-08T05:08:09.265+0000] {dag.py:3823} INFO - Setting next_dagrun for update_car_data to 2025-09-06 15:00:00+00:00, run_after=2025-09-07 15:00:00+00:00
[2025-09-08T05:08:09.273+0000] {processor.py:183} INFO - Processing /opt/airflow/dags/update_car_data_dag.py took 0.054 seconds
[2025-09-08T05:08:39.527+0000] {processor.py:161} INFO - Started process (PID=586) to work on /opt/airflow/dags/update_car_data_dag.py
[2025-09-08T05:08:39.528+0000] {processor.py:830} INFO - Processing file /opt/airflow/dags/update_car_data_dag.py for tasks to queue
[2025-09-08T05:08:39.528+0000] {logging_mixin.py:188} INFO - [2025-09-08T05:08:39.528+0000] {dagbag.py:538} INFO - Filling up the DagBag from /opt/airflow/dags/update_car_data_dag.py
[2025-09-08T05:08:39.548+0000] {processor.py:840} INFO - DAG(s) 'update_car_data' retrieved from /opt/airflow/dags/update_car_data_dag.py
[2025-09-08T05:08:39.575+0000] {logging_mixin.py:188} INFO - [2025-09-08T05:08:39.575+0000] {dag.py:3036} INFO - Sync 1 DAGs
[2025-09-08T05:08:39.591+0000] {logging_mixin.py:188} INFO - [2025-09-08T05:08:39.591+0000] {dag.py:3823} INFO - Setting next_dagrun for update_car_data to 2025-09-06 15:00:00+00:00, run_after=2025-09-07 15:00:00+00:00
[2025-09-08T05:08:39.599+0000] {processor.py:183} INFO - Processing /opt/airflow/dags/update_car_data_dag.py took 0.076 seconds
[2025-09-08T05:09:09.760+0000] {processor.py:161} INFO - Started process (PID=591) to work on /opt/airflow/dags/update_car_data_dag.py
[2025-09-08T05:09:09.761+0000] {processor.py:830} INFO - Processing file /opt/airflow/dags/update_car_data_dag.py for tasks to queue
[2025-09-08T05:09:09.761+0000] {logging_mixin.py:188} INFO - [2025-09-08T05:09:09.761+0000] {dagbag.py:538} INFO - Filling up the DagBag from /opt/airflow/dags/update_car_data_dag.py
[2025-09-08T05:09:09.771+0000] {processor.py:840} INFO - DAG(s) 'update_car_data' retrieved from /opt/airflow/dags/update_car_data_dag.py
[2025-09-08T05:09:09.790+0000] {logging_mixin.py:188} INFO - [2025-09-08T05:09:09.790+0000] {dag.py:3036} INFO - Sync 1 DAGs
[2025-09-08T05:09:09.804+0000] {logging_mixin.py:188} INFO - [2025-09-08T05:09:09.804+0000] {dag.py:3823} INFO - Setting next_dagrun for update_car_data to 2025-09-06 15:00:00+00:00, run_after=2025-09-07 15:00:00+00:00
[2025-09-08T05:09:09.813+0000] {processor.py:183} INFO - Processing /opt/airflow/dags/update_car_data_dag.py took 0.058 seconds
[2025-09-08T05:09:40.048+0000] {processor.py:161} INFO - Started process (PID=596) to work on /opt/airflow/dags/update_car_data_dag.py
[2025-09-08T05:09:40.049+0000] {processor.py:830} INFO - Processing file /opt/airflow/dags/update_car_data_dag.py for tasks to queue
[2025-09-08T05:09:40.052+0000] {logging_mixin.py:188} INFO - [2025-09-08T05:09:40.050+0000] {dagbag.py:538} INFO - Filling up the DagBag from /opt/airflow/dags/update_car_data_dag.py
[2025-09-08T05:09:40.064+0000] {processor.py:840} INFO - DAG(s) 'update_car_data' retrieved from /opt/airflow/dags/update_car_data_dag.py
[2025-09-08T05:09:40.086+0000] {logging_mixin.py:188} INFO - [2025-09-08T05:09:40.086+0000] {dag.py:3036} INFO - Sync 1 DAGs
[2025-09-08T05:09:40.099+0000] {logging_mixin.py:188} INFO - [2025-09-08T05:09:40.099+0000] {dag.py:3823} INFO - Setting next_dagrun for update_car_data to 2025-09-06 15:00:00+00:00, run_after=2025-09-07 15:00:00+00:00
[2025-09-08T05:09:40.107+0000] {processor.py:183} INFO - Processing /opt/airflow/dags/update_car_data_dag.py took 0.064 seconds
[2025-09-08T05:10:10.342+0000] {processor.py:161} INFO - Started process (PID=601) to work on /opt/airflow/dags/update_car_data_dag.py
[2025-09-08T05:10:10.343+0000] {processor.py:830} INFO - Processing file /opt/airflow/dags/update_car_data_dag.py for tasks to queue
[2025-09-08T05:10:10.344+0000] {logging_mixin.py:188} INFO - [2025-09-08T05:10:10.344+0000] {dagbag.py:538} INFO - Filling up the DagBag from /opt/airflow/dags/update_car_data_dag.py
[2025-09-08T05:10:10.362+0000] {processor.py:840} INFO - DAG(s) 'update_car_data' retrieved from /opt/airflow/dags/update_car_data_dag.py
[2025-09-08T05:10:10.388+0000] {logging_mixin.py:188} INFO - [2025-09-08T05:10:10.388+0000] {dag.py:3036} INFO - Sync 1 DAGs
[2025-09-08T05:10:10.405+0000] {logging_mixin.py:188} INFO - [2025-09-08T05:10:10.405+0000] {dag.py:3823} INFO - Setting next_dagrun for update_car_data to 2025-09-06 15:00:00+00:00, run_after=2025-09-07 15:00:00+00:00
[2025-09-08T05:10:10.414+0000] {processor.py:183} INFO - Processing /opt/airflow/dags/update_car_data_dag.py took 0.075 seconds
[2025-09-08T05:10:40.894+0000] {processor.py:161} INFO - Started process (PID=606) to work on /opt/airflow/dags/update_car_data_dag.py
[2025-09-08T05:10:40.896+0000] {processor.py:830} INFO - Processing file /opt/airflow/dags/update_car_data_dag.py for tasks to queue
[2025-09-08T05:10:40.901+0000] {logging_mixin.py:188} INFO - [2025-09-08T05:10:40.900+0000] {dagbag.py:538} INFO - Filling up the DagBag from /opt/airflow/dags/update_car_data_dag.py
[2025-09-08T05:10:41.000+0000] {processor.py:840} INFO - DAG(s) 'update_car_data' retrieved from /opt/airflow/dags/update_car_data_dag.py
[2025-09-08T05:10:41.151+0000] {logging_mixin.py:188} INFO - [2025-09-08T05:10:41.150+0000] {dag.py:3036} INFO - Sync 1 DAGs
[2025-09-08T05:10:41.183+0000] {logging_mixin.py:188} INFO - [2025-09-08T05:10:41.182+0000] {dag.py:3823} INFO - Setting next_dagrun for update_car_data to 2025-09-06 15:00:00+00:00, run_after=2025-09-07 15:00:00+00:00
[2025-09-08T05:10:41.209+0000] {processor.py:183} INFO - Processing /opt/airflow/dags/update_car_data_dag.py took 0.322 seconds
[2025-09-08T05:11:07.725+0000] {processor.py:161} INFO - Started process (PID=166) to work on /opt/airflow/dags/update_car_data_dag.py
[2025-09-08T05:11:07.732+0000] {processor.py:830} INFO - Processing file /opt/airflow/dags/update_car_data_dag.py for tasks to queue
[2025-09-08T05:11:07.733+0000] {logging_mixin.py:188} INFO - [2025-09-08T05:11:07.733+0000] {dagbag.py:538} INFO - Filling up the DagBag from /opt/airflow/dags/update_car_data_dag.py
[2025-09-08T05:11:07.787+0000] {processor.py:840} INFO - DAG(s) 'update_car_data' retrieved from /opt/airflow/dags/update_car_data_dag.py
[2025-09-08T05:11:07.909+0000] {logging_mixin.py:188} INFO - [2025-09-08T05:11:07.908+0000] {dag.py:3036} INFO - Sync 1 DAGs
[2025-09-08T05:11:07.930+0000] {logging_mixin.py:188} INFO - [2025-09-08T05:11:07.930+0000] {dag.py:3823} INFO - Setting next_dagrun for update_car_data to 2025-09-06 15:00:00+00:00, run_after=2025-09-07 15:00:00+00:00
[2025-09-08T05:11:07.944+0000] {processor.py:183} INFO - Processing /opt/airflow/dags/update_car_data_dag.py took 0.224 seconds
[2025-09-08T05:11:38.109+0000] {processor.py:161} INFO - Started process (PID=172) to work on /opt/airflow/dags/update_car_data_dag.py
[2025-09-08T05:11:38.110+0000] {processor.py:830} INFO - Processing file /opt/airflow/dags/update_car_data_dag.py for tasks to queue
[2025-09-08T05:11:38.111+0000] {logging_mixin.py:188} INFO - [2025-09-08T05:11:38.111+0000] {dagbag.py:538} INFO - Filling up the DagBag from /opt/airflow/dags/update_car_data_dag.py
[2025-09-08T05:11:38.140+0000] {processor.py:840} INFO - DAG(s) 'update_car_data' retrieved from /opt/airflow/dags/update_car_data_dag.py
[2025-09-08T05:11:38.192+0000] {logging_mixin.py:188} INFO - [2025-09-08T05:11:38.192+0000] {dag.py:3036} INFO - Sync 1 DAGs
[2025-09-08T05:11:38.219+0000] {logging_mixin.py:188} INFO - [2025-09-08T05:11:38.219+0000] {dag.py:3823} INFO - Setting next_dagrun for update_car_data to 2025-09-06 15:00:00+00:00, run_after=2025-09-07 15:00:00+00:00
[2025-09-08T05:11:38.239+0000] {processor.py:183} INFO - Processing /opt/airflow/dags/update_car_data_dag.py took 0.136 seconds
[2025-09-08T05:12:08.450+0000] {processor.py:161} INFO - Started process (PID=177) to work on /opt/airflow/dags/update_car_data_dag.py
[2025-09-08T05:12:08.451+0000] {processor.py:830} INFO - Processing file /opt/airflow/dags/update_car_data_dag.py for tasks to queue
[2025-09-08T05:12:08.452+0000] {logging_mixin.py:188} INFO - [2025-09-08T05:12:08.451+0000] {dagbag.py:538} INFO - Filling up the DagBag from /opt/airflow/dags/update_car_data_dag.py
[2025-09-08T05:12:08.469+0000] {processor.py:840} INFO - DAG(s) 'update_car_data' retrieved from /opt/airflow/dags/update_car_data_dag.py
[2025-09-08T05:12:08.502+0000] {logging_mixin.py:188} INFO - [2025-09-08T05:12:08.502+0000] {dag.py:3036} INFO - Sync 1 DAGs
[2025-09-08T05:12:08.521+0000] {logging_mixin.py:188} INFO - [2025-09-08T05:12:08.521+0000] {dag.py:3823} INFO - Setting next_dagrun for update_car_data to 2025-09-06 15:00:00+00:00, run_after=2025-09-07 15:00:00+00:00
[2025-09-08T05:12:08.530+0000] {processor.py:183} INFO - Processing /opt/airflow/dags/update_car_data_dag.py took 0.084 seconds
[2025-09-08T05:12:38.774+0000] {processor.py:161} INFO - Started process (PID=182) to work on /opt/airflow/dags/update_car_data_dag.py
[2025-09-08T05:12:38.775+0000] {processor.py:830} INFO - Processing file /opt/airflow/dags/update_car_data_dag.py for tasks to queue
[2025-09-08T05:12:38.776+0000] {logging_mixin.py:188} INFO - [2025-09-08T05:12:38.775+0000] {dagbag.py:538} INFO - Filling up the DagBag from /opt/airflow/dags/update_car_data_dag.py
[2025-09-08T05:12:38.791+0000] {processor.py:840} INFO - DAG(s) 'update_car_data' retrieved from /opt/airflow/dags/update_car_data_dag.py
[2025-09-08T05:12:38.831+0000] {logging_mixin.py:188} INFO - [2025-09-08T05:12:38.830+0000] {dag.py:3036} INFO - Sync 1 DAGs
[2025-09-08T05:12:38.903+0000] {logging_mixin.py:188} INFO - [2025-09-08T05:12:38.903+0000] {dag.py:3823} INFO - Setting next_dagrun for update_car_data to 2025-09-06 15:00:00+00:00, run_after=2025-09-07 15:00:00+00:00
[2025-09-08T05:12:38.926+0000] {processor.py:183} INFO - Processing /opt/airflow/dags/update_car_data_dag.py took 0.160 seconds
[2025-09-08T05:13:09.072+0000] {processor.py:161} INFO - Started process (PID=187) to work on /opt/airflow/dags/update_car_data_dag.py
[2025-09-08T05:13:09.073+0000] {processor.py:830} INFO - Processing file /opt/airflow/dags/update_car_data_dag.py for tasks to queue
[2025-09-08T05:13:09.074+0000] {logging_mixin.py:188} INFO - [2025-09-08T05:13:09.074+0000] {dagbag.py:538} INFO - Filling up the DagBag from /opt/airflow/dags/update_car_data_dag.py
[2025-09-08T05:13:09.091+0000] {processor.py:840} INFO - DAG(s) 'update_car_data' retrieved from /opt/airflow/dags/update_car_data_dag.py
[2025-09-08T05:13:09.122+0000] {logging_mixin.py:188} INFO - [2025-09-08T05:13:09.122+0000] {dag.py:3036} INFO - Sync 1 DAGs
[2025-09-08T05:13:09.138+0000] {logging_mixin.py:188} INFO - [2025-09-08T05:13:09.137+0000] {dag.py:3823} INFO - Setting next_dagrun for update_car_data to 2025-09-06 15:00:00+00:00, run_after=2025-09-07 15:00:00+00:00
[2025-09-08T05:13:09.147+0000] {processor.py:183} INFO - Processing /opt/airflow/dags/update_car_data_dag.py took 0.080 seconds
[2025-09-08T05:13:39.392+0000] {processor.py:161} INFO - Started process (PID=192) to work on /opt/airflow/dags/update_car_data_dag.py
[2025-09-08T05:13:39.393+0000] {processor.py:830} INFO - Processing file /opt/airflow/dags/update_car_data_dag.py for tasks to queue
[2025-09-08T05:13:39.394+0000] {logging_mixin.py:188} INFO - [2025-09-08T05:13:39.394+0000] {dagbag.py:538} INFO - Filling up the DagBag from /opt/airflow/dags/update_car_data_dag.py
[2025-09-08T05:13:39.418+0000] {processor.py:840} INFO - DAG(s) 'update_car_data' retrieved from /opt/airflow/dags/update_car_data_dag.py
[2025-09-08T05:13:39.450+0000] {logging_mixin.py:188} INFO - [2025-09-08T05:13:39.450+0000] {dag.py:3036} INFO - Sync 1 DAGs
[2025-09-08T05:13:39.466+0000] {logging_mixin.py:188} INFO - [2025-09-08T05:13:39.466+0000] {dag.py:3823} INFO - Setting next_dagrun for update_car_data to 2025-09-06 15:00:00+00:00, run_after=2025-09-07 15:00:00+00:00
[2025-09-08T05:13:39.476+0000] {processor.py:183} INFO - Processing /opt/airflow/dags/update_car_data_dag.py took 0.090 seconds
[2025-09-08T05:14:09.775+0000] {processor.py:161} INFO - Started process (PID=197) to work on /opt/airflow/dags/update_car_data_dag.py
[2025-09-08T05:14:09.776+0000] {processor.py:830} INFO - Processing file /opt/airflow/dags/update_car_data_dag.py for tasks to queue
[2025-09-08T05:14:09.776+0000] {logging_mixin.py:188} INFO - [2025-09-08T05:14:09.776+0000] {dagbag.py:538} INFO - Filling up the DagBag from /opt/airflow/dags/update_car_data_dag.py
[2025-09-08T05:14:09.799+0000] {processor.py:840} INFO - DAG(s) 'update_car_data' retrieved from /opt/airflow/dags/update_car_data_dag.py
[2025-09-08T05:14:09.831+0000] {logging_mixin.py:188} INFO - [2025-09-08T05:14:09.831+0000] {dag.py:3036} INFO - Sync 1 DAGs
[2025-09-08T05:14:09.849+0000] {logging_mixin.py:188} INFO - [2025-09-08T05:14:09.848+0000] {dag.py:3823} INFO - Setting next_dagrun for update_car_data to 2025-09-06 15:00:00+00:00, run_after=2025-09-07 15:00:00+00:00
[2025-09-08T05:14:09.858+0000] {processor.py:183} INFO - Processing /opt/airflow/dags/update_car_data_dag.py took 0.087 seconds
[2025-09-08T05:14:40.151+0000] {processor.py:161} INFO - Started process (PID=202) to work on /opt/airflow/dags/update_car_data_dag.py
[2025-09-08T05:14:40.152+0000] {processor.py:830} INFO - Processing file /opt/airflow/dags/update_car_data_dag.py for tasks to queue
[2025-09-08T05:14:40.153+0000] {logging_mixin.py:188} INFO - [2025-09-08T05:14:40.152+0000] {dagbag.py:538} INFO - Filling up the DagBag from /opt/airflow/dags/update_car_data_dag.py
[2025-09-08T05:14:40.172+0000] {processor.py:840} INFO - DAG(s) 'update_car_data' retrieved from /opt/airflow/dags/update_car_data_dag.py
[2025-09-08T05:14:40.209+0000] {logging_mixin.py:188} INFO - [2025-09-08T05:14:40.209+0000] {dag.py:3036} INFO - Sync 1 DAGs
[2025-09-08T05:14:40.228+0000] {logging_mixin.py:188} INFO - [2025-09-08T05:14:40.228+0000] {dag.py:3823} INFO - Setting next_dagrun for update_car_data to 2025-09-06 15:00:00+00:00, run_after=2025-09-07 15:00:00+00:00
[2025-09-08T05:14:40.237+0000] {processor.py:183} INFO - Processing /opt/airflow/dags/update_car_data_dag.py took 0.091 seconds
[2025-09-08T05:15:10.528+0000] {processor.py:161} INFO - Started process (PID=207) to work on /opt/airflow/dags/update_car_data_dag.py
[2025-09-08T05:15:10.529+0000] {processor.py:830} INFO - Processing file /opt/airflow/dags/update_car_data_dag.py for tasks to queue
[2025-09-08T05:15:10.530+0000] {logging_mixin.py:188} INFO - [2025-09-08T05:15:10.530+0000] {dagbag.py:538} INFO - Filling up the DagBag from /opt/airflow/dags/update_car_data_dag.py
[2025-09-08T05:15:10.547+0000] {processor.py:840} INFO - DAG(s) 'update_car_data' retrieved from /opt/airflow/dags/update_car_data_dag.py
[2025-09-08T05:15:10.572+0000] {logging_mixin.py:188} INFO - [2025-09-08T05:15:10.572+0000] {dag.py:3036} INFO - Sync 1 DAGs
[2025-09-08T05:15:10.589+0000] {logging_mixin.py:188} INFO - [2025-09-08T05:15:10.588+0000] {dag.py:3823} INFO - Setting next_dagrun for update_car_data to 2025-09-06 15:00:00+00:00, run_after=2025-09-07 15:00:00+00:00
[2025-09-08T05:15:10.598+0000] {processor.py:183} INFO - Processing /opt/airflow/dags/update_car_data_dag.py took 0.074 seconds
[2025-09-08T05:15:40.811+0000] {processor.py:161} INFO - Started process (PID=212) to work on /opt/airflow/dags/update_car_data_dag.py
[2025-09-08T05:15:40.812+0000] {processor.py:830} INFO - Processing file /opt/airflow/dags/update_car_data_dag.py for tasks to queue
[2025-09-08T05:15:40.813+0000] {logging_mixin.py:188} INFO - [2025-09-08T05:15:40.813+0000] {dagbag.py:538} INFO - Filling up the DagBag from /opt/airflow/dags/update_car_data_dag.py
[2025-09-08T05:15:40.828+0000] {processor.py:840} INFO - DAG(s) 'update_car_data' retrieved from /opt/airflow/dags/update_car_data_dag.py
[2025-09-08T05:15:40.861+0000] {logging_mixin.py:188} INFO - [2025-09-08T05:15:40.861+0000] {dag.py:3036} INFO - Sync 1 DAGs
[2025-09-08T05:15:40.882+0000] {logging_mixin.py:188} INFO - [2025-09-08T05:15:40.882+0000] {dag.py:3823} INFO - Setting next_dagrun for update_car_data to 2025-09-06 15:00:00+00:00, run_after=2025-09-07 15:00:00+00:00
[2025-09-08T05:15:40.892+0000] {processor.py:183} INFO - Processing /opt/airflow/dags/update_car_data_dag.py took 0.087 seconds
[2025-09-08T05:16:11.252+0000] {processor.py:161} INFO - Started process (PID=217) to work on /opt/airflow/dags/update_car_data_dag.py
[2025-09-08T05:16:11.254+0000] {processor.py:830} INFO - Processing file /opt/airflow/dags/update_car_data_dag.py for tasks to queue
[2025-09-08T05:16:11.255+0000] {logging_mixin.py:188} INFO - [2025-09-08T05:16:11.254+0000] {dagbag.py:538} INFO - Filling up the DagBag from /opt/airflow/dags/update_car_data_dag.py
[2025-09-08T05:16:11.272+0000] {processor.py:840} INFO - DAG(s) 'update_car_data' retrieved from /opt/airflow/dags/update_car_data_dag.py
[2025-09-08T05:16:11.303+0000] {logging_mixin.py:188} INFO - [2025-09-08T05:16:11.303+0000] {dag.py:3036} INFO - Sync 1 DAGs
[2025-09-08T05:16:11.323+0000] {logging_mixin.py:188} INFO - [2025-09-08T05:16:11.323+0000] {dag.py:3823} INFO - Setting next_dagrun for update_car_data to 2025-09-06 15:00:00+00:00, run_after=2025-09-07 15:00:00+00:00
[2025-09-08T05:16:11.333+0000] {processor.py:183} INFO - Processing /opt/airflow/dags/update_car_data_dag.py took 0.085 seconds
[2025-09-08T05:16:41.575+0000] {processor.py:161} INFO - Started process (PID=222) to work on /opt/airflow/dags/update_car_data_dag.py
[2025-09-08T05:16:41.576+0000] {processor.py:830} INFO - Processing file /opt/airflow/dags/update_car_data_dag.py for tasks to queue
[2025-09-08T05:16:41.577+0000] {logging_mixin.py:188} INFO - [2025-09-08T05:16:41.577+0000] {dagbag.py:538} INFO - Filling up the DagBag from /opt/airflow/dags/update_car_data_dag.py
[2025-09-08T05:16:41.597+0000] {processor.py:840} INFO - DAG(s) 'update_car_data' retrieved from /opt/airflow/dags/update_car_data_dag.py
[2025-09-08T05:16:41.636+0000] {logging_mixin.py:188} INFO - [2025-09-08T05:16:41.636+0000] {dag.py:3036} INFO - Sync 1 DAGs
[2025-09-08T05:16:41.653+0000] {logging_mixin.py:188} INFO - [2025-09-08T05:16:41.653+0000] {dag.py:3823} INFO - Setting next_dagrun for update_car_data to 2025-09-06 15:00:00+00:00, run_after=2025-09-07 15:00:00+00:00
[2025-09-08T05:16:41.661+0000] {processor.py:183} INFO - Processing /opt/airflow/dags/update_car_data_dag.py took 0.093 seconds
[2025-09-08T05:17:11.980+0000] {processor.py:161} INFO - Started process (PID=227) to work on /opt/airflow/dags/update_car_data_dag.py
[2025-09-08T05:17:11.980+0000] {processor.py:830} INFO - Processing file /opt/airflow/dags/update_car_data_dag.py for tasks to queue
[2025-09-08T05:17:11.983+0000] {logging_mixin.py:188} INFO - [2025-09-08T05:17:11.981+0000] {dagbag.py:538} INFO - Filling up the DagBag from /opt/airflow/dags/update_car_data_dag.py
[2025-09-08T05:17:11.998+0000] {processor.py:840} INFO - DAG(s) 'update_car_data' retrieved from /opt/airflow/dags/update_car_data_dag.py
[2025-09-08T05:17:12.033+0000] {logging_mixin.py:188} INFO - [2025-09-08T05:17:12.033+0000] {dag.py:3036} INFO - Sync 1 DAGs
[2025-09-08T05:17:12.051+0000] {logging_mixin.py:188} INFO - [2025-09-08T05:17:12.051+0000] {dag.py:3823} INFO - Setting next_dagrun for update_car_data to 2025-09-06 15:00:00+00:00, run_after=2025-09-07 15:00:00+00:00
[2025-09-08T05:17:12.061+0000] {processor.py:183} INFO - Processing /opt/airflow/dags/update_car_data_dag.py took 0.085 seconds
[2025-09-08T05:17:42.417+0000] {processor.py:161} INFO - Started process (PID=232) to work on /opt/airflow/dags/update_car_data_dag.py
[2025-09-08T05:17:42.419+0000] {processor.py:830} INFO - Processing file /opt/airflow/dags/update_car_data_dag.py for tasks to queue
[2025-09-08T05:17:42.420+0000] {logging_mixin.py:188} INFO - [2025-09-08T05:17:42.420+0000] {dagbag.py:538} INFO - Filling up the DagBag from /opt/airflow/dags/update_car_data_dag.py
[2025-09-08T05:17:42.436+0000] {processor.py:840} INFO - DAG(s) 'update_car_data' retrieved from /opt/airflow/dags/update_car_data_dag.py
[2025-09-08T05:17:42.465+0000] {logging_mixin.py:188} INFO - [2025-09-08T05:17:42.465+0000] {dag.py:3036} INFO - Sync 1 DAGs
[2025-09-08T05:17:42.482+0000] {logging_mixin.py:188} INFO - [2025-09-08T05:17:42.482+0000] {dag.py:3823} INFO - Setting next_dagrun for update_car_data to 2025-09-06 15:00:00+00:00, run_after=2025-09-07 15:00:00+00:00
[2025-09-08T05:17:42.490+0000] {processor.py:183} INFO - Processing /opt/airflow/dags/update_car_data_dag.py took 0.078 seconds
[2025-09-08T05:18:12.823+0000] {processor.py:161} INFO - Started process (PID=237) to work on /opt/airflow/dags/update_car_data_dag.py
[2025-09-08T05:18:12.824+0000] {processor.py:830} INFO - Processing file /opt/airflow/dags/update_car_data_dag.py for tasks to queue
[2025-09-08T05:18:12.826+0000] {logging_mixin.py:188} INFO - [2025-09-08T05:18:12.825+0000] {dagbag.py:538} INFO - Filling up the DagBag from /opt/airflow/dags/update_car_data_dag.py
[2025-09-08T05:18:12.845+0000] {processor.py:840} INFO - DAG(s) 'update_car_data' retrieved from /opt/airflow/dags/update_car_data_dag.py
[2025-09-08T05:18:12.877+0000] {logging_mixin.py:188} INFO - [2025-09-08T05:18:12.877+0000] {dag.py:3036} INFO - Sync 1 DAGs
[2025-09-08T05:18:12.893+0000] {logging_mixin.py:188} INFO - [2025-09-08T05:18:12.893+0000] {dag.py:3823} INFO - Setting next_dagrun for update_car_data to 2025-09-06 15:00:00+00:00, run_after=2025-09-07 15:00:00+00:00
[2025-09-08T05:18:12.902+0000] {processor.py:183} INFO - Processing /opt/airflow/dags/update_car_data_dag.py took 0.084 seconds
[2025-09-08T05:18:43.155+0000] {processor.py:161} INFO - Started process (PID=242) to work on /opt/airflow/dags/update_car_data_dag.py
[2025-09-08T05:18:43.156+0000] {processor.py:830} INFO - Processing file /opt/airflow/dags/update_car_data_dag.py for tasks to queue
[2025-09-08T05:18:43.157+0000] {logging_mixin.py:188} INFO - [2025-09-08T05:18:43.157+0000] {dagbag.py:538} INFO - Filling up the DagBag from /opt/airflow/dags/update_car_data_dag.py
[2025-09-08T05:18:43.175+0000] {processor.py:840} INFO - DAG(s) 'update_car_data' retrieved from /opt/airflow/dags/update_car_data_dag.py
[2025-09-08T05:18:43.209+0000] {logging_mixin.py:188} INFO - [2025-09-08T05:18:43.209+0000] {dag.py:3036} INFO - Sync 1 DAGs
[2025-09-08T05:18:43.224+0000] {logging_mixin.py:188} INFO - [2025-09-08T05:18:43.224+0000] {dag.py:3823} INFO - Setting next_dagrun for update_car_data to 2025-09-06 15:00:00+00:00, run_after=2025-09-07 15:00:00+00:00
[2025-09-08T05:18:43.235+0000] {processor.py:183} INFO - Processing /opt/airflow/dags/update_car_data_dag.py took 0.086 seconds
[2025-09-08T05:19:13.545+0000] {processor.py:161} INFO - Started process (PID=247) to work on /opt/airflow/dags/update_car_data_dag.py
[2025-09-08T05:19:13.546+0000] {processor.py:830} INFO - Processing file /opt/airflow/dags/update_car_data_dag.py for tasks to queue
[2025-09-08T05:19:13.547+0000] {logging_mixin.py:188} INFO - [2025-09-08T05:19:13.547+0000] {dagbag.py:538} INFO - Filling up the DagBag from /opt/airflow/dags/update_car_data_dag.py
[2025-09-08T05:19:13.570+0000] {processor.py:840} INFO - DAG(s) 'update_car_data' retrieved from /opt/airflow/dags/update_car_data_dag.py
[2025-09-08T05:19:13.604+0000] {logging_mixin.py:188} INFO - [2025-09-08T05:19:13.604+0000] {dag.py:3036} INFO - Sync 1 DAGs
[2025-09-08T05:19:13.622+0000] {logging_mixin.py:188} INFO - [2025-09-08T05:19:13.622+0000] {dag.py:3823} INFO - Setting next_dagrun for update_car_data to 2025-09-06 15:00:00+00:00, run_after=2025-09-07 15:00:00+00:00
[2025-09-08T05:19:13.631+0000] {processor.py:183} INFO - Processing /opt/airflow/dags/update_car_data_dag.py took 0.094 seconds
[2025-09-08T05:19:43.929+0000] {processor.py:161} INFO - Started process (PID=252) to work on /opt/airflow/dags/update_car_data_dag.py
[2025-09-08T05:19:43.930+0000] {processor.py:830} INFO - Processing file /opt/airflow/dags/update_car_data_dag.py for tasks to queue
[2025-09-08T05:19:43.931+0000] {logging_mixin.py:188} INFO - [2025-09-08T05:19:43.931+0000] {dagbag.py:538} INFO - Filling up the DagBag from /opt/airflow/dags/update_car_data_dag.py
[2025-09-08T05:19:43.951+0000] {processor.py:840} INFO - DAG(s) 'update_car_data' retrieved from /opt/airflow/dags/update_car_data_dag.py
[2025-09-08T05:19:43.987+0000] {logging_mixin.py:188} INFO - [2025-09-08T05:19:43.987+0000] {dag.py:3036} INFO - Sync 1 DAGs
[2025-09-08T05:19:44.006+0000] {logging_mixin.py:188} INFO - [2025-09-08T05:19:44.006+0000] {dag.py:3823} INFO - Setting next_dagrun for update_car_data to 2025-09-06 15:00:00+00:00, run_after=2025-09-07 15:00:00+00:00
[2025-09-08T05:19:44.016+0000] {processor.py:183} INFO - Processing /opt/airflow/dags/update_car_data_dag.py took 0.094 seconds
[2025-09-08T05:20:14.375+0000] {processor.py:161} INFO - Started process (PID=257) to work on /opt/airflow/dags/update_car_data_dag.py
[2025-09-08T05:20:14.376+0000] {processor.py:830} INFO - Processing file /opt/airflow/dags/update_car_data_dag.py for tasks to queue
[2025-09-08T05:20:14.377+0000] {logging_mixin.py:188} INFO - [2025-09-08T05:20:14.377+0000] {dagbag.py:538} INFO - Filling up the DagBag from /opt/airflow/dags/update_car_data_dag.py
[2025-09-08T05:20:14.397+0000] {processor.py:840} INFO - DAG(s) 'update_car_data' retrieved from /opt/airflow/dags/update_car_data_dag.py
[2025-09-08T05:20:14.436+0000] {logging_mixin.py:188} INFO - [2025-09-08T05:20:14.436+0000] {dag.py:3036} INFO - Sync 1 DAGs
[2025-09-08T05:20:14.457+0000] {logging_mixin.py:188} INFO - [2025-09-08T05:20:14.457+0000] {dag.py:3823} INFO - Setting next_dagrun for update_car_data to 2025-09-06 15:00:00+00:00, run_after=2025-09-07 15:00:00+00:00
[2025-09-08T05:20:14.470+0000] {processor.py:183} INFO - Processing /opt/airflow/dags/update_car_data_dag.py took 0.104 seconds
[2025-09-08T05:20:44.724+0000] {processor.py:161} INFO - Started process (PID=262) to work on /opt/airflow/dags/update_car_data_dag.py
[2025-09-08T05:20:44.725+0000] {processor.py:830} INFO - Processing file /opt/airflow/dags/update_car_data_dag.py for tasks to queue
[2025-09-08T05:20:44.726+0000] {logging_mixin.py:188} INFO - [2025-09-08T05:20:44.726+0000] {dagbag.py:538} INFO - Filling up the DagBag from /opt/airflow/dags/update_car_data_dag.py
[2025-09-08T05:20:44.744+0000] {processor.py:840} INFO - DAG(s) 'update_car_data' retrieved from /opt/airflow/dags/update_car_data_dag.py
[2025-09-08T05:20:44.789+0000] {logging_mixin.py:188} INFO - [2025-09-08T05:20:44.788+0000] {dag.py:3036} INFO - Sync 1 DAGs
[2025-09-08T05:20:44.821+0000] {logging_mixin.py:188} INFO - [2025-09-08T05:20:44.821+0000] {dag.py:3823} INFO - Setting next_dagrun for update_car_data to 2025-09-06 15:00:00+00:00, run_after=2025-09-07 15:00:00+00:00
[2025-09-08T05:20:44.834+0000] {processor.py:183} INFO - Processing /opt/airflow/dags/update_car_data_dag.py took 0.118 seconds
[2025-09-08T05:21:15.062+0000] {processor.py:161} INFO - Started process (PID=267) to work on /opt/airflow/dags/update_car_data_dag.py
[2025-09-08T05:21:15.063+0000] {processor.py:830} INFO - Processing file /opt/airflow/dags/update_car_data_dag.py for tasks to queue
[2025-09-08T05:21:15.064+0000] {logging_mixin.py:188} INFO - [2025-09-08T05:21:15.064+0000] {dagbag.py:538} INFO - Filling up the DagBag from /opt/airflow/dags/update_car_data_dag.py
[2025-09-08T05:21:15.087+0000] {processor.py:840} INFO - DAG(s) 'update_car_data' retrieved from /opt/airflow/dags/update_car_data_dag.py
[2025-09-08T05:21:15.119+0000] {logging_mixin.py:188} INFO - [2025-09-08T05:21:15.119+0000] {dag.py:3036} INFO - Sync 1 DAGs
[2025-09-08T05:21:15.137+0000] {logging_mixin.py:188} INFO - [2025-09-08T05:21:15.137+0000] {dag.py:3823} INFO - Setting next_dagrun for update_car_data to 2025-09-06 15:00:00+00:00, run_after=2025-09-07 15:00:00+00:00
[2025-09-08T05:21:15.148+0000] {processor.py:183} INFO - Processing /opt/airflow/dags/update_car_data_dag.py took 0.090 seconds
[2025-09-08T05:21:45.530+0000] {processor.py:161} INFO - Started process (PID=272) to work on /opt/airflow/dags/update_car_data_dag.py
[2025-09-08T05:21:45.531+0000] {processor.py:830} INFO - Processing file /opt/airflow/dags/update_car_data_dag.py for tasks to queue
[2025-09-08T05:21:45.532+0000] {logging_mixin.py:188} INFO - [2025-09-08T05:21:45.531+0000] {dagbag.py:538} INFO - Filling up the DagBag from /opt/airflow/dags/update_car_data_dag.py
[2025-09-08T05:21:45.548+0000] {processor.py:840} INFO - DAG(s) 'update_car_data' retrieved from /opt/airflow/dags/update_car_data_dag.py
[2025-09-08T05:21:45.576+0000] {logging_mixin.py:188} INFO - [2025-09-08T05:21:45.576+0000] {dag.py:3036} INFO - Sync 1 DAGs
[2025-09-08T05:21:45.593+0000] {logging_mixin.py:188} INFO - [2025-09-08T05:21:45.593+0000] {dag.py:3823} INFO - Setting next_dagrun for update_car_data to 2025-09-06 15:00:00+00:00, run_after=2025-09-07 15:00:00+00:00
[2025-09-08T05:21:45.602+0000] {processor.py:183} INFO - Processing /opt/airflow/dags/update_car_data_dag.py took 0.077 seconds
[2025-09-08T05:22:47.843+0000] {processor.py:161} INFO - Started process (PID=166) to work on /opt/airflow/dags/update_car_data_dag.py
[2025-09-08T05:22:47.845+0000] {processor.py:830} INFO - Processing file /opt/airflow/dags/update_car_data_dag.py for tasks to queue
[2025-09-08T05:22:47.846+0000] {logging_mixin.py:188} INFO - [2025-09-08T05:22:47.845+0000] {dagbag.py:538} INFO - Filling up the DagBag from /opt/airflow/dags/update_car_data_dag.py
[2025-09-08T05:22:47.865+0000] {processor.py:840} INFO - DAG(s) 'update_car_data' retrieved from /opt/airflow/dags/update_car_data_dag.py
[2025-09-08T05:22:47.904+0000] {logging_mixin.py:188} INFO - [2025-09-08T05:22:47.903+0000] {dag.py:3036} INFO - Sync 1 DAGs
[2025-09-08T05:22:47.921+0000] {logging_mixin.py:188} INFO - [2025-09-08T05:22:47.920+0000] {dag.py:3823} INFO - Setting next_dagrun for update_car_data to 2025-09-06 15:00:00+00:00, run_after=2025-09-07 15:00:00+00:00
[2025-09-08T05:22:47.933+0000] {processor.py:183} INFO - Processing /opt/airflow/dags/update_car_data_dag.py took 0.092 seconds
[2025-09-08T05:23:18.133+0000] {processor.py:161} INFO - Started process (PID=172) to work on /opt/airflow/dags/update_car_data_dag.py
[2025-09-08T05:23:18.134+0000] {processor.py:830} INFO - Processing file /opt/airflow/dags/update_car_data_dag.py for tasks to queue
[2025-09-08T05:23:18.135+0000] {logging_mixin.py:188} INFO - [2025-09-08T05:23:18.135+0000] {dagbag.py:538} INFO - Filling up the DagBag from /opt/airflow/dags/update_car_data_dag.py
[2025-09-08T05:23:18.146+0000] {processor.py:840} INFO - DAG(s) 'update_car_data' retrieved from /opt/airflow/dags/update_car_data_dag.py
[2025-09-08T05:23:18.178+0000] {logging_mixin.py:188} INFO - [2025-09-08T05:23:18.177+0000] {dag.py:3036} INFO - Sync 1 DAGs
[2025-09-08T05:23:18.195+0000] {logging_mixin.py:188} INFO - [2025-09-08T05:23:18.195+0000] {dag.py:3823} INFO - Setting next_dagrun for update_car_data to 2025-09-06 15:00:00+00:00, run_after=2025-09-07 15:00:00+00:00
[2025-09-08T05:23:18.211+0000] {processor.py:183} INFO - Processing /opt/airflow/dags/update_car_data_dag.py took 0.083 seconds
[2025-09-08T05:23:48.450+0000] {processor.py:161} INFO - Started process (PID=177) to work on /opt/airflow/dags/update_car_data_dag.py
[2025-09-08T05:23:48.451+0000] {processor.py:830} INFO - Processing file /opt/airflow/dags/update_car_data_dag.py for tasks to queue
[2025-09-08T05:23:48.452+0000] {logging_mixin.py:188} INFO - [2025-09-08T05:23:48.451+0000] {dagbag.py:538} INFO - Filling up the DagBag from /opt/airflow/dags/update_car_data_dag.py
[2025-09-08T05:23:48.465+0000] {processor.py:840} INFO - DAG(s) 'update_car_data' retrieved from /opt/airflow/dags/update_car_data_dag.py
[2025-09-08T05:23:48.494+0000] {logging_mixin.py:188} INFO - [2025-09-08T05:23:48.494+0000] {dag.py:3036} INFO - Sync 1 DAGs
[2025-09-08T05:23:48.513+0000] {logging_mixin.py:188} INFO - [2025-09-08T05:23:48.513+0000] {dag.py:3823} INFO - Setting next_dagrun for update_car_data to 2025-09-06 15:00:00+00:00, run_after=2025-09-07 15:00:00+00:00
[2025-09-08T05:23:48.521+0000] {processor.py:183} INFO - Processing /opt/airflow/dags/update_car_data_dag.py took 0.077 seconds
[2025-09-08T05:24:18.786+0000] {processor.py:161} INFO - Started process (PID=182) to work on /opt/airflow/dags/update_car_data_dag.py
[2025-09-08T05:24:18.787+0000] {processor.py:830} INFO - Processing file /opt/airflow/dags/update_car_data_dag.py for tasks to queue
[2025-09-08T05:24:18.788+0000] {logging_mixin.py:188} INFO - [2025-09-08T05:24:18.788+0000] {dagbag.py:538} INFO - Filling up the DagBag from /opt/airflow/dags/update_car_data_dag.py
[2025-09-08T05:24:18.805+0000] {processor.py:840} INFO - DAG(s) 'update_car_data' retrieved from /opt/airflow/dags/update_car_data_dag.py
[2025-09-08T05:24:18.839+0000] {logging_mixin.py:188} INFO - [2025-09-08T05:24:18.839+0000] {dag.py:3036} INFO - Sync 1 DAGs
[2025-09-08T05:24:18.855+0000] {logging_mixin.py:188} INFO - [2025-09-08T05:24:18.855+0000] {dag.py:3823} INFO - Setting next_dagrun for update_car_data to 2025-09-06 15:00:00+00:00, run_after=2025-09-07 15:00:00+00:00
[2025-09-08T05:24:18.865+0000] {processor.py:183} INFO - Processing /opt/airflow/dags/update_car_data_dag.py took 0.085 seconds
[2025-09-08T05:24:49.103+0000] {processor.py:161} INFO - Started process (PID=187) to work on /opt/airflow/dags/update_car_data_dag.py
[2025-09-08T05:24:49.105+0000] {processor.py:830} INFO - Processing file /opt/airflow/dags/update_car_data_dag.py for tasks to queue
[2025-09-08T05:24:49.106+0000] {logging_mixin.py:188} INFO - [2025-09-08T05:24:49.105+0000] {dagbag.py:538} INFO - Filling up the DagBag from /opt/airflow/dags/update_car_data_dag.py
[2025-09-08T05:24:49.125+0000] {processor.py:840} INFO - DAG(s) 'update_car_data' retrieved from /opt/airflow/dags/update_car_data_dag.py
[2025-09-08T05:24:49.161+0000] {logging_mixin.py:188} INFO - [2025-09-08T05:24:49.160+0000] {dag.py:3036} INFO - Sync 1 DAGs
[2025-09-08T05:24:49.186+0000] {logging_mixin.py:188} INFO - [2025-09-08T05:24:49.186+0000] {dag.py:3823} INFO - Setting next_dagrun for update_car_data to 2025-09-06 15:00:00+00:00, run_after=2025-09-07 15:00:00+00:00
[2025-09-08T05:24:49.198+0000] {processor.py:183} INFO - Processing /opt/airflow/dags/update_car_data_dag.py took 0.120 seconds
[2025-09-08T05:25:19.395+0000] {processor.py:161} INFO - Started process (PID=192) to work on /opt/airflow/dags/update_car_data_dag.py
[2025-09-08T05:25:19.396+0000] {processor.py:830} INFO - Processing file /opt/airflow/dags/update_car_data_dag.py for tasks to queue
[2025-09-08T05:25:19.397+0000] {logging_mixin.py:188} INFO - [2025-09-08T05:25:19.397+0000] {dagbag.py:538} INFO - Filling up the DagBag from /opt/airflow/dags/update_car_data_dag.py
[2025-09-08T05:25:19.415+0000] {processor.py:840} INFO - DAG(s) 'update_car_data' retrieved from /opt/airflow/dags/update_car_data_dag.py
[2025-09-08T05:25:19.456+0000] {logging_mixin.py:188} INFO - [2025-09-08T05:25:19.456+0000] {dag.py:3036} INFO - Sync 1 DAGs
[2025-09-08T05:25:19.473+0000] {logging_mixin.py:188} INFO - [2025-09-08T05:25:19.473+0000] {dag.py:3823} INFO - Setting next_dagrun for update_car_data to 2025-09-06 15:00:00+00:00, run_after=2025-09-07 15:00:00+00:00
[2025-09-08T05:25:19.485+0000] {processor.py:183} INFO - Processing /opt/airflow/dags/update_car_data_dag.py took 0.094 seconds
[2025-09-08T05:25:49.907+0000] {processor.py:161} INFO - Started process (PID=197) to work on /opt/airflow/dags/update_car_data_dag.py
[2025-09-08T05:25:49.908+0000] {processor.py:830} INFO - Processing file /opt/airflow/dags/update_car_data_dag.py for tasks to queue
[2025-09-08T05:25:49.909+0000] {logging_mixin.py:188} INFO - [2025-09-08T05:25:49.909+0000] {dagbag.py:538} INFO - Filling up the DagBag from /opt/airflow/dags/update_car_data_dag.py
[2025-09-08T05:25:49.932+0000] {processor.py:840} INFO - DAG(s) 'update_car_data' retrieved from /opt/airflow/dags/update_car_data_dag.py
[2025-09-08T05:25:49.966+0000] {logging_mixin.py:188} INFO - [2025-09-08T05:25:49.966+0000] {dag.py:3036} INFO - Sync 1 DAGs
[2025-09-08T05:25:49.986+0000] {logging_mixin.py:188} INFO - [2025-09-08T05:25:49.986+0000] {dag.py:3823} INFO - Setting next_dagrun for update_car_data to 2025-09-06 15:00:00+00:00, run_after=2025-09-07 15:00:00+00:00
[2025-09-08T05:25:49.995+0000] {processor.py:183} INFO - Processing /opt/airflow/dags/update_car_data_dag.py took 0.092 seconds
[2025-09-08T05:26:20.245+0000] {processor.py:161} INFO - Started process (PID=202) to work on /opt/airflow/dags/update_car_data_dag.py
[2025-09-08T05:26:20.245+0000] {processor.py:830} INFO - Processing file /opt/airflow/dags/update_car_data_dag.py for tasks to queue
[2025-09-08T05:26:20.246+0000] {logging_mixin.py:188} INFO - [2025-09-08T05:26:20.246+0000] {dagbag.py:538} INFO - Filling up the DagBag from /opt/airflow/dags/update_car_data_dag.py
[2025-09-08T05:26:20.268+0000] {processor.py:840} INFO - DAG(s) 'update_car_data' retrieved from /opt/airflow/dags/update_car_data_dag.py
[2025-09-08T05:26:20.313+0000] {logging_mixin.py:188} INFO - [2025-09-08T05:26:20.313+0000] {dag.py:3036} INFO - Sync 1 DAGs
[2025-09-08T05:26:20.334+0000] {logging_mixin.py:188} INFO - [2025-09-08T05:26:20.334+0000] {dag.py:3823} INFO - Setting next_dagrun for update_car_data to 2025-09-06 15:00:00+00:00, run_after=2025-09-07 15:00:00+00:00
[2025-09-08T05:26:20.349+0000] {processor.py:183} INFO - Processing /opt/airflow/dags/update_car_data_dag.py took 0.111 seconds
[2025-09-08T05:26:50.547+0000] {processor.py:161} INFO - Started process (PID=207) to work on /opt/airflow/dags/update_car_data_dag.py
[2025-09-08T05:26:50.548+0000] {processor.py:830} INFO - Processing file /opt/airflow/dags/update_car_data_dag.py for tasks to queue
[2025-09-08T05:26:50.549+0000] {logging_mixin.py:188} INFO - [2025-09-08T05:26:50.549+0000] {dagbag.py:538} INFO - Filling up the DagBag from /opt/airflow/dags/update_car_data_dag.py
[2025-09-08T05:26:50.569+0000] {processor.py:840} INFO - DAG(s) 'update_car_data' retrieved from /opt/airflow/dags/update_car_data_dag.py
[2025-09-08T05:26:50.605+0000] {logging_mixin.py:188} INFO - [2025-09-08T05:26:50.605+0000] {dag.py:3036} INFO - Sync 1 DAGs
[2025-09-08T05:26:50.623+0000] {logging_mixin.py:188} INFO - [2025-09-08T05:26:50.623+0000] {dag.py:3823} INFO - Setting next_dagrun for update_car_data to 2025-09-06 15:00:00+00:00, run_after=2025-09-07 15:00:00+00:00
[2025-09-08T05:26:50.634+0000] {processor.py:183} INFO - Processing /opt/airflow/dags/update_car_data_dag.py took 0.090 seconds
[2025-09-08T05:27:20.831+0000] {processor.py:161} INFO - Started process (PID=212) to work on /opt/airflow/dags/update_car_data_dag.py
[2025-09-08T05:27:20.833+0000] {processor.py:830} INFO - Processing file /opt/airflow/dags/update_car_data_dag.py for tasks to queue
[2025-09-08T05:27:20.835+0000] {logging_mixin.py:188} INFO - [2025-09-08T05:27:20.835+0000] {dagbag.py:538} INFO - Filling up the DagBag from /opt/airflow/dags/update_car_data_dag.py
[2025-09-08T05:27:20.853+0000] {processor.py:840} INFO - DAG(s) 'update_car_data' retrieved from /opt/airflow/dags/update_car_data_dag.py
[2025-09-08T05:27:20.878+0000] {logging_mixin.py:188} INFO - [2025-09-08T05:27:20.877+0000] {dag.py:3036} INFO - Sync 1 DAGs
[2025-09-08T05:27:20.892+0000] {logging_mixin.py:188} INFO - [2025-09-08T05:27:20.891+0000] {dag.py:3823} INFO - Setting next_dagrun for update_car_data to 2025-09-06 15:00:00+00:00, run_after=2025-09-07 15:00:00+00:00
[2025-09-08T05:27:20.902+0000] {processor.py:183} INFO - Processing /opt/airflow/dags/update_car_data_dag.py took 0.089 seconds
[2025-09-08T05:27:51.290+0000] {processor.py:161} INFO - Started process (PID=217) to work on /opt/airflow/dags/update_car_data_dag.py
[2025-09-08T05:27:51.298+0000] {processor.py:830} INFO - Processing file /opt/airflow/dags/update_car_data_dag.py for tasks to queue
[2025-09-08T05:27:51.301+0000] {logging_mixin.py:188} INFO - [2025-09-08T05:27:51.301+0000] {dagbag.py:538} INFO - Filling up the DagBag from /opt/airflow/dags/update_car_data_dag.py
[2025-09-08T05:27:51.370+0000] {processor.py:840} INFO - DAG(s) 'update_car_data' retrieved from /opt/airflow/dags/update_car_data_dag.py
[2025-09-08T05:27:51.479+0000] {logging_mixin.py:188} INFO - [2025-09-08T05:27:51.479+0000] {dag.py:3036} INFO - Sync 1 DAGs
[2025-09-08T05:27:51.556+0000] {logging_mixin.py:188} INFO - [2025-09-08T05:27:51.556+0000] {dag.py:3823} INFO - Setting next_dagrun for update_car_data to 2025-09-06 15:00:00+00:00, run_after=2025-09-07 15:00:00+00:00
[2025-09-08T05:27:51.586+0000] {processor.py:183} INFO - Processing /opt/airflow/dags/update_car_data_dag.py took 0.300 seconds
[2025-09-08T05:28:21.865+0000] {processor.py:161} INFO - Started process (PID=222) to work on /opt/airflow/dags/update_car_data_dag.py
[2025-09-08T05:28:21.879+0000] {processor.py:830} INFO - Processing file /opt/airflow/dags/update_car_data_dag.py for tasks to queue
[2025-09-08T05:28:21.881+0000] {logging_mixin.py:188} INFO - [2025-09-08T05:28:21.879+0000] {dagbag.py:538} INFO - Filling up the DagBag from /opt/airflow/dags/update_car_data_dag.py
[2025-09-08T05:28:21.923+0000] {processor.py:840} INFO - DAG(s) 'update_car_data' retrieved from /opt/airflow/dags/update_car_data_dag.py
[2025-09-08T05:28:22.067+0000] {logging_mixin.py:188} INFO - [2025-09-08T05:28:22.067+0000] {dag.py:3036} INFO - Sync 1 DAGs
[2025-09-08T05:28:22.165+0000] {logging_mixin.py:188} INFO - [2025-09-08T05:28:22.165+0000] {dag.py:3823} INFO - Setting next_dagrun for update_car_data to 2025-09-06 15:00:00+00:00, run_after=2025-09-07 15:00:00+00:00
[2025-09-08T05:28:22.196+0000] {processor.py:183} INFO - Processing /opt/airflow/dags/update_car_data_dag.py took 0.344 seconds
[2025-09-08T05:28:52.439+0000] {processor.py:161} INFO - Started process (PID=227) to work on /opt/airflow/dags/update_car_data_dag.py
[2025-09-08T05:28:52.600+0000] {processor.py:830} INFO - Processing file /opt/airflow/dags/update_car_data_dag.py for tasks to queue
[2025-09-08T05:28:52.876+0000] {logging_mixin.py:188} INFO - [2025-09-08T05:28:52.861+0000] {dagbag.py:538} INFO - Filling up the DagBag from /opt/airflow/dags/update_car_data_dag.py
[2025-09-08T05:28:52.989+0000] {processor.py:840} INFO - DAG(s) 'update_car_data' retrieved from /opt/airflow/dags/update_car_data_dag.py
[2025-09-08T05:28:53.144+0000] {logging_mixin.py:188} INFO - [2025-09-08T05:28:53.143+0000] {dag.py:3036} INFO - Sync 1 DAGs
[2025-09-08T05:28:53.220+0000] {logging_mixin.py:188} INFO - [2025-09-08T05:28:53.218+0000] {dag.py:3823} INFO - Setting next_dagrun for update_car_data to 2025-09-06 15:00:00+00:00, run_after=2025-09-07 15:00:00+00:00
[2025-09-08T05:28:53.290+0000] {processor.py:183} INFO - Processing /opt/airflow/dags/update_car_data_dag.py took 0.864 seconds
[2025-09-08T05:29:23.968+0000] {processor.py:161} INFO - Started process (PID=232) to work on /opt/airflow/dags/update_car_data_dag.py
[2025-09-08T05:29:23.980+0000] {processor.py:830} INFO - Processing file /opt/airflow/dags/update_car_data_dag.py for tasks to queue
[2025-09-08T05:29:23.981+0000] {logging_mixin.py:188} INFO - [2025-09-08T05:29:23.981+0000] {dagbag.py:538} INFO - Filling up the DagBag from /opt/airflow/dags/update_car_data_dag.py
[2025-09-08T05:29:24.125+0000] {processor.py:840} INFO - DAG(s) 'update_car_data' retrieved from /opt/airflow/dags/update_car_data_dag.py
[2025-09-08T05:29:24.208+0000] {logging_mixin.py:188} INFO - [2025-09-08T05:29:24.208+0000] {dag.py:3036} INFO - Sync 1 DAGs
[2025-09-08T05:29:24.252+0000] {logging_mixin.py:188} INFO - [2025-09-08T05:29:24.252+0000] {dag.py:3823} INFO - Setting next_dagrun for update_car_data to 2025-09-06 15:00:00+00:00, run_after=2025-09-07 15:00:00+00:00
[2025-09-08T05:29:24.272+0000] {processor.py:183} INFO - Processing /opt/airflow/dags/update_car_data_dag.py took 0.328 seconds
[2025-09-08T05:29:54.446+0000] {processor.py:161} INFO - Started process (PID=237) to work on /opt/airflow/dags/update_car_data_dag.py
[2025-09-08T05:29:54.449+0000] {processor.py:830} INFO - Processing file /opt/airflow/dags/update_car_data_dag.py for tasks to queue
[2025-09-08T05:29:54.449+0000] {logging_mixin.py:188} INFO - [2025-09-08T05:29:54.449+0000] {dagbag.py:538} INFO - Filling up the DagBag from /opt/airflow/dags/update_car_data_dag.py
[2025-09-08T05:29:54.581+0000] {processor.py:840} INFO - DAG(s) 'update_car_data' retrieved from /opt/airflow/dags/update_car_data_dag.py
[2025-09-08T05:29:54.618+0000] {logging_mixin.py:188} INFO - [2025-09-08T05:29:54.617+0000] {dag.py:3036} INFO - Sync 1 DAGs
[2025-09-08T05:29:54.645+0000] {logging_mixin.py:188} INFO - [2025-09-08T05:29:54.644+0000] {dag.py:3823} INFO - Setting next_dagrun for update_car_data to 2025-09-06 15:00:00+00:00, run_after=2025-09-07 15:00:00+00:00
[2025-09-08T05:29:54.661+0000] {processor.py:183} INFO - Processing /opt/airflow/dags/update_car_data_dag.py took 0.219 seconds
[2025-09-08T05:30:25.052+0000] {processor.py:161} INFO - Started process (PID=242) to work on /opt/airflow/dags/update_car_data_dag.py
[2025-09-08T05:30:25.055+0000] {processor.py:830} INFO - Processing file /opt/airflow/dags/update_car_data_dag.py for tasks to queue
[2025-09-08T05:30:25.057+0000] {logging_mixin.py:188} INFO - [2025-09-08T05:30:25.056+0000] {dagbag.py:538} INFO - Filling up the DagBag from /opt/airflow/dags/update_car_data_dag.py
[2025-09-08T05:30:25.273+0000] {processor.py:840} INFO - DAG(s) 'update_car_data' retrieved from /opt/airflow/dags/update_car_data_dag.py
[2025-09-08T05:30:25.851+0000] {logging_mixin.py:188} INFO - [2025-09-08T05:30:25.851+0000] {dag.py:3036} INFO - Sync 1 DAGs
[2025-09-08T05:30:26.033+0000] {logging_mixin.py:188} INFO - [2025-09-08T05:30:26.032+0000] {dag.py:3823} INFO - Setting next_dagrun for update_car_data to 2025-09-06 15:00:00+00:00, run_after=2025-09-07 15:00:00+00:00
[2025-09-08T05:30:26.079+0000] {processor.py:183} INFO - Processing /opt/airflow/dags/update_car_data_dag.py took 1.035 seconds
[2025-09-08T05:30:56.151+0000] {processor.py:161} INFO - Started process (PID=247) to work on /opt/airflow/dags/update_car_data_dag.py
[2025-09-08T05:30:56.154+0000] {processor.py:830} INFO - Processing file /opt/airflow/dags/update_car_data_dag.py for tasks to queue
[2025-09-08T05:30:56.155+0000] {logging_mixin.py:188} INFO - [2025-09-08T05:30:56.154+0000] {dagbag.py:538} INFO - Filling up the DagBag from /opt/airflow/dags/update_car_data_dag.py
[2025-09-08T05:30:56.170+0000] {processor.py:840} INFO - DAG(s) 'update_car_data' retrieved from /opt/airflow/dags/update_car_data_dag.py
[2025-09-08T05:30:56.198+0000] {logging_mixin.py:188} INFO - [2025-09-08T05:30:56.198+0000] {dag.py:3036} INFO - Sync 1 DAGs
[2025-09-08T05:30:56.218+0000] {logging_mixin.py:188} INFO - [2025-09-08T05:30:56.218+0000] {dag.py:3823} INFO - Setting next_dagrun for update_car_data to 2025-09-06 15:00:00+00:00, run_after=2025-09-07 15:00:00+00:00
[2025-09-08T05:30:56.238+0000] {processor.py:183} INFO - Processing /opt/airflow/dags/update_car_data_dag.py took 0.092 seconds
[2025-09-08T05:31:26.563+0000] {processor.py:161} INFO - Started process (PID=252) to work on /opt/airflow/dags/update_car_data_dag.py
[2025-09-08T05:31:26.566+0000] {processor.py:830} INFO - Processing file /opt/airflow/dags/update_car_data_dag.py for tasks to queue
[2025-09-08T05:31:26.569+0000] {logging_mixin.py:188} INFO - [2025-09-08T05:31:26.567+0000] {dagbag.py:538} INFO - Filling up the DagBag from /opt/airflow/dags/update_car_data_dag.py
[2025-09-08T05:31:26.603+0000] {processor.py:840} INFO - DAG(s) 'update_car_data' retrieved from /opt/airflow/dags/update_car_data_dag.py
[2025-09-08T05:31:26.644+0000] {logging_mixin.py:188} INFO - [2025-09-08T05:31:26.643+0000] {dag.py:3036} INFO - Sync 1 DAGs
[2025-09-08T05:31:26.663+0000] {logging_mixin.py:188} INFO - [2025-09-08T05:31:26.663+0000] {dag.py:3823} INFO - Setting next_dagrun for update_car_data to 2025-09-06 15:00:00+00:00, run_after=2025-09-07 15:00:00+00:00
[2025-09-08T05:31:26.677+0000] {processor.py:183} INFO - Processing /opt/airflow/dags/update_car_data_dag.py took 0.118 seconds
[2025-09-08T05:31:56.921+0000] {processor.py:161} INFO - Started process (PID=257) to work on /opt/airflow/dags/update_car_data_dag.py
[2025-09-08T05:31:56.924+0000] {processor.py:830} INFO - Processing file /opt/airflow/dags/update_car_data_dag.py for tasks to queue
[2025-09-08T05:31:56.927+0000] {logging_mixin.py:188} INFO - [2025-09-08T05:31:56.926+0000] {dagbag.py:538} INFO - Filling up the DagBag from /opt/airflow/dags/update_car_data_dag.py
[2025-09-08T05:31:56.990+0000] {processor.py:840} INFO - DAG(s) 'update_car_data' retrieved from /opt/airflow/dags/update_car_data_dag.py
[2025-09-08T05:31:57.035+0000] {logging_mixin.py:188} INFO - [2025-09-08T05:31:57.035+0000] {dag.py:3036} INFO - Sync 1 DAGs
[2025-09-08T05:31:57.054+0000] {logging_mixin.py:188} INFO - [2025-09-08T05:31:57.054+0000] {dag.py:3823} INFO - Setting next_dagrun for update_car_data to 2025-09-06 15:00:00+00:00, run_after=2025-09-07 15:00:00+00:00
[2025-09-08T05:31:57.084+0000] {processor.py:183} INFO - Processing /opt/airflow/dags/update_car_data_dag.py took 0.175 seconds
[2025-09-08T05:32:27.166+0000] {processor.py:161} INFO - Started process (PID=262) to work on /opt/airflow/dags/update_car_data_dag.py
[2025-09-08T05:32:27.168+0000] {processor.py:830} INFO - Processing file /opt/airflow/dags/update_car_data_dag.py for tasks to queue
[2025-09-08T05:32:27.168+0000] {logging_mixin.py:188} INFO - [2025-09-08T05:32:27.168+0000] {dagbag.py:538} INFO - Filling up the DagBag from /opt/airflow/dags/update_car_data_dag.py
[2025-09-08T05:32:27.181+0000] {processor.py:840} INFO - DAG(s) 'update_car_data' retrieved from /opt/airflow/dags/update_car_data_dag.py
[2025-09-08T05:32:27.211+0000] {logging_mixin.py:188} INFO - [2025-09-08T05:32:27.211+0000] {dag.py:3036} INFO - Sync 1 DAGs
[2025-09-08T05:32:27.227+0000] {logging_mixin.py:188} INFO - [2025-09-08T05:32:27.227+0000] {dag.py:3823} INFO - Setting next_dagrun for update_car_data to 2025-09-06 15:00:00+00:00, run_after=2025-09-07 15:00:00+00:00
[2025-09-08T05:32:27.236+0000] {processor.py:183} INFO - Processing /opt/airflow/dags/update_car_data_dag.py took 0.074 seconds
[2025-09-08T05:32:57.517+0000] {processor.py:161} INFO - Started process (PID=267) to work on /opt/airflow/dags/update_car_data_dag.py
[2025-09-08T05:32:57.521+0000] {processor.py:830} INFO - Processing file /opt/airflow/dags/update_car_data_dag.py for tasks to queue
[2025-09-08T05:32:57.521+0000] {logging_mixin.py:188} INFO - [2025-09-08T05:32:57.521+0000] {dagbag.py:538} INFO - Filling up the DagBag from /opt/airflow/dags/update_car_data_dag.py
[2025-09-08T05:32:57.543+0000] {processor.py:840} INFO - DAG(s) 'update_car_data' retrieved from /opt/airflow/dags/update_car_data_dag.py
[2025-09-08T05:32:57.576+0000] {logging_mixin.py:188} INFO - [2025-09-08T05:32:57.576+0000] {dag.py:3036} INFO - Sync 1 DAGs
[2025-09-08T05:32:57.598+0000] {logging_mixin.py:188} INFO - [2025-09-08T05:32:57.597+0000] {dag.py:3823} INFO - Setting next_dagrun for update_car_data to 2025-09-06 15:00:00+00:00, run_after=2025-09-07 15:00:00+00:00
[2025-09-08T05:32:57.618+0000] {processor.py:183} INFO - Processing /opt/airflow/dags/update_car_data_dag.py took 0.105 seconds
[2025-09-08T05:33:27.907+0000] {processor.py:161} INFO - Started process (PID=272) to work on /opt/airflow/dags/update_car_data_dag.py
[2025-09-08T05:33:27.909+0000] {processor.py:830} INFO - Processing file /opt/airflow/dags/update_car_data_dag.py for tasks to queue
[2025-09-08T05:33:27.909+0000] {logging_mixin.py:188} INFO - [2025-09-08T05:33:27.909+0000] {dagbag.py:538} INFO - Filling up the DagBag from /opt/airflow/dags/update_car_data_dag.py
[2025-09-08T05:33:27.941+0000] {processor.py:840} INFO - DAG(s) 'update_car_data' retrieved from /opt/airflow/dags/update_car_data_dag.py
[2025-09-08T05:33:28.034+0000] {logging_mixin.py:188} INFO - [2025-09-08T05:33:28.034+0000] {dag.py:3036} INFO - Sync 1 DAGs
[2025-09-08T05:33:28.052+0000] {logging_mixin.py:188} INFO - [2025-09-08T05:33:28.051+0000] {dag.py:3823} INFO - Setting next_dagrun for update_car_data to 2025-09-06 15:00:00+00:00, run_after=2025-09-07 15:00:00+00:00
[2025-09-08T05:33:28.145+0000] {processor.py:183} INFO - Processing /opt/airflow/dags/update_car_data_dag.py took 0.241 seconds
[2025-09-08T05:33:58.269+0000] {processor.py:161} INFO - Started process (PID=277) to work on /opt/airflow/dags/update_car_data_dag.py
[2025-09-08T05:33:58.271+0000] {processor.py:830} INFO - Processing file /opt/airflow/dags/update_car_data_dag.py for tasks to queue
[2025-09-08T05:33:58.271+0000] {logging_mixin.py:188} INFO - [2025-09-08T05:33:58.271+0000] {dagbag.py:538} INFO - Filling up the DagBag from /opt/airflow/dags/update_car_data_dag.py
[2025-09-08T05:33:58.294+0000] {processor.py:840} INFO - DAG(s) 'update_car_data' retrieved from /opt/airflow/dags/update_car_data_dag.py
[2025-09-08T05:33:58.334+0000] {logging_mixin.py:188} INFO - [2025-09-08T05:33:58.334+0000] {dag.py:3036} INFO - Sync 1 DAGs
[2025-09-08T05:33:58.359+0000] {logging_mixin.py:188} INFO - [2025-09-08T05:33:58.358+0000] {dag.py:3823} INFO - Setting next_dagrun for update_car_data to 2025-09-06 15:00:00+00:00, run_after=2025-09-07 15:00:00+00:00
[2025-09-08T05:33:58.377+0000] {processor.py:183} INFO - Processing /opt/airflow/dags/update_car_data_dag.py took 0.116 seconds
[2025-09-08T05:34:28.653+0000] {processor.py:161} INFO - Started process (PID=282) to work on /opt/airflow/dags/update_car_data_dag.py
[2025-09-08T05:34:28.654+0000] {processor.py:830} INFO - Processing file /opt/airflow/dags/update_car_data_dag.py for tasks to queue
[2025-09-08T05:34:28.657+0000] {logging_mixin.py:188} INFO - [2025-09-08T05:34:28.657+0000] {dagbag.py:538} INFO - Filling up the DagBag from /opt/airflow/dags/update_car_data_dag.py
[2025-09-08T05:34:28.680+0000] {processor.py:840} INFO - DAG(s) 'update_car_data' retrieved from /opt/airflow/dags/update_car_data_dag.py
[2025-09-08T05:34:28.717+0000] {logging_mixin.py:188} INFO - [2025-09-08T05:34:28.717+0000] {dag.py:3036} INFO - Sync 1 DAGs
[2025-09-08T05:34:28.733+0000] {logging_mixin.py:188} INFO - [2025-09-08T05:34:28.733+0000] {dag.py:3823} INFO - Setting next_dagrun for update_car_data to 2025-09-06 15:00:00+00:00, run_after=2025-09-07 15:00:00+00:00
[2025-09-08T05:34:28.745+0000] {processor.py:183} INFO - Processing /opt/airflow/dags/update_car_data_dag.py took 0.098 seconds
[2025-09-08T05:34:59.093+0000] {processor.py:161} INFO - Started process (PID=287) to work on /opt/airflow/dags/update_car_data_dag.py
[2025-09-08T05:34:59.095+0000] {processor.py:830} INFO - Processing file /opt/airflow/dags/update_car_data_dag.py for tasks to queue
[2025-09-08T05:34:59.097+0000] {logging_mixin.py:188} INFO - [2025-09-08T05:34:59.096+0000] {dagbag.py:538} INFO - Filling up the DagBag from /opt/airflow/dags/update_car_data_dag.py
[2025-09-08T05:34:59.115+0000] {processor.py:840} INFO - DAG(s) 'update_car_data' retrieved from /opt/airflow/dags/update_car_data_dag.py
[2025-09-08T05:34:59.142+0000] {logging_mixin.py:188} INFO - [2025-09-08T05:34:59.142+0000] {dag.py:3036} INFO - Sync 1 DAGs
[2025-09-08T05:34:59.159+0000] {logging_mixin.py:188} INFO - [2025-09-08T05:34:59.159+0000] {dag.py:3823} INFO - Setting next_dagrun for update_car_data to 2025-09-06 15:00:00+00:00, run_after=2025-09-07 15:00:00+00:00
[2025-09-08T05:34:59.169+0000] {processor.py:183} INFO - Processing /opt/airflow/dags/update_car_data_dag.py took 0.082 seconds
[2025-09-08T05:35:29.449+0000] {processor.py:161} INFO - Started process (PID=292) to work on /opt/airflow/dags/update_car_data_dag.py
[2025-09-08T05:35:29.451+0000] {processor.py:830} INFO - Processing file /opt/airflow/dags/update_car_data_dag.py for tasks to queue
[2025-09-08T05:35:29.452+0000] {logging_mixin.py:188} INFO - [2025-09-08T05:35:29.451+0000] {dagbag.py:538} INFO - Filling up the DagBag from /opt/airflow/dags/update_car_data_dag.py
[2025-09-08T05:35:29.464+0000] {processor.py:840} INFO - DAG(s) 'update_car_data' retrieved from /opt/airflow/dags/update_car_data_dag.py
[2025-09-08T05:35:29.485+0000] {logging_mixin.py:188} INFO - [2025-09-08T05:35:29.484+0000] {dag.py:3036} INFO - Sync 1 DAGs
[2025-09-08T05:35:29.501+0000] {logging_mixin.py:188} INFO - [2025-09-08T05:35:29.501+0000] {dag.py:3823} INFO - Setting next_dagrun for update_car_data to 2025-09-06 15:00:00+00:00, run_after=2025-09-07 15:00:00+00:00
[2025-09-08T05:35:29.509+0000] {processor.py:183} INFO - Processing /opt/airflow/dags/update_car_data_dag.py took 0.066 seconds
[2025-09-08T05:35:59.837+0000] {processor.py:161} INFO - Started process (PID=297) to work on /opt/airflow/dags/update_car_data_dag.py
[2025-09-08T05:35:59.839+0000] {processor.py:830} INFO - Processing file /opt/airflow/dags/update_car_data_dag.py for tasks to queue
[2025-09-08T05:35:59.840+0000] {logging_mixin.py:188} INFO - [2025-09-08T05:35:59.839+0000] {dagbag.py:538} INFO - Filling up the DagBag from /opt/airflow/dags/update_car_data_dag.py
[2025-09-08T05:35:59.857+0000] {processor.py:840} INFO - DAG(s) 'update_car_data' retrieved from /opt/airflow/dags/update_car_data_dag.py
[2025-09-08T05:35:59.888+0000] {logging_mixin.py:188} INFO - [2025-09-08T05:35:59.888+0000] {dag.py:3036} INFO - Sync 1 DAGs
[2025-09-08T05:35:59.906+0000] {logging_mixin.py:188} INFO - [2025-09-08T05:35:59.906+0000] {dag.py:3823} INFO - Setting next_dagrun for update_car_data to 2025-09-06 15:00:00+00:00, run_after=2025-09-07 15:00:00+00:00
[2025-09-08T05:35:59.916+0000] {processor.py:183} INFO - Processing /opt/airflow/dags/update_car_data_dag.py took 0.083 seconds
[2025-09-08T05:36:30.242+0000] {processor.py:161} INFO - Started process (PID=302) to work on /opt/airflow/dags/update_car_data_dag.py
[2025-09-08T05:36:30.244+0000] {processor.py:830} INFO - Processing file /opt/airflow/dags/update_car_data_dag.py for tasks to queue
[2025-09-08T05:36:30.245+0000] {logging_mixin.py:188} INFO - [2025-09-08T05:36:30.244+0000] {dagbag.py:538} INFO - Filling up the DagBag from /opt/airflow/dags/update_car_data_dag.py
[2025-09-08T05:36:30.266+0000] {processor.py:840} INFO - DAG(s) 'update_car_data' retrieved from /opt/airflow/dags/update_car_data_dag.py
[2025-09-08T05:36:30.299+0000] {logging_mixin.py:188} INFO - [2025-09-08T05:36:30.299+0000] {dag.py:3036} INFO - Sync 1 DAGs
[2025-09-08T05:36:30.318+0000] {logging_mixin.py:188} INFO - [2025-09-08T05:36:30.318+0000] {dag.py:3823} INFO - Setting next_dagrun for update_car_data to 2025-09-06 15:00:00+00:00, run_after=2025-09-07 15:00:00+00:00
[2025-09-08T05:36:30.328+0000] {processor.py:183} INFO - Processing /opt/airflow/dags/update_car_data_dag.py took 0.091 seconds
[2025-09-08T05:37:00.669+0000] {processor.py:161} INFO - Started process (PID=307) to work on /opt/airflow/dags/update_car_data_dag.py
[2025-09-08T05:37:00.671+0000] {processor.py:830} INFO - Processing file /opt/airflow/dags/update_car_data_dag.py for tasks to queue
[2025-09-08T05:37:00.672+0000] {logging_mixin.py:188} INFO - [2025-09-08T05:37:00.671+0000] {dagbag.py:538} INFO - Filling up the DagBag from /opt/airflow/dags/update_car_data_dag.py
[2025-09-08T05:37:00.691+0000] {processor.py:840} INFO - DAG(s) 'update_car_data' retrieved from /opt/airflow/dags/update_car_data_dag.py
[2025-09-08T05:37:00.726+0000] {logging_mixin.py:188} INFO - [2025-09-08T05:37:00.726+0000] {dag.py:3036} INFO - Sync 1 DAGs
[2025-09-08T05:37:00.751+0000] {logging_mixin.py:188} INFO - [2025-09-08T05:37:00.751+0000] {dag.py:3823} INFO - Setting next_dagrun for update_car_data to 2025-09-06 15:00:00+00:00, run_after=2025-09-07 15:00:00+00:00
[2025-09-08T05:37:00.763+0000] {processor.py:183} INFO - Processing /opt/airflow/dags/update_car_data_dag.py took 0.101 seconds
[2025-09-08T05:37:31.017+0000] {processor.py:161} INFO - Started process (PID=312) to work on /opt/airflow/dags/update_car_data_dag.py
[2025-09-08T05:37:31.019+0000] {processor.py:830} INFO - Processing file /opt/airflow/dags/update_car_data_dag.py for tasks to queue
[2025-09-08T05:37:31.021+0000] {logging_mixin.py:188} INFO - [2025-09-08T05:37:31.020+0000] {dagbag.py:538} INFO - Filling up the DagBag from /opt/airflow/dags/update_car_data_dag.py
[2025-09-08T05:37:31.044+0000] {processor.py:840} INFO - DAG(s) 'update_car_data' retrieved from /opt/airflow/dags/update_car_data_dag.py
[2025-09-08T05:37:31.081+0000] {logging_mixin.py:188} INFO - [2025-09-08T05:37:31.081+0000] {dag.py:3036} INFO - Sync 1 DAGs
[2025-09-08T05:37:31.100+0000] {logging_mixin.py:188} INFO - [2025-09-08T05:37:31.100+0000] {dag.py:3823} INFO - Setting next_dagrun for update_car_data to 2025-09-06 15:00:00+00:00, run_after=2025-09-07 15:00:00+00:00
[2025-09-08T05:37:31.113+0000] {processor.py:183} INFO - Processing /opt/airflow/dags/update_car_data_dag.py took 0.102 seconds
[2025-09-08T05:38:01.313+0000] {processor.py:161} INFO - Started process (PID=317) to work on /opt/airflow/dags/update_car_data_dag.py
[2025-09-08T05:38:01.315+0000] {processor.py:830} INFO - Processing file /opt/airflow/dags/update_car_data_dag.py for tasks to queue
[2025-09-08T05:38:01.316+0000] {logging_mixin.py:188} INFO - [2025-09-08T05:38:01.316+0000] {dagbag.py:538} INFO - Filling up the DagBag from /opt/airflow/dags/update_car_data_dag.py
[2025-09-08T05:38:01.337+0000] {processor.py:840} INFO - DAG(s) 'update_car_data' retrieved from /opt/airflow/dags/update_car_data_dag.py
[2025-09-08T05:38:01.364+0000] {logging_mixin.py:188} INFO - [2025-09-08T05:38:01.364+0000] {dag.py:3036} INFO - Sync 1 DAGs
[2025-09-08T05:38:01.383+0000] {logging_mixin.py:188} INFO - [2025-09-08T05:38:01.382+0000] {dag.py:3823} INFO - Setting next_dagrun for update_car_data to 2025-09-06 15:00:00+00:00, run_after=2025-09-07 15:00:00+00:00
[2025-09-08T05:38:01.395+0000] {processor.py:183} INFO - Processing /opt/airflow/dags/update_car_data_dag.py took 0.091 seconds
[2025-09-08T05:38:31.696+0000] {processor.py:161} INFO - Started process (PID=322) to work on /opt/airflow/dags/update_car_data_dag.py
[2025-09-08T05:38:31.697+0000] {processor.py:830} INFO - Processing file /opt/airflow/dags/update_car_data_dag.py for tasks to queue
[2025-09-08T05:38:31.697+0000] {logging_mixin.py:188} INFO - [2025-09-08T05:38:31.697+0000] {dagbag.py:538} INFO - Filling up the DagBag from /opt/airflow/dags/update_car_data_dag.py
[2025-09-08T05:38:31.717+0000] {processor.py:840} INFO - DAG(s) 'update_car_data' retrieved from /opt/airflow/dags/update_car_data_dag.py
[2025-09-08T05:38:31.753+0000] {logging_mixin.py:188} INFO - [2025-09-08T05:38:31.753+0000] {dag.py:3036} INFO - Sync 1 DAGs
[2025-09-08T05:38:31.774+0000] {logging_mixin.py:188} INFO - [2025-09-08T05:38:31.773+0000] {dag.py:3823} INFO - Setting next_dagrun for update_car_data to 2025-09-06 15:00:00+00:00, run_after=2025-09-07 15:00:00+00:00
[2025-09-08T05:38:31.784+0000] {processor.py:183} INFO - Processing /opt/airflow/dags/update_car_data_dag.py took 0.092 seconds
[2025-09-08T05:39:02.086+0000] {processor.py:161} INFO - Started process (PID=327) to work on /opt/airflow/dags/update_car_data_dag.py
[2025-09-08T05:39:02.087+0000] {processor.py:830} INFO - Processing file /opt/airflow/dags/update_car_data_dag.py for tasks to queue
[2025-09-08T05:39:02.088+0000] {logging_mixin.py:188} INFO - [2025-09-08T05:39:02.088+0000] {dagbag.py:538} INFO - Filling up the DagBag from /opt/airflow/dags/update_car_data_dag.py
[2025-09-08T05:39:02.117+0000] {processor.py:840} INFO - DAG(s) 'update_car_data' retrieved from /opt/airflow/dags/update_car_data_dag.py
[2025-09-08T05:39:02.154+0000] {logging_mixin.py:188} INFO - [2025-09-08T05:39:02.154+0000] {dag.py:3036} INFO - Sync 1 DAGs
[2025-09-08T05:39:02.174+0000] {logging_mixin.py:188} INFO - [2025-09-08T05:39:02.174+0000] {dag.py:3823} INFO - Setting next_dagrun for update_car_data to 2025-09-06 15:00:00+00:00, run_after=2025-09-07 15:00:00+00:00
[2025-09-08T05:39:02.185+0000] {processor.py:183} INFO - Processing /opt/airflow/dags/update_car_data_dag.py took 0.105 seconds
[2025-09-08T05:39:32.672+0000] {processor.py:161} INFO - Started process (PID=332) to work on /opt/airflow/dags/update_car_data_dag.py
[2025-09-08T05:39:32.674+0000] {processor.py:830} INFO - Processing file /opt/airflow/dags/update_car_data_dag.py for tasks to queue
[2025-09-08T05:39:32.675+0000] {logging_mixin.py:188} INFO - [2025-09-08T05:39:32.675+0000] {dagbag.py:538} INFO - Filling up the DagBag from /opt/airflow/dags/update_car_data_dag.py
[2025-09-08T05:39:32.701+0000] {processor.py:840} INFO - DAG(s) 'update_car_data' retrieved from /opt/airflow/dags/update_car_data_dag.py
[2025-09-08T05:39:32.749+0000] {logging_mixin.py:188} INFO - [2025-09-08T05:39:32.749+0000] {dag.py:3036} INFO - Sync 1 DAGs
[2025-09-08T05:39:32.770+0000] {logging_mixin.py:188} INFO - [2025-09-08T05:39:32.770+0000] {dag.py:3823} INFO - Setting next_dagrun for update_car_data to 2025-09-06 15:00:00+00:00, run_after=2025-09-07 15:00:00+00:00
[2025-09-08T05:39:32.782+0000] {processor.py:183} INFO - Processing /opt/airflow/dags/update_car_data_dag.py took 0.116 seconds
[2025-09-08T05:40:03.052+0000] {processor.py:161} INFO - Started process (PID=337) to work on /opt/airflow/dags/update_car_data_dag.py
[2025-09-08T05:40:03.053+0000] {processor.py:830} INFO - Processing file /opt/airflow/dags/update_car_data_dag.py for tasks to queue
[2025-09-08T05:40:03.054+0000] {logging_mixin.py:188} INFO - [2025-09-08T05:40:03.054+0000] {dagbag.py:538} INFO - Filling up the DagBag from /opt/airflow/dags/update_car_data_dag.py
[2025-09-08T05:40:03.086+0000] {processor.py:840} INFO - DAG(s) 'update_car_data' retrieved from /opt/airflow/dags/update_car_data_dag.py
[2025-09-08T05:40:03.128+0000] {logging_mixin.py:188} INFO - [2025-09-08T05:40:03.128+0000] {dag.py:3036} INFO - Sync 1 DAGs
[2025-09-08T05:40:03.161+0000] {logging_mixin.py:188} INFO - [2025-09-08T05:40:03.160+0000] {dag.py:3823} INFO - Setting next_dagrun for update_car_data to 2025-09-06 15:00:00+00:00, run_after=2025-09-07 15:00:00+00:00
[2025-09-08T05:40:03.181+0000] {processor.py:183} INFO - Processing /opt/airflow/dags/update_car_data_dag.py took 0.140 seconds
[2025-09-08T05:40:33.419+0000] {processor.py:161} INFO - Started process (PID=342) to work on /opt/airflow/dags/update_car_data_dag.py
[2025-09-08T05:40:33.424+0000] {processor.py:830} INFO - Processing file /opt/airflow/dags/update_car_data_dag.py for tasks to queue
[2025-09-08T05:40:33.426+0000] {logging_mixin.py:188} INFO - [2025-09-08T05:40:33.425+0000] {dagbag.py:538} INFO - Filling up the DagBag from /opt/airflow/dags/update_car_data_dag.py
[2025-09-08T05:40:33.446+0000] {processor.py:840} INFO - DAG(s) 'update_car_data' retrieved from /opt/airflow/dags/update_car_data_dag.py
[2025-09-08T05:40:33.491+0000] {logging_mixin.py:188} INFO - [2025-09-08T05:40:33.491+0000] {dag.py:3036} INFO - Sync 1 DAGs
[2025-09-08T05:40:33.517+0000] {logging_mixin.py:188} INFO - [2025-09-08T05:40:33.517+0000] {dag.py:3823} INFO - Setting next_dagrun for update_car_data to 2025-09-06 15:00:00+00:00, run_after=2025-09-07 15:00:00+00:00
[2025-09-08T05:40:33.532+0000] {processor.py:183} INFO - Processing /opt/airflow/dags/update_car_data_dag.py took 0.119 seconds
[2025-09-08T05:41:03.763+0000] {processor.py:161} INFO - Started process (PID=347) to work on /opt/airflow/dags/update_car_data_dag.py
[2025-09-08T05:41:03.764+0000] {processor.py:830} INFO - Processing file /opt/airflow/dags/update_car_data_dag.py for tasks to queue
[2025-09-08T05:41:03.765+0000] {logging_mixin.py:188} INFO - [2025-09-08T05:41:03.765+0000] {dagbag.py:538} INFO - Filling up the DagBag from /opt/airflow/dags/update_car_data_dag.py
[2025-09-08T05:41:03.784+0000] {processor.py:840} INFO - DAG(s) 'update_car_data' retrieved from /opt/airflow/dags/update_car_data_dag.py
[2025-09-08T05:41:03.825+0000] {logging_mixin.py:188} INFO - [2025-09-08T05:41:03.825+0000] {dag.py:3036} INFO - Sync 1 DAGs
[2025-09-08T05:41:03.851+0000] {logging_mixin.py:188} INFO - [2025-09-08T05:41:03.851+0000] {dag.py:3823} INFO - Setting next_dagrun for update_car_data to 2025-09-06 15:00:00+00:00, run_after=2025-09-07 15:00:00+00:00
[2025-09-08T05:41:03.861+0000] {processor.py:183} INFO - Processing /opt/airflow/dags/update_car_data_dag.py took 0.104 seconds
[2025-09-08T05:41:34.148+0000] {processor.py:161} INFO - Started process (PID=352) to work on /opt/airflow/dags/update_car_data_dag.py
[2025-09-08T05:41:34.150+0000] {processor.py:830} INFO - Processing file /opt/airflow/dags/update_car_data_dag.py for tasks to queue
[2025-09-08T05:41:34.150+0000] {logging_mixin.py:188} INFO - [2025-09-08T05:41:34.150+0000] {dagbag.py:538} INFO - Filling up the DagBag from /opt/airflow/dags/update_car_data_dag.py
[2025-09-08T05:41:34.166+0000] {processor.py:840} INFO - DAG(s) 'update_car_data' retrieved from /opt/airflow/dags/update_car_data_dag.py
[2025-09-08T05:41:34.307+0000] {logging_mixin.py:188} INFO - [2025-09-08T05:41:34.307+0000] {dag.py:3036} INFO - Sync 1 DAGs
[2025-09-08T05:41:34.335+0000] {logging_mixin.py:188} INFO - [2025-09-08T05:41:34.335+0000] {dag.py:3823} INFO - Setting next_dagrun for update_car_data to 2025-09-06 15:00:00+00:00, run_after=2025-09-07 15:00:00+00:00
[2025-09-08T05:41:34.348+0000] {processor.py:183} INFO - Processing /opt/airflow/dags/update_car_data_dag.py took 0.210 seconds
[2025-09-08T05:42:04.504+0000] {processor.py:161} INFO - Started process (PID=357) to work on /opt/airflow/dags/update_car_data_dag.py
[2025-09-08T05:42:04.506+0000] {processor.py:830} INFO - Processing file /opt/airflow/dags/update_car_data_dag.py for tasks to queue
[2025-09-08T05:42:04.507+0000] {logging_mixin.py:188} INFO - [2025-09-08T05:42:04.506+0000] {dagbag.py:538} INFO - Filling up the DagBag from /opt/airflow/dags/update_car_data_dag.py
[2025-09-08T05:42:04.526+0000] {processor.py:840} INFO - DAG(s) 'update_car_data' retrieved from /opt/airflow/dags/update_car_data_dag.py
[2025-09-08T05:42:04.571+0000] {logging_mixin.py:188} INFO - [2025-09-08T05:42:04.570+0000] {dag.py:3036} INFO - Sync 1 DAGs
[2025-09-08T05:42:04.588+0000] {logging_mixin.py:188} INFO - [2025-09-08T05:42:04.588+0000] {dag.py:3823} INFO - Setting next_dagrun for update_car_data to 2025-09-06 15:00:00+00:00, run_after=2025-09-07 15:00:00+00:00
[2025-09-08T05:42:04.602+0000] {processor.py:183} INFO - Processing /opt/airflow/dags/update_car_data_dag.py took 0.107 seconds
[2025-09-08T05:42:35.015+0000] {processor.py:161} INFO - Started process (PID=362) to work on /opt/airflow/dags/update_car_data_dag.py
[2025-09-08T05:42:35.019+0000] {processor.py:830} INFO - Processing file /opt/airflow/dags/update_car_data_dag.py for tasks to queue
[2025-09-08T05:42:35.020+0000] {logging_mixin.py:188} INFO - [2025-09-08T05:42:35.019+0000] {dagbag.py:538} INFO - Filling up the DagBag from /opt/airflow/dags/update_car_data_dag.py
[2025-09-08T05:42:35.039+0000] {processor.py:840} INFO - DAG(s) 'update_car_data' retrieved from /opt/airflow/dags/update_car_data_dag.py
[2025-09-08T05:42:35.074+0000] {logging_mixin.py:188} INFO - [2025-09-08T05:42:35.074+0000] {dag.py:3036} INFO - Sync 1 DAGs
[2025-09-08T05:42:35.096+0000] {logging_mixin.py:188} INFO - [2025-09-08T05:42:35.096+0000] {dag.py:3823} INFO - Setting next_dagrun for update_car_data to 2025-09-06 15:00:00+00:00, run_after=2025-09-07 15:00:00+00:00
[2025-09-08T05:42:35.108+0000] {processor.py:183} INFO - Processing /opt/airflow/dags/update_car_data_dag.py took 0.098 seconds
[2025-09-08T05:43:05.326+0000] {processor.py:161} INFO - Started process (PID=367) to work on /opt/airflow/dags/update_car_data_dag.py
[2025-09-08T05:43:05.328+0000] {processor.py:830} INFO - Processing file /opt/airflow/dags/update_car_data_dag.py for tasks to queue
[2025-09-08T05:43:05.330+0000] {logging_mixin.py:188} INFO - [2025-09-08T05:43:05.329+0000] {dagbag.py:538} INFO - Filling up the DagBag from /opt/airflow/dags/update_car_data_dag.py
[2025-09-08T05:43:05.349+0000] {processor.py:840} INFO - DAG(s) 'update_car_data' retrieved from /opt/airflow/dags/update_car_data_dag.py
[2025-09-08T05:43:05.390+0000] {logging_mixin.py:188} INFO - [2025-09-08T05:43:05.389+0000] {dag.py:3036} INFO - Sync 1 DAGs
[2025-09-08T05:43:05.427+0000] {logging_mixin.py:188} INFO - [2025-09-08T05:43:05.427+0000] {dag.py:3823} INFO - Setting next_dagrun for update_car_data to 2025-09-06 15:00:00+00:00, run_after=2025-09-07 15:00:00+00:00
[2025-09-08T05:43:05.479+0000] {processor.py:183} INFO - Processing /opt/airflow/dags/update_car_data_dag.py took 0.157 seconds
[2025-09-08T05:43:35.724+0000] {processor.py:161} INFO - Started process (PID=372) to work on /opt/airflow/dags/update_car_data_dag.py
[2025-09-08T05:43:35.726+0000] {processor.py:830} INFO - Processing file /opt/airflow/dags/update_car_data_dag.py for tasks to queue
[2025-09-08T05:43:35.726+0000] {logging_mixin.py:188} INFO - [2025-09-08T05:43:35.726+0000] {dagbag.py:538} INFO - Filling up the DagBag from /opt/airflow/dags/update_car_data_dag.py
[2025-09-08T05:43:35.750+0000] {processor.py:840} INFO - DAG(s) 'update_car_data' retrieved from /opt/airflow/dags/update_car_data_dag.py
[2025-09-08T05:43:35.803+0000] {logging_mixin.py:188} INFO - [2025-09-08T05:43:35.803+0000] {dag.py:3036} INFO - Sync 1 DAGs
[2025-09-08T05:43:35.844+0000] {logging_mixin.py:188} INFO - [2025-09-08T05:43:35.844+0000] {dag.py:3823} INFO - Setting next_dagrun for update_car_data to 2025-09-06 15:00:00+00:00, run_after=2025-09-07 15:00:00+00:00
[2025-09-08T05:43:35.867+0000] {processor.py:183} INFO - Processing /opt/airflow/dags/update_car_data_dag.py took 0.152 seconds
[2025-09-08T05:44:06.246+0000] {processor.py:161} INFO - Started process (PID=377) to work on /opt/airflow/dags/update_car_data_dag.py
[2025-09-08T05:44:06.251+0000] {processor.py:830} INFO - Processing file /opt/airflow/dags/update_car_data_dag.py for tasks to queue
[2025-09-08T05:44:06.256+0000] {logging_mixin.py:188} INFO - [2025-09-08T05:44:06.252+0000] {dagbag.py:538} INFO - Filling up the DagBag from /opt/airflow/dags/update_car_data_dag.py
[2025-09-08T05:44:06.309+0000] {processor.py:840} INFO - DAG(s) 'update_car_data' retrieved from /opt/airflow/dags/update_car_data_dag.py
[2025-09-08T05:44:06.384+0000] {logging_mixin.py:188} INFO - [2025-09-08T05:44:06.384+0000] {dag.py:3036} INFO - Sync 1 DAGs
[2025-09-08T05:44:06.415+0000] {logging_mixin.py:188} INFO - [2025-09-08T05:44:06.415+0000] {dag.py:3823} INFO - Setting next_dagrun for update_car_data to 2025-09-06 15:00:00+00:00, run_after=2025-09-07 15:00:00+00:00
[2025-09-08T05:44:06.470+0000] {processor.py:183} INFO - Processing /opt/airflow/dags/update_car_data_dag.py took 0.232 seconds
[2025-09-08T05:44:37.235+0000] {processor.py:161} INFO - Started process (PID=382) to work on /opt/airflow/dags/update_car_data_dag.py
[2025-09-08T05:44:37.240+0000] {processor.py:830} INFO - Processing file /opt/airflow/dags/update_car_data_dag.py for tasks to queue
[2025-09-08T05:44:37.243+0000] {logging_mixin.py:188} INFO - [2025-09-08T05:44:37.242+0000] {dagbag.py:538} INFO - Filling up the DagBag from /opt/airflow/dags/update_car_data_dag.py
[2025-09-08T05:44:37.286+0000] {processor.py:840} INFO - DAG(s) 'update_car_data' retrieved from /opt/airflow/dags/update_car_data_dag.py
[2025-09-08T05:44:37.362+0000] {logging_mixin.py:188} INFO - [2025-09-08T05:44:37.362+0000] {dag.py:3036} INFO - Sync 1 DAGs
[2025-09-08T05:44:37.386+0000] {logging_mixin.py:188} INFO - [2025-09-08T05:44:37.386+0000] {dag.py:3823} INFO - Setting next_dagrun for update_car_data to 2025-09-06 15:00:00+00:00, run_after=2025-09-07 15:00:00+00:00
[2025-09-08T05:44:37.412+0000] {processor.py:183} INFO - Processing /opt/airflow/dags/update_car_data_dag.py took 0.188 seconds
[2025-09-08T05:45:07.526+0000] {processor.py:161} INFO - Started process (PID=387) to work on /opt/airflow/dags/update_car_data_dag.py
[2025-09-08T05:45:07.527+0000] {processor.py:830} INFO - Processing file /opt/airflow/dags/update_car_data_dag.py for tasks to queue
[2025-09-08T05:45:07.528+0000] {logging_mixin.py:188} INFO - [2025-09-08T05:45:07.528+0000] {dagbag.py:538} INFO - Filling up the DagBag from /opt/airflow/dags/update_car_data_dag.py
[2025-09-08T05:45:07.551+0000] {processor.py:840} INFO - DAG(s) 'update_car_data' retrieved from /opt/airflow/dags/update_car_data_dag.py
[2025-09-08T05:45:07.586+0000] {logging_mixin.py:188} INFO - [2025-09-08T05:45:07.586+0000] {dag.py:3036} INFO - Sync 1 DAGs
[2025-09-08T05:45:07.609+0000] {logging_mixin.py:188} INFO - [2025-09-08T05:45:07.609+0000] {dag.py:3823} INFO - Setting next_dagrun for update_car_data to 2025-09-06 15:00:00+00:00, run_after=2025-09-07 15:00:00+00:00
[2025-09-08T05:45:07.623+0000] {processor.py:183} INFO - Processing /opt/airflow/dags/update_car_data_dag.py took 0.104 seconds
[2025-09-08T05:45:38.033+0000] {processor.py:161} INFO - Started process (PID=392) to work on /opt/airflow/dags/update_car_data_dag.py
[2025-09-08T05:45:38.035+0000] {processor.py:830} INFO - Processing file /opt/airflow/dags/update_car_data_dag.py for tasks to queue
[2025-09-08T05:45:38.036+0000] {logging_mixin.py:188} INFO - [2025-09-08T05:45:38.035+0000] {dagbag.py:538} INFO - Filling up the DagBag from /opt/airflow/dags/update_car_data_dag.py
[2025-09-08T05:45:38.049+0000] {processor.py:840} INFO - DAG(s) 'update_car_data' retrieved from /opt/airflow/dags/update_car_data_dag.py
[2025-09-08T05:45:38.079+0000] {logging_mixin.py:188} INFO - [2025-09-08T05:45:38.079+0000] {dag.py:3036} INFO - Sync 1 DAGs
[2025-09-08T05:45:38.102+0000] {logging_mixin.py:188} INFO - [2025-09-08T05:45:38.102+0000] {dag.py:3823} INFO - Setting next_dagrun for update_car_data to 2025-09-06 15:00:00+00:00, run_after=2025-09-07 15:00:00+00:00
[2025-09-08T05:45:38.118+0000] {processor.py:183} INFO - Processing /opt/airflow/dags/update_car_data_dag.py took 0.089 seconds
[2025-09-08T05:46:08.576+0000] {processor.py:161} INFO - Started process (PID=397) to work on /opt/airflow/dags/update_car_data_dag.py
[2025-09-08T05:46:08.580+0000] {processor.py:830} INFO - Processing file /opt/airflow/dags/update_car_data_dag.py for tasks to queue
[2025-09-08T05:46:08.582+0000] {logging_mixin.py:188} INFO - [2025-09-08T05:46:08.581+0000] {dagbag.py:538} INFO - Filling up the DagBag from /opt/airflow/dags/update_car_data_dag.py
[2025-09-08T05:46:08.626+0000] {processor.py:840} INFO - DAG(s) 'update_car_data' retrieved from /opt/airflow/dags/update_car_data_dag.py
[2025-09-08T05:46:08.728+0000] {logging_mixin.py:188} INFO - [2025-09-08T05:46:08.727+0000] {dag.py:3036} INFO - Sync 1 DAGs
[2025-09-08T05:46:08.766+0000] {logging_mixin.py:188} INFO - [2025-09-08T05:46:08.766+0000] {dag.py:3823} INFO - Setting next_dagrun for update_car_data to 2025-09-06 15:00:00+00:00, run_after=2025-09-07 15:00:00+00:00
[2025-09-08T05:46:08.902+0000] {processor.py:183} INFO - Processing /opt/airflow/dags/update_car_data_dag.py took 0.339 seconds
[2025-09-08T05:46:39.277+0000] {processor.py:161} INFO - Started process (PID=402) to work on /opt/airflow/dags/update_car_data_dag.py
[2025-09-08T05:46:39.280+0000] {processor.py:830} INFO - Processing file /opt/airflow/dags/update_car_data_dag.py for tasks to queue
[2025-09-08T05:46:39.281+0000] {logging_mixin.py:188} INFO - [2025-09-08T05:46:39.281+0000] {dagbag.py:538} INFO - Filling up the DagBag from /opt/airflow/dags/update_car_data_dag.py
[2025-09-08T05:46:39.301+0000] {processor.py:840} INFO - DAG(s) 'update_car_data' retrieved from /opt/airflow/dags/update_car_data_dag.py
[2025-09-08T05:46:39.350+0000] {logging_mixin.py:188} INFO - [2025-09-08T05:46:39.349+0000] {dag.py:3036} INFO - Sync 1 DAGs
[2025-09-08T05:46:39.376+0000] {logging_mixin.py:188} INFO - [2025-09-08T05:46:39.375+0000] {dag.py:3823} INFO - Setting next_dagrun for update_car_data to 2025-09-06 15:00:00+00:00, run_after=2025-09-07 15:00:00+00:00
[2025-09-08T05:46:39.388+0000] {processor.py:183} INFO - Processing /opt/airflow/dags/update_car_data_dag.py took 0.126 seconds
[2025-09-08T05:47:09.687+0000] {processor.py:161} INFO - Started process (PID=407) to work on /opt/airflow/dags/update_car_data_dag.py
[2025-09-08T05:47:09.691+0000] {processor.py:830} INFO - Processing file /opt/airflow/dags/update_car_data_dag.py for tasks to queue
[2025-09-08T05:47:09.692+0000] {logging_mixin.py:188} INFO - [2025-09-08T05:47:09.691+0000] {dagbag.py:538} INFO - Filling up the DagBag from /opt/airflow/dags/update_car_data_dag.py
[2025-09-08T05:47:09.719+0000] {processor.py:840} INFO - DAG(s) 'update_car_data' retrieved from /opt/airflow/dags/update_car_data_dag.py
[2025-09-08T05:47:09.776+0000] {logging_mixin.py:188} INFO - [2025-09-08T05:47:09.776+0000] {dag.py:3036} INFO - Sync 1 DAGs
[2025-09-08T05:47:09.812+0000] {logging_mixin.py:188} INFO - [2025-09-08T05:47:09.811+0000] {dag.py:3823} INFO - Setting next_dagrun for update_car_data to 2025-09-06 15:00:00+00:00, run_after=2025-09-07 15:00:00+00:00
[2025-09-08T05:47:09.849+0000] {processor.py:183} INFO - Processing /opt/airflow/dags/update_car_data_dag.py took 0.176 seconds
[2025-09-08T05:47:40.123+0000] {processor.py:161} INFO - Started process (PID=412) to work on /opt/airflow/dags/update_car_data_dag.py
[2025-09-08T05:47:40.127+0000] {processor.py:830} INFO - Processing file /opt/airflow/dags/update_car_data_dag.py for tasks to queue
[2025-09-08T05:47:40.128+0000] {logging_mixin.py:188} INFO - [2025-09-08T05:47:40.128+0000] {dagbag.py:538} INFO - Filling up the DagBag from /opt/airflow/dags/update_car_data_dag.py
[2025-09-08T05:47:40.163+0000] {processor.py:840} INFO - DAG(s) 'update_car_data' retrieved from /opt/airflow/dags/update_car_data_dag.py
[2025-09-08T05:47:40.256+0000] {logging_mixin.py:188} INFO - [2025-09-08T05:47:40.256+0000] {dag.py:3036} INFO - Sync 1 DAGs
[2025-09-08T05:47:40.363+0000] {logging_mixin.py:188} INFO - [2025-09-08T05:47:40.363+0000] {dag.py:3823} INFO - Setting next_dagrun for update_car_data to 2025-09-06 15:00:00+00:00, run_after=2025-09-07 15:00:00+00:00
[2025-09-08T05:47:40.406+0000] {processor.py:183} INFO - Processing /opt/airflow/dags/update_car_data_dag.py took 0.296 seconds
[2025-09-08T05:48:10.542+0000] {processor.py:161} INFO - Started process (PID=417) to work on /opt/airflow/dags/update_car_data_dag.py
[2025-09-08T05:48:10.543+0000] {processor.py:830} INFO - Processing file /opt/airflow/dags/update_car_data_dag.py for tasks to queue
[2025-09-08T05:48:10.544+0000] {logging_mixin.py:188} INFO - [2025-09-08T05:48:10.544+0000] {dagbag.py:538} INFO - Filling up the DagBag from /opt/airflow/dags/update_car_data_dag.py
[2025-09-08T05:48:10.563+0000] {processor.py:840} INFO - DAG(s) 'update_car_data' retrieved from /opt/airflow/dags/update_car_data_dag.py
[2025-09-08T05:48:10.601+0000] {logging_mixin.py:188} INFO - [2025-09-08T05:48:10.601+0000] {dag.py:3036} INFO - Sync 1 DAGs
[2025-09-08T05:48:10.626+0000] {logging_mixin.py:188} INFO - [2025-09-08T05:48:10.626+0000] {dag.py:3823} INFO - Setting next_dagrun for update_car_data to 2025-09-06 15:00:00+00:00, run_after=2025-09-07 15:00:00+00:00
[2025-09-08T05:48:10.643+0000] {processor.py:183} INFO - Processing /opt/airflow/dags/update_car_data_dag.py took 0.107 seconds
[2025-09-08T05:48:41.081+0000] {processor.py:161} INFO - Started process (PID=422) to work on /opt/airflow/dags/update_car_data_dag.py
[2025-09-08T05:48:41.083+0000] {processor.py:830} INFO - Processing file /opt/airflow/dags/update_car_data_dag.py for tasks to queue
[2025-09-08T05:48:41.085+0000] {logging_mixin.py:188} INFO - [2025-09-08T05:48:41.085+0000] {dagbag.py:538} INFO - Filling up the DagBag from /opt/airflow/dags/update_car_data_dag.py
[2025-09-08T05:48:41.104+0000] {processor.py:840} INFO - DAG(s) 'update_car_data' retrieved from /opt/airflow/dags/update_car_data_dag.py
[2025-09-08T05:48:41.172+0000] {logging_mixin.py:188} INFO - [2025-09-08T05:48:41.172+0000] {dag.py:3036} INFO - Sync 1 DAGs
[2025-09-08T05:48:41.204+0000] {logging_mixin.py:188} INFO - [2025-09-08T05:48:41.204+0000] {dag.py:3823} INFO - Setting next_dagrun for update_car_data to 2025-09-06 15:00:00+00:00, run_after=2025-09-07 15:00:00+00:00
[2025-09-08T05:48:41.221+0000] {processor.py:183} INFO - Processing /opt/airflow/dags/update_car_data_dag.py took 0.145 seconds
[2025-09-08T05:49:11.457+0000] {processor.py:161} INFO - Started process (PID=427) to work on /opt/airflow/dags/update_car_data_dag.py
[2025-09-08T05:49:11.458+0000] {processor.py:830} INFO - Processing file /opt/airflow/dags/update_car_data_dag.py for tasks to queue
[2025-09-08T05:49:11.462+0000] {logging_mixin.py:188} INFO - [2025-09-08T05:49:11.461+0000] {dagbag.py:538} INFO - Filling up the DagBag from /opt/airflow/dags/update_car_data_dag.py
[2025-09-08T05:49:11.509+0000] {processor.py:840} INFO - DAG(s) 'update_car_data' retrieved from /opt/airflow/dags/update_car_data_dag.py
[2025-09-08T05:49:11.635+0000] {logging_mixin.py:188} INFO - [2025-09-08T05:49:11.634+0000] {dag.py:3036} INFO - Sync 1 DAGs
[2025-09-08T05:49:11.683+0000] {logging_mixin.py:188} INFO - [2025-09-08T05:49:11.683+0000] {dag.py:3823} INFO - Setting next_dagrun for update_car_data to 2025-09-06 15:00:00+00:00, run_after=2025-09-07 15:00:00+00:00
[2025-09-08T05:49:11.712+0000] {processor.py:183} INFO - Processing /opt/airflow/dags/update_car_data_dag.py took 0.262 seconds
[2025-09-08T05:49:41.957+0000] {processor.py:161} INFO - Started process (PID=432) to work on /opt/airflow/dags/update_car_data_dag.py
[2025-09-08T05:49:41.959+0000] {processor.py:830} INFO - Processing file /opt/airflow/dags/update_car_data_dag.py for tasks to queue
[2025-09-08T05:49:41.961+0000] {logging_mixin.py:188} INFO - [2025-09-08T05:49:41.960+0000] {dagbag.py:538} INFO - Filling up the DagBag from /opt/airflow/dags/update_car_data_dag.py
[2025-09-08T05:49:41.983+0000] {processor.py:840} INFO - DAG(s) 'update_car_data' retrieved from /opt/airflow/dags/update_car_data_dag.py
[2025-09-08T05:49:42.028+0000] {logging_mixin.py:188} INFO - [2025-09-08T05:49:42.027+0000] {dag.py:3036} INFO - Sync 1 DAGs
[2025-09-08T05:49:42.055+0000] {logging_mixin.py:188} INFO - [2025-09-08T05:49:42.055+0000] {dag.py:3823} INFO - Setting next_dagrun for update_car_data to 2025-09-06 15:00:00+00:00, run_after=2025-09-07 15:00:00+00:00
[2025-09-08T05:49:42.076+0000] {processor.py:183} INFO - Processing /opt/airflow/dags/update_car_data_dag.py took 0.130 seconds
[2025-09-08T05:50:12.288+0000] {processor.py:161} INFO - Started process (PID=437) to work on /opt/airflow/dags/update_car_data_dag.py
[2025-09-08T05:50:12.290+0000] {processor.py:830} INFO - Processing file /opt/airflow/dags/update_car_data_dag.py for tasks to queue
[2025-09-08T05:50:12.291+0000] {logging_mixin.py:188} INFO - [2025-09-08T05:50:12.290+0000] {dagbag.py:538} INFO - Filling up the DagBag from /opt/airflow/dags/update_car_data_dag.py
[2025-09-08T05:50:12.318+0000] {processor.py:840} INFO - DAG(s) 'update_car_data' retrieved from /opt/airflow/dags/update_car_data_dag.py
[2025-09-08T05:50:12.355+0000] {logging_mixin.py:188} INFO - [2025-09-08T05:50:12.355+0000] {dag.py:3036} INFO - Sync 1 DAGs
[2025-09-08T05:50:12.372+0000] {logging_mixin.py:188} INFO - [2025-09-08T05:50:12.372+0000] {dag.py:3823} INFO - Setting next_dagrun for update_car_data to 2025-09-06 15:00:00+00:00, run_after=2025-09-07 15:00:00+00:00
[2025-09-08T05:50:12.382+0000] {processor.py:183} INFO - Processing /opt/airflow/dags/update_car_data_dag.py took 0.098 seconds
[2025-09-08T05:50:42.659+0000] {processor.py:161} INFO - Started process (PID=442) to work on /opt/airflow/dags/update_car_data_dag.py
[2025-09-08T05:50:42.660+0000] {processor.py:830} INFO - Processing file /opt/airflow/dags/update_car_data_dag.py for tasks to queue
[2025-09-08T05:50:42.661+0000] {logging_mixin.py:188} INFO - [2025-09-08T05:50:42.661+0000] {dagbag.py:538} INFO - Filling up the DagBag from /opt/airflow/dags/update_car_data_dag.py
[2025-09-08T05:50:42.676+0000] {processor.py:840} INFO - DAG(s) 'update_car_data' retrieved from /opt/airflow/dags/update_car_data_dag.py
[2025-09-08T05:50:42.714+0000] {logging_mixin.py:188} INFO - [2025-09-08T05:50:42.713+0000] {dag.py:3036} INFO - Sync 1 DAGs
[2025-09-08T05:50:42.733+0000] {logging_mixin.py:188} INFO - [2025-09-08T05:50:42.733+0000] {dag.py:3823} INFO - Setting next_dagrun for update_car_data to 2025-09-06 15:00:00+00:00, run_after=2025-09-07 15:00:00+00:00
[2025-09-08T05:50:42.747+0000] {processor.py:183} INFO - Processing /opt/airflow/dags/update_car_data_dag.py took 0.092 seconds
[2025-09-08T05:51:13.123+0000] {processor.py:161} INFO - Started process (PID=447) to work on /opt/airflow/dags/update_car_data_dag.py
[2025-09-08T05:51:13.126+0000] {processor.py:830} INFO - Processing file /opt/airflow/dags/update_car_data_dag.py for tasks to queue
[2025-09-08T05:51:13.127+0000] {logging_mixin.py:188} INFO - [2025-09-08T05:51:13.127+0000] {dagbag.py:538} INFO - Filling up the DagBag from /opt/airflow/dags/update_car_data_dag.py
[2025-09-08T05:51:13.144+0000] {processor.py:840} INFO - DAG(s) 'update_car_data' retrieved from /opt/airflow/dags/update_car_data_dag.py
[2025-09-08T05:51:13.338+0000] {logging_mixin.py:188} INFO - [2025-09-08T05:51:13.337+0000] {dag.py:3036} INFO - Sync 1 DAGs
[2025-09-08T05:51:13.376+0000] {logging_mixin.py:188} INFO - [2025-09-08T05:51:13.376+0000] {dag.py:3823} INFO - Setting next_dagrun for update_car_data to 2025-09-06 15:00:00+00:00, run_after=2025-09-07 15:00:00+00:00
[2025-09-08T05:51:13.398+0000] {processor.py:183} INFO - Processing /opt/airflow/dags/update_car_data_dag.py took 0.282 seconds
[2025-09-08T05:51:43.449+0000] {processor.py:161} INFO - Started process (PID=452) to work on /opt/airflow/dags/update_car_data_dag.py
[2025-09-08T05:51:43.450+0000] {processor.py:830} INFO - Processing file /opt/airflow/dags/update_car_data_dag.py for tasks to queue
[2025-09-08T05:51:43.451+0000] {logging_mixin.py:188} INFO - [2025-09-08T05:51:43.450+0000] {dagbag.py:538} INFO - Filling up the DagBag from /opt/airflow/dags/update_car_data_dag.py
[2025-09-08T05:51:43.468+0000] {processor.py:840} INFO - DAG(s) 'update_car_data' retrieved from /opt/airflow/dags/update_car_data_dag.py
[2025-09-08T05:51:43.504+0000] {logging_mixin.py:188} INFO - [2025-09-08T05:51:43.504+0000] {dag.py:3036} INFO - Sync 1 DAGs
[2025-09-08T05:51:43.547+0000] {logging_mixin.py:188} INFO - [2025-09-08T05:51:43.547+0000] {dag.py:3823} INFO - Setting next_dagrun for update_car_data to 2025-09-06 15:00:00+00:00, run_after=2025-09-07 15:00:00+00:00
[2025-09-08T05:51:43.578+0000] {processor.py:183} INFO - Processing /opt/airflow/dags/update_car_data_dag.py took 0.134 seconds
[2025-09-08T05:52:14.284+0000] {processor.py:161} INFO - Started process (PID=457) to work on /opt/airflow/dags/update_car_data_dag.py
[2025-09-08T05:52:14.287+0000] {processor.py:830} INFO - Processing file /opt/airflow/dags/update_car_data_dag.py for tasks to queue
[2025-09-08T05:52:14.293+0000] {logging_mixin.py:188} INFO - [2025-09-08T05:52:14.287+0000] {dagbag.py:538} INFO - Filling up the DagBag from /opt/airflow/dags/update_car_data_dag.py
[2025-09-08T05:52:14.421+0000] {processor.py:840} INFO - DAG(s) 'update_car_data' retrieved from /opt/airflow/dags/update_car_data_dag.py
[2025-09-08T05:52:14.860+0000] {logging_mixin.py:188} INFO - [2025-09-08T05:52:14.860+0000] {dag.py:3036} INFO - Sync 1 DAGs
[2025-09-08T05:52:15.009+0000] {logging_mixin.py:188} INFO - [2025-09-08T05:52:15.008+0000] {dag.py:3823} INFO - Setting next_dagrun for update_car_data to 2025-09-06 15:00:00+00:00, run_after=2025-09-07 15:00:00+00:00
[2025-09-08T05:52:15.112+0000] {processor.py:183} INFO - Processing /opt/airflow/dags/update_car_data_dag.py took 0.873 seconds
[2025-09-08T05:52:45.443+0000] {processor.py:161} INFO - Started process (PID=462) to work on /opt/airflow/dags/update_car_data_dag.py
[2025-09-08T05:52:45.444+0000] {processor.py:830} INFO - Processing file /opt/airflow/dags/update_car_data_dag.py for tasks to queue
[2025-09-08T05:52:45.445+0000] {logging_mixin.py:188} INFO - [2025-09-08T05:52:45.444+0000] {dagbag.py:538} INFO - Filling up the DagBag from /opt/airflow/dags/update_car_data_dag.py
[2025-09-08T05:52:45.465+0000] {processor.py:840} INFO - DAG(s) 'update_car_data' retrieved from /opt/airflow/dags/update_car_data_dag.py
[2025-09-08T05:52:45.541+0000] {logging_mixin.py:188} INFO - [2025-09-08T05:52:45.541+0000] {dag.py:3036} INFO - Sync 1 DAGs
[2025-09-08T05:52:45.575+0000] {logging_mixin.py:188} INFO - [2025-09-08T05:52:45.575+0000] {dag.py:3823} INFO - Setting next_dagrun for update_car_data to 2025-09-06 15:00:00+00:00, run_after=2025-09-07 15:00:00+00:00
[2025-09-08T05:52:45.606+0000] {processor.py:183} INFO - Processing /opt/airflow/dags/update_car_data_dag.py took 0.168 seconds
[2025-09-08T05:53:16.810+0000] {processor.py:161} INFO - Started process (PID=467) to work on /opt/airflow/dags/update_car_data_dag.py
[2025-09-08T05:53:16.819+0000] {processor.py:830} INFO - Processing file /opt/airflow/dags/update_car_data_dag.py for tasks to queue
[2025-09-08T05:53:16.823+0000] {logging_mixin.py:188} INFO - [2025-09-08T05:53:16.820+0000] {dagbag.py:538} INFO - Filling up the DagBag from /opt/airflow/dags/update_car_data_dag.py
[2025-09-08T05:53:16.955+0000] {processor.py:840} INFO - DAG(s) 'update_car_data' retrieved from /opt/airflow/dags/update_car_data_dag.py
[2025-09-08T05:53:17.050+0000] {logging_mixin.py:188} INFO - [2025-09-08T05:53:17.049+0000] {dag.py:3036} INFO - Sync 1 DAGs
[2025-09-08T05:53:17.079+0000] {logging_mixin.py:188} INFO - [2025-09-08T05:53:17.079+0000] {dag.py:3823} INFO - Setting next_dagrun for update_car_data to 2025-09-06 15:00:00+00:00, run_after=2025-09-07 15:00:00+00:00
[2025-09-08T05:53:17.093+0000] {processor.py:183} INFO - Processing /opt/airflow/dags/update_car_data_dag.py took 0.350 seconds
[2025-09-08T05:53:47.330+0000] {processor.py:161} INFO - Started process (PID=472) to work on /opt/airflow/dags/update_car_data_dag.py
[2025-09-08T05:53:47.333+0000] {processor.py:830} INFO - Processing file /opt/airflow/dags/update_car_data_dag.py for tasks to queue
[2025-09-08T05:53:47.335+0000] {logging_mixin.py:188} INFO - [2025-09-08T05:53:47.334+0000] {dagbag.py:538} INFO - Filling up the DagBag from /opt/airflow/dags/update_car_data_dag.py
[2025-09-08T05:53:47.381+0000] {processor.py:840} INFO - DAG(s) 'update_car_data' retrieved from /opt/airflow/dags/update_car_data_dag.py
[2025-09-08T05:53:47.427+0000] {logging_mixin.py:188} INFO - [2025-09-08T05:53:47.427+0000] {dag.py:3036} INFO - Sync 1 DAGs
[2025-09-08T05:53:47.453+0000] {logging_mixin.py:188} INFO - [2025-09-08T05:53:47.453+0000] {dag.py:3823} INFO - Setting next_dagrun for update_car_data to 2025-09-06 15:00:00+00:00, run_after=2025-09-07 15:00:00+00:00
[2025-09-08T05:53:47.464+0000] {processor.py:183} INFO - Processing /opt/airflow/dags/update_car_data_dag.py took 0.142 seconds
[2025-09-08T05:54:17.721+0000] {processor.py:161} INFO - Started process (PID=477) to work on /opt/airflow/dags/update_car_data_dag.py
[2025-09-08T05:54:17.722+0000] {processor.py:830} INFO - Processing file /opt/airflow/dags/update_car_data_dag.py for tasks to queue
[2025-09-08T05:54:17.725+0000] {logging_mixin.py:188} INFO - [2025-09-08T05:54:17.723+0000] {dagbag.py:538} INFO - Filling up the DagBag from /opt/airflow/dags/update_car_data_dag.py
[2025-09-08T05:54:17.754+0000] {processor.py:840} INFO - DAG(s) 'update_car_data' retrieved from /opt/airflow/dags/update_car_data_dag.py
[2025-09-08T05:54:17.829+0000] {logging_mixin.py:188} INFO - [2025-09-08T05:54:17.829+0000] {dag.py:3036} INFO - Sync 1 DAGs
[2025-09-08T05:54:17.869+0000] {logging_mixin.py:188} INFO - [2025-09-08T05:54:17.869+0000] {dag.py:3823} INFO - Setting next_dagrun for update_car_data to 2025-09-06 15:00:00+00:00, run_after=2025-09-07 15:00:00+00:00
[2025-09-08T05:54:17.897+0000] {processor.py:183} INFO - Processing /opt/airflow/dags/update_car_data_dag.py took 0.183 seconds
[2025-09-08T05:54:48.016+0000] {processor.py:161} INFO - Started process (PID=482) to work on /opt/airflow/dags/update_car_data_dag.py
[2025-09-08T05:54:48.017+0000] {processor.py:830} INFO - Processing file /opt/airflow/dags/update_car_data_dag.py for tasks to queue
[2025-09-08T05:54:48.018+0000] {logging_mixin.py:188} INFO - [2025-09-08T05:54:48.018+0000] {dagbag.py:538} INFO - Filling up the DagBag from /opt/airflow/dags/update_car_data_dag.py
[2025-09-08T05:54:48.042+0000] {processor.py:840} INFO - DAG(s) 'update_car_data' retrieved from /opt/airflow/dags/update_car_data_dag.py
[2025-09-08T05:54:48.092+0000] {logging_mixin.py:188} INFO - [2025-09-08T05:54:48.092+0000] {dag.py:3036} INFO - Sync 1 DAGs
[2025-09-08T05:54:48.125+0000] {logging_mixin.py:188} INFO - [2025-09-08T05:54:48.125+0000] {dag.py:3823} INFO - Setting next_dagrun for update_car_data to 2025-09-06 15:00:00+00:00, run_after=2025-09-07 15:00:00+00:00
[2025-09-08T05:54:48.149+0000] {processor.py:183} INFO - Processing /opt/airflow/dags/update_car_data_dag.py took 0.139 seconds
[2025-09-08T05:55:19.030+0000] {processor.py:161} INFO - Started process (PID=487) to work on /opt/airflow/dags/update_car_data_dag.py
[2025-09-08T05:55:19.032+0000] {processor.py:830} INFO - Processing file /opt/airflow/dags/update_car_data_dag.py for tasks to queue
[2025-09-08T05:55:19.035+0000] {logging_mixin.py:188} INFO - [2025-09-08T05:55:19.033+0000] {dagbag.py:538} INFO - Filling up the DagBag from /opt/airflow/dags/update_car_data_dag.py
[2025-09-08T05:55:19.063+0000] {processor.py:840} INFO - DAG(s) 'update_car_data' retrieved from /opt/airflow/dags/update_car_data_dag.py
[2025-09-08T05:55:19.203+0000] {logging_mixin.py:188} INFO - [2025-09-08T05:55:19.203+0000] {dag.py:3036} INFO - Sync 1 DAGs
[2025-09-08T05:55:19.239+0000] {logging_mixin.py:188} INFO - [2025-09-08T05:55:19.239+0000] {dag.py:3823} INFO - Setting next_dagrun for update_car_data to 2025-09-06 15:00:00+00:00, run_after=2025-09-07 15:00:00+00:00
[2025-09-08T05:55:19.261+0000] {processor.py:183} INFO - Processing /opt/airflow/dags/update_car_data_dag.py took 0.243 seconds
[2025-09-08T05:55:50.191+0000] {processor.py:161} INFO - Started process (PID=492) to work on /opt/airflow/dags/update_car_data_dag.py
[2025-09-08T05:55:50.193+0000] {processor.py:830} INFO - Processing file /opt/airflow/dags/update_car_data_dag.py for tasks to queue
[2025-09-08T05:55:50.194+0000] {logging_mixin.py:188} INFO - [2025-09-08T05:55:50.193+0000] {dagbag.py:538} INFO - Filling up the DagBag from /opt/airflow/dags/update_car_data_dag.py
[2025-09-08T05:55:50.219+0000] {processor.py:840} INFO - DAG(s) 'update_car_data' retrieved from /opt/airflow/dags/update_car_data_dag.py
[2025-09-08T05:55:50.293+0000] {logging_mixin.py:188} INFO - [2025-09-08T05:55:50.293+0000] {dag.py:3036} INFO - Sync 1 DAGs
[2025-09-08T05:55:50.342+0000] {logging_mixin.py:188} INFO - [2025-09-08T05:55:50.342+0000] {dag.py:3823} INFO - Setting next_dagrun for update_car_data to 2025-09-06 15:00:00+00:00, run_after=2025-09-07 15:00:00+00:00
[2025-09-08T05:55:50.364+0000] {processor.py:183} INFO - Processing /opt/airflow/dags/update_car_data_dag.py took 0.182 seconds
[2025-09-08T05:56:21.125+0000] {processor.py:161} INFO - Started process (PID=497) to work on /opt/airflow/dags/update_car_data_dag.py
[2025-09-08T05:56:21.127+0000] {processor.py:830} INFO - Processing file /opt/airflow/dags/update_car_data_dag.py for tasks to queue
[2025-09-08T05:56:21.128+0000] {logging_mixin.py:188} INFO - [2025-09-08T05:56:21.128+0000] {dagbag.py:538} INFO - Filling up the DagBag from /opt/airflow/dags/update_car_data_dag.py
[2025-09-08T05:56:21.150+0000] {processor.py:840} INFO - DAG(s) 'update_car_data' retrieved from /opt/airflow/dags/update_car_data_dag.py
[2025-09-08T05:56:21.188+0000] {logging_mixin.py:188} INFO - [2025-09-08T05:56:21.188+0000] {dag.py:3036} INFO - Sync 1 DAGs
[2025-09-08T05:56:21.209+0000] {logging_mixin.py:188} INFO - [2025-09-08T05:56:21.209+0000] {dag.py:3823} INFO - Setting next_dagrun for update_car_data to 2025-09-06 15:00:00+00:00, run_after=2025-09-07 15:00:00+00:00
[2025-09-08T05:56:21.220+0000] {processor.py:183} INFO - Processing /opt/airflow/dags/update_car_data_dag.py took 0.107 seconds
[2025-09-08T05:56:52.066+0000] {processor.py:161} INFO - Started process (PID=502) to work on /opt/airflow/dags/update_car_data_dag.py
[2025-09-08T05:56:52.072+0000] {processor.py:830} INFO - Processing file /opt/airflow/dags/update_car_data_dag.py for tasks to queue
[2025-09-08T05:56:52.073+0000] {logging_mixin.py:188} INFO - [2025-09-08T05:56:52.072+0000] {dagbag.py:538} INFO - Filling up the DagBag from /opt/airflow/dags/update_car_data_dag.py
[2025-09-08T05:56:52.108+0000] {processor.py:840} INFO - DAG(s) 'update_car_data' retrieved from /opt/airflow/dags/update_car_data_dag.py
[2025-09-08T05:56:52.209+0000] {logging_mixin.py:188} INFO - [2025-09-08T05:56:52.208+0000] {dag.py:3036} INFO - Sync 1 DAGs
[2025-09-08T05:56:52.246+0000] {logging_mixin.py:188} INFO - [2025-09-08T05:56:52.246+0000] {dag.py:3823} INFO - Setting next_dagrun for update_car_data to 2025-09-06 15:00:00+00:00, run_after=2025-09-07 15:00:00+00:00
[2025-09-08T05:56:52.284+0000] {processor.py:183} INFO - Processing /opt/airflow/dags/update_car_data_dag.py took 0.226 seconds
[2025-09-08T05:57:22.618+0000] {processor.py:161} INFO - Started process (PID=507) to work on /opt/airflow/dags/update_car_data_dag.py
[2025-09-08T05:57:22.620+0000] {processor.py:830} INFO - Processing file /opt/airflow/dags/update_car_data_dag.py for tasks to queue
[2025-09-08T05:57:22.621+0000] {logging_mixin.py:188} INFO - [2025-09-08T05:57:22.620+0000] {dagbag.py:538} INFO - Filling up the DagBag from /opt/airflow/dags/update_car_data_dag.py
[2025-09-08T05:57:22.645+0000] {processor.py:840} INFO - DAG(s) 'update_car_data' retrieved from /opt/airflow/dags/update_car_data_dag.py
[2025-09-08T05:57:22.688+0000] {logging_mixin.py:188} INFO - [2025-09-08T05:57:22.688+0000] {dag.py:3036} INFO - Sync 1 DAGs
[2025-09-08T05:57:22.710+0000] {logging_mixin.py:188} INFO - [2025-09-08T05:57:22.710+0000] {dag.py:3823} INFO - Setting next_dagrun for update_car_data to 2025-09-06 15:00:00+00:00, run_after=2025-09-07 15:00:00+00:00
[2025-09-08T05:57:22.726+0000] {processor.py:183} INFO - Processing /opt/airflow/dags/update_car_data_dag.py took 0.114 seconds
[2025-09-08T05:57:52.979+0000] {processor.py:161} INFO - Started process (PID=512) to work on /opt/airflow/dags/update_car_data_dag.py
[2025-09-08T05:57:52.980+0000] {processor.py:830} INFO - Processing file /opt/airflow/dags/update_car_data_dag.py for tasks to queue
[2025-09-08T05:57:52.981+0000] {logging_mixin.py:188} INFO - [2025-09-08T05:57:52.981+0000] {dagbag.py:538} INFO - Filling up the DagBag from /opt/airflow/dags/update_car_data_dag.py
[2025-09-08T05:57:52.998+0000] {processor.py:840} INFO - DAG(s) 'update_car_data' retrieved from /opt/airflow/dags/update_car_data_dag.py
[2025-09-08T05:57:53.042+0000] {logging_mixin.py:188} INFO - [2025-09-08T05:57:53.041+0000] {dag.py:3036} INFO - Sync 1 DAGs
[2025-09-08T05:57:53.069+0000] {logging_mixin.py:188} INFO - [2025-09-08T05:57:53.068+0000] {dag.py:3823} INFO - Setting next_dagrun for update_car_data to 2025-09-06 15:00:00+00:00, run_after=2025-09-07 15:00:00+00:00
[2025-09-08T05:57:53.085+0000] {processor.py:183} INFO - Processing /opt/airflow/dags/update_car_data_dag.py took 0.110 seconds
[2025-09-08T05:58:24.094+0000] {processor.py:161} INFO - Started process (PID=517) to work on /opt/airflow/dags/update_car_data_dag.py
[2025-09-08T05:58:24.095+0000] {processor.py:830} INFO - Processing file /opt/airflow/dags/update_car_data_dag.py for tasks to queue
[2025-09-08T05:58:24.096+0000] {logging_mixin.py:188} INFO - [2025-09-08T05:58:24.095+0000] {dagbag.py:538} INFO - Filling up the DagBag from /opt/airflow/dags/update_car_data_dag.py
[2025-09-08T05:58:24.119+0000] {processor.py:840} INFO - DAG(s) 'update_car_data' retrieved from /opt/airflow/dags/update_car_data_dag.py
[2025-09-08T05:58:24.162+0000] {logging_mixin.py:188} INFO - [2025-09-08T05:58:24.161+0000] {dag.py:3036} INFO - Sync 1 DAGs
[2025-09-08T05:58:24.206+0000] {logging_mixin.py:188} INFO - [2025-09-08T05:58:24.206+0000] {dag.py:3823} INFO - Setting next_dagrun for update_car_data to 2025-09-06 15:00:00+00:00, run_after=2025-09-07 15:00:00+00:00
[2025-09-08T05:58:24.227+0000] {processor.py:183} INFO - Processing /opt/airflow/dags/update_car_data_dag.py took 0.137 seconds
[2025-09-08T05:58:54.376+0000] {processor.py:161} INFO - Started process (PID=522) to work on /opt/airflow/dags/update_car_data_dag.py
[2025-09-08T05:58:54.379+0000] {processor.py:830} INFO - Processing file /opt/airflow/dags/update_car_data_dag.py for tasks to queue
[2025-09-08T05:58:54.381+0000] {logging_mixin.py:188} INFO - [2025-09-08T05:58:54.380+0000] {dagbag.py:538} INFO - Filling up the DagBag from /opt/airflow/dags/update_car_data_dag.py
[2025-09-08T05:58:54.418+0000] {processor.py:840} INFO - DAG(s) 'update_car_data' retrieved from /opt/airflow/dags/update_car_data_dag.py
[2025-09-08T05:58:54.505+0000] {logging_mixin.py:188} INFO - [2025-09-08T05:58:54.504+0000] {dag.py:3036} INFO - Sync 1 DAGs
[2025-09-08T05:58:54.578+0000] {logging_mixin.py:188} INFO - [2025-09-08T05:58:54.578+0000] {dag.py:3823} INFO - Setting next_dagrun for update_car_data to 2025-09-06 15:00:00+00:00, run_after=2025-09-07 15:00:00+00:00
[2025-09-08T05:58:54.610+0000] {processor.py:183} INFO - Processing /opt/airflow/dags/update_car_data_dag.py took 0.244 seconds
[2025-09-08T05:59:25.035+0000] {processor.py:161} INFO - Started process (PID=527) to work on /opt/airflow/dags/update_car_data_dag.py
[2025-09-08T05:59:25.041+0000] {processor.py:830} INFO - Processing file /opt/airflow/dags/update_car_data_dag.py for tasks to queue
[2025-09-08T05:59:25.051+0000] {logging_mixin.py:188} INFO - [2025-09-08T05:59:25.048+0000] {dagbag.py:538} INFO - Filling up the DagBag from /opt/airflow/dags/update_car_data_dag.py
[2025-09-08T05:59:25.128+0000] {processor.py:840} INFO - DAG(s) 'update_car_data' retrieved from /opt/airflow/dags/update_car_data_dag.py
[2025-09-08T05:59:25.175+0000] {logging_mixin.py:188} INFO - [2025-09-08T05:59:25.175+0000] {dag.py:3036} INFO - Sync 1 DAGs
[2025-09-08T05:59:25.195+0000] {logging_mixin.py:188} INFO - [2025-09-08T05:59:25.195+0000] {dag.py:3823} INFO - Setting next_dagrun for update_car_data to 2025-09-06 15:00:00+00:00, run_after=2025-09-07 15:00:00+00:00
[2025-09-08T05:59:25.210+0000] {processor.py:183} INFO - Processing /opt/airflow/dags/update_car_data_dag.py took 0.192 seconds
[2025-09-08T05:59:55.579+0000] {processor.py:161} INFO - Started process (PID=532) to work on /opt/airflow/dags/update_car_data_dag.py
[2025-09-08T05:59:55.583+0000] {processor.py:830} INFO - Processing file /opt/airflow/dags/update_car_data_dag.py for tasks to queue
[2025-09-08T05:59:55.586+0000] {logging_mixin.py:188} INFO - [2025-09-08T05:59:55.585+0000] {dagbag.py:538} INFO - Filling up the DagBag from /opt/airflow/dags/update_car_data_dag.py
[2025-09-08T05:59:55.661+0000] {processor.py:840} INFO - DAG(s) 'update_car_data' retrieved from /opt/airflow/dags/update_car_data_dag.py
[2025-09-08T05:59:56.302+0000] {logging_mixin.py:188} INFO - [2025-09-08T05:59:56.301+0000] {dag.py:3036} INFO - Sync 1 DAGs
[2025-09-08T05:59:56.359+0000] {logging_mixin.py:188} INFO - [2025-09-08T05:59:56.359+0000] {dag.py:3823} INFO - Setting next_dagrun for update_car_data to 2025-09-06 15:00:00+00:00, run_after=2025-09-07 15:00:00+00:00
[2025-09-08T05:59:56.413+0000] {processor.py:183} INFO - Processing /opt/airflow/dags/update_car_data_dag.py took 0.847 seconds
[2025-09-08T06:00:26.790+0000] {processor.py:161} INFO - Started process (PID=537) to work on /opt/airflow/dags/update_car_data_dag.py
[2025-09-08T06:00:26.794+0000] {processor.py:830} INFO - Processing file /opt/airflow/dags/update_car_data_dag.py for tasks to queue
[2025-09-08T06:00:26.796+0000] {logging_mixin.py:188} INFO - [2025-09-08T06:00:26.795+0000] {dagbag.py:538} INFO - Filling up the DagBag from /opt/airflow/dags/update_car_data_dag.py
[2025-09-08T06:00:26.839+0000] {processor.py:840} INFO - DAG(s) 'update_car_data' retrieved from /opt/airflow/dags/update_car_data_dag.py
[2025-09-08T06:00:26.915+0000] {logging_mixin.py:188} INFO - [2025-09-08T06:00:26.914+0000] {dag.py:3036} INFO - Sync 1 DAGs
[2025-09-08T06:00:26.958+0000] {logging_mixin.py:188} INFO - [2025-09-08T06:00:26.958+0000] {dag.py:3823} INFO - Setting next_dagrun for update_car_data to 2025-09-06 15:00:00+00:00, run_after=2025-09-07 15:00:00+00:00
[2025-09-08T06:00:26.978+0000] {processor.py:183} INFO - Processing /opt/airflow/dags/update_car_data_dag.py took 0.206 seconds
[2025-09-08T06:00:57.131+0000] {processor.py:161} INFO - Started process (PID=542) to work on /opt/airflow/dags/update_car_data_dag.py
[2025-09-08T06:00:57.134+0000] {processor.py:830} INFO - Processing file /opt/airflow/dags/update_car_data_dag.py for tasks to queue
[2025-09-08T06:00:57.136+0000] {logging_mixin.py:188} INFO - [2025-09-08T06:00:57.136+0000] {dagbag.py:538} INFO - Filling up the DagBag from /opt/airflow/dags/update_car_data_dag.py
[2025-09-08T06:00:57.174+0000] {processor.py:840} INFO - DAG(s) 'update_car_data' retrieved from /opt/airflow/dags/update_car_data_dag.py
[2025-09-08T06:00:57.252+0000] {logging_mixin.py:188} INFO - [2025-09-08T06:00:57.251+0000] {dag.py:3036} INFO - Sync 1 DAGs
[2025-09-08T06:00:57.281+0000] {logging_mixin.py:188} INFO - [2025-09-08T06:00:57.280+0000] {dag.py:3823} INFO - Setting next_dagrun for update_car_data to 2025-09-06 15:00:00+00:00, run_after=2025-09-07 15:00:00+00:00
[2025-09-08T06:00:57.295+0000] {processor.py:183} INFO - Processing /opt/airflow/dags/update_car_data_dag.py took 0.169 seconds
[2025-09-08T06:01:27.568+0000] {processor.py:161} INFO - Started process (PID=547) to work on /opt/airflow/dags/update_car_data_dag.py
[2025-09-08T06:01:27.571+0000] {processor.py:830} INFO - Processing file /opt/airflow/dags/update_car_data_dag.py for tasks to queue
[2025-09-08T06:01:27.573+0000] {logging_mixin.py:188} INFO - [2025-09-08T06:01:27.572+0000] {dagbag.py:538} INFO - Filling up the DagBag from /opt/airflow/dags/update_car_data_dag.py
[2025-09-08T06:01:27.611+0000] {processor.py:840} INFO - DAG(s) 'update_car_data' retrieved from /opt/airflow/dags/update_car_data_dag.py
[2025-09-08T06:01:27.672+0000] {logging_mixin.py:188} INFO - [2025-09-08T06:01:27.672+0000] {dag.py:3036} INFO - Sync 1 DAGs
[2025-09-08T06:01:27.706+0000] {logging_mixin.py:188} INFO - [2025-09-08T06:01:27.706+0000] {dag.py:3823} INFO - Setting next_dagrun for update_car_data to 2025-09-06 15:00:00+00:00, run_after=2025-09-07 15:00:00+00:00
[2025-09-08T06:01:27.751+0000] {processor.py:183} INFO - Processing /opt/airflow/dags/update_car_data_dag.py took 0.199 seconds
[2025-09-08T06:01:58.004+0000] {processor.py:161} INFO - Started process (PID=552) to work on /opt/airflow/dags/update_car_data_dag.py
[2025-09-08T06:01:58.006+0000] {processor.py:830} INFO - Processing file /opt/airflow/dags/update_car_data_dag.py for tasks to queue
[2025-09-08T06:01:58.008+0000] {logging_mixin.py:188} INFO - [2025-09-08T06:01:58.006+0000] {dagbag.py:538} INFO - Filling up the DagBag from /opt/airflow/dags/update_car_data_dag.py
[2025-09-08T06:01:58.028+0000] {processor.py:840} INFO - DAG(s) 'update_car_data' retrieved from /opt/airflow/dags/update_car_data_dag.py
[2025-09-08T06:01:58.142+0000] {logging_mixin.py:188} INFO - [2025-09-08T06:01:58.141+0000] {dag.py:3036} INFO - Sync 1 DAGs
[2025-09-08T06:01:58.176+0000] {logging_mixin.py:188} INFO - [2025-09-08T06:01:58.176+0000] {dag.py:3823} INFO - Setting next_dagrun for update_car_data to 2025-09-06 15:00:00+00:00, run_after=2025-09-07 15:00:00+00:00
[2025-09-08T06:01:58.196+0000] {processor.py:183} INFO - Processing /opt/airflow/dags/update_car_data_dag.py took 0.196 seconds
[2025-09-08T06:02:28.357+0000] {processor.py:161} INFO - Started process (PID=557) to work on /opt/airflow/dags/update_car_data_dag.py
[2025-09-08T06:02:28.359+0000] {processor.py:830} INFO - Processing file /opt/airflow/dags/update_car_data_dag.py for tasks to queue
[2025-09-08T06:02:28.361+0000] {logging_mixin.py:188} INFO - [2025-09-08T06:02:28.360+0000] {dagbag.py:538} INFO - Filling up the DagBag from /opt/airflow/dags/update_car_data_dag.py
[2025-09-08T06:02:28.388+0000] {processor.py:840} INFO - DAG(s) 'update_car_data' retrieved from /opt/airflow/dags/update_car_data_dag.py
[2025-09-08T06:02:28.428+0000] {logging_mixin.py:188} INFO - [2025-09-08T06:02:28.428+0000] {dag.py:3036} INFO - Sync 1 DAGs
[2025-09-08T06:02:28.450+0000] {logging_mixin.py:188} INFO - [2025-09-08T06:02:28.450+0000] {dag.py:3823} INFO - Setting next_dagrun for update_car_data to 2025-09-06 15:00:00+00:00, run_after=2025-09-07 15:00:00+00:00
[2025-09-08T06:02:28.486+0000] {processor.py:183} INFO - Processing /opt/airflow/dags/update_car_data_dag.py took 0.134 seconds
[2025-09-08T06:02:58.886+0000] {processor.py:161} INFO - Started process (PID=562) to work on /opt/airflow/dags/update_car_data_dag.py
[2025-09-08T06:02:58.893+0000] {processor.py:830} INFO - Processing file /opt/airflow/dags/update_car_data_dag.py for tasks to queue
[2025-09-08T06:02:58.903+0000] {logging_mixin.py:188} INFO - [2025-09-08T06:02:58.896+0000] {dagbag.py:538} INFO - Filling up the DagBag from /opt/airflow/dags/update_car_data_dag.py
[2025-09-08T06:02:59.074+0000] {processor.py:840} INFO - DAG(s) 'update_car_data' retrieved from /opt/airflow/dags/update_car_data_dag.py
[2025-09-08T06:02:59.364+0000] {logging_mixin.py:188} INFO - [2025-09-08T06:02:59.364+0000] {dag.py:3036} INFO - Sync 1 DAGs
[2025-09-08T06:02:59.409+0000] {logging_mixin.py:188} INFO - [2025-09-08T06:02:59.409+0000] {dag.py:3823} INFO - Setting next_dagrun for update_car_data to 2025-09-06 15:00:00+00:00, run_after=2025-09-07 15:00:00+00:00
[2025-09-08T06:02:59.428+0000] {processor.py:183} INFO - Processing /opt/airflow/dags/update_car_data_dag.py took 0.600 seconds
[2025-09-08T06:18:51.405+0000] {processor.py:161} INFO - Started process (PID=165) to work on /opt/airflow/dags/update_car_data_dag.py
[2025-09-08T06:18:51.407+0000] {processor.py:830} INFO - Processing file /opt/airflow/dags/update_car_data_dag.py for tasks to queue
[2025-09-08T06:18:51.411+0000] {logging_mixin.py:188} INFO - [2025-09-08T06:18:51.411+0000] {dagbag.py:538} INFO - Filling up the DagBag from /opt/airflow/dags/update_car_data_dag.py
[2025-09-08T06:18:51.433+0000] {processor.py:840} INFO - DAG(s) 'update_car_data' retrieved from /opt/airflow/dags/update_car_data_dag.py
[2025-09-08T06:18:51.478+0000] {logging_mixin.py:188} INFO - [2025-09-08T06:18:51.477+0000] {dag.py:3036} INFO - Sync 1 DAGs
[2025-09-08T06:18:51.502+0000] {logging_mixin.py:188} INFO - [2025-09-08T06:18:51.502+0000] {dag.py:3823} INFO - Setting next_dagrun for update_car_data to 2025-09-06 15:00:00+00:00, run_after=2025-09-07 15:00:00+00:00
[2025-09-08T06:18:51.541+0000] {processor.py:183} INFO - Processing /opt/airflow/dags/update_car_data_dag.py took 0.138 seconds
[2025-09-08T06:19:22.024+0000] {processor.py:161} INFO - Started process (PID=171) to work on /opt/airflow/dags/update_car_data_dag.py
[2025-09-08T06:19:22.026+0000] {processor.py:830} INFO - Processing file /opt/airflow/dags/update_car_data_dag.py for tasks to queue
[2025-09-08T06:19:22.028+0000] {logging_mixin.py:188} INFO - [2025-09-08T06:19:22.028+0000] {dagbag.py:538} INFO - Filling up the DagBag from /opt/airflow/dags/update_car_data_dag.py
[2025-09-08T06:19:22.055+0000] {processor.py:840} INFO - DAG(s) 'update_car_data' retrieved from /opt/airflow/dags/update_car_data_dag.py
[2025-09-08T06:19:22.112+0000] {logging_mixin.py:188} INFO - [2025-09-08T06:19:22.112+0000] {dag.py:3036} INFO - Sync 1 DAGs
[2025-09-08T06:19:22.157+0000] {logging_mixin.py:188} INFO - [2025-09-08T06:19:22.156+0000] {dag.py:3823} INFO - Setting next_dagrun for update_car_data to 2025-09-06 15:00:00+00:00, run_after=2025-09-07 15:00:00+00:00
[2025-09-08T06:19:22.181+0000] {processor.py:183} INFO - Processing /opt/airflow/dags/update_car_data_dag.py took 0.167 seconds
[2025-09-08T06:19:52.474+0000] {processor.py:161} INFO - Started process (PID=176) to work on /opt/airflow/dags/update_car_data_dag.py
[2025-09-08T06:19:52.476+0000] {processor.py:830} INFO - Processing file /opt/airflow/dags/update_car_data_dag.py for tasks to queue
[2025-09-08T06:19:52.478+0000] {logging_mixin.py:188} INFO - [2025-09-08T06:19:52.477+0000] {dagbag.py:538} INFO - Filling up the DagBag from /opt/airflow/dags/update_car_data_dag.py
[2025-09-08T06:19:52.550+0000] {processor.py:840} INFO - DAG(s) 'update_car_data' retrieved from /opt/airflow/dags/update_car_data_dag.py
[2025-09-08T06:19:52.593+0000] {logging_mixin.py:188} INFO - [2025-09-08T06:19:52.593+0000] {dag.py:3036} INFO - Sync 1 DAGs
[2025-09-08T06:19:52.614+0000] {logging_mixin.py:188} INFO - [2025-09-08T06:19:52.614+0000] {dag.py:3823} INFO - Setting next_dagrun for update_car_data to 2025-09-06 15:00:00+00:00, run_after=2025-09-07 15:00:00+00:00
[2025-09-08T06:19:52.652+0000] {processor.py:183} INFO - Processing /opt/airflow/dags/update_car_data_dag.py took 0.189 seconds
[2025-09-08T06:20:22.926+0000] {processor.py:161} INFO - Started process (PID=181) to work on /opt/airflow/dags/update_car_data_dag.py
[2025-09-08T06:20:22.927+0000] {processor.py:830} INFO - Processing file /opt/airflow/dags/update_car_data_dag.py for tasks to queue
[2025-09-08T06:20:22.928+0000] {logging_mixin.py:188} INFO - [2025-09-08T06:20:22.928+0000] {dagbag.py:538} INFO - Filling up the DagBag from /opt/airflow/dags/update_car_data_dag.py
[2025-09-08T06:20:22.948+0000] {processor.py:840} INFO - DAG(s) 'update_car_data' retrieved from /opt/airflow/dags/update_car_data_dag.py
[2025-09-08T06:20:22.991+0000] {logging_mixin.py:188} INFO - [2025-09-08T06:20:22.991+0000] {dag.py:3036} INFO - Sync 1 DAGs
[2025-09-08T06:20:23.015+0000] {logging_mixin.py:188} INFO - [2025-09-08T06:20:23.015+0000] {dag.py:3823} INFO - Setting next_dagrun for update_car_data to 2025-09-06 15:00:00+00:00, run_after=2025-09-07 15:00:00+00:00
[2025-09-08T06:20:23.032+0000] {processor.py:183} INFO - Processing /opt/airflow/dags/update_car_data_dag.py took 0.111 seconds
[2025-09-08T06:20:53.407+0000] {processor.py:161} INFO - Started process (PID=186) to work on /opt/airflow/dags/update_car_data_dag.py
[2025-09-08T06:20:53.408+0000] {processor.py:830} INFO - Processing file /opt/airflow/dags/update_car_data_dag.py for tasks to queue
[2025-09-08T06:20:53.409+0000] {logging_mixin.py:188} INFO - [2025-09-08T06:20:53.409+0000] {dagbag.py:538} INFO - Filling up the DagBag from /opt/airflow/dags/update_car_data_dag.py
[2025-09-08T06:20:53.432+0000] {processor.py:840} INFO - DAG(s) 'update_car_data' retrieved from /opt/airflow/dags/update_car_data_dag.py
[2025-09-08T06:20:53.484+0000] {logging_mixin.py:188} INFO - [2025-09-08T06:20:53.484+0000] {dag.py:3036} INFO - Sync 1 DAGs
[2025-09-08T06:20:53.529+0000] {logging_mixin.py:188} INFO - [2025-09-08T06:20:53.529+0000] {dag.py:3823} INFO - Setting next_dagrun for update_car_data to 2025-09-06 15:00:00+00:00, run_after=2025-09-07 15:00:00+00:00
[2025-09-08T06:20:53.577+0000] {processor.py:183} INFO - Processing /opt/airflow/dags/update_car_data_dag.py took 0.174 seconds
[2025-09-08T06:21:23.786+0000] {processor.py:161} INFO - Started process (PID=191) to work on /opt/airflow/dags/update_car_data_dag.py
[2025-09-08T06:21:23.787+0000] {processor.py:830} INFO - Processing file /opt/airflow/dags/update_car_data_dag.py for tasks to queue
[2025-09-08T06:21:23.788+0000] {logging_mixin.py:188} INFO - [2025-09-08T06:21:23.787+0000] {dagbag.py:538} INFO - Filling up the DagBag from /opt/airflow/dags/update_car_data_dag.py
[2025-09-08T06:21:23.812+0000] {processor.py:840} INFO - DAG(s) 'update_car_data' retrieved from /opt/airflow/dags/update_car_data_dag.py
[2025-09-08T06:21:23.859+0000] {logging_mixin.py:188} INFO - [2025-09-08T06:21:23.859+0000] {dag.py:3036} INFO - Sync 1 DAGs
[2025-09-08T06:21:23.904+0000] {logging_mixin.py:188} INFO - [2025-09-08T06:21:23.904+0000] {dag.py:3823} INFO - Setting next_dagrun for update_car_data to 2025-09-06 15:00:00+00:00, run_after=2025-09-07 15:00:00+00:00
[2025-09-08T06:21:23.917+0000] {processor.py:183} INFO - Processing /opt/airflow/dags/update_car_data_dag.py took 0.140 seconds
[2025-09-08T06:21:54.265+0000] {processor.py:161} INFO - Started process (PID=196) to work on /opt/airflow/dags/update_car_data_dag.py
[2025-09-08T06:21:54.266+0000] {processor.py:830} INFO - Processing file /opt/airflow/dags/update_car_data_dag.py for tasks to queue
[2025-09-08T06:21:54.267+0000] {logging_mixin.py:188} INFO - [2025-09-08T06:21:54.266+0000] {dagbag.py:538} INFO - Filling up the DagBag from /opt/airflow/dags/update_car_data_dag.py
[2025-09-08T06:21:54.285+0000] {processor.py:840} INFO - DAG(s) 'update_car_data' retrieved from /opt/airflow/dags/update_car_data_dag.py
[2025-09-08T06:21:54.321+0000] {logging_mixin.py:188} INFO - [2025-09-08T06:21:54.321+0000] {dag.py:3036} INFO - Sync 1 DAGs
[2025-09-08T06:21:54.344+0000] {logging_mixin.py:188} INFO - [2025-09-08T06:21:54.344+0000] {dag.py:3823} INFO - Setting next_dagrun for update_car_data to 2025-09-06 15:00:00+00:00, run_after=2025-09-07 15:00:00+00:00
[2025-09-08T06:21:54.355+0000] {processor.py:183} INFO - Processing /opt/airflow/dags/update_car_data_dag.py took 0.098 seconds
[2025-09-08T06:22:24.607+0000] {processor.py:161} INFO - Started process (PID=201) to work on /opt/airflow/dags/update_car_data_dag.py
[2025-09-08T06:22:24.609+0000] {processor.py:830} INFO - Processing file /opt/airflow/dags/update_car_data_dag.py for tasks to queue
[2025-09-08T06:22:24.610+0000] {logging_mixin.py:188} INFO - [2025-09-08T06:22:24.609+0000] {dagbag.py:538} INFO - Filling up the DagBag from /opt/airflow/dags/update_car_data_dag.py
[2025-09-08T06:22:24.632+0000] {processor.py:840} INFO - DAG(s) 'update_car_data' retrieved from /opt/airflow/dags/update_car_data_dag.py
[2025-09-08T06:22:24.672+0000] {logging_mixin.py:188} INFO - [2025-09-08T06:22:24.672+0000] {dag.py:3036} INFO - Sync 1 DAGs
[2025-09-08T06:22:24.693+0000] {logging_mixin.py:188} INFO - [2025-09-08T06:22:24.693+0000] {dag.py:3823} INFO - Setting next_dagrun for update_car_data to 2025-09-06 15:00:00+00:00, run_after=2025-09-07 15:00:00+00:00
[2025-09-08T06:22:24.703+0000] {processor.py:183} INFO - Processing /opt/airflow/dags/update_car_data_dag.py took 0.100 seconds
[2025-09-08T06:22:55.010+0000] {processor.py:161} INFO - Started process (PID=206) to work on /opt/airflow/dags/update_car_data_dag.py
[2025-09-08T06:22:55.012+0000] {processor.py:830} INFO - Processing file /opt/airflow/dags/update_car_data_dag.py for tasks to queue
[2025-09-08T06:22:55.014+0000] {logging_mixin.py:188} INFO - [2025-09-08T06:22:55.014+0000] {dagbag.py:538} INFO - Filling up the DagBag from /opt/airflow/dags/update_car_data_dag.py
[2025-09-08T06:22:55.047+0000] {processor.py:840} INFO - DAG(s) 'update_car_data' retrieved from /opt/airflow/dags/update_car_data_dag.py
[2025-09-08T06:22:55.097+0000] {logging_mixin.py:188} INFO - [2025-09-08T06:22:55.097+0000] {dag.py:3036} INFO - Sync 1 DAGs
[2025-09-08T06:22:55.125+0000] {logging_mixin.py:188} INFO - [2025-09-08T06:22:55.125+0000] {dag.py:3823} INFO - Setting next_dagrun for update_car_data to 2025-09-06 15:00:00+00:00, run_after=2025-09-07 15:00:00+00:00
[2025-09-08T06:22:55.137+0000] {processor.py:183} INFO - Processing /opt/airflow/dags/update_car_data_dag.py took 0.152 seconds
[2025-09-08T06:23:25.431+0000] {processor.py:161} INFO - Started process (PID=211) to work on /opt/airflow/dags/update_car_data_dag.py
[2025-09-08T06:23:25.432+0000] {processor.py:830} INFO - Processing file /opt/airflow/dags/update_car_data_dag.py for tasks to queue
[2025-09-08T06:23:25.433+0000] {logging_mixin.py:188} INFO - [2025-09-08T06:23:25.433+0000] {dagbag.py:538} INFO - Filling up the DagBag from /opt/airflow/dags/update_car_data_dag.py
[2025-09-08T06:23:25.450+0000] {processor.py:840} INFO - DAG(s) 'update_car_data' retrieved from /opt/airflow/dags/update_car_data_dag.py
[2025-09-08T06:23:25.483+0000] {logging_mixin.py:188} INFO - [2025-09-08T06:23:25.483+0000] {dag.py:3036} INFO - Sync 1 DAGs
[2025-09-08T06:23:25.506+0000] {logging_mixin.py:188} INFO - [2025-09-08T06:23:25.506+0000] {dag.py:3823} INFO - Setting next_dagrun for update_car_data to 2025-09-06 15:00:00+00:00, run_after=2025-09-07 15:00:00+00:00
[2025-09-08T06:23:25.588+0000] {processor.py:183} INFO - Processing /opt/airflow/dags/update_car_data_dag.py took 0.164 seconds
[2025-09-08T06:23:55.874+0000] {processor.py:161} INFO - Started process (PID=216) to work on /opt/airflow/dags/update_car_data_dag.py
[2025-09-08T06:23:55.875+0000] {processor.py:830} INFO - Processing file /opt/airflow/dags/update_car_data_dag.py for tasks to queue
[2025-09-08T06:23:55.876+0000] {logging_mixin.py:188} INFO - [2025-09-08T06:23:55.876+0000] {dagbag.py:538} INFO - Filling up the DagBag from /opt/airflow/dags/update_car_data_dag.py
[2025-09-08T06:23:55.895+0000] {processor.py:840} INFO - DAG(s) 'update_car_data' retrieved from /opt/airflow/dags/update_car_data_dag.py
[2025-09-08T06:23:55.947+0000] {logging_mixin.py:188} INFO - [2025-09-08T06:23:55.947+0000] {dag.py:3036} INFO - Sync 1 DAGs
[2025-09-08T06:23:55.970+0000] {logging_mixin.py:188} INFO - [2025-09-08T06:23:55.970+0000] {dag.py:3823} INFO - Setting next_dagrun for update_car_data to 2025-09-06 15:00:00+00:00, run_after=2025-09-07 15:00:00+00:00
[2025-09-08T06:23:55.984+0000] {processor.py:183} INFO - Processing /opt/airflow/dags/update_car_data_dag.py took 0.116 seconds
[2025-09-08T06:24:26.361+0000] {processor.py:161} INFO - Started process (PID=221) to work on /opt/airflow/dags/update_car_data_dag.py
[2025-09-08T06:24:26.362+0000] {processor.py:830} INFO - Processing file /opt/airflow/dags/update_car_data_dag.py for tasks to queue
[2025-09-08T06:24:26.363+0000] {logging_mixin.py:188} INFO - [2025-09-08T06:24:26.362+0000] {dagbag.py:538} INFO - Filling up the DagBag from /opt/airflow/dags/update_car_data_dag.py
[2025-09-08T06:24:26.380+0000] {processor.py:840} INFO - DAG(s) 'update_car_data' retrieved from /opt/airflow/dags/update_car_data_dag.py
[2025-09-08T06:24:26.416+0000] {logging_mixin.py:188} INFO - [2025-09-08T06:24:26.416+0000] {dag.py:3036} INFO - Sync 1 DAGs
[2025-09-08T06:24:26.438+0000] {logging_mixin.py:188} INFO - [2025-09-08T06:24:26.438+0000] {dag.py:3823} INFO - Setting next_dagrun for update_car_data to 2025-09-06 15:00:00+00:00, run_after=2025-09-07 15:00:00+00:00
[2025-09-08T06:24:26.449+0000] {processor.py:183} INFO - Processing /opt/airflow/dags/update_car_data_dag.py took 0.093 seconds
[2025-09-08T06:24:56.860+0000] {processor.py:161} INFO - Started process (PID=226) to work on /opt/airflow/dags/update_car_data_dag.py
[2025-09-08T06:24:56.861+0000] {processor.py:830} INFO - Processing file /opt/airflow/dags/update_car_data_dag.py for tasks to queue
[2025-09-08T06:24:56.862+0000] {logging_mixin.py:188} INFO - [2025-09-08T06:24:56.861+0000] {dagbag.py:538} INFO - Filling up the DagBag from /opt/airflow/dags/update_car_data_dag.py
[2025-09-08T06:24:56.883+0000] {processor.py:840} INFO - DAG(s) 'update_car_data' retrieved from /opt/airflow/dags/update_car_data_dag.py
[2025-09-08T06:24:56.921+0000] {logging_mixin.py:188} INFO - [2025-09-08T06:24:56.921+0000] {dag.py:3036} INFO - Sync 1 DAGs
[2025-09-08T06:24:56.939+0000] {logging_mixin.py:188} INFO - [2025-09-08T06:24:56.939+0000] {dag.py:3823} INFO - Setting next_dagrun for update_car_data to 2025-09-06 15:00:00+00:00, run_after=2025-09-07 15:00:00+00:00
[2025-09-08T06:24:56.950+0000] {processor.py:183} INFO - Processing /opt/airflow/dags/update_car_data_dag.py took 0.096 seconds
[2025-09-08T06:25:27.344+0000] {processor.py:161} INFO - Started process (PID=231) to work on /opt/airflow/dags/update_car_data_dag.py
[2025-09-08T06:25:27.348+0000] {processor.py:830} INFO - Processing file /opt/airflow/dags/update_car_data_dag.py for tasks to queue
[2025-09-08T06:25:27.349+0000] {logging_mixin.py:188} INFO - [2025-09-08T06:25:27.348+0000] {dagbag.py:538} INFO - Filling up the DagBag from /opt/airflow/dags/update_car_data_dag.py
[2025-09-08T06:25:27.373+0000] {processor.py:840} INFO - DAG(s) 'update_car_data' retrieved from /opt/airflow/dags/update_car_data_dag.py
[2025-09-08T06:25:27.412+0000] {logging_mixin.py:188} INFO - [2025-09-08T06:25:27.412+0000] {dag.py:3036} INFO - Sync 1 DAGs
[2025-09-08T06:25:27.435+0000] {logging_mixin.py:188} INFO - [2025-09-08T06:25:27.435+0000] {dag.py:3823} INFO - Setting next_dagrun for update_car_data to 2025-09-06 15:00:00+00:00, run_after=2025-09-07 15:00:00+00:00
[2025-09-08T06:25:27.470+0000] {processor.py:183} INFO - Processing /opt/airflow/dags/update_car_data_dag.py took 0.133 seconds
[2025-09-08T06:25:57.757+0000] {processor.py:161} INFO - Started process (PID=236) to work on /opt/airflow/dags/update_car_data_dag.py
[2025-09-08T06:25:57.759+0000] {processor.py:830} INFO - Processing file /opt/airflow/dags/update_car_data_dag.py for tasks to queue
[2025-09-08T06:25:57.760+0000] {logging_mixin.py:188} INFO - [2025-09-08T06:25:57.760+0000] {dagbag.py:538} INFO - Filling up the DagBag from /opt/airflow/dags/update_car_data_dag.py
[2025-09-08T06:25:57.789+0000] {processor.py:840} INFO - DAG(s) 'update_car_data' retrieved from /opt/airflow/dags/update_car_data_dag.py
[2025-09-08T06:25:57.829+0000] {logging_mixin.py:188} INFO - [2025-09-08T06:25:57.829+0000] {dag.py:3036} INFO - Sync 1 DAGs
[2025-09-08T06:25:57.850+0000] {logging_mixin.py:188} INFO - [2025-09-08T06:25:57.850+0000] {dag.py:3823} INFO - Setting next_dagrun for update_car_data to 2025-09-06 15:00:00+00:00, run_after=2025-09-07 15:00:00+00:00
[2025-09-08T06:25:57.861+0000] {processor.py:183} INFO - Processing /opt/airflow/dags/update_car_data_dag.py took 0.118 seconds
[2025-09-08T06:26:28.122+0000] {processor.py:161} INFO - Started process (PID=241) to work on /opt/airflow/dags/update_car_data_dag.py
[2025-09-08T06:26:28.123+0000] {processor.py:830} INFO - Processing file /opt/airflow/dags/update_car_data_dag.py for tasks to queue
[2025-09-08T06:26:28.124+0000] {logging_mixin.py:188} INFO - [2025-09-08T06:26:28.124+0000] {dagbag.py:538} INFO - Filling up the DagBag from /opt/airflow/dags/update_car_data_dag.py
[2025-09-08T06:26:28.146+0000] {processor.py:840} INFO - DAG(s) 'update_car_data' retrieved from /opt/airflow/dags/update_car_data_dag.py
[2025-09-08T06:26:28.187+0000] {logging_mixin.py:188} INFO - [2025-09-08T06:26:28.187+0000] {dag.py:3036} INFO - Sync 1 DAGs
[2025-09-08T06:26:28.216+0000] {logging_mixin.py:188} INFO - [2025-09-08T06:26:28.216+0000] {dag.py:3823} INFO - Setting next_dagrun for update_car_data to 2025-09-06 15:00:00+00:00, run_after=2025-09-07 15:00:00+00:00
[2025-09-08T06:26:28.230+0000] {processor.py:183} INFO - Processing /opt/airflow/dags/update_car_data_dag.py took 0.116 seconds
[2025-09-08T06:26:58.435+0000] {processor.py:161} INFO - Started process (PID=246) to work on /opt/airflow/dags/update_car_data_dag.py
[2025-09-08T06:26:58.437+0000] {processor.py:830} INFO - Processing file /opt/airflow/dags/update_car_data_dag.py for tasks to queue
[2025-09-08T06:26:58.438+0000] {logging_mixin.py:188} INFO - [2025-09-08T06:26:58.437+0000] {dagbag.py:538} INFO - Filling up the DagBag from /opt/airflow/dags/update_car_data_dag.py
[2025-09-08T06:26:58.493+0000] {processor.py:840} INFO - DAG(s) 'update_car_data' retrieved from /opt/airflow/dags/update_car_data_dag.py
[2025-09-08T06:26:58.588+0000] {logging_mixin.py:188} INFO - [2025-09-08T06:26:58.588+0000] {dag.py:3036} INFO - Sync 1 DAGs
[2025-09-08T06:26:58.636+0000] {logging_mixin.py:188} INFO - [2025-09-08T06:26:58.636+0000] {dag.py:3823} INFO - Setting next_dagrun for update_car_data to 2025-09-06 15:00:00+00:00, run_after=2025-09-07 15:00:00+00:00
[2025-09-08T06:26:58.660+0000] {processor.py:183} INFO - Processing /opt/airflow/dags/update_car_data_dag.py took 0.233 seconds
[2025-09-08T06:27:28.841+0000] {processor.py:161} INFO - Started process (PID=251) to work on /opt/airflow/dags/update_car_data_dag.py
[2025-09-08T06:27:28.843+0000] {processor.py:830} INFO - Processing file /opt/airflow/dags/update_car_data_dag.py for tasks to queue
[2025-09-08T06:27:28.843+0000] {logging_mixin.py:188} INFO - [2025-09-08T06:27:28.843+0000] {dagbag.py:538} INFO - Filling up the DagBag from /opt/airflow/dags/update_car_data_dag.py
[2025-09-08T06:27:28.859+0000] {processor.py:840} INFO - DAG(s) 'update_car_data' retrieved from /opt/airflow/dags/update_car_data_dag.py
[2025-09-08T06:27:28.894+0000] {logging_mixin.py:188} INFO - [2025-09-08T06:27:28.894+0000] {dag.py:3036} INFO - Sync 1 DAGs
[2025-09-08T06:27:28.915+0000] {logging_mixin.py:188} INFO - [2025-09-08T06:27:28.915+0000] {dag.py:3823} INFO - Setting next_dagrun for update_car_data to 2025-09-06 15:00:00+00:00, run_after=2025-09-07 15:00:00+00:00
[2025-09-08T06:27:28.927+0000] {processor.py:183} INFO - Processing /opt/airflow/dags/update_car_data_dag.py took 0.090 seconds
[2025-09-08T06:27:59.270+0000] {processor.py:161} INFO - Started process (PID=256) to work on /opt/airflow/dags/update_car_data_dag.py
[2025-09-08T06:27:59.271+0000] {processor.py:830} INFO - Processing file /opt/airflow/dags/update_car_data_dag.py for tasks to queue
[2025-09-08T06:27:59.272+0000] {logging_mixin.py:188} INFO - [2025-09-08T06:27:59.272+0000] {dagbag.py:538} INFO - Filling up the DagBag from /opt/airflow/dags/update_car_data_dag.py
[2025-09-08T06:27:59.287+0000] {processor.py:840} INFO - DAG(s) 'update_car_data' retrieved from /opt/airflow/dags/update_car_data_dag.py
[2025-09-08T06:27:59.319+0000] {logging_mixin.py:188} INFO - [2025-09-08T06:27:59.319+0000] {dag.py:3036} INFO - Sync 1 DAGs
[2025-09-08T06:27:59.336+0000] {logging_mixin.py:188} INFO - [2025-09-08T06:27:59.336+0000] {dag.py:3823} INFO - Setting next_dagrun for update_car_data to 2025-09-06 15:00:00+00:00, run_after=2025-09-07 15:00:00+00:00
[2025-09-08T06:27:59.345+0000] {processor.py:183} INFO - Processing /opt/airflow/dags/update_car_data_dag.py took 0.079 seconds
[2025-09-08T06:28:29.681+0000] {processor.py:161} INFO - Started process (PID=261) to work on /opt/airflow/dags/update_car_data_dag.py
[2025-09-08T06:28:29.684+0000] {processor.py:830} INFO - Processing file /opt/airflow/dags/update_car_data_dag.py for tasks to queue
[2025-09-08T06:28:29.685+0000] {logging_mixin.py:188} INFO - [2025-09-08T06:28:29.685+0000] {dagbag.py:538} INFO - Filling up the DagBag from /opt/airflow/dags/update_car_data_dag.py
[2025-09-08T06:28:29.710+0000] {processor.py:840} INFO - DAG(s) 'update_car_data' retrieved from /opt/airflow/dags/update_car_data_dag.py
[2025-09-08T06:28:29.780+0000] {logging_mixin.py:188} INFO - [2025-09-08T06:28:29.780+0000] {dag.py:3036} INFO - Sync 1 DAGs
[2025-09-08T06:28:29.841+0000] {logging_mixin.py:188} INFO - [2025-09-08T06:28:29.841+0000] {dag.py:3823} INFO - Setting next_dagrun for update_car_data to 2025-09-06 15:00:00+00:00, run_after=2025-09-07 15:00:00+00:00
[2025-09-08T06:28:30.079+0000] {processor.py:183} INFO - Processing /opt/airflow/dags/update_car_data_dag.py took 0.403 seconds
[2025-09-08T06:29:00.339+0000] {processor.py:161} INFO - Started process (PID=266) to work on /opt/airflow/dags/update_car_data_dag.py
[2025-09-08T06:29:00.342+0000] {processor.py:830} INFO - Processing file /opt/airflow/dags/update_car_data_dag.py for tasks to queue
[2025-09-08T06:29:00.343+0000] {logging_mixin.py:188} INFO - [2025-09-08T06:29:00.343+0000] {dagbag.py:538} INFO - Filling up the DagBag from /opt/airflow/dags/update_car_data_dag.py
[2025-09-08T06:29:00.378+0000] {processor.py:840} INFO - DAG(s) 'update_car_data' retrieved from /opt/airflow/dags/update_car_data_dag.py
[2025-09-08T06:29:00.445+0000] {logging_mixin.py:188} INFO - [2025-09-08T06:29:00.445+0000] {dag.py:3036} INFO - Sync 1 DAGs
[2025-09-08T06:29:00.467+0000] {logging_mixin.py:188} INFO - [2025-09-08T06:29:00.467+0000] {dag.py:3823} INFO - Setting next_dagrun for update_car_data to 2025-09-06 15:00:00+00:00, run_after=2025-09-07 15:00:00+00:00
[2025-09-08T06:29:00.479+0000] {processor.py:183} INFO - Processing /opt/airflow/dags/update_car_data_dag.py took 0.156 seconds
[2025-09-08T06:29:30.826+0000] {processor.py:161} INFO - Started process (PID=271) to work on /opt/airflow/dags/update_car_data_dag.py
[2025-09-08T06:29:30.826+0000] {processor.py:830} INFO - Processing file /opt/airflow/dags/update_car_data_dag.py for tasks to queue
[2025-09-08T06:29:30.829+0000] {logging_mixin.py:188} INFO - [2025-09-08T06:29:30.827+0000] {dagbag.py:538} INFO - Filling up the DagBag from /opt/airflow/dags/update_car_data_dag.py
[2025-09-08T06:29:30.860+0000] {processor.py:840} INFO - DAG(s) 'update_car_data' retrieved from /opt/airflow/dags/update_car_data_dag.py
[2025-09-08T06:29:30.907+0000] {logging_mixin.py:188} INFO - [2025-09-08T06:29:30.907+0000] {dag.py:3036} INFO - Sync 1 DAGs
[2025-09-08T06:29:30.934+0000] {logging_mixin.py:188} INFO - [2025-09-08T06:29:30.933+0000] {dag.py:3823} INFO - Setting next_dagrun for update_car_data to 2025-09-06 15:00:00+00:00, run_after=2025-09-07 15:00:00+00:00
[2025-09-08T06:29:30.945+0000] {processor.py:183} INFO - Processing /opt/airflow/dags/update_car_data_dag.py took 0.127 seconds
[2025-09-08T06:30:01.171+0000] {processor.py:161} INFO - Started process (PID=276) to work on /opt/airflow/dags/update_car_data_dag.py
[2025-09-08T06:30:01.172+0000] {processor.py:830} INFO - Processing file /opt/airflow/dags/update_car_data_dag.py for tasks to queue
[2025-09-08T06:30:01.173+0000] {logging_mixin.py:188} INFO - [2025-09-08T06:30:01.173+0000] {dagbag.py:538} INFO - Filling up the DagBag from /opt/airflow/dags/update_car_data_dag.py
[2025-09-08T06:30:01.200+0000] {processor.py:840} INFO - DAG(s) 'update_car_data' retrieved from /opt/airflow/dags/update_car_data_dag.py
[2025-09-08T06:30:01.264+0000] {logging_mixin.py:188} INFO - [2025-09-08T06:30:01.264+0000] {dag.py:3036} INFO - Sync 1 DAGs
[2025-09-08T06:30:01.308+0000] {logging_mixin.py:188} INFO - [2025-09-08T06:30:01.308+0000] {dag.py:3823} INFO - Setting next_dagrun for update_car_data to 2025-09-06 15:00:00+00:00, run_after=2025-09-07 15:00:00+00:00
[2025-09-08T06:30:01.320+0000] {processor.py:183} INFO - Processing /opt/airflow/dags/update_car_data_dag.py took 0.155 seconds
[2025-09-08T06:30:31.505+0000] {processor.py:161} INFO - Started process (PID=281) to work on /opt/airflow/dags/update_car_data_dag.py
[2025-09-08T06:30:31.520+0000] {processor.py:830} INFO - Processing file /opt/airflow/dags/update_car_data_dag.py for tasks to queue
[2025-09-08T06:30:31.522+0000] {logging_mixin.py:188} INFO - [2025-09-08T06:30:31.521+0000] {dagbag.py:538} INFO - Filling up the DagBag from /opt/airflow/dags/update_car_data_dag.py
[2025-09-08T06:30:31.616+0000] {processor.py:840} INFO - DAG(s) 'update_car_data' retrieved from /opt/airflow/dags/update_car_data_dag.py
[2025-09-08T06:30:31.675+0000] {logging_mixin.py:188} INFO - [2025-09-08T06:30:31.675+0000] {dag.py:3036} INFO - Sync 1 DAGs
[2025-09-08T06:30:31.698+0000] {logging_mixin.py:188} INFO - [2025-09-08T06:30:31.698+0000] {dag.py:3823} INFO - Setting next_dagrun for update_car_data to 2025-09-06 15:00:00+00:00, run_after=2025-09-07 15:00:00+00:00
[2025-09-08T06:30:31.711+0000] {processor.py:183} INFO - Processing /opt/airflow/dags/update_car_data_dag.py took 0.221 seconds
[2025-09-08T06:31:02.030+0000] {processor.py:161} INFO - Started process (PID=286) to work on /opt/airflow/dags/update_car_data_dag.py
[2025-09-08T06:31:02.032+0000] {processor.py:830} INFO - Processing file /opt/airflow/dags/update_car_data_dag.py for tasks to queue
[2025-09-08T06:31:02.036+0000] {logging_mixin.py:188} INFO - [2025-09-08T06:31:02.034+0000] {dagbag.py:538} INFO - Filling up the DagBag from /opt/airflow/dags/update_car_data_dag.py
[2025-09-08T06:31:02.074+0000] {processor.py:840} INFO - DAG(s) 'update_car_data' retrieved from /opt/airflow/dags/update_car_data_dag.py
[2025-09-08T06:31:02.225+0000] {logging_mixin.py:188} INFO - [2025-09-08T06:31:02.225+0000] {dag.py:3036} INFO - Sync 1 DAGs
[2025-09-08T06:31:02.297+0000] {logging_mixin.py:188} INFO - [2025-09-08T06:31:02.295+0000] {dag.py:3823} INFO - Setting next_dagrun for update_car_data to 2025-09-06 15:00:00+00:00, run_after=2025-09-07 15:00:00+00:00
[2025-09-08T06:31:02.407+0000] {processor.py:183} INFO - Processing /opt/airflow/dags/update_car_data_dag.py took 0.408 seconds
[2025-09-08T06:31:32.642+0000] {processor.py:161} INFO - Started process (PID=291) to work on /opt/airflow/dags/update_car_data_dag.py
[2025-09-08T06:31:32.643+0000] {processor.py:830} INFO - Processing file /opt/airflow/dags/update_car_data_dag.py for tasks to queue
[2025-09-08T06:31:32.643+0000] {logging_mixin.py:188} INFO - [2025-09-08T06:31:32.643+0000] {dagbag.py:538} INFO - Filling up the DagBag from /opt/airflow/dags/update_car_data_dag.py
[2025-09-08T06:31:32.680+0000] {processor.py:840} INFO - DAG(s) 'update_car_data' retrieved from /opt/airflow/dags/update_car_data_dag.py
[2025-09-08T06:31:32.776+0000] {logging_mixin.py:188} INFO - [2025-09-08T06:31:32.775+0000] {dag.py:3036} INFO - Sync 1 DAGs
[2025-09-08T06:31:32.817+0000] {logging_mixin.py:188} INFO - [2025-09-08T06:31:32.817+0000] {dag.py:3823} INFO - Setting next_dagrun for update_car_data to 2025-09-06 15:00:00+00:00, run_after=2025-09-07 15:00:00+00:00
[2025-09-08T06:31:32.831+0000] {processor.py:183} INFO - Processing /opt/airflow/dags/update_car_data_dag.py took 0.197 seconds
[2025-09-08T06:32:02.950+0000] {processor.py:161} INFO - Started process (PID=296) to work on /opt/airflow/dags/update_car_data_dag.py
[2025-09-08T06:32:02.952+0000] {processor.py:830} INFO - Processing file /opt/airflow/dags/update_car_data_dag.py for tasks to queue
[2025-09-08T06:32:02.953+0000] {logging_mixin.py:188} INFO - [2025-09-08T06:32:02.953+0000] {dagbag.py:538} INFO - Filling up the DagBag from /opt/airflow/dags/update_car_data_dag.py
[2025-09-08T06:32:02.979+0000] {processor.py:840} INFO - DAG(s) 'update_car_data' retrieved from /opt/airflow/dags/update_car_data_dag.py
[2025-09-08T06:32:03.033+0000] {logging_mixin.py:188} INFO - [2025-09-08T06:32:03.032+0000] {dag.py:3036} INFO - Sync 1 DAGs
[2025-09-08T06:32:03.057+0000] {logging_mixin.py:188} INFO - [2025-09-08T06:32:03.057+0000] {dag.py:3823} INFO - Setting next_dagrun for update_car_data to 2025-09-06 15:00:00+00:00, run_after=2025-09-07 15:00:00+00:00
[2025-09-08T06:32:03.069+0000] {processor.py:183} INFO - Processing /opt/airflow/dags/update_car_data_dag.py took 0.128 seconds
[2025-09-08T06:32:33.392+0000] {processor.py:161} INFO - Started process (PID=301) to work on /opt/airflow/dags/update_car_data_dag.py
[2025-09-08T06:32:33.394+0000] {processor.py:830} INFO - Processing file /opt/airflow/dags/update_car_data_dag.py for tasks to queue
[2025-09-08T06:32:33.395+0000] {logging_mixin.py:188} INFO - [2025-09-08T06:32:33.395+0000] {dagbag.py:538} INFO - Filling up the DagBag from /opt/airflow/dags/update_car_data_dag.py
[2025-09-08T06:32:33.442+0000] {processor.py:840} INFO - DAG(s) 'update_car_data' retrieved from /opt/airflow/dags/update_car_data_dag.py
[2025-09-08T06:32:33.511+0000] {logging_mixin.py:188} INFO - [2025-09-08T06:32:33.511+0000] {dag.py:3036} INFO - Sync 1 DAGs
[2025-09-08T06:32:33.542+0000] {logging_mixin.py:188} INFO - [2025-09-08T06:32:33.542+0000] {dag.py:3823} INFO - Setting next_dagrun for update_car_data to 2025-09-06 15:00:00+00:00, run_after=2025-09-07 15:00:00+00:00
[2025-09-08T06:32:33.559+0000] {processor.py:183} INFO - Processing /opt/airflow/dags/update_car_data_dag.py took 0.179 seconds
[2025-09-08T06:33:03.734+0000] {processor.py:161} INFO - Started process (PID=306) to work on /opt/airflow/dags/update_car_data_dag.py
[2025-09-08T06:33:03.736+0000] {processor.py:830} INFO - Processing file /opt/airflow/dags/update_car_data_dag.py for tasks to queue
[2025-09-08T06:33:03.737+0000] {logging_mixin.py:188} INFO - [2025-09-08T06:33:03.737+0000] {dagbag.py:538} INFO - Filling up the DagBag from /opt/airflow/dags/update_car_data_dag.py
[2025-09-08T06:33:03.782+0000] {processor.py:840} INFO - DAG(s) 'update_car_data' retrieved from /opt/airflow/dags/update_car_data_dag.py
[2025-09-08T06:33:03.839+0000] {logging_mixin.py:188} INFO - [2025-09-08T06:33:03.839+0000] {dag.py:3036} INFO - Sync 1 DAGs
[2025-09-08T06:33:03.868+0000] {logging_mixin.py:188} INFO - [2025-09-08T06:33:03.868+0000] {dag.py:3823} INFO - Setting next_dagrun for update_car_data to 2025-09-06 15:00:00+00:00, run_after=2025-09-07 15:00:00+00:00
[2025-09-08T06:33:03.893+0000] {processor.py:183} INFO - Processing /opt/airflow/dags/update_car_data_dag.py took 0.165 seconds
[2025-09-08T06:33:34.165+0000] {processor.py:161} INFO - Started process (PID=311) to work on /opt/airflow/dags/update_car_data_dag.py
[2025-09-08T06:33:34.167+0000] {processor.py:830} INFO - Processing file /opt/airflow/dags/update_car_data_dag.py for tasks to queue
[2025-09-08T06:33:34.168+0000] {logging_mixin.py:188} INFO - [2025-09-08T06:33:34.168+0000] {dagbag.py:538} INFO - Filling up the DagBag from /opt/airflow/dags/update_car_data_dag.py
[2025-09-08T06:33:34.188+0000] {processor.py:840} INFO - DAG(s) 'update_car_data' retrieved from /opt/airflow/dags/update_car_data_dag.py
[2025-09-08T06:33:34.225+0000] {logging_mixin.py:188} INFO - [2025-09-08T06:33:34.225+0000] {dag.py:3036} INFO - Sync 1 DAGs
[2025-09-08T06:33:34.244+0000] {logging_mixin.py:188} INFO - [2025-09-08T06:33:34.244+0000] {dag.py:3823} INFO - Setting next_dagrun for update_car_data to 2025-09-06 15:00:00+00:00, run_after=2025-09-07 15:00:00+00:00
[2025-09-08T06:33:34.255+0000] {processor.py:183} INFO - Processing /opt/airflow/dags/update_car_data_dag.py took 0.095 seconds
[2025-09-08T06:34:04.678+0000] {processor.py:161} INFO - Started process (PID=316) to work on /opt/airflow/dags/update_car_data_dag.py
[2025-09-08T06:34:04.679+0000] {processor.py:830} INFO - Processing file /opt/airflow/dags/update_car_data_dag.py for tasks to queue
[2025-09-08T06:34:04.680+0000] {logging_mixin.py:188} INFO - [2025-09-08T06:34:04.680+0000] {dagbag.py:538} INFO - Filling up the DagBag from /opt/airflow/dags/update_car_data_dag.py
[2025-09-08T06:34:04.696+0000] {processor.py:840} INFO - DAG(s) 'update_car_data' retrieved from /opt/airflow/dags/update_car_data_dag.py
[2025-09-08T06:34:04.735+0000] {logging_mixin.py:188} INFO - [2025-09-08T06:34:04.735+0000] {dag.py:3036} INFO - Sync 1 DAGs
[2025-09-08T06:34:04.759+0000] {logging_mixin.py:188} INFO - [2025-09-08T06:34:04.759+0000] {dag.py:3823} INFO - Setting next_dagrun for update_car_data to 2025-09-06 15:00:00+00:00, run_after=2025-09-07 15:00:00+00:00
[2025-09-08T06:34:04.770+0000] {processor.py:183} INFO - Processing /opt/airflow/dags/update_car_data_dag.py took 0.098 seconds
[2025-09-08T06:34:35.025+0000] {processor.py:161} INFO - Started process (PID=321) to work on /opt/airflow/dags/update_car_data_dag.py
[2025-09-08T06:34:35.026+0000] {processor.py:830} INFO - Processing file /opt/airflow/dags/update_car_data_dag.py for tasks to queue
[2025-09-08T06:34:35.027+0000] {logging_mixin.py:188} INFO - [2025-09-08T06:34:35.027+0000] {dagbag.py:538} INFO - Filling up the DagBag from /opt/airflow/dags/update_car_data_dag.py
[2025-09-08T06:34:35.045+0000] {processor.py:840} INFO - DAG(s) 'update_car_data' retrieved from /opt/airflow/dags/update_car_data_dag.py
[2025-09-08T06:34:35.102+0000] {logging_mixin.py:188} INFO - [2025-09-08T06:34:35.102+0000] {dag.py:3036} INFO - Sync 1 DAGs
[2025-09-08T06:34:35.136+0000] {logging_mixin.py:188} INFO - [2025-09-08T06:34:35.136+0000] {dag.py:3823} INFO - Setting next_dagrun for update_car_data to 2025-09-06 15:00:00+00:00, run_after=2025-09-07 15:00:00+00:00
[2025-09-08T06:34:35.212+0000] {processor.py:183} INFO - Processing /opt/airflow/dags/update_car_data_dag.py took 0.192 seconds
[2025-09-08T06:35:05.474+0000] {processor.py:161} INFO - Started process (PID=326) to work on /opt/airflow/dags/update_car_data_dag.py
[2025-09-08T06:35:05.475+0000] {processor.py:830} INFO - Processing file /opt/airflow/dags/update_car_data_dag.py for tasks to queue
[2025-09-08T06:35:05.477+0000] {logging_mixin.py:188} INFO - [2025-09-08T06:35:05.476+0000] {dagbag.py:538} INFO - Filling up the DagBag from /opt/airflow/dags/update_car_data_dag.py
[2025-09-08T06:35:05.504+0000] {processor.py:840} INFO - DAG(s) 'update_car_data' retrieved from /opt/airflow/dags/update_car_data_dag.py
[2025-09-08T06:35:05.601+0000] {logging_mixin.py:188} INFO - [2025-09-08T06:35:05.600+0000] {dag.py:3036} INFO - Sync 1 DAGs
[2025-09-08T06:35:05.625+0000] {logging_mixin.py:188} INFO - [2025-09-08T06:35:05.625+0000] {dag.py:3823} INFO - Setting next_dagrun for update_car_data to 2025-09-06 15:00:00+00:00, run_after=2025-09-07 15:00:00+00:00
[2025-09-08T06:35:05.733+0000] {processor.py:183} INFO - Processing /opt/airflow/dags/update_car_data_dag.py took 0.275 seconds
[2025-09-08T06:35:35.803+0000] {processor.py:161} INFO - Started process (PID=331) to work on /opt/airflow/dags/update_car_data_dag.py
[2025-09-08T06:35:35.804+0000] {processor.py:830} INFO - Processing file /opt/airflow/dags/update_car_data_dag.py for tasks to queue
[2025-09-08T06:35:35.805+0000] {logging_mixin.py:188} INFO - [2025-09-08T06:35:35.805+0000] {dagbag.py:538} INFO - Filling up the DagBag from /opt/airflow/dags/update_car_data_dag.py
[2025-09-08T06:35:35.824+0000] {processor.py:840} INFO - DAG(s) 'update_car_data' retrieved from /opt/airflow/dags/update_car_data_dag.py
[2025-09-08T06:35:35.875+0000] {logging_mixin.py:188} INFO - [2025-09-08T06:35:35.875+0000] {dag.py:3036} INFO - Sync 1 DAGs
[2025-09-08T06:35:35.895+0000] {logging_mixin.py:188} INFO - [2025-09-08T06:35:35.895+0000] {dag.py:3823} INFO - Setting next_dagrun for update_car_data to 2025-09-06 15:00:00+00:00, run_after=2025-09-07 15:00:00+00:00
[2025-09-08T06:35:35.945+0000] {processor.py:183} INFO - Processing /opt/airflow/dags/update_car_data_dag.py took 0.146 seconds
[2025-09-08T06:36:06.326+0000] {processor.py:161} INFO - Started process (PID=336) to work on /opt/airflow/dags/update_car_data_dag.py
[2025-09-08T06:36:06.327+0000] {processor.py:830} INFO - Processing file /opt/airflow/dags/update_car_data_dag.py for tasks to queue
[2025-09-08T06:36:06.329+0000] {logging_mixin.py:188} INFO - [2025-09-08T06:36:06.328+0000] {dagbag.py:538} INFO - Filling up the DagBag from /opt/airflow/dags/update_car_data_dag.py
[2025-09-08T06:36:06.359+0000] {processor.py:840} INFO - DAG(s) 'update_car_data' retrieved from /opt/airflow/dags/update_car_data_dag.py
[2025-09-08T06:36:06.434+0000] {logging_mixin.py:188} INFO - [2025-09-08T06:36:06.434+0000] {dag.py:3036} INFO - Sync 1 DAGs
[2025-09-08T06:36:06.464+0000] {logging_mixin.py:188} INFO - [2025-09-08T06:36:06.463+0000] {dag.py:3823} INFO - Setting next_dagrun for update_car_data to 2025-09-06 15:00:00+00:00, run_after=2025-09-07 15:00:00+00:00
[2025-09-08T06:36:06.480+0000] {processor.py:183} INFO - Processing /opt/airflow/dags/update_car_data_dag.py took 0.159 seconds
[2025-09-08T06:36:36.817+0000] {processor.py:161} INFO - Started process (PID=341) to work on /opt/airflow/dags/update_car_data_dag.py
[2025-09-08T06:36:36.818+0000] {processor.py:830} INFO - Processing file /opt/airflow/dags/update_car_data_dag.py for tasks to queue
[2025-09-08T06:36:36.819+0000] {logging_mixin.py:188} INFO - [2025-09-08T06:36:36.818+0000] {dagbag.py:538} INFO - Filling up the DagBag from /opt/airflow/dags/update_car_data_dag.py
[2025-09-08T06:36:36.842+0000] {processor.py:840} INFO - DAG(s) 'update_car_data' retrieved from /opt/airflow/dags/update_car_data_dag.py
[2025-09-08T06:36:36.886+0000] {logging_mixin.py:188} INFO - [2025-09-08T06:36:36.886+0000] {dag.py:3036} INFO - Sync 1 DAGs
[2025-09-08T06:36:36.912+0000] {logging_mixin.py:188} INFO - [2025-09-08T06:36:36.912+0000] {dag.py:3823} INFO - Setting next_dagrun for update_car_data to 2025-09-06 15:00:00+00:00, run_after=2025-09-07 15:00:00+00:00
[2025-09-08T06:36:36.929+0000] {processor.py:183} INFO - Processing /opt/airflow/dags/update_car_data_dag.py took 0.118 seconds
[2025-09-08T06:37:07.198+0000] {processor.py:161} INFO - Started process (PID=346) to work on /opt/airflow/dags/update_car_data_dag.py
[2025-09-08T06:37:07.199+0000] {processor.py:830} INFO - Processing file /opt/airflow/dags/update_car_data_dag.py for tasks to queue
[2025-09-08T06:37:07.200+0000] {logging_mixin.py:188} INFO - [2025-09-08T06:37:07.200+0000] {dagbag.py:538} INFO - Filling up the DagBag from /opt/airflow/dags/update_car_data_dag.py
[2025-09-08T06:37:07.223+0000] {processor.py:840} INFO - DAG(s) 'update_car_data' retrieved from /opt/airflow/dags/update_car_data_dag.py
[2025-09-08T06:37:07.312+0000] {logging_mixin.py:188} INFO - [2025-09-08T06:37:07.312+0000] {dag.py:3036} INFO - Sync 1 DAGs
[2025-09-08T06:37:07.388+0000] {logging_mixin.py:188} INFO - [2025-09-08T06:37:07.387+0000] {dag.py:3823} INFO - Setting next_dagrun for update_car_data to 2025-09-06 15:00:00+00:00, run_after=2025-09-07 15:00:00+00:00
[2025-09-08T06:37:07.426+0000] {processor.py:183} INFO - Processing /opt/airflow/dags/update_car_data_dag.py took 0.233 seconds
[2025-09-08T06:37:37.637+0000] {processor.py:161} INFO - Started process (PID=351) to work on /opt/airflow/dags/update_car_data_dag.py
[2025-09-08T06:37:37.639+0000] {processor.py:830} INFO - Processing file /opt/airflow/dags/update_car_data_dag.py for tasks to queue
[2025-09-08T06:37:37.640+0000] {logging_mixin.py:188} INFO - [2025-09-08T06:37:37.640+0000] {dagbag.py:538} INFO - Filling up the DagBag from /opt/airflow/dags/update_car_data_dag.py
[2025-09-08T06:37:37.660+0000] {processor.py:840} INFO - DAG(s) 'update_car_data' retrieved from /opt/airflow/dags/update_car_data_dag.py
[2025-09-08T06:37:37.701+0000] {logging_mixin.py:188} INFO - [2025-09-08T06:37:37.700+0000] {dag.py:3036} INFO - Sync 1 DAGs
[2025-09-08T06:37:37.739+0000] {logging_mixin.py:188} INFO - [2025-09-08T06:37:37.739+0000] {dag.py:3823} INFO - Setting next_dagrun for update_car_data to 2025-09-06 15:00:00+00:00, run_after=2025-09-07 15:00:00+00:00
[2025-09-08T06:37:37.761+0000] {processor.py:183} INFO - Processing /opt/airflow/dags/update_car_data_dag.py took 0.139 seconds
[2025-09-08T06:38:08.087+0000] {processor.py:161} INFO - Started process (PID=356) to work on /opt/airflow/dags/update_car_data_dag.py
[2025-09-08T06:38:08.089+0000] {processor.py:830} INFO - Processing file /opt/airflow/dags/update_car_data_dag.py for tasks to queue
[2025-09-08T06:38:08.092+0000] {logging_mixin.py:188} INFO - [2025-09-08T06:38:08.090+0000] {dagbag.py:538} INFO - Filling up the DagBag from /opt/airflow/dags/update_car_data_dag.py
[2025-09-08T06:38:08.116+0000] {processor.py:840} INFO - DAG(s) 'update_car_data' retrieved from /opt/airflow/dags/update_car_data_dag.py
[2025-09-08T06:38:08.186+0000] {logging_mixin.py:188} INFO - [2025-09-08T06:38:08.186+0000] {dag.py:3036} INFO - Sync 1 DAGs
[2025-09-08T06:38:08.247+0000] {logging_mixin.py:188} INFO - [2025-09-08T06:38:08.247+0000] {dag.py:3823} INFO - Setting next_dagrun for update_car_data to 2025-09-06 15:00:00+00:00, run_after=2025-09-07 15:00:00+00:00
[2025-09-08T06:38:08.281+0000] {processor.py:183} INFO - Processing /opt/airflow/dags/update_car_data_dag.py took 0.216 seconds
[2025-09-08T06:38:38.577+0000] {processor.py:161} INFO - Started process (PID=361) to work on /opt/airflow/dags/update_car_data_dag.py
[2025-09-08T06:38:38.579+0000] {processor.py:830} INFO - Processing file /opt/airflow/dags/update_car_data_dag.py for tasks to queue
[2025-09-08T06:38:38.580+0000] {logging_mixin.py:188} INFO - [2025-09-08T06:38:38.580+0000] {dagbag.py:538} INFO - Filling up the DagBag from /opt/airflow/dags/update_car_data_dag.py
[2025-09-08T06:38:38.611+0000] {processor.py:840} INFO - DAG(s) 'update_car_data' retrieved from /opt/airflow/dags/update_car_data_dag.py
[2025-09-08T06:38:38.668+0000] {logging_mixin.py:188} INFO - [2025-09-08T06:38:38.668+0000] {dag.py:3036} INFO - Sync 1 DAGs
[2025-09-08T06:38:38.736+0000] {logging_mixin.py:188} INFO - [2025-09-08T06:38:38.735+0000] {dag.py:3823} INFO - Setting next_dagrun for update_car_data to 2025-09-06 15:00:00+00:00, run_after=2025-09-07 15:00:00+00:00
[2025-09-08T06:38:38.752+0000] {processor.py:183} INFO - Processing /opt/airflow/dags/update_car_data_dag.py took 0.183 seconds
[2025-09-08T06:51:35.039+0000] {processor.py:161} INFO - Started process (PID=366) to work on /opt/airflow/dags/update_car_data_dag.py
[2025-09-08T06:51:35.062+0000] {processor.py:830} INFO - Processing file /opt/airflow/dags/update_car_data_dag.py for tasks to queue
[2025-09-08T06:51:35.073+0000] {logging_mixin.py:188} INFO - [2025-09-08T06:51:35.070+0000] {dagbag.py:538} INFO - Filling up the DagBag from /opt/airflow/dags/update_car_data_dag.py
[2025-09-08T06:51:35.377+0000] {processor.py:840} INFO - DAG(s) 'update_car_data' retrieved from /opt/airflow/dags/update_car_data_dag.py
[2025-09-08T06:51:35.589+0000] {logging_mixin.py:188} INFO - [2025-09-08T06:51:35.588+0000] {dag.py:3036} INFO - Sync 1 DAGs
[2025-09-08T06:51:35.694+0000] {logging_mixin.py:188} INFO - [2025-09-08T06:51:35.690+0000] {dag.py:3823} INFO - Setting next_dagrun for update_car_data to 2025-09-06 15:00:00+00:00, run_after=2025-09-07 15:00:00+00:00
[2025-09-08T06:51:35.766+0000] {processor.py:183} INFO - Processing /opt/airflow/dags/update_car_data_dag.py took 0.760 seconds
[2025-09-08T06:52:06.309+0000] {processor.py:161} INFO - Started process (PID=371) to work on /opt/airflow/dags/update_car_data_dag.py
[2025-09-08T06:52:06.310+0000] {processor.py:830} INFO - Processing file /opt/airflow/dags/update_car_data_dag.py for tasks to queue
[2025-09-08T06:52:06.311+0000] {logging_mixin.py:188} INFO - [2025-09-08T06:52:06.311+0000] {dagbag.py:538} INFO - Filling up the DagBag from /opt/airflow/dags/update_car_data_dag.py
[2025-09-08T06:52:06.331+0000] {processor.py:840} INFO - DAG(s) 'update_car_data' retrieved from /opt/airflow/dags/update_car_data_dag.py
[2025-09-08T06:52:06.375+0000] {logging_mixin.py:188} INFO - [2025-09-08T06:52:06.375+0000] {dag.py:3036} INFO - Sync 1 DAGs
[2025-09-08T06:52:06.395+0000] {logging_mixin.py:188} INFO - [2025-09-08T06:52:06.395+0000] {dag.py:3823} INFO - Setting next_dagrun for update_car_data to 2025-09-06 15:00:00+00:00, run_after=2025-09-07 15:00:00+00:00
[2025-09-08T06:52:06.406+0000] {processor.py:183} INFO - Processing /opt/airflow/dags/update_car_data_dag.py took 0.102 seconds
[2025-09-08T06:52:36.681+0000] {processor.py:161} INFO - Started process (PID=376) to work on /opt/airflow/dags/update_car_data_dag.py
[2025-09-08T06:52:36.685+0000] {processor.py:830} INFO - Processing file /opt/airflow/dags/update_car_data_dag.py for tasks to queue
[2025-09-08T06:52:36.686+0000] {logging_mixin.py:188} INFO - [2025-09-08T06:52:36.685+0000] {dagbag.py:538} INFO - Filling up the DagBag from /opt/airflow/dags/update_car_data_dag.py
[2025-09-08T06:52:36.709+0000] {processor.py:840} INFO - DAG(s) 'update_car_data' retrieved from /opt/airflow/dags/update_car_data_dag.py
[2025-09-08T06:52:36.750+0000] {logging_mixin.py:188} INFO - [2025-09-08T06:52:36.750+0000] {dag.py:3036} INFO - Sync 1 DAGs
[2025-09-08T06:52:36.773+0000] {logging_mixin.py:188} INFO - [2025-09-08T06:52:36.773+0000] {dag.py:3823} INFO - Setting next_dagrun for update_car_data to 2025-09-06 15:00:00+00:00, run_after=2025-09-07 15:00:00+00:00
[2025-09-08T06:52:36.788+0000] {processor.py:183} INFO - Processing /opt/airflow/dags/update_car_data_dag.py took 0.113 seconds
[2025-09-08T06:53:07.157+0000] {processor.py:161} INFO - Started process (PID=381) to work on /opt/airflow/dags/update_car_data_dag.py
[2025-09-08T06:53:07.161+0000] {processor.py:830} INFO - Processing file /opt/airflow/dags/update_car_data_dag.py for tasks to queue
[2025-09-08T06:53:07.166+0000] {logging_mixin.py:188} INFO - [2025-09-08T06:53:07.165+0000] {dagbag.py:538} INFO - Filling up the DagBag from /opt/airflow/dags/update_car_data_dag.py
[2025-09-08T06:53:07.214+0000] {processor.py:840} INFO - DAG(s) 'update_car_data' retrieved from /opt/airflow/dags/update_car_data_dag.py
[2025-09-08T06:53:07.440+0000] {logging_mixin.py:188} INFO - [2025-09-08T06:53:07.439+0000] {dag.py:3036} INFO - Sync 1 DAGs
[2025-09-08T06:53:07.520+0000] {logging_mixin.py:188} INFO - [2025-09-08T06:53:07.519+0000] {dag.py:3823} INFO - Setting next_dagrun for update_car_data to 2025-09-06 15:00:00+00:00, run_after=2025-09-07 15:00:00+00:00
[2025-09-08T06:53:07.714+0000] {processor.py:183} INFO - Processing /opt/airflow/dags/update_car_data_dag.py took 0.569 seconds
[2025-09-08T06:53:38.126+0000] {processor.py:161} INFO - Started process (PID=386) to work on /opt/airflow/dags/update_car_data_dag.py
[2025-09-08T06:53:38.129+0000] {processor.py:830} INFO - Processing file /opt/airflow/dags/update_car_data_dag.py for tasks to queue
[2025-09-08T06:53:38.131+0000] {logging_mixin.py:188} INFO - [2025-09-08T06:53:38.131+0000] {dagbag.py:538} INFO - Filling up the DagBag from /opt/airflow/dags/update_car_data_dag.py
[2025-09-08T06:53:38.161+0000] {processor.py:840} INFO - DAG(s) 'update_car_data' retrieved from /opt/airflow/dags/update_car_data_dag.py
[2025-09-08T06:53:38.215+0000] {logging_mixin.py:188} INFO - [2025-09-08T06:53:38.214+0000] {dag.py:3036} INFO - Sync 1 DAGs
[2025-09-08T06:53:38.248+0000] {logging_mixin.py:188} INFO - [2025-09-08T06:53:38.248+0000] {dag.py:3823} INFO - Setting next_dagrun for update_car_data to 2025-09-06 15:00:00+00:00, run_after=2025-09-07 15:00:00+00:00
[2025-09-08T06:53:38.283+0000] {processor.py:183} INFO - Processing /opt/airflow/dags/update_car_data_dag.py took 0.170 seconds
[2025-09-08T06:54:08.635+0000] {processor.py:161} INFO - Started process (PID=391) to work on /opt/airflow/dags/update_car_data_dag.py
[2025-09-08T06:54:08.636+0000] {processor.py:830} INFO - Processing file /opt/airflow/dags/update_car_data_dag.py for tasks to queue
[2025-09-08T06:54:08.638+0000] {logging_mixin.py:188} INFO - [2025-09-08T06:54:08.637+0000] {dagbag.py:538} INFO - Filling up the DagBag from /opt/airflow/dags/update_car_data_dag.py
[2025-09-08T06:54:08.687+0000] {processor.py:840} INFO - DAG(s) 'update_car_data' retrieved from /opt/airflow/dags/update_car_data_dag.py
[2025-09-08T06:54:08.810+0000] {logging_mixin.py:188} INFO - [2025-09-08T06:54:08.810+0000] {dag.py:3036} INFO - Sync 1 DAGs
[2025-09-08T06:54:08.833+0000] {logging_mixin.py:188} INFO - [2025-09-08T06:54:08.833+0000] {dag.py:3823} INFO - Setting next_dagrun for update_car_data to 2025-09-06 15:00:00+00:00, run_after=2025-09-07 15:00:00+00:00
[2025-09-08T06:54:08.848+0000] {processor.py:183} INFO - Processing /opt/airflow/dags/update_car_data_dag.py took 0.228 seconds
[2025-09-08T06:54:38.995+0000] {processor.py:161} INFO - Started process (PID=396) to work on /opt/airflow/dags/update_car_data_dag.py
[2025-09-08T06:54:38.996+0000] {processor.py:830} INFO - Processing file /opt/airflow/dags/update_car_data_dag.py for tasks to queue
[2025-09-08T06:54:38.998+0000] {logging_mixin.py:188} INFO - [2025-09-08T06:54:38.997+0000] {dagbag.py:538} INFO - Filling up the DagBag from /opt/airflow/dags/update_car_data_dag.py
[2025-09-08T06:54:39.027+0000] {processor.py:840} INFO - DAG(s) 'update_car_data' retrieved from /opt/airflow/dags/update_car_data_dag.py
[2025-09-08T06:54:39.073+0000] {logging_mixin.py:188} INFO - [2025-09-08T06:54:39.073+0000] {dag.py:3036} INFO - Sync 1 DAGs
[2025-09-08T06:54:39.101+0000] {logging_mixin.py:188} INFO - [2025-09-08T06:54:39.101+0000] {dag.py:3823} INFO - Setting next_dagrun for update_car_data to 2025-09-06 15:00:00+00:00, run_after=2025-09-07 15:00:00+00:00
[2025-09-08T06:54:39.114+0000] {processor.py:183} INFO - Processing /opt/airflow/dags/update_car_data_dag.py took 0.126 seconds
[2025-09-08T06:55:09.628+0000] {processor.py:161} INFO - Started process (PID=401) to work on /opt/airflow/dags/update_car_data_dag.py
[2025-09-08T06:55:09.636+0000] {processor.py:830} INFO - Processing file /opt/airflow/dags/update_car_data_dag.py for tasks to queue
[2025-09-08T06:55:09.638+0000] {logging_mixin.py:188} INFO - [2025-09-08T06:55:09.637+0000] {dagbag.py:538} INFO - Filling up the DagBag from /opt/airflow/dags/update_car_data_dag.py
[2025-09-08T06:55:09.834+0000] {processor.py:840} INFO - DAG(s) 'update_car_data' retrieved from /opt/airflow/dags/update_car_data_dag.py
[2025-09-08T06:55:10.067+0000] {logging_mixin.py:188} INFO - [2025-09-08T06:55:10.066+0000] {dag.py:3036} INFO - Sync 1 DAGs
[2025-09-08T06:55:10.116+0000] {logging_mixin.py:188} INFO - [2025-09-08T06:55:10.116+0000] {dag.py:3823} INFO - Setting next_dagrun for update_car_data to 2025-09-06 15:00:00+00:00, run_after=2025-09-07 15:00:00+00:00
[2025-09-08T06:55:10.140+0000] {processor.py:183} INFO - Processing /opt/airflow/dags/update_car_data_dag.py took 0.536 seconds
[2025-09-08T06:55:40.507+0000] {processor.py:161} INFO - Started process (PID=406) to work on /opt/airflow/dags/update_car_data_dag.py
[2025-09-08T06:55:40.510+0000] {processor.py:830} INFO - Processing file /opt/airflow/dags/update_car_data_dag.py for tasks to queue
[2025-09-08T06:55:40.512+0000] {logging_mixin.py:188} INFO - [2025-09-08T06:55:40.511+0000] {dagbag.py:538} INFO - Filling up the DagBag from /opt/airflow/dags/update_car_data_dag.py
[2025-09-08T06:55:40.534+0000] {processor.py:840} INFO - DAG(s) 'update_car_data' retrieved from /opt/airflow/dags/update_car_data_dag.py
[2025-09-08T06:55:40.591+0000] {logging_mixin.py:188} INFO - [2025-09-08T06:55:40.591+0000] {dag.py:3036} INFO - Sync 1 DAGs
[2025-09-08T06:55:40.613+0000] {logging_mixin.py:188} INFO - [2025-09-08T06:55:40.613+0000] {dag.py:3823} INFO - Setting next_dagrun for update_car_data to 2025-09-06 15:00:00+00:00, run_after=2025-09-07 15:00:00+00:00
[2025-09-08T06:55:40.624+0000] {processor.py:183} INFO - Processing /opt/airflow/dags/update_car_data_dag.py took 0.126 seconds
[2025-09-08T06:56:10.905+0000] {processor.py:161} INFO - Started process (PID=411) to work on /opt/airflow/dags/update_car_data_dag.py
[2025-09-08T06:56:10.906+0000] {processor.py:830} INFO - Processing file /opt/airflow/dags/update_car_data_dag.py for tasks to queue
[2025-09-08T06:56:10.907+0000] {logging_mixin.py:188} INFO - [2025-09-08T06:56:10.907+0000] {dagbag.py:538} INFO - Filling up the DagBag from /opt/airflow/dags/update_car_data_dag.py
[2025-09-08T06:56:10.933+0000] {processor.py:840} INFO - DAG(s) 'update_car_data' retrieved from /opt/airflow/dags/update_car_data_dag.py
[2025-09-08T06:56:10.981+0000] {logging_mixin.py:188} INFO - [2025-09-08T06:56:10.981+0000] {dag.py:3036} INFO - Sync 1 DAGs
[2025-09-08T06:56:11.007+0000] {logging_mixin.py:188} INFO - [2025-09-08T06:56:11.007+0000] {dag.py:3823} INFO - Setting next_dagrun for update_car_data to 2025-09-06 15:00:00+00:00, run_after=2025-09-07 15:00:00+00:00
[2025-09-08T06:56:11.018+0000] {processor.py:183} INFO - Processing /opt/airflow/dags/update_car_data_dag.py took 0.119 seconds
[2025-09-08T06:56:41.287+0000] {processor.py:161} INFO - Started process (PID=416) to work on /opt/airflow/dags/update_car_data_dag.py
[2025-09-08T06:56:41.290+0000] {processor.py:830} INFO - Processing file /opt/airflow/dags/update_car_data_dag.py for tasks to queue
[2025-09-08T06:56:41.291+0000] {logging_mixin.py:188} INFO - [2025-09-08T06:56:41.290+0000] {dagbag.py:538} INFO - Filling up the DagBag from /opt/airflow/dags/update_car_data_dag.py
[2025-09-08T06:56:41.320+0000] {processor.py:840} INFO - DAG(s) 'update_car_data' retrieved from /opt/airflow/dags/update_car_data_dag.py
[2025-09-08T06:56:41.371+0000] {logging_mixin.py:188} INFO - [2025-09-08T06:56:41.371+0000] {dag.py:3036} INFO - Sync 1 DAGs
[2025-09-08T06:56:41.396+0000] {logging_mixin.py:188} INFO - [2025-09-08T06:56:41.396+0000] {dag.py:3823} INFO - Setting next_dagrun for update_car_data to 2025-09-06 15:00:00+00:00, run_after=2025-09-07 15:00:00+00:00
[2025-09-08T06:56:41.408+0000] {processor.py:183} INFO - Processing /opt/airflow/dags/update_car_data_dag.py took 0.126 seconds
[2025-09-08T06:57:11.770+0000] {processor.py:161} INFO - Started process (PID=421) to work on /opt/airflow/dags/update_car_data_dag.py
[2025-09-08T06:57:11.771+0000] {processor.py:830} INFO - Processing file /opt/airflow/dags/update_car_data_dag.py for tasks to queue
[2025-09-08T06:57:11.772+0000] {logging_mixin.py:188} INFO - [2025-09-08T06:57:11.772+0000] {dagbag.py:538} INFO - Filling up the DagBag from /opt/airflow/dags/update_car_data_dag.py
[2025-09-08T06:57:11.796+0000] {processor.py:840} INFO - DAG(s) 'update_car_data' retrieved from /opt/airflow/dags/update_car_data_dag.py
[2025-09-08T06:57:11.837+0000] {logging_mixin.py:188} INFO - [2025-09-08T06:57:11.837+0000] {dag.py:3036} INFO - Sync 1 DAGs
[2025-09-08T06:57:11.874+0000] {logging_mixin.py:188} INFO - [2025-09-08T06:57:11.874+0000] {dag.py:3823} INFO - Setting next_dagrun for update_car_data to 2025-09-06 15:00:00+00:00, run_after=2025-09-07 15:00:00+00:00
[2025-09-08T06:57:11.952+0000] {processor.py:183} INFO - Processing /opt/airflow/dags/update_car_data_dag.py took 0.190 seconds
[2025-09-08T06:57:42.223+0000] {processor.py:161} INFO - Started process (PID=426) to work on /opt/airflow/dags/update_car_data_dag.py
[2025-09-08T06:57:42.225+0000] {processor.py:830} INFO - Processing file /opt/airflow/dags/update_car_data_dag.py for tasks to queue
[2025-09-08T06:57:42.226+0000] {logging_mixin.py:188} INFO - [2025-09-08T06:57:42.226+0000] {dagbag.py:538} INFO - Filling up the DagBag from /opt/airflow/dags/update_car_data_dag.py
[2025-09-08T06:57:42.261+0000] {processor.py:840} INFO - DAG(s) 'update_car_data' retrieved from /opt/airflow/dags/update_car_data_dag.py
[2025-09-08T06:57:42.302+0000] {logging_mixin.py:188} INFO - [2025-09-08T06:57:42.301+0000] {dag.py:3036} INFO - Sync 1 DAGs
[2025-09-08T06:57:42.326+0000] {logging_mixin.py:188} INFO - [2025-09-08T06:57:42.326+0000] {dag.py:3823} INFO - Setting next_dagrun for update_car_data to 2025-09-06 15:00:00+00:00, run_after=2025-09-07 15:00:00+00:00
[2025-09-08T06:57:42.337+0000] {processor.py:183} INFO - Processing /opt/airflow/dags/update_car_data_dag.py took 0.119 seconds
[2025-09-08T06:58:12.680+0000] {processor.py:161} INFO - Started process (PID=431) to work on /opt/airflow/dags/update_car_data_dag.py
[2025-09-08T06:58:12.690+0000] {processor.py:830} INFO - Processing file /opt/airflow/dags/update_car_data_dag.py for tasks to queue
[2025-09-08T06:58:12.691+0000] {logging_mixin.py:188} INFO - [2025-09-08T06:58:12.691+0000] {dagbag.py:538} INFO - Filling up the DagBag from /opt/airflow/dags/update_car_data_dag.py
[2025-09-08T06:58:12.709+0000] {processor.py:840} INFO - DAG(s) 'update_car_data' retrieved from /opt/airflow/dags/update_car_data_dag.py
[2025-09-08T06:58:12.744+0000] {logging_mixin.py:188} INFO - [2025-09-08T06:58:12.743+0000] {dag.py:3036} INFO - Sync 1 DAGs
[2025-09-08T06:58:12.777+0000] {logging_mixin.py:188} INFO - [2025-09-08T06:58:12.777+0000] {dag.py:3823} INFO - Setting next_dagrun for update_car_data to 2025-09-06 15:00:00+00:00, run_after=2025-09-07 15:00:00+00:00
[2025-09-08T06:58:12.788+0000] {processor.py:183} INFO - Processing /opt/airflow/dags/update_car_data_dag.py took 0.114 seconds
[2025-09-08T06:58:43.108+0000] {processor.py:161} INFO - Started process (PID=436) to work on /opt/airflow/dags/update_car_data_dag.py
[2025-09-08T06:58:43.109+0000] {processor.py:830} INFO - Processing file /opt/airflow/dags/update_car_data_dag.py for tasks to queue
[2025-09-08T06:58:43.111+0000] {logging_mixin.py:188} INFO - [2025-09-08T06:58:43.110+0000] {dagbag.py:538} INFO - Filling up the DagBag from /opt/airflow/dags/update_car_data_dag.py
[2025-09-08T06:58:43.135+0000] {processor.py:840} INFO - DAG(s) 'update_car_data' retrieved from /opt/airflow/dags/update_car_data_dag.py
[2025-09-08T06:58:43.201+0000] {logging_mixin.py:188} INFO - [2025-09-08T06:58:43.200+0000] {dag.py:3036} INFO - Sync 1 DAGs
[2025-09-08T06:58:43.293+0000] {logging_mixin.py:188} INFO - [2025-09-08T06:58:43.292+0000] {dag.py:3823} INFO - Setting next_dagrun for update_car_data to 2025-09-06 15:00:00+00:00, run_after=2025-09-07 15:00:00+00:00
[2025-09-08T06:58:43.364+0000] {processor.py:183} INFO - Processing /opt/airflow/dags/update_car_data_dag.py took 0.261 seconds
[2025-09-08T06:59:13.491+0000] {processor.py:161} INFO - Started process (PID=441) to work on /opt/airflow/dags/update_car_data_dag.py
[2025-09-08T06:59:13.493+0000] {processor.py:830} INFO - Processing file /opt/airflow/dags/update_car_data_dag.py for tasks to queue
[2025-09-08T06:59:13.494+0000] {logging_mixin.py:188} INFO - [2025-09-08T06:59:13.494+0000] {dagbag.py:538} INFO - Filling up the DagBag from /opt/airflow/dags/update_car_data_dag.py
[2025-09-08T06:59:13.513+0000] {processor.py:840} INFO - DAG(s) 'update_car_data' retrieved from /opt/airflow/dags/update_car_data_dag.py
[2025-09-08T06:59:13.557+0000] {logging_mixin.py:188} INFO - [2025-09-08T06:59:13.557+0000] {dag.py:3036} INFO - Sync 1 DAGs
[2025-09-08T06:59:13.586+0000] {logging_mixin.py:188} INFO - [2025-09-08T06:59:13.586+0000] {dag.py:3823} INFO - Setting next_dagrun for update_car_data to 2025-09-06 15:00:00+00:00, run_after=2025-09-07 15:00:00+00:00
[2025-09-08T06:59:13.599+0000] {processor.py:183} INFO - Processing /opt/airflow/dags/update_car_data_dag.py took 0.118 seconds
[2025-09-08T06:59:44.166+0000] {processor.py:161} INFO - Started process (PID=446) to work on /opt/airflow/dags/update_car_data_dag.py
[2025-09-08T06:59:44.169+0000] {processor.py:830} INFO - Processing file /opt/airflow/dags/update_car_data_dag.py for tasks to queue
[2025-09-08T06:59:44.172+0000] {logging_mixin.py:188} INFO - [2025-09-08T06:59:44.171+0000] {dagbag.py:538} INFO - Filling up the DagBag from /opt/airflow/dags/update_car_data_dag.py
[2025-09-08T06:59:44.229+0000] {processor.py:840} INFO - DAG(s) 'update_car_data' retrieved from /opt/airflow/dags/update_car_data_dag.py
[2025-09-08T06:59:44.286+0000] {logging_mixin.py:188} INFO - [2025-09-08T06:59:44.286+0000] {dag.py:3036} INFO - Sync 1 DAGs
[2025-09-08T06:59:44.317+0000] {logging_mixin.py:188} INFO - [2025-09-08T06:59:44.316+0000] {dag.py:3823} INFO - Setting next_dagrun for update_car_data to 2025-09-06 15:00:00+00:00, run_after=2025-09-07 15:00:00+00:00
[2025-09-08T06:59:44.395+0000] {processor.py:183} INFO - Processing /opt/airflow/dags/update_car_data_dag.py took 0.238 seconds
[2025-09-08T07:00:14.890+0000] {processor.py:161} INFO - Started process (PID=451) to work on /opt/airflow/dags/update_car_data_dag.py
[2025-09-08T07:00:14.891+0000] {processor.py:830} INFO - Processing file /opt/airflow/dags/update_car_data_dag.py for tasks to queue
[2025-09-08T07:00:14.893+0000] {logging_mixin.py:188} INFO - [2025-09-08T07:00:14.892+0000] {dagbag.py:538} INFO - Filling up the DagBag from /opt/airflow/dags/update_car_data_dag.py
[2025-09-08T07:00:14.928+0000] {processor.py:840} INFO - DAG(s) 'update_car_data' retrieved from /opt/airflow/dags/update_car_data_dag.py
[2025-09-08T07:00:15.044+0000] {logging_mixin.py:188} INFO - [2025-09-08T07:00:15.044+0000] {dag.py:3036} INFO - Sync 1 DAGs
[2025-09-08T07:00:15.120+0000] {logging_mixin.py:188} INFO - [2025-09-08T07:00:15.120+0000] {dag.py:3823} INFO - Setting next_dagrun for update_car_data to 2025-09-06 15:00:00+00:00, run_after=2025-09-07 15:00:00+00:00
[2025-09-08T07:00:15.146+0000] {processor.py:183} INFO - Processing /opt/airflow/dags/update_car_data_dag.py took 0.263 seconds
[2025-09-08T07:00:45.367+0000] {processor.py:161} INFO - Started process (PID=456) to work on /opt/airflow/dags/update_car_data_dag.py
[2025-09-08T07:00:45.369+0000] {processor.py:830} INFO - Processing file /opt/airflow/dags/update_car_data_dag.py for tasks to queue
[2025-09-08T07:00:45.370+0000] {logging_mixin.py:188} INFO - [2025-09-08T07:00:45.369+0000] {dagbag.py:538} INFO - Filling up the DagBag from /opt/airflow/dags/update_car_data_dag.py
[2025-09-08T07:00:45.394+0000] {processor.py:840} INFO - DAG(s) 'update_car_data' retrieved from /opt/airflow/dags/update_car_data_dag.py
[2025-09-08T07:00:45.430+0000] {logging_mixin.py:188} INFO - [2025-09-08T07:00:45.430+0000] {dag.py:3036} INFO - Sync 1 DAGs
[2025-09-08T07:00:45.450+0000] {logging_mixin.py:188} INFO - [2025-09-08T07:00:45.450+0000] {dag.py:3823} INFO - Setting next_dagrun for update_car_data to 2025-09-06 15:00:00+00:00, run_after=2025-09-07 15:00:00+00:00
[2025-09-08T07:00:45.464+0000] {processor.py:183} INFO - Processing /opt/airflow/dags/update_car_data_dag.py took 0.104 seconds
[2025-09-08T07:01:15.760+0000] {processor.py:161} INFO - Started process (PID=461) to work on /opt/airflow/dags/update_car_data_dag.py
[2025-09-08T07:01:15.763+0000] {processor.py:830} INFO - Processing file /opt/airflow/dags/update_car_data_dag.py for tasks to queue
[2025-09-08T07:01:15.764+0000] {logging_mixin.py:188} INFO - [2025-09-08T07:01:15.763+0000] {dagbag.py:538} INFO - Filling up the DagBag from /opt/airflow/dags/update_car_data_dag.py
[2025-09-08T07:01:15.783+0000] {processor.py:840} INFO - DAG(s) 'update_car_data' retrieved from /opt/airflow/dags/update_car_data_dag.py
[2025-09-08T07:01:15.842+0000] {logging_mixin.py:188} INFO - [2025-09-08T07:01:15.842+0000] {dag.py:3036} INFO - Sync 1 DAGs
[2025-09-08T07:01:15.868+0000] {logging_mixin.py:188} INFO - [2025-09-08T07:01:15.868+0000] {dag.py:3823} INFO - Setting next_dagrun for update_car_data to 2025-09-06 15:00:00+00:00, run_after=2025-09-07 15:00:00+00:00
[2025-09-08T07:01:15.882+0000] {processor.py:183} INFO - Processing /opt/airflow/dags/update_car_data_dag.py took 0.134 seconds
[2025-09-08T07:01:46.227+0000] {processor.py:161} INFO - Started process (PID=466) to work on /opt/airflow/dags/update_car_data_dag.py
[2025-09-08T07:01:46.230+0000] {processor.py:830} INFO - Processing file /opt/airflow/dags/update_car_data_dag.py for tasks to queue
[2025-09-08T07:01:46.231+0000] {logging_mixin.py:188} INFO - [2025-09-08T07:01:46.231+0000] {dagbag.py:538} INFO - Filling up the DagBag from /opt/airflow/dags/update_car_data_dag.py
[2025-09-08T07:01:46.252+0000] {processor.py:840} INFO - DAG(s) 'update_car_data' retrieved from /opt/airflow/dags/update_car_data_dag.py
[2025-09-08T07:01:46.303+0000] {logging_mixin.py:188} INFO - [2025-09-08T07:01:46.302+0000] {dag.py:3036} INFO - Sync 1 DAGs
[2025-09-08T07:01:46.385+0000] {logging_mixin.py:188} INFO - [2025-09-08T07:01:46.385+0000] {dag.py:3823} INFO - Setting next_dagrun for update_car_data to 2025-09-06 15:00:00+00:00, run_after=2025-09-07 15:00:00+00:00
[2025-09-08T07:01:46.520+0000] {processor.py:183} INFO - Processing /opt/airflow/dags/update_car_data_dag.py took 0.298 seconds
[2025-09-08T07:04:06.470+0000] {processor.py:161} INFO - Started process (PID=471) to work on /opt/airflow/dags/update_car_data_dag.py
[2025-09-08T07:04:06.479+0000] {processor.py:830} INFO - Processing file /opt/airflow/dags/update_car_data_dag.py for tasks to queue
[2025-09-08T07:04:06.482+0000] {logging_mixin.py:188} INFO - [2025-09-08T07:04:06.480+0000] {dagbag.py:538} INFO - Filling up the DagBag from /opt/airflow/dags/update_car_data_dag.py
[2025-09-08T07:04:06.545+0000] {processor.py:840} INFO - DAG(s) 'update_car_data' retrieved from /opt/airflow/dags/update_car_data_dag.py
[2025-09-08T07:04:06.717+0000] {logging_mixin.py:188} INFO - [2025-09-08T07:04:06.713+0000] {dag.py:3036} INFO - Sync 1 DAGs
[2025-09-08T07:04:06.862+0000] {logging_mixin.py:188} INFO - [2025-09-08T07:04:06.861+0000] {dag.py:3823} INFO - Setting next_dagrun for update_car_data to 2025-09-06 15:00:00+00:00, run_after=2025-09-07 15:00:00+00:00
[2025-09-08T07:04:07.012+0000] {processor.py:183} INFO - Processing /opt/airflow/dags/update_car_data_dag.py took 0.557 seconds
[2025-09-08T07:04:37.396+0000] {processor.py:161} INFO - Started process (PID=478) to work on /opt/airflow/dags/update_car_data_dag.py
[2025-09-08T07:04:37.398+0000] {processor.py:830} INFO - Processing file /opt/airflow/dags/update_car_data_dag.py for tasks to queue
[2025-09-08T07:04:37.400+0000] {logging_mixin.py:188} INFO - [2025-09-08T07:04:37.400+0000] {dagbag.py:538} INFO - Filling up the DagBag from /opt/airflow/dags/update_car_data_dag.py
[2025-09-08T07:04:37.444+0000] {processor.py:840} INFO - DAG(s) 'update_car_data' retrieved from /opt/airflow/dags/update_car_data_dag.py
[2025-09-08T07:04:37.509+0000] {logging_mixin.py:188} INFO - [2025-09-08T07:04:37.509+0000] {dag.py:3036} INFO - Sync 1 DAGs
[2025-09-08T07:04:37.540+0000] {logging_mixin.py:188} INFO - [2025-09-08T07:04:37.540+0000] {dag.py:3823} INFO - Setting next_dagrun for update_car_data to 2025-09-06 15:00:00+00:00, run_after=2025-09-07 15:00:00+00:00
[2025-09-08T07:04:37.638+0000] {processor.py:183} INFO - Processing /opt/airflow/dags/update_car_data_dag.py took 0.248 seconds
[2025-09-08T07:05:07.870+0000] {processor.py:161} INFO - Started process (PID=483) to work on /opt/airflow/dags/update_car_data_dag.py
[2025-09-08T07:05:07.872+0000] {processor.py:830} INFO - Processing file /opt/airflow/dags/update_car_data_dag.py for tasks to queue
[2025-09-08T07:05:07.873+0000] {logging_mixin.py:188} INFO - [2025-09-08T07:05:07.873+0000] {dagbag.py:538} INFO - Filling up the DagBag from /opt/airflow/dags/update_car_data_dag.py
[2025-09-08T07:05:07.904+0000] {processor.py:840} INFO - DAG(s) 'update_car_data' retrieved from /opt/airflow/dags/update_car_data_dag.py
[2025-09-08T07:05:07.991+0000] {logging_mixin.py:188} INFO - [2025-09-08T07:05:07.991+0000] {dag.py:3036} INFO - Sync 1 DAGs
[2025-09-08T07:05:08.020+0000] {logging_mixin.py:188} INFO - [2025-09-08T07:05:08.020+0000] {dag.py:3823} INFO - Setting next_dagrun for update_car_data to 2025-09-06 15:00:00+00:00, run_after=2025-09-07 15:00:00+00:00
[2025-09-08T07:05:08.032+0000] {processor.py:183} INFO - Processing /opt/airflow/dags/update_car_data_dag.py took 0.169 seconds
[2025-09-08T07:05:38.455+0000] {processor.py:161} INFO - Started process (PID=488) to work on /opt/airflow/dags/update_car_data_dag.py
[2025-09-08T07:05:38.457+0000] {processor.py:830} INFO - Processing file /opt/airflow/dags/update_car_data_dag.py for tasks to queue
[2025-09-08T07:05:38.458+0000] {logging_mixin.py:188} INFO - [2025-09-08T07:05:38.457+0000] {dagbag.py:538} INFO - Filling up the DagBag from /opt/airflow/dags/update_car_data_dag.py
[2025-09-08T07:05:38.478+0000] {processor.py:840} INFO - DAG(s) 'update_car_data' retrieved from /opt/airflow/dags/update_car_data_dag.py
[2025-09-08T07:05:38.539+0000] {logging_mixin.py:188} INFO - [2025-09-08T07:05:38.539+0000] {dag.py:3036} INFO - Sync 1 DAGs
[2025-09-08T07:05:38.567+0000] {logging_mixin.py:188} INFO - [2025-09-08T07:05:38.567+0000] {dag.py:3823} INFO - Setting next_dagrun for update_car_data to 2025-09-06 15:00:00+00:00, run_after=2025-09-07 15:00:00+00:00
[2025-09-08T07:05:38.632+0000] {processor.py:183} INFO - Processing /opt/airflow/dags/update_car_data_dag.py took 0.182 seconds
[2025-09-08T07:06:08.943+0000] {processor.py:161} INFO - Started process (PID=493) to work on /opt/airflow/dags/update_car_data_dag.py
[2025-09-08T07:06:08.944+0000] {processor.py:830} INFO - Processing file /opt/airflow/dags/update_car_data_dag.py for tasks to queue
[2025-09-08T07:06:08.945+0000] {logging_mixin.py:188} INFO - [2025-09-08T07:06:08.945+0000] {dagbag.py:538} INFO - Filling up the DagBag from /opt/airflow/dags/update_car_data_dag.py
[2025-09-08T07:06:08.960+0000] {processor.py:840} INFO - DAG(s) 'update_car_data' retrieved from /opt/airflow/dags/update_car_data_dag.py
[2025-09-08T07:06:08.999+0000] {logging_mixin.py:188} INFO - [2025-09-08T07:06:08.998+0000] {dag.py:3036} INFO - Sync 1 DAGs
[2025-09-08T07:06:09.027+0000] {logging_mixin.py:188} INFO - [2025-09-08T07:06:09.027+0000] {dag.py:3823} INFO - Setting next_dagrun for update_car_data to 2025-09-06 15:00:00+00:00, run_after=2025-09-07 15:00:00+00:00
[2025-09-08T07:06:09.039+0000] {processor.py:183} INFO - Processing /opt/airflow/dags/update_car_data_dag.py took 0.101 seconds
[2025-09-08T07:06:39.470+0000] {processor.py:161} INFO - Started process (PID=498) to work on /opt/airflow/dags/update_car_data_dag.py
[2025-09-08T07:06:39.473+0000] {processor.py:830} INFO - Processing file /opt/airflow/dags/update_car_data_dag.py for tasks to queue
[2025-09-08T07:06:39.477+0000] {logging_mixin.py:188} INFO - [2025-09-08T07:06:39.475+0000] {dagbag.py:538} INFO - Filling up the DagBag from /opt/airflow/dags/update_car_data_dag.py
[2025-09-08T07:06:39.549+0000] {processor.py:840} INFO - DAG(s) 'update_car_data' retrieved from /opt/airflow/dags/update_car_data_dag.py
[2025-09-08T07:06:39.614+0000] {logging_mixin.py:188} INFO - [2025-09-08T07:06:39.613+0000] {dag.py:3036} INFO - Sync 1 DAGs
[2025-09-08T07:06:39.636+0000] {logging_mixin.py:188} INFO - [2025-09-08T07:06:39.636+0000] {dag.py:3823} INFO - Setting next_dagrun for update_car_data to 2025-09-06 15:00:00+00:00, run_after=2025-09-07 15:00:00+00:00
[2025-09-08T07:06:39.731+0000] {processor.py:183} INFO - Processing /opt/airflow/dags/update_car_data_dag.py took 0.270 seconds
[2025-09-08T07:07:09.891+0000] {processor.py:161} INFO - Started process (PID=503) to work on /opt/airflow/dags/update_car_data_dag.py
[2025-09-08T07:07:09.892+0000] {processor.py:830} INFO - Processing file /opt/airflow/dags/update_car_data_dag.py for tasks to queue
[2025-09-08T07:07:09.893+0000] {logging_mixin.py:188} INFO - [2025-09-08T07:07:09.893+0000] {dagbag.py:538} INFO - Filling up the DagBag from /opt/airflow/dags/update_car_data_dag.py
[2025-09-08T07:07:09.915+0000] {processor.py:840} INFO - DAG(s) 'update_car_data' retrieved from /opt/airflow/dags/update_car_data_dag.py
[2025-09-08T07:07:09.958+0000] {logging_mixin.py:188} INFO - [2025-09-08T07:07:09.958+0000] {dag.py:3036} INFO - Sync 1 DAGs
[2025-09-08T07:07:09.980+0000] {logging_mixin.py:188} INFO - [2025-09-08T07:07:09.980+0000] {dag.py:3823} INFO - Setting next_dagrun for update_car_data to 2025-09-06 15:00:00+00:00, run_after=2025-09-07 15:00:00+00:00
[2025-09-08T07:07:10.025+0000] {processor.py:183} INFO - Processing /opt/airflow/dags/update_car_data_dag.py took 0.141 seconds
[2025-09-08T07:07:40.550+0000] {processor.py:161} INFO - Started process (PID=508) to work on /opt/airflow/dags/update_car_data_dag.py
[2025-09-08T07:07:40.552+0000] {processor.py:830} INFO - Processing file /opt/airflow/dags/update_car_data_dag.py for tasks to queue
[2025-09-08T07:07:40.553+0000] {logging_mixin.py:188} INFO - [2025-09-08T07:07:40.553+0000] {dagbag.py:538} INFO - Filling up the DagBag from /opt/airflow/dags/update_car_data_dag.py
[2025-09-08T07:07:40.569+0000] {processor.py:840} INFO - DAG(s) 'update_car_data' retrieved from /opt/airflow/dags/update_car_data_dag.py
[2025-09-08T07:07:40.604+0000] {logging_mixin.py:188} INFO - [2025-09-08T07:07:40.604+0000] {dag.py:3036} INFO - Sync 1 DAGs
[2025-09-08T07:07:40.626+0000] {logging_mixin.py:188} INFO - [2025-09-08T07:07:40.626+0000] {dag.py:3823} INFO - Setting next_dagrun for update_car_data to 2025-09-06 15:00:00+00:00, run_after=2025-09-07 15:00:00+00:00
[2025-09-08T07:07:40.639+0000] {processor.py:183} INFO - Processing /opt/airflow/dags/update_car_data_dag.py took 0.094 seconds
[2025-09-08T07:08:10.921+0000] {processor.py:161} INFO - Started process (PID=513) to work on /opt/airflow/dags/update_car_data_dag.py
[2025-09-08T07:08:10.923+0000] {processor.py:830} INFO - Processing file /opt/airflow/dags/update_car_data_dag.py for tasks to queue
[2025-09-08T07:08:10.924+0000] {logging_mixin.py:188} INFO - [2025-09-08T07:08:10.924+0000] {dagbag.py:538} INFO - Filling up the DagBag from /opt/airflow/dags/update_car_data_dag.py
[2025-09-08T07:08:10.949+0000] {processor.py:840} INFO - DAG(s) 'update_car_data' retrieved from /opt/airflow/dags/update_car_data_dag.py
[2025-09-08T07:08:10.990+0000] {logging_mixin.py:188} INFO - [2025-09-08T07:08:10.990+0000] {dag.py:3036} INFO - Sync 1 DAGs
[2025-09-08T07:08:11.016+0000] {logging_mixin.py:188} INFO - [2025-09-08T07:08:11.016+0000] {dag.py:3823} INFO - Setting next_dagrun for update_car_data to 2025-09-06 15:00:00+00:00, run_after=2025-09-07 15:00:00+00:00
[2025-09-08T07:08:11.029+0000] {processor.py:183} INFO - Processing /opt/airflow/dags/update_car_data_dag.py took 0.113 seconds
[2025-09-08T07:08:41.398+0000] {processor.py:161} INFO - Started process (PID=518) to work on /opt/airflow/dags/update_car_data_dag.py
[2025-09-08T07:08:41.401+0000] {processor.py:830} INFO - Processing file /opt/airflow/dags/update_car_data_dag.py for tasks to queue
[2025-09-08T07:08:41.402+0000] {logging_mixin.py:188} INFO - [2025-09-08T07:08:41.402+0000] {dagbag.py:538} INFO - Filling up the DagBag from /opt/airflow/dags/update_car_data_dag.py
[2025-09-08T07:08:41.433+0000] {processor.py:840} INFO - DAG(s) 'update_car_data' retrieved from /opt/airflow/dags/update_car_data_dag.py
[2025-09-08T07:08:41.601+0000] {logging_mixin.py:188} INFO - [2025-09-08T07:08:41.600+0000] {dag.py:3036} INFO - Sync 1 DAGs
[2025-09-08T07:08:42.009+0000] {logging_mixin.py:188} INFO - [2025-09-08T07:08:42.008+0000] {dag.py:3823} INFO - Setting next_dagrun for update_car_data to 2025-09-06 15:00:00+00:00, run_after=2025-09-07 15:00:00+00:00
[2025-09-08T07:08:42.459+0000] {processor.py:183} INFO - Processing /opt/airflow/dags/update_car_data_dag.py took 1.075 seconds
[2025-09-08T07:09:12.875+0000] {processor.py:161} INFO - Started process (PID=523) to work on /opt/airflow/dags/update_car_data_dag.py
[2025-09-08T07:09:12.877+0000] {processor.py:830} INFO - Processing file /opt/airflow/dags/update_car_data_dag.py for tasks to queue
[2025-09-08T07:09:12.878+0000] {logging_mixin.py:188} INFO - [2025-09-08T07:09:12.877+0000] {dagbag.py:538} INFO - Filling up the DagBag from /opt/airflow/dags/update_car_data_dag.py
[2025-09-08T07:09:12.921+0000] {processor.py:840} INFO - DAG(s) 'update_car_data' retrieved from /opt/airflow/dags/update_car_data_dag.py
[2025-09-08T07:09:12.987+0000] {logging_mixin.py:188} INFO - [2025-09-08T07:09:12.987+0000] {dag.py:3036} INFO - Sync 1 DAGs
[2025-09-08T07:09:13.016+0000] {logging_mixin.py:188} INFO - [2025-09-08T07:09:13.016+0000] {dag.py:3823} INFO - Setting next_dagrun for update_car_data to 2025-09-06 15:00:00+00:00, run_after=2025-09-07 15:00:00+00:00
[2025-09-08T07:09:13.196+0000] {processor.py:183} INFO - Processing /opt/airflow/dags/update_car_data_dag.py took 0.330 seconds
[2025-09-08T07:09:43.273+0000] {processor.py:161} INFO - Started process (PID=528) to work on /opt/airflow/dags/update_car_data_dag.py
[2025-09-08T07:09:43.275+0000] {processor.py:830} INFO - Processing file /opt/airflow/dags/update_car_data_dag.py for tasks to queue
[2025-09-08T07:09:43.276+0000] {logging_mixin.py:188} INFO - [2025-09-08T07:09:43.276+0000] {dagbag.py:538} INFO - Filling up the DagBag from /opt/airflow/dags/update_car_data_dag.py
[2025-09-08T07:09:43.296+0000] {processor.py:840} INFO - DAG(s) 'update_car_data' retrieved from /opt/airflow/dags/update_car_data_dag.py
[2025-09-08T07:09:43.399+0000] {logging_mixin.py:188} INFO - [2025-09-08T07:09:43.399+0000] {dag.py:3036} INFO - Sync 1 DAGs
[2025-09-08T07:09:43.424+0000] {logging_mixin.py:188} INFO - [2025-09-08T07:09:43.424+0000] {dag.py:3823} INFO - Setting next_dagrun for update_car_data to 2025-09-06 15:00:00+00:00, run_after=2025-09-07 15:00:00+00:00
[2025-09-08T07:09:43.439+0000] {processor.py:183} INFO - Processing /opt/airflow/dags/update_car_data_dag.py took 0.178 seconds
[2025-09-08T07:10:13.923+0000] {processor.py:161} INFO - Started process (PID=533) to work on /opt/airflow/dags/update_car_data_dag.py
[2025-09-08T07:10:13.925+0000] {processor.py:830} INFO - Processing file /opt/airflow/dags/update_car_data_dag.py for tasks to queue
[2025-09-08T07:10:13.929+0000] {logging_mixin.py:188} INFO - [2025-09-08T07:10:13.928+0000] {dagbag.py:538} INFO - Filling up the DagBag from /opt/airflow/dags/update_car_data_dag.py
[2025-09-08T07:10:13.974+0000] {processor.py:840} INFO - DAG(s) 'update_car_data' retrieved from /opt/airflow/dags/update_car_data_dag.py
[2025-09-08T07:10:14.065+0000] {logging_mixin.py:188} INFO - [2025-09-08T07:10:14.065+0000] {dag.py:3036} INFO - Sync 1 DAGs
[2025-09-08T07:10:14.088+0000] {logging_mixin.py:188} INFO - [2025-09-08T07:10:14.087+0000] {dag.py:3823} INFO - Setting next_dagrun for update_car_data to 2025-09-06 15:00:00+00:00, run_after=2025-09-07 15:00:00+00:00
[2025-09-08T07:10:14.102+0000] {processor.py:183} INFO - Processing /opt/airflow/dags/update_car_data_dag.py took 0.184 seconds
[2025-09-08T07:10:44.289+0000] {processor.py:161} INFO - Started process (PID=538) to work on /opt/airflow/dags/update_car_data_dag.py
[2025-09-08T07:10:44.294+0000] {processor.py:830} INFO - Processing file /opt/airflow/dags/update_car_data_dag.py for tasks to queue
[2025-09-08T07:10:44.295+0000] {logging_mixin.py:188} INFO - [2025-09-08T07:10:44.295+0000] {dagbag.py:538} INFO - Filling up the DagBag from /opt/airflow/dags/update_car_data_dag.py
[2025-09-08T07:10:44.325+0000] {processor.py:840} INFO - DAG(s) 'update_car_data' retrieved from /opt/airflow/dags/update_car_data_dag.py
[2025-09-08T07:10:44.388+0000] {logging_mixin.py:188} INFO - [2025-09-08T07:10:44.387+0000] {dag.py:3036} INFO - Sync 1 DAGs
[2025-09-08T07:10:44.431+0000] {logging_mixin.py:188} INFO - [2025-09-08T07:10:44.431+0000] {dag.py:3823} INFO - Setting next_dagrun for update_car_data to 2025-09-06 15:00:00+00:00, run_after=2025-09-07 15:00:00+00:00
[2025-09-08T07:10:44.522+0000] {processor.py:183} INFO - Processing /opt/airflow/dags/update_car_data_dag.py took 0.237 seconds
[2025-09-08T07:11:14.680+0000] {processor.py:161} INFO - Started process (PID=543) to work on /opt/airflow/dags/update_car_data_dag.py
[2025-09-08T07:11:14.683+0000] {processor.py:830} INFO - Processing file /opt/airflow/dags/update_car_data_dag.py for tasks to queue
[2025-09-08T07:11:14.688+0000] {logging_mixin.py:188} INFO - [2025-09-08T07:11:14.685+0000] {dagbag.py:538} INFO - Filling up the DagBag from /opt/airflow/dags/update_car_data_dag.py
[2025-09-08T07:11:14.728+0000] {processor.py:840} INFO - DAG(s) 'update_car_data' retrieved from /opt/airflow/dags/update_car_data_dag.py
[2025-09-08T07:11:14.786+0000] {logging_mixin.py:188} INFO - [2025-09-08T07:11:14.786+0000] {dag.py:3036} INFO - Sync 1 DAGs
[2025-09-08T07:11:14.805+0000] {logging_mixin.py:188} INFO - [2025-09-08T07:11:14.805+0000] {dag.py:3823} INFO - Setting next_dagrun for update_car_data to 2025-09-06 15:00:00+00:00, run_after=2025-09-07 15:00:00+00:00
[2025-09-08T07:11:14.822+0000] {processor.py:183} INFO - Processing /opt/airflow/dags/update_car_data_dag.py took 0.153 seconds
[2025-09-08T07:11:45.626+0000] {processor.py:161} INFO - Started process (PID=548) to work on /opt/airflow/dags/update_car_data_dag.py
[2025-09-08T07:11:45.628+0000] {processor.py:830} INFO - Processing file /opt/airflow/dags/update_car_data_dag.py for tasks to queue
[2025-09-08T07:11:45.629+0000] {logging_mixin.py:188} INFO - [2025-09-08T07:11:45.628+0000] {dagbag.py:538} INFO - Filling up the DagBag from /opt/airflow/dags/update_car_data_dag.py
[2025-09-08T07:11:45.662+0000] {processor.py:840} INFO - DAG(s) 'update_car_data' retrieved from /opt/airflow/dags/update_car_data_dag.py
[2025-09-08T07:11:45.749+0000] {logging_mixin.py:188} INFO - [2025-09-08T07:11:45.749+0000] {dag.py:3036} INFO - Sync 1 DAGs
[2025-09-08T07:11:45.784+0000] {logging_mixin.py:188} INFO - [2025-09-08T07:11:45.784+0000] {dag.py:3823} INFO - Setting next_dagrun for update_car_data to 2025-09-06 15:00:00+00:00, run_after=2025-09-07 15:00:00+00:00
[2025-09-08T07:11:45.798+0000] {processor.py:183} INFO - Processing /opt/airflow/dags/update_car_data_dag.py took 0.180 seconds
[2025-09-08T07:12:16.171+0000] {processor.py:161} INFO - Started process (PID=553) to work on /opt/airflow/dags/update_car_data_dag.py
[2025-09-08T07:12:16.174+0000] {processor.py:830} INFO - Processing file /opt/airflow/dags/update_car_data_dag.py for tasks to queue
[2025-09-08T07:12:16.176+0000] {logging_mixin.py:188} INFO - [2025-09-08T07:12:16.175+0000] {dagbag.py:538} INFO - Filling up the DagBag from /opt/airflow/dags/update_car_data_dag.py
[2025-09-08T07:12:16.197+0000] {processor.py:840} INFO - DAG(s) 'update_car_data' retrieved from /opt/airflow/dags/update_car_data_dag.py
[2025-09-08T07:12:16.259+0000] {logging_mixin.py:188} INFO - [2025-09-08T07:12:16.257+0000] {dag.py:3036} INFO - Sync 1 DAGs
[2025-09-08T07:12:16.391+0000] {logging_mixin.py:188} INFO - [2025-09-08T07:12:16.391+0000] {dag.py:3823} INFO - Setting next_dagrun for update_car_data to 2025-09-06 15:00:00+00:00, run_after=2025-09-07 15:00:00+00:00
[2025-09-08T07:12:16.484+0000] {processor.py:183} INFO - Processing /opt/airflow/dags/update_car_data_dag.py took 0.320 seconds
[2025-09-08T07:12:46.558+0000] {processor.py:161} INFO - Started process (PID=558) to work on /opt/airflow/dags/update_car_data_dag.py
[2025-09-08T07:12:46.560+0000] {processor.py:830} INFO - Processing file /opt/airflow/dags/update_car_data_dag.py for tasks to queue
[2025-09-08T07:12:46.561+0000] {logging_mixin.py:188} INFO - [2025-09-08T07:12:46.561+0000] {dagbag.py:538} INFO - Filling up the DagBag from /opt/airflow/dags/update_car_data_dag.py
[2025-09-08T07:12:46.588+0000] {processor.py:840} INFO - DAG(s) 'update_car_data' retrieved from /opt/airflow/dags/update_car_data_dag.py
[2025-09-08T07:12:46.662+0000] {logging_mixin.py:188} INFO - [2025-09-08T07:12:46.661+0000] {dag.py:3036} INFO - Sync 1 DAGs
[2025-09-08T07:12:46.703+0000] {logging_mixin.py:188} INFO - [2025-09-08T07:12:46.702+0000] {dag.py:3823} INFO - Setting next_dagrun for update_car_data to 2025-09-06 15:00:00+00:00, run_after=2025-09-07 15:00:00+00:00
[2025-09-08T07:12:46.722+0000] {processor.py:183} INFO - Processing /opt/airflow/dags/update_car_data_dag.py took 0.172 seconds
[2025-09-08T07:13:17.046+0000] {processor.py:161} INFO - Started process (PID=563) to work on /opt/airflow/dags/update_car_data_dag.py
[2025-09-08T07:13:17.049+0000] {processor.py:830} INFO - Processing file /opt/airflow/dags/update_car_data_dag.py for tasks to queue
[2025-09-08T07:13:17.050+0000] {logging_mixin.py:188} INFO - [2025-09-08T07:13:17.050+0000] {dagbag.py:538} INFO - Filling up the DagBag from /opt/airflow/dags/update_car_data_dag.py
[2025-09-08T07:13:17.088+0000] {processor.py:840} INFO - DAG(s) 'update_car_data' retrieved from /opt/airflow/dags/update_car_data_dag.py
[2025-09-08T07:13:17.131+0000] {logging_mixin.py:188} INFO - [2025-09-08T07:13:17.131+0000] {dag.py:3036} INFO - Sync 1 DAGs
[2025-09-08T07:13:17.152+0000] {logging_mixin.py:188} INFO - [2025-09-08T07:13:17.152+0000] {dag.py:3823} INFO - Setting next_dagrun for update_car_data to 2025-09-06 15:00:00+00:00, run_after=2025-09-07 15:00:00+00:00
[2025-09-08T07:13:17.258+0000] {processor.py:183} INFO - Processing /opt/airflow/dags/update_car_data_dag.py took 0.222 seconds
[2025-09-08T07:13:47.321+0000] {processor.py:161} INFO - Started process (PID=568) to work on /opt/airflow/dags/update_car_data_dag.py
[2025-09-08T07:13:47.322+0000] {processor.py:830} INFO - Processing file /opt/airflow/dags/update_car_data_dag.py for tasks to queue
[2025-09-08T07:13:47.323+0000] {logging_mixin.py:188} INFO - [2025-09-08T07:13:47.323+0000] {dagbag.py:538} INFO - Filling up the DagBag from /opt/airflow/dags/update_car_data_dag.py
[2025-09-08T07:13:47.342+0000] {processor.py:840} INFO - DAG(s) 'update_car_data' retrieved from /opt/airflow/dags/update_car_data_dag.py
[2025-09-08T07:13:47.386+0000] {logging_mixin.py:188} INFO - [2025-09-08T07:13:47.385+0000] {dag.py:3036} INFO - Sync 1 DAGs
[2025-09-08T07:13:47.407+0000] {logging_mixin.py:188} INFO - [2025-09-08T07:13:47.407+0000] {dag.py:3823} INFO - Setting next_dagrun for update_car_data to 2025-09-06 15:00:00+00:00, run_after=2025-09-07 15:00:00+00:00
[2025-09-08T07:13:47.425+0000] {processor.py:183} INFO - Processing /opt/airflow/dags/update_car_data_dag.py took 0.109 seconds
[2025-09-08T07:14:17.933+0000] {processor.py:161} INFO - Started process (PID=573) to work on /opt/airflow/dags/update_car_data_dag.py
[2025-09-08T07:14:17.934+0000] {processor.py:830} INFO - Processing file /opt/airflow/dags/update_car_data_dag.py for tasks to queue
[2025-09-08T07:14:17.935+0000] {logging_mixin.py:188} INFO - [2025-09-08T07:14:17.935+0000] {dagbag.py:538} INFO - Filling up the DagBag from /opt/airflow/dags/update_car_data_dag.py
[2025-09-08T07:14:17.961+0000] {processor.py:840} INFO - DAG(s) 'update_car_data' retrieved from /opt/airflow/dags/update_car_data_dag.py
[2025-09-08T07:14:18.006+0000] {logging_mixin.py:188} INFO - [2025-09-08T07:14:18.006+0000] {dag.py:3036} INFO - Sync 1 DAGs
[2025-09-08T07:14:18.027+0000] {logging_mixin.py:188} INFO - [2025-09-08T07:14:18.027+0000] {dag.py:3823} INFO - Setting next_dagrun for update_car_data to 2025-09-06 15:00:00+00:00, run_after=2025-09-07 15:00:00+00:00
[2025-09-08T07:14:18.038+0000] {processor.py:183} INFO - Processing /opt/airflow/dags/update_car_data_dag.py took 0.112 seconds
[2025-09-08T07:14:48.410+0000] {processor.py:161} INFO - Started process (PID=578) to work on /opt/airflow/dags/update_car_data_dag.py
[2025-09-08T07:14:48.414+0000] {processor.py:830} INFO - Processing file /opt/airflow/dags/update_car_data_dag.py for tasks to queue
[2025-09-08T07:14:48.420+0000] {logging_mixin.py:188} INFO - [2025-09-08T07:14:48.416+0000] {dagbag.py:538} INFO - Filling up the DagBag from /opt/airflow/dags/update_car_data_dag.py
[2025-09-08T07:14:48.453+0000] {processor.py:840} INFO - DAG(s) 'update_car_data' retrieved from /opt/airflow/dags/update_car_data_dag.py
[2025-09-08T07:14:48.495+0000] {logging_mixin.py:188} INFO - [2025-09-08T07:14:48.495+0000] {dag.py:3036} INFO - Sync 1 DAGs
[2025-09-08T07:14:48.514+0000] {logging_mixin.py:188} INFO - [2025-09-08T07:14:48.514+0000] {dag.py:3823} INFO - Setting next_dagrun for update_car_data to 2025-09-06 15:00:00+00:00, run_after=2025-09-07 15:00:00+00:00
[2025-09-08T07:14:48.531+0000] {processor.py:183} INFO - Processing /opt/airflow/dags/update_car_data_dag.py took 0.130 seconds
[2025-09-08T07:15:19.056+0000] {processor.py:161} INFO - Started process (PID=583) to work on /opt/airflow/dags/update_car_data_dag.py
[2025-09-08T07:15:19.059+0000] {processor.py:830} INFO - Processing file /opt/airflow/dags/update_car_data_dag.py for tasks to queue
[2025-09-08T07:15:19.061+0000] {logging_mixin.py:188} INFO - [2025-09-08T07:15:19.060+0000] {dagbag.py:538} INFO - Filling up the DagBag from /opt/airflow/dags/update_car_data_dag.py
[2025-09-08T07:15:19.088+0000] {processor.py:840} INFO - DAG(s) 'update_car_data' retrieved from /opt/airflow/dags/update_car_data_dag.py
[2025-09-08T07:15:19.135+0000] {logging_mixin.py:188} INFO - [2025-09-08T07:15:19.135+0000] {dag.py:3036} INFO - Sync 1 DAGs
[2025-09-08T07:15:19.154+0000] {logging_mixin.py:188} INFO - [2025-09-08T07:15:19.154+0000] {dag.py:3823} INFO - Setting next_dagrun for update_car_data to 2025-09-06 15:00:00+00:00, run_after=2025-09-07 15:00:00+00:00
[2025-09-08T07:15:19.164+0000] {processor.py:183} INFO - Processing /opt/airflow/dags/update_car_data_dag.py took 0.114 seconds
[2025-09-08T07:15:49.431+0000] {processor.py:161} INFO - Started process (PID=588) to work on /opt/airflow/dags/update_car_data_dag.py
[2025-09-08T07:15:49.434+0000] {processor.py:830} INFO - Processing file /opt/airflow/dags/update_car_data_dag.py for tasks to queue
[2025-09-08T07:15:49.435+0000] {logging_mixin.py:188} INFO - [2025-09-08T07:15:49.435+0000] {dagbag.py:538} INFO - Filling up the DagBag from /opt/airflow/dags/update_car_data_dag.py
[2025-09-08T07:15:49.468+0000] {processor.py:840} INFO - DAG(s) 'update_car_data' retrieved from /opt/airflow/dags/update_car_data_dag.py
[2025-09-08T07:15:49.611+0000] {logging_mixin.py:188} INFO - [2025-09-08T07:15:49.611+0000] {dag.py:3036} INFO - Sync 1 DAGs
[2025-09-08T07:15:49.662+0000] {logging_mixin.py:188} INFO - [2025-09-08T07:15:49.662+0000] {dag.py:3823} INFO - Setting next_dagrun for update_car_data to 2025-09-06 15:00:00+00:00, run_after=2025-09-07 15:00:00+00:00
[2025-09-08T07:15:49.718+0000] {processor.py:183} INFO - Processing /opt/airflow/dags/update_car_data_dag.py took 0.298 seconds
[2025-09-08T07:16:19.933+0000] {processor.py:161} INFO - Started process (PID=593) to work on /opt/airflow/dags/update_car_data_dag.py
[2025-09-08T07:16:19.935+0000] {processor.py:830} INFO - Processing file /opt/airflow/dags/update_car_data_dag.py for tasks to queue
[2025-09-08T07:16:19.935+0000] {logging_mixin.py:188} INFO - [2025-09-08T07:16:19.935+0000] {dagbag.py:538} INFO - Filling up the DagBag from /opt/airflow/dags/update_car_data_dag.py
[2025-09-08T07:16:19.953+0000] {processor.py:840} INFO - DAG(s) 'update_car_data' retrieved from /opt/airflow/dags/update_car_data_dag.py
[2025-09-08T07:16:20.001+0000] {logging_mixin.py:188} INFO - [2025-09-08T07:16:20.001+0000] {dag.py:3036} INFO - Sync 1 DAGs
[2025-09-08T07:16:20.023+0000] {logging_mixin.py:188} INFO - [2025-09-08T07:16:20.023+0000] {dag.py:3823} INFO - Setting next_dagrun for update_car_data to 2025-09-06 15:00:00+00:00, run_after=2025-09-07 15:00:00+00:00
[2025-09-08T07:16:20.035+0000] {processor.py:183} INFO - Processing /opt/airflow/dags/update_car_data_dag.py took 0.106 seconds
[2025-09-08T07:16:50.341+0000] {processor.py:161} INFO - Started process (PID=598) to work on /opt/airflow/dags/update_car_data_dag.py
[2025-09-08T07:16:50.343+0000] {processor.py:830} INFO - Processing file /opt/airflow/dags/update_car_data_dag.py for tasks to queue
[2025-09-08T07:16:50.346+0000] {logging_mixin.py:188} INFO - [2025-09-08T07:16:50.346+0000] {dagbag.py:538} INFO - Filling up the DagBag from /opt/airflow/dags/update_car_data_dag.py
[2025-09-08T07:16:50.365+0000] {processor.py:840} INFO - DAG(s) 'update_car_data' retrieved from /opt/airflow/dags/update_car_data_dag.py
[2025-09-08T07:16:50.401+0000] {logging_mixin.py:188} INFO - [2025-09-08T07:16:50.400+0000] {dag.py:3036} INFO - Sync 1 DAGs
[2025-09-08T07:16:50.424+0000] {logging_mixin.py:188} INFO - [2025-09-08T07:16:50.424+0000] {dag.py:3823} INFO - Setting next_dagrun for update_car_data to 2025-09-06 15:00:00+00:00, run_after=2025-09-07 15:00:00+00:00
[2025-09-08T07:16:50.438+0000] {processor.py:183} INFO - Processing /opt/airflow/dags/update_car_data_dag.py took 0.102 seconds
[2025-09-08T07:17:20.918+0000] {processor.py:161} INFO - Started process (PID=603) to work on /opt/airflow/dags/update_car_data_dag.py
[2025-09-08T07:17:20.920+0000] {processor.py:830} INFO - Processing file /opt/airflow/dags/update_car_data_dag.py for tasks to queue
[2025-09-08T07:17:20.921+0000] {logging_mixin.py:188} INFO - [2025-09-08T07:17:20.920+0000] {dagbag.py:538} INFO - Filling up the DagBag from /opt/airflow/dags/update_car_data_dag.py
[2025-09-08T07:17:20.943+0000] {processor.py:840} INFO - DAG(s) 'update_car_data' retrieved from /opt/airflow/dags/update_car_data_dag.py
[2025-09-08T07:17:20.975+0000] {logging_mixin.py:188} INFO - [2025-09-08T07:17:20.975+0000] {dag.py:3036} INFO - Sync 1 DAGs
[2025-09-08T07:17:20.993+0000] {logging_mixin.py:188} INFO - [2025-09-08T07:17:20.993+0000] {dag.py:3823} INFO - Setting next_dagrun for update_car_data to 2025-09-06 15:00:00+00:00, run_after=2025-09-07 15:00:00+00:00
[2025-09-08T07:17:21.004+0000] {processor.py:183} INFO - Processing /opt/airflow/dags/update_car_data_dag.py took 0.090 seconds
[2025-09-08T07:17:51.358+0000] {processor.py:161} INFO - Started process (PID=608) to work on /opt/airflow/dags/update_car_data_dag.py
[2025-09-08T07:17:51.361+0000] {processor.py:830} INFO - Processing file /opt/airflow/dags/update_car_data_dag.py for tasks to queue
[2025-09-08T07:17:51.364+0000] {logging_mixin.py:188} INFO - [2025-09-08T07:17:51.363+0000] {dagbag.py:538} INFO - Filling up the DagBag from /opt/airflow/dags/update_car_data_dag.py
[2025-09-08T07:17:51.386+0000] {processor.py:840} INFO - DAG(s) 'update_car_data' retrieved from /opt/airflow/dags/update_car_data_dag.py
[2025-09-08T07:17:51.429+0000] {logging_mixin.py:188} INFO - [2025-09-08T07:17:51.429+0000] {dag.py:3036} INFO - Sync 1 DAGs
[2025-09-08T07:17:51.473+0000] {logging_mixin.py:188} INFO - [2025-09-08T07:17:51.473+0000] {dag.py:3823} INFO - Setting next_dagrun for update_car_data to 2025-09-06 15:00:00+00:00, run_after=2025-09-07 15:00:00+00:00
[2025-09-08T07:17:51.508+0000] {processor.py:183} INFO - Processing /opt/airflow/dags/update_car_data_dag.py took 0.158 seconds
[2025-09-08T07:18:22.019+0000] {processor.py:161} INFO - Started process (PID=613) to work on /opt/airflow/dags/update_car_data_dag.py
[2025-09-08T07:18:22.022+0000] {processor.py:830} INFO - Processing file /opt/airflow/dags/update_car_data_dag.py for tasks to queue
[2025-09-08T07:18:22.024+0000] {logging_mixin.py:188} INFO - [2025-09-08T07:18:22.024+0000] {dagbag.py:538} INFO - Filling up the DagBag from /opt/airflow/dags/update_car_data_dag.py
[2025-09-08T07:18:22.060+0000] {processor.py:840} INFO - DAG(s) 'update_car_data' retrieved from /opt/airflow/dags/update_car_data_dag.py
[2025-09-08T07:18:22.105+0000] {logging_mixin.py:188} INFO - [2025-09-08T07:18:22.105+0000] {dag.py:3036} INFO - Sync 1 DAGs
[2025-09-08T07:18:22.129+0000] {logging_mixin.py:188} INFO - [2025-09-08T07:18:22.128+0000] {dag.py:3823} INFO - Setting next_dagrun for update_car_data to 2025-09-06 15:00:00+00:00, run_after=2025-09-07 15:00:00+00:00
[2025-09-08T07:18:22.144+0000] {processor.py:183} INFO - Processing /opt/airflow/dags/update_car_data_dag.py took 0.135 seconds
[2025-09-08T07:18:52.689+0000] {processor.py:161} INFO - Started process (PID=618) to work on /opt/airflow/dags/update_car_data_dag.py
[2025-09-08T07:18:52.690+0000] {processor.py:830} INFO - Processing file /opt/airflow/dags/update_car_data_dag.py for tasks to queue
[2025-09-08T07:18:52.693+0000] {logging_mixin.py:188} INFO - [2025-09-08T07:18:52.692+0000] {dagbag.py:538} INFO - Filling up the DagBag from /opt/airflow/dags/update_car_data_dag.py
[2025-09-08T07:18:52.717+0000] {processor.py:840} INFO - DAG(s) 'update_car_data' retrieved from /opt/airflow/dags/update_car_data_dag.py
[2025-09-08T07:18:52.759+0000] {logging_mixin.py:188} INFO - [2025-09-08T07:18:52.759+0000] {dag.py:3036} INFO - Sync 1 DAGs
[2025-09-08T07:18:52.796+0000] {logging_mixin.py:188} INFO - [2025-09-08T07:18:52.796+0000] {dag.py:3823} INFO - Setting next_dagrun for update_car_data to 2025-09-06 15:00:00+00:00, run_after=2025-09-07 15:00:00+00:00
[2025-09-08T07:18:52.809+0000] {processor.py:183} INFO - Processing /opt/airflow/dags/update_car_data_dag.py took 0.133 seconds
[2025-09-08T07:19:23.174+0000] {processor.py:161} INFO - Started process (PID=623) to work on /opt/airflow/dags/update_car_data_dag.py
[2025-09-08T07:19:23.177+0000] {processor.py:830} INFO - Processing file /opt/airflow/dags/update_car_data_dag.py for tasks to queue
[2025-09-08T07:19:23.178+0000] {logging_mixin.py:188} INFO - [2025-09-08T07:19:23.177+0000] {dagbag.py:538} INFO - Filling up the DagBag from /opt/airflow/dags/update_car_data_dag.py
[2025-09-08T07:19:23.198+0000] {processor.py:840} INFO - DAG(s) 'update_car_data' retrieved from /opt/airflow/dags/update_car_data_dag.py
[2025-09-08T07:19:23.241+0000] {logging_mixin.py:188} INFO - [2025-09-08T07:19:23.241+0000] {dag.py:3036} INFO - Sync 1 DAGs
[2025-09-08T07:19:23.266+0000] {logging_mixin.py:188} INFO - [2025-09-08T07:19:23.265+0000] {dag.py:3823} INFO - Setting next_dagrun for update_car_data to 2025-09-06 15:00:00+00:00, run_after=2025-09-07 15:00:00+00:00
[2025-09-08T07:19:23.291+0000] {processor.py:183} INFO - Processing /opt/airflow/dags/update_car_data_dag.py took 0.123 seconds
[2025-09-08T07:19:53.638+0000] {processor.py:161} INFO - Started process (PID=628) to work on /opt/airflow/dags/update_car_data_dag.py
[2025-09-08T07:19:53.640+0000] {processor.py:830} INFO - Processing file /opt/airflow/dags/update_car_data_dag.py for tasks to queue
[2025-09-08T07:19:53.641+0000] {logging_mixin.py:188} INFO - [2025-09-08T07:19:53.641+0000] {dagbag.py:538} INFO - Filling up the DagBag from /opt/airflow/dags/update_car_data_dag.py
[2025-09-08T07:19:53.663+0000] {processor.py:840} INFO - DAG(s) 'update_car_data' retrieved from /opt/airflow/dags/update_car_data_dag.py
[2025-09-08T07:19:53.713+0000] {logging_mixin.py:188} INFO - [2025-09-08T07:19:53.713+0000] {dag.py:3036} INFO - Sync 1 DAGs
[2025-09-08T07:19:53.760+0000] {logging_mixin.py:188} INFO - [2025-09-08T07:19:53.759+0000] {dag.py:3823} INFO - Setting next_dagrun for update_car_data to 2025-09-06 15:00:00+00:00, run_after=2025-09-07 15:00:00+00:00
[2025-09-08T07:19:53.780+0000] {processor.py:183} INFO - Processing /opt/airflow/dags/update_car_data_dag.py took 0.148 seconds
[2025-09-08T07:20:24.204+0000] {processor.py:161} INFO - Started process (PID=633) to work on /opt/airflow/dags/update_car_data_dag.py
[2025-09-08T07:20:24.206+0000] {processor.py:830} INFO - Processing file /opt/airflow/dags/update_car_data_dag.py for tasks to queue
[2025-09-08T07:20:24.207+0000] {logging_mixin.py:188} INFO - [2025-09-08T07:20:24.206+0000] {dagbag.py:538} INFO - Filling up the DagBag from /opt/airflow/dags/update_car_data_dag.py
[2025-09-08T07:20:24.236+0000] {processor.py:840} INFO - DAG(s) 'update_car_data' retrieved from /opt/airflow/dags/update_car_data_dag.py
[2025-09-08T07:20:24.368+0000] {logging_mixin.py:188} INFO - [2025-09-08T07:20:24.367+0000] {dag.py:3036} INFO - Sync 1 DAGs
[2025-09-08T07:20:24.427+0000] {logging_mixin.py:188} INFO - [2025-09-08T07:20:24.427+0000] {dag.py:3823} INFO - Setting next_dagrun for update_car_data to 2025-09-06 15:00:00+00:00, run_after=2025-09-07 15:00:00+00:00
[2025-09-08T07:20:24.533+0000] {processor.py:183} INFO - Processing /opt/airflow/dags/update_car_data_dag.py took 0.335 seconds
[2025-09-08T07:20:54.814+0000] {processor.py:161} INFO - Started process (PID=638) to work on /opt/airflow/dags/update_car_data_dag.py
[2025-09-08T07:20:54.818+0000] {processor.py:830} INFO - Processing file /opt/airflow/dags/update_car_data_dag.py for tasks to queue
[2025-09-08T07:20:54.820+0000] {logging_mixin.py:188} INFO - [2025-09-08T07:20:54.819+0000] {dagbag.py:538} INFO - Filling up the DagBag from /opt/airflow/dags/update_car_data_dag.py
[2025-09-08T07:20:54.859+0000] {processor.py:840} INFO - DAG(s) 'update_car_data' retrieved from /opt/airflow/dags/update_car_data_dag.py
[2025-09-08T07:20:54.956+0000] {logging_mixin.py:188} INFO - [2025-09-08T07:20:54.956+0000] {dag.py:3036} INFO - Sync 1 DAGs
[2025-09-08T07:20:54.993+0000] {logging_mixin.py:188} INFO - [2025-09-08T07:20:54.993+0000] {dag.py:3823} INFO - Setting next_dagrun for update_car_data to 2025-09-06 15:00:00+00:00, run_after=2025-09-07 15:00:00+00:00
[2025-09-08T07:20:55.011+0000] {processor.py:183} INFO - Processing /opt/airflow/dags/update_car_data_dag.py took 0.207 seconds
[2025-09-08T07:21:25.077+0000] {processor.py:161} INFO - Started process (PID=643) to work on /opt/airflow/dags/update_car_data_dag.py
[2025-09-08T07:21:25.080+0000] {processor.py:830} INFO - Processing file /opt/airflow/dags/update_car_data_dag.py for tasks to queue
[2025-09-08T07:21:25.081+0000] {logging_mixin.py:188} INFO - [2025-09-08T07:21:25.081+0000] {dagbag.py:538} INFO - Filling up the DagBag from /opt/airflow/dags/update_car_data_dag.py
[2025-09-08T07:21:25.099+0000] {processor.py:840} INFO - DAG(s) 'update_car_data' retrieved from /opt/airflow/dags/update_car_data_dag.py
[2025-09-08T07:21:25.135+0000] {logging_mixin.py:188} INFO - [2025-09-08T07:21:25.135+0000] {dag.py:3036} INFO - Sync 1 DAGs
[2025-09-08T07:21:25.154+0000] {logging_mixin.py:188} INFO - [2025-09-08T07:21:25.154+0000] {dag.py:3823} INFO - Setting next_dagrun for update_car_data to 2025-09-06 15:00:00+00:00, run_after=2025-09-07 15:00:00+00:00
[2025-09-08T07:21:25.165+0000] {processor.py:183} INFO - Processing /opt/airflow/dags/update_car_data_dag.py took 0.102 seconds
[2025-09-08T07:21:55.556+0000] {processor.py:161} INFO - Started process (PID=648) to work on /opt/airflow/dags/update_car_data_dag.py
[2025-09-08T07:21:55.560+0000] {processor.py:830} INFO - Processing file /opt/airflow/dags/update_car_data_dag.py for tasks to queue
[2025-09-08T07:21:55.562+0000] {logging_mixin.py:188} INFO - [2025-09-08T07:21:55.561+0000] {dagbag.py:538} INFO - Filling up the DagBag from /opt/airflow/dags/update_car_data_dag.py
[2025-09-08T07:21:55.607+0000] {processor.py:840} INFO - DAG(s) 'update_car_data' retrieved from /opt/airflow/dags/update_car_data_dag.py
[2025-09-08T07:21:55.672+0000] {logging_mixin.py:188} INFO - [2025-09-08T07:21:55.671+0000] {dag.py:3036} INFO - Sync 1 DAGs
[2025-09-08T07:21:55.705+0000] {logging_mixin.py:188} INFO - [2025-09-08T07:21:55.704+0000] {dag.py:3823} INFO - Setting next_dagrun for update_car_data to 2025-09-06 15:00:00+00:00, run_after=2025-09-07 15:00:00+00:00
[2025-09-08T07:21:55.725+0000] {processor.py:183} INFO - Processing /opt/airflow/dags/update_car_data_dag.py took 0.176 seconds
[2025-09-08T07:22:26.034+0000] {processor.py:161} INFO - Started process (PID=653) to work on /opt/airflow/dags/update_car_data_dag.py
[2025-09-08T07:22:26.036+0000] {processor.py:830} INFO - Processing file /opt/airflow/dags/update_car_data_dag.py for tasks to queue
[2025-09-08T07:22:26.038+0000] {logging_mixin.py:188} INFO - [2025-09-08T07:22:26.037+0000] {dagbag.py:538} INFO - Filling up the DagBag from /opt/airflow/dags/update_car_data_dag.py
[2025-09-08T07:22:26.057+0000] {processor.py:840} INFO - DAG(s) 'update_car_data' retrieved from /opt/airflow/dags/update_car_data_dag.py
[2025-09-08T07:22:26.093+0000] {logging_mixin.py:188} INFO - [2025-09-08T07:22:26.093+0000] {dag.py:3036} INFO - Sync 1 DAGs
[2025-09-08T07:22:26.120+0000] {logging_mixin.py:188} INFO - [2025-09-08T07:22:26.120+0000] {dag.py:3823} INFO - Setting next_dagrun for update_car_data to 2025-09-06 15:00:00+00:00, run_after=2025-09-07 15:00:00+00:00
[2025-09-08T07:22:26.209+0000] {processor.py:183} INFO - Processing /opt/airflow/dags/update_car_data_dag.py took 0.182 seconds
[2025-09-08T07:22:56.528+0000] {processor.py:161} INFO - Started process (PID=658) to work on /opt/airflow/dags/update_car_data_dag.py
[2025-09-08T07:22:56.532+0000] {processor.py:830} INFO - Processing file /opt/airflow/dags/update_car_data_dag.py for tasks to queue
[2025-09-08T07:22:56.534+0000] {logging_mixin.py:188} INFO - [2025-09-08T07:22:56.533+0000] {dagbag.py:538} INFO - Filling up the DagBag from /opt/airflow/dags/update_car_data_dag.py
[2025-09-08T07:22:56.575+0000] {processor.py:840} INFO - DAG(s) 'update_car_data' retrieved from /opt/airflow/dags/update_car_data_dag.py
[2025-09-08T07:22:56.625+0000] {logging_mixin.py:188} INFO - [2025-09-08T07:22:56.624+0000] {dag.py:3036} INFO - Sync 1 DAGs
[2025-09-08T07:22:56.648+0000] {logging_mixin.py:188} INFO - [2025-09-08T07:22:56.648+0000] {dag.py:3823} INFO - Setting next_dagrun for update_car_data to 2025-09-06 15:00:00+00:00, run_after=2025-09-07 15:00:00+00:00
[2025-09-08T07:22:56.662+0000] {processor.py:183} INFO - Processing /opt/airflow/dags/update_car_data_dag.py took 0.150 seconds
[2025-09-08T07:23:27.108+0000] {processor.py:161} INFO - Started process (PID=663) to work on /opt/airflow/dags/update_car_data_dag.py
[2025-09-08T07:23:27.110+0000] {processor.py:830} INFO - Processing file /opt/airflow/dags/update_car_data_dag.py for tasks to queue
[2025-09-08T07:23:27.111+0000] {logging_mixin.py:188} INFO - [2025-09-08T07:23:27.111+0000] {dagbag.py:538} INFO - Filling up the DagBag from /opt/airflow/dags/update_car_data_dag.py
[2025-09-08T07:23:27.140+0000] {processor.py:840} INFO - DAG(s) 'update_car_data' retrieved from /opt/airflow/dags/update_car_data_dag.py
[2025-09-08T07:23:27.281+0000] {logging_mixin.py:188} INFO - [2025-09-08T07:23:27.281+0000] {dag.py:3036} INFO - Sync 1 DAGs
[2025-09-08T07:23:27.310+0000] {logging_mixin.py:188} INFO - [2025-09-08T07:23:27.309+0000] {dag.py:3823} INFO - Setting next_dagrun for update_car_data to 2025-09-06 15:00:00+00:00, run_after=2025-09-07 15:00:00+00:00
[2025-09-08T07:23:27.345+0000] {processor.py:183} INFO - Processing /opt/airflow/dags/update_car_data_dag.py took 0.257 seconds
[2025-09-08T07:23:57.446+0000] {processor.py:161} INFO - Started process (PID=668) to work on /opt/airflow/dags/update_car_data_dag.py
[2025-09-08T07:23:57.448+0000] {processor.py:830} INFO - Processing file /opt/airflow/dags/update_car_data_dag.py for tasks to queue
[2025-09-08T07:23:57.449+0000] {logging_mixin.py:188} INFO - [2025-09-08T07:23:57.448+0000] {dagbag.py:538} INFO - Filling up the DagBag from /opt/airflow/dags/update_car_data_dag.py
[2025-09-08T07:23:57.474+0000] {processor.py:840} INFO - DAG(s) 'update_car_data' retrieved from /opt/airflow/dags/update_car_data_dag.py
[2025-09-08T07:23:57.527+0000] {logging_mixin.py:188} INFO - [2025-09-08T07:23:57.527+0000] {dag.py:3036} INFO - Sync 1 DAGs
[2025-09-08T07:23:57.560+0000] {logging_mixin.py:188} INFO - [2025-09-08T07:23:57.560+0000] {dag.py:3823} INFO - Setting next_dagrun for update_car_data to 2025-09-06 15:00:00+00:00, run_after=2025-09-07 15:00:00+00:00
[2025-09-08T07:23:57.575+0000] {processor.py:183} INFO - Processing /opt/airflow/dags/update_car_data_dag.py took 0.137 seconds
[2025-09-08T07:24:28.027+0000] {processor.py:161} INFO - Started process (PID=673) to work on /opt/airflow/dags/update_car_data_dag.py
[2025-09-08T07:24:28.029+0000] {processor.py:830} INFO - Processing file /opt/airflow/dags/update_car_data_dag.py for tasks to queue
[2025-09-08T07:24:28.030+0000] {logging_mixin.py:188} INFO - [2025-09-08T07:24:28.029+0000] {dagbag.py:538} INFO - Filling up the DagBag from /opt/airflow/dags/update_car_data_dag.py
[2025-09-08T07:24:28.048+0000] {processor.py:840} INFO - DAG(s) 'update_car_data' retrieved from /opt/airflow/dags/update_car_data_dag.py
[2025-09-08T07:24:28.084+0000] {logging_mixin.py:188} INFO - [2025-09-08T07:24:28.084+0000] {dag.py:3036} INFO - Sync 1 DAGs
[2025-09-08T07:24:28.124+0000] {logging_mixin.py:188} INFO - [2025-09-08T07:24:28.123+0000] {dag.py:3823} INFO - Setting next_dagrun for update_car_data to 2025-09-06 15:00:00+00:00, run_after=2025-09-07 15:00:00+00:00
[2025-09-08T07:24:28.141+0000] {processor.py:183} INFO - Processing /opt/airflow/dags/update_car_data_dag.py took 0.119 seconds
[2025-09-08T07:24:58.348+0000] {processor.py:161} INFO - Started process (PID=678) to work on /opt/airflow/dags/update_car_data_dag.py
[2025-09-08T07:24:58.351+0000] {processor.py:830} INFO - Processing file /opt/airflow/dags/update_car_data_dag.py for tasks to queue
[2025-09-08T07:24:58.352+0000] {logging_mixin.py:188} INFO - [2025-09-08T07:24:58.351+0000] {dagbag.py:538} INFO - Filling up the DagBag from /opt/airflow/dags/update_car_data_dag.py
[2025-09-08T07:24:58.376+0000] {processor.py:840} INFO - DAG(s) 'update_car_data' retrieved from /opt/airflow/dags/update_car_data_dag.py
[2025-09-08T07:24:58.422+0000] {logging_mixin.py:188} INFO - [2025-09-08T07:24:58.422+0000] {dag.py:3036} INFO - Sync 1 DAGs
[2025-09-08T07:24:58.438+0000] {logging_mixin.py:188} INFO - [2025-09-08T07:24:58.438+0000] {dag.py:3823} INFO - Setting next_dagrun for update_car_data to 2025-09-06 15:00:00+00:00, run_after=2025-09-07 15:00:00+00:00
[2025-09-08T07:24:58.454+0000] {processor.py:183} INFO - Processing /opt/airflow/dags/update_car_data_dag.py took 0.110 seconds
[2025-09-08T07:25:28.776+0000] {processor.py:161} INFO - Started process (PID=683) to work on /opt/airflow/dags/update_car_data_dag.py
[2025-09-08T07:25:28.781+0000] {processor.py:830} INFO - Processing file /opt/airflow/dags/update_car_data_dag.py for tasks to queue
[2025-09-08T07:25:28.782+0000] {logging_mixin.py:188} INFO - [2025-09-08T07:25:28.781+0000] {dagbag.py:538} INFO - Filling up the DagBag from /opt/airflow/dags/update_car_data_dag.py
[2025-09-08T07:25:28.805+0000] {processor.py:840} INFO - DAG(s) 'update_car_data' retrieved from /opt/airflow/dags/update_car_data_dag.py
[2025-09-08T07:25:28.871+0000] {logging_mixin.py:188} INFO - [2025-09-08T07:25:28.871+0000] {dag.py:3036} INFO - Sync 1 DAGs
[2025-09-08T07:25:28.902+0000] {logging_mixin.py:188} INFO - [2025-09-08T07:25:28.902+0000] {dag.py:3823} INFO - Setting next_dagrun for update_car_data to 2025-09-06 15:00:00+00:00, run_after=2025-09-07 15:00:00+00:00
[2025-09-08T07:25:28.919+0000] {processor.py:183} INFO - Processing /opt/airflow/dags/update_car_data_dag.py took 0.155 seconds
[2025-09-08T07:25:59.314+0000] {processor.py:161} INFO - Started process (PID=688) to work on /opt/airflow/dags/update_car_data_dag.py
[2025-09-08T07:25:59.315+0000] {processor.py:830} INFO - Processing file /opt/airflow/dags/update_car_data_dag.py for tasks to queue
[2025-09-08T07:25:59.316+0000] {logging_mixin.py:188} INFO - [2025-09-08T07:25:59.316+0000] {dagbag.py:538} INFO - Filling up the DagBag from /opt/airflow/dags/update_car_data_dag.py
[2025-09-08T07:25:59.337+0000] {processor.py:840} INFO - DAG(s) 'update_car_data' retrieved from /opt/airflow/dags/update_car_data_dag.py
[2025-09-08T07:25:59.396+0000] {logging_mixin.py:188} INFO - [2025-09-08T07:25:59.396+0000] {dag.py:3036} INFO - Sync 1 DAGs
[2025-09-08T07:25:59.474+0000] {logging_mixin.py:188} INFO - [2025-09-08T07:25:59.474+0000] {dag.py:3823} INFO - Setting next_dagrun for update_car_data to 2025-09-06 15:00:00+00:00, run_after=2025-09-07 15:00:00+00:00
[2025-09-08T07:25:59.594+0000] {processor.py:183} INFO - Processing /opt/airflow/dags/update_car_data_dag.py took 0.289 seconds
[2025-09-08T07:26:29.880+0000] {processor.py:161} INFO - Started process (PID=693) to work on /opt/airflow/dags/update_car_data_dag.py
[2025-09-08T07:26:29.883+0000] {processor.py:830} INFO - Processing file /opt/airflow/dags/update_car_data_dag.py for tasks to queue
[2025-09-08T07:26:29.884+0000] {logging_mixin.py:188} INFO - [2025-09-08T07:26:29.883+0000] {dagbag.py:538} INFO - Filling up the DagBag from /opt/airflow/dags/update_car_data_dag.py
[2025-09-08T07:26:29.921+0000] {processor.py:840} INFO - DAG(s) 'update_car_data' retrieved from /opt/airflow/dags/update_car_data_dag.py
[2025-09-08T07:26:29.989+0000] {logging_mixin.py:188} INFO - [2025-09-08T07:26:29.989+0000] {dag.py:3036} INFO - Sync 1 DAGs
[2025-09-08T07:26:30.006+0000] {logging_mixin.py:188} INFO - [2025-09-08T07:26:30.006+0000] {dag.py:3823} INFO - Setting next_dagrun for update_car_data to 2025-09-06 15:00:00+00:00, run_after=2025-09-07 15:00:00+00:00
[2025-09-08T07:26:30.019+0000] {processor.py:183} INFO - Processing /opt/airflow/dags/update_car_data_dag.py took 0.146 seconds
[2025-09-08T07:27:00.250+0000] {processor.py:161} INFO - Started process (PID=698) to work on /opt/airflow/dags/update_car_data_dag.py
[2025-09-08T07:27:00.252+0000] {processor.py:830} INFO - Processing file /opt/airflow/dags/update_car_data_dag.py for tasks to queue
[2025-09-08T07:27:00.253+0000] {logging_mixin.py:188} INFO - [2025-09-08T07:27:00.253+0000] {dagbag.py:538} INFO - Filling up the DagBag from /opt/airflow/dags/update_car_data_dag.py
[2025-09-08T07:27:00.273+0000] {processor.py:840} INFO - DAG(s) 'update_car_data' retrieved from /opt/airflow/dags/update_car_data_dag.py
[2025-09-08T07:27:00.321+0000] {logging_mixin.py:188} INFO - [2025-09-08T07:27:00.320+0000] {dag.py:3036} INFO - Sync 1 DAGs
[2025-09-08T07:27:00.341+0000] {logging_mixin.py:188} INFO - [2025-09-08T07:27:00.341+0000] {dag.py:3823} INFO - Setting next_dagrun for update_car_data to 2025-09-06 15:00:00+00:00, run_after=2025-09-07 15:00:00+00:00
[2025-09-08T07:27:00.399+0000] {processor.py:183} INFO - Processing /opt/airflow/dags/update_car_data_dag.py took 0.158 seconds
[2025-09-08T07:27:30.561+0000] {processor.py:161} INFO - Started process (PID=703) to work on /opt/airflow/dags/update_car_data_dag.py
[2025-09-08T07:27:30.562+0000] {processor.py:830} INFO - Processing file /opt/airflow/dags/update_car_data_dag.py for tasks to queue
[2025-09-08T07:27:30.564+0000] {logging_mixin.py:188} INFO - [2025-09-08T07:27:30.563+0000] {dagbag.py:538} INFO - Filling up the DagBag from /opt/airflow/dags/update_car_data_dag.py
[2025-09-08T07:27:30.581+0000] {processor.py:840} INFO - DAG(s) 'update_car_data' retrieved from /opt/airflow/dags/update_car_data_dag.py
[2025-09-08T07:27:30.622+0000] {logging_mixin.py:188} INFO - [2025-09-08T07:27:30.622+0000] {dag.py:3036} INFO - Sync 1 DAGs
[2025-09-08T07:27:30.647+0000] {logging_mixin.py:188} INFO - [2025-09-08T07:27:30.647+0000] {dag.py:3823} INFO - Setting next_dagrun for update_car_data to 2025-09-06 15:00:00+00:00, run_after=2025-09-07 15:00:00+00:00
[2025-09-08T07:27:30.668+0000] {processor.py:183} INFO - Processing /opt/airflow/dags/update_car_data_dag.py took 0.115 seconds
[2025-09-08T07:28:01.104+0000] {processor.py:161} INFO - Started process (PID=708) to work on /opt/airflow/dags/update_car_data_dag.py
[2025-09-08T07:28:01.106+0000] {processor.py:830} INFO - Processing file /opt/airflow/dags/update_car_data_dag.py for tasks to queue
[2025-09-08T07:28:01.107+0000] {logging_mixin.py:188} INFO - [2025-09-08T07:28:01.107+0000] {dagbag.py:538} INFO - Filling up the DagBag from /opt/airflow/dags/update_car_data_dag.py
[2025-09-08T07:28:01.136+0000] {processor.py:840} INFO - DAG(s) 'update_car_data' retrieved from /opt/airflow/dags/update_car_data_dag.py
[2025-09-08T07:28:01.179+0000] {logging_mixin.py:188} INFO - [2025-09-08T07:28:01.179+0000] {dag.py:3036} INFO - Sync 1 DAGs
[2025-09-08T07:28:01.206+0000] {logging_mixin.py:188} INFO - [2025-09-08T07:28:01.206+0000] {dag.py:3823} INFO - Setting next_dagrun for update_car_data to 2025-09-06 15:00:00+00:00, run_after=2025-09-07 15:00:00+00:00
[2025-09-08T07:28:01.252+0000] {processor.py:183} INFO - Processing /opt/airflow/dags/update_car_data_dag.py took 0.156 seconds
[2025-09-08T07:28:31.519+0000] {processor.py:161} INFO - Started process (PID=713) to work on /opt/airflow/dags/update_car_data_dag.py
[2025-09-08T07:28:31.521+0000] {processor.py:830} INFO - Processing file /opt/airflow/dags/update_car_data_dag.py for tasks to queue
[2025-09-08T07:28:31.522+0000] {logging_mixin.py:188} INFO - [2025-09-08T07:28:31.521+0000] {dagbag.py:538} INFO - Filling up the DagBag from /opt/airflow/dags/update_car_data_dag.py
[2025-09-08T07:28:31.542+0000] {processor.py:840} INFO - DAG(s) 'update_car_data' retrieved from /opt/airflow/dags/update_car_data_dag.py
[2025-09-08T07:28:31.579+0000] {logging_mixin.py:188} INFO - [2025-09-08T07:28:31.579+0000] {dag.py:3036} INFO - Sync 1 DAGs
[2025-09-08T07:28:31.633+0000] {logging_mixin.py:188} INFO - [2025-09-08T07:28:31.632+0000] {dag.py:3823} INFO - Setting next_dagrun for update_car_data to 2025-09-06 15:00:00+00:00, run_after=2025-09-07 15:00:00+00:00
[2025-09-08T07:28:31.797+0000] {processor.py:183} INFO - Processing /opt/airflow/dags/update_car_data_dag.py took 0.284 seconds
[2025-09-08T07:29:01.879+0000] {processor.py:161} INFO - Started process (PID=718) to work on /opt/airflow/dags/update_car_data_dag.py
[2025-09-08T07:29:01.881+0000] {processor.py:830} INFO - Processing file /opt/airflow/dags/update_car_data_dag.py for tasks to queue
[2025-09-08T07:29:01.882+0000] {logging_mixin.py:188} INFO - [2025-09-08T07:29:01.881+0000] {dagbag.py:538} INFO - Filling up the DagBag from /opt/airflow/dags/update_car_data_dag.py
[2025-09-08T07:29:01.903+0000] {processor.py:840} INFO - DAG(s) 'update_car_data' retrieved from /opt/airflow/dags/update_car_data_dag.py
[2025-09-08T07:29:01.946+0000] {logging_mixin.py:188} INFO - [2025-09-08T07:29:01.946+0000] {dag.py:3036} INFO - Sync 1 DAGs
[2025-09-08T07:29:01.966+0000] {logging_mixin.py:188} INFO - [2025-09-08T07:29:01.966+0000] {dag.py:3823} INFO - Setting next_dagrun for update_car_data to 2025-09-06 15:00:00+00:00, run_after=2025-09-07 15:00:00+00:00
[2025-09-08T07:29:01.983+0000] {processor.py:183} INFO - Processing /opt/airflow/dags/update_car_data_dag.py took 0.109 seconds
[2025-09-08T07:29:32.482+0000] {processor.py:161} INFO - Started process (PID=723) to work on /opt/airflow/dags/update_car_data_dag.py
[2025-09-08T07:29:32.484+0000] {processor.py:830} INFO - Processing file /opt/airflow/dags/update_car_data_dag.py for tasks to queue
[2025-09-08T07:29:32.484+0000] {logging_mixin.py:188} INFO - [2025-09-08T07:29:32.484+0000] {dagbag.py:538} INFO - Filling up the DagBag from /opt/airflow/dags/update_car_data_dag.py
[2025-09-08T07:29:32.505+0000] {processor.py:840} INFO - DAG(s) 'update_car_data' retrieved from /opt/airflow/dags/update_car_data_dag.py
[2025-09-08T07:29:32.541+0000] {logging_mixin.py:188} INFO - [2025-09-08T07:29:32.540+0000] {dag.py:3036} INFO - Sync 1 DAGs
[2025-09-08T07:29:32.562+0000] {logging_mixin.py:188} INFO - [2025-09-08T07:29:32.562+0000] {dag.py:3823} INFO - Setting next_dagrun for update_car_data to 2025-09-06 15:00:00+00:00, run_after=2025-09-07 15:00:00+00:00
[2025-09-08T07:29:32.575+0000] {processor.py:183} INFO - Processing /opt/airflow/dags/update_car_data_dag.py took 0.100 seconds
[2025-09-08T07:30:02.989+0000] {processor.py:161} INFO - Started process (PID=728) to work on /opt/airflow/dags/update_car_data_dag.py
[2025-09-08T07:30:02.990+0000] {processor.py:830} INFO - Processing file /opt/airflow/dags/update_car_data_dag.py for tasks to queue
[2025-09-08T07:30:02.991+0000] {logging_mixin.py:188} INFO - [2025-09-08T07:30:02.991+0000] {dagbag.py:538} INFO - Filling up the DagBag from /opt/airflow/dags/update_car_data_dag.py
[2025-09-08T07:30:03.012+0000] {processor.py:840} INFO - DAG(s) 'update_car_data' retrieved from /opt/airflow/dags/update_car_data_dag.py
[2025-09-08T07:30:03.055+0000] {logging_mixin.py:188} INFO - [2025-09-08T07:30:03.055+0000] {dag.py:3036} INFO - Sync 1 DAGs
[2025-09-08T07:30:03.077+0000] {logging_mixin.py:188} INFO - [2025-09-08T07:30:03.077+0000] {dag.py:3823} INFO - Setting next_dagrun for update_car_data to 2025-09-06 15:00:00+00:00, run_after=2025-09-07 15:00:00+00:00
[2025-09-08T07:30:03.086+0000] {processor.py:183} INFO - Processing /opt/airflow/dags/update_car_data_dag.py took 0.102 seconds
[2025-09-08T07:30:33.539+0000] {processor.py:161} INFO - Started process (PID=733) to work on /opt/airflow/dags/update_car_data_dag.py
[2025-09-08T07:30:33.545+0000] {processor.py:830} INFO - Processing file /opt/airflow/dags/update_car_data_dag.py for tasks to queue
[2025-09-08T07:30:33.547+0000] {logging_mixin.py:188} INFO - [2025-09-08T07:30:33.547+0000] {dagbag.py:538} INFO - Filling up the DagBag from /opt/airflow/dags/update_car_data_dag.py
[2025-09-08T07:30:33.564+0000] {processor.py:840} INFO - DAG(s) 'update_car_data' retrieved from /opt/airflow/dags/update_car_data_dag.py
[2025-09-08T07:30:33.595+0000] {logging_mixin.py:188} INFO - [2025-09-08T07:30:33.595+0000] {dag.py:3036} INFO - Sync 1 DAGs
[2025-09-08T07:30:33.611+0000] {logging_mixin.py:188} INFO - [2025-09-08T07:30:33.611+0000] {dag.py:3823} INFO - Setting next_dagrun for update_car_data to 2025-09-06 15:00:00+00:00, run_after=2025-09-07 15:00:00+00:00
[2025-09-08T07:30:33.622+0000] {processor.py:183} INFO - Processing /opt/airflow/dags/update_car_data_dag.py took 0.088 seconds
[2025-09-08T07:31:03.969+0000] {processor.py:161} INFO - Started process (PID=738) to work on /opt/airflow/dags/update_car_data_dag.py
[2025-09-08T07:31:03.973+0000] {processor.py:830} INFO - Processing file /opt/airflow/dags/update_car_data_dag.py for tasks to queue
[2025-09-08T07:31:03.975+0000] {logging_mixin.py:188} INFO - [2025-09-08T07:31:03.974+0000] {dagbag.py:538} INFO - Filling up the DagBag from /opt/airflow/dags/update_car_data_dag.py
[2025-09-08T07:31:03.993+0000] {processor.py:840} INFO - DAG(s) 'update_car_data' retrieved from /opt/airflow/dags/update_car_data_dag.py
[2025-09-08T07:31:04.032+0000] {logging_mixin.py:188} INFO - [2025-09-08T07:31:04.032+0000] {dag.py:3036} INFO - Sync 1 DAGs
[2025-09-08T07:31:04.055+0000] {logging_mixin.py:188} INFO - [2025-09-08T07:31:04.055+0000] {dag.py:3823} INFO - Setting next_dagrun for update_car_data to 2025-09-06 15:00:00+00:00, run_after=2025-09-07 15:00:00+00:00
[2025-09-08T07:31:04.068+0000] {processor.py:183} INFO - Processing /opt/airflow/dags/update_car_data_dag.py took 0.105 seconds
[2025-09-08T07:31:35.088+0000] {processor.py:161} INFO - Started process (PID=743) to work on /opt/airflow/dags/update_car_data_dag.py
[2025-09-08T07:31:35.090+0000] {processor.py:830} INFO - Processing file /opt/airflow/dags/update_car_data_dag.py for tasks to queue
[2025-09-08T07:31:35.091+0000] {logging_mixin.py:188} INFO - [2025-09-08T07:31:35.090+0000] {dagbag.py:538} INFO - Filling up the DagBag from /opt/airflow/dags/update_car_data_dag.py
[2025-09-08T07:31:35.112+0000] {processor.py:840} INFO - DAG(s) 'update_car_data' retrieved from /opt/airflow/dags/update_car_data_dag.py
[2025-09-08T07:31:35.146+0000] {logging_mixin.py:188} INFO - [2025-09-08T07:31:35.146+0000] {dag.py:3036} INFO - Sync 1 DAGs
[2025-09-08T07:31:35.169+0000] {logging_mixin.py:188} INFO - [2025-09-08T07:31:35.169+0000] {dag.py:3823} INFO - Setting next_dagrun for update_car_data to 2025-09-06 15:00:00+00:00, run_after=2025-09-07 15:00:00+00:00
[2025-09-08T07:31:35.182+0000] {processor.py:183} INFO - Processing /opt/airflow/dags/update_car_data_dag.py took 0.100 seconds
[2025-09-08T07:37:35.007+0000] {processor.py:161} INFO - Started process (PID=748) to work on /opt/airflow/dags/update_car_data_dag.py
[2025-09-08T07:37:35.008+0000] {processor.py:830} INFO - Processing file /opt/airflow/dags/update_car_data_dag.py for tasks to queue
[2025-09-08T07:37:35.009+0000] {logging_mixin.py:188} INFO - [2025-09-08T07:37:35.008+0000] {dagbag.py:538} INFO - Filling up the DagBag from /opt/airflow/dags/update_car_data_dag.py
[2025-09-08T07:37:35.031+0000] {processor.py:840} INFO - DAG(s) 'update_car_data' retrieved from /opt/airflow/dags/update_car_data_dag.py
[2025-09-08T07:37:35.089+0000] {logging_mixin.py:188} INFO - [2025-09-08T07:37:35.088+0000] {dag.py:3036} INFO - Sync 1 DAGs
[2025-09-08T07:37:35.108+0000] {logging_mixin.py:188} INFO - [2025-09-08T07:37:35.107+0000] {dag.py:3823} INFO - Setting next_dagrun for update_car_data to 2025-09-06 15:00:00+00:00, run_after=2025-09-07 15:00:00+00:00
[2025-09-08T07:37:35.117+0000] {processor.py:183} INFO - Processing /opt/airflow/dags/update_car_data_dag.py took 0.120 seconds
[2025-09-08T07:38:05.797+0000] {processor.py:161} INFO - Started process (PID=755) to work on /opt/airflow/dags/update_car_data_dag.py
[2025-09-08T07:38:05.799+0000] {processor.py:830} INFO - Processing file /opt/airflow/dags/update_car_data_dag.py for tasks to queue
[2025-09-08T07:38:05.800+0000] {logging_mixin.py:188} INFO - [2025-09-08T07:38:05.799+0000] {dagbag.py:538} INFO - Filling up the DagBag from /opt/airflow/dags/update_car_data_dag.py
[2025-09-08T07:38:05.829+0000] {processor.py:840} INFO - DAG(s) 'update_car_data' retrieved from /opt/airflow/dags/update_car_data_dag.py
[2025-09-08T07:38:05.900+0000] {logging_mixin.py:188} INFO - [2025-09-08T07:38:05.900+0000] {dag.py:3036} INFO - Sync 1 DAGs
[2025-09-08T07:38:05.949+0000] {logging_mixin.py:188} INFO - [2025-09-08T07:38:05.949+0000] {dag.py:3823} INFO - Setting next_dagrun for update_car_data to 2025-09-06 15:00:00+00:00, run_after=2025-09-07 15:00:00+00:00
[2025-09-08T07:38:05.968+0000] {processor.py:183} INFO - Processing /opt/airflow/dags/update_car_data_dag.py took 0.178 seconds
[2025-09-08T07:38:36.414+0000] {processor.py:161} INFO - Started process (PID=760) to work on /opt/airflow/dags/update_car_data_dag.py
[2025-09-08T07:38:36.417+0000] {processor.py:830} INFO - Processing file /opt/airflow/dags/update_car_data_dag.py for tasks to queue
[2025-09-08T07:38:36.419+0000] {logging_mixin.py:188} INFO - [2025-09-08T07:38:36.418+0000] {dagbag.py:538} INFO - Filling up the DagBag from /opt/airflow/dags/update_car_data_dag.py
[2025-09-08T07:38:36.443+0000] {processor.py:840} INFO - DAG(s) 'update_car_data' retrieved from /opt/airflow/dags/update_car_data_dag.py
[2025-09-08T07:38:36.488+0000] {logging_mixin.py:188} INFO - [2025-09-08T07:38:36.488+0000] {dag.py:3036} INFO - Sync 1 DAGs
[2025-09-08T07:38:36.514+0000] {logging_mixin.py:188} INFO - [2025-09-08T07:38:36.514+0000] {dag.py:3823} INFO - Setting next_dagrun for update_car_data to 2025-09-06 15:00:00+00:00, run_after=2025-09-07 15:00:00+00:00
[2025-09-08T07:38:36.527+0000] {processor.py:183} INFO - Processing /opt/airflow/dags/update_car_data_dag.py took 0.121 seconds
[2025-09-08T07:39:06.931+0000] {processor.py:161} INFO - Started process (PID=765) to work on /opt/airflow/dags/update_car_data_dag.py
[2025-09-08T07:39:06.934+0000] {processor.py:830} INFO - Processing file /opt/airflow/dags/update_car_data_dag.py for tasks to queue
[2025-09-08T07:39:06.944+0000] {logging_mixin.py:188} INFO - [2025-09-08T07:39:06.943+0000] {dagbag.py:538} INFO - Filling up the DagBag from /opt/airflow/dags/update_car_data_dag.py
[2025-09-08T07:39:06.974+0000] {processor.py:840} INFO - DAG(s) 'update_car_data' retrieved from /opt/airflow/dags/update_car_data_dag.py
[2025-09-08T07:39:07.030+0000] {logging_mixin.py:188} INFO - [2025-09-08T07:39:07.030+0000] {dag.py:3036} INFO - Sync 1 DAGs
[2025-09-08T07:39:07.049+0000] {logging_mixin.py:188} INFO - [2025-09-08T07:39:07.049+0000] {dag.py:3823} INFO - Setting next_dagrun for update_car_data to 2025-09-06 15:00:00+00:00, run_after=2025-09-07 15:00:00+00:00
[2025-09-08T07:39:07.099+0000] {processor.py:183} INFO - Processing /opt/airflow/dags/update_car_data_dag.py took 0.177 seconds
[2025-09-08T07:39:37.167+0000] {processor.py:161} INFO - Started process (PID=770) to work on /opt/airflow/dags/update_car_data_dag.py
[2025-09-08T07:39:37.169+0000] {processor.py:830} INFO - Processing file /opt/airflow/dags/update_car_data_dag.py for tasks to queue
[2025-09-08T07:39:37.170+0000] {logging_mixin.py:188} INFO - [2025-09-08T07:39:37.169+0000] {dagbag.py:538} INFO - Filling up the DagBag from /opt/airflow/dags/update_car_data_dag.py
[2025-09-08T07:39:37.194+0000] {processor.py:840} INFO - DAG(s) 'update_car_data' retrieved from /opt/airflow/dags/update_car_data_dag.py
[2025-09-08T07:39:37.240+0000] {logging_mixin.py:188} INFO - [2025-09-08T07:39:37.240+0000] {dag.py:3036} INFO - Sync 1 DAGs
[2025-09-08T07:39:37.267+0000] {logging_mixin.py:188} INFO - [2025-09-08T07:39:37.267+0000] {dag.py:3823} INFO - Setting next_dagrun for update_car_data to 2025-09-06 15:00:00+00:00, run_after=2025-09-07 15:00:00+00:00
[2025-09-08T07:39:37.279+0000] {processor.py:183} INFO - Processing /opt/airflow/dags/update_car_data_dag.py took 0.118 seconds
[2025-09-08T07:40:07.895+0000] {processor.py:161} INFO - Started process (PID=775) to work on /opt/airflow/dags/update_car_data_dag.py
[2025-09-08T07:40:07.896+0000] {processor.py:830} INFO - Processing file /opt/airflow/dags/update_car_data_dag.py for tasks to queue
[2025-09-08T07:40:07.898+0000] {logging_mixin.py:188} INFO - [2025-09-08T07:40:07.897+0000] {dagbag.py:538} INFO - Filling up the DagBag from /opt/airflow/dags/update_car_data_dag.py
[2025-09-08T07:40:07.922+0000] {processor.py:840} INFO - DAG(s) 'update_car_data' retrieved from /opt/airflow/dags/update_car_data_dag.py
[2025-09-08T07:40:07.980+0000] {logging_mixin.py:188} INFO - [2025-09-08T07:40:07.980+0000] {dag.py:3036} INFO - Sync 1 DAGs
[2025-09-08T07:40:08.003+0000] {logging_mixin.py:188} INFO - [2025-09-08T07:40:08.003+0000] {dag.py:3823} INFO - Setting next_dagrun for update_car_data to 2025-09-06 15:00:00+00:00, run_after=2025-09-07 15:00:00+00:00
[2025-09-08T07:40:08.014+0000] {processor.py:183} INFO - Processing /opt/airflow/dags/update_car_data_dag.py took 0.124 seconds
[2025-09-08T07:40:38.309+0000] {processor.py:161} INFO - Started process (PID=780) to work on /opt/airflow/dags/update_car_data_dag.py
[2025-09-08T07:40:38.311+0000] {processor.py:830} INFO - Processing file /opt/airflow/dags/update_car_data_dag.py for tasks to queue
[2025-09-08T07:40:38.314+0000] {logging_mixin.py:188} INFO - [2025-09-08T07:40:38.312+0000] {dagbag.py:538} INFO - Filling up the DagBag from /opt/airflow/dags/update_car_data_dag.py
[2025-09-08T07:40:38.359+0000] {processor.py:840} INFO - DAG(s) 'update_car_data' retrieved from /opt/airflow/dags/update_car_data_dag.py
[2025-09-08T07:40:38.510+0000] {logging_mixin.py:188} INFO - [2025-09-08T07:40:38.510+0000] {dag.py:3036} INFO - Sync 1 DAGs
[2025-09-08T07:40:38.569+0000] {logging_mixin.py:188} INFO - [2025-09-08T07:40:38.569+0000] {dag.py:3823} INFO - Setting next_dagrun for update_car_data to 2025-09-06 15:00:00+00:00, run_after=2025-09-07 15:00:00+00:00
[2025-09-08T07:40:38.592+0000] {processor.py:183} INFO - Processing /opt/airflow/dags/update_car_data_dag.py took 0.298 seconds
[2025-09-08T07:41:08.828+0000] {processor.py:161} INFO - Started process (PID=785) to work on /opt/airflow/dags/update_car_data_dag.py
[2025-09-08T07:41:08.831+0000] {processor.py:830} INFO - Processing file /opt/airflow/dags/update_car_data_dag.py for tasks to queue
[2025-09-08T07:41:08.832+0000] {logging_mixin.py:188} INFO - [2025-09-08T07:41:08.832+0000] {dagbag.py:538} INFO - Filling up the DagBag from /opt/airflow/dags/update_car_data_dag.py
[2025-09-08T07:41:08.865+0000] {processor.py:840} INFO - DAG(s) 'update_car_data' retrieved from /opt/airflow/dags/update_car_data_dag.py
[2025-09-08T07:41:08.957+0000] {logging_mixin.py:188} INFO - [2025-09-08T07:41:08.956+0000] {dag.py:3036} INFO - Sync 1 DAGs
[2025-09-08T07:41:09.112+0000] {logging_mixin.py:188} INFO - [2025-09-08T07:41:09.111+0000] {dag.py:3823} INFO - Setting next_dagrun for update_car_data to 2025-09-06 15:00:00+00:00, run_after=2025-09-07 15:00:00+00:00
[2025-09-08T07:41:09.192+0000] {processor.py:183} INFO - Processing /opt/airflow/dags/update_car_data_dag.py took 0.370 seconds
[2025-09-08T07:41:39.537+0000] {processor.py:161} INFO - Started process (PID=790) to work on /opt/airflow/dags/update_car_data_dag.py
[2025-09-08T07:41:39.542+0000] {processor.py:830} INFO - Processing file /opt/airflow/dags/update_car_data_dag.py for tasks to queue
[2025-09-08T07:41:39.546+0000] {logging_mixin.py:188} INFO - [2025-09-08T07:41:39.545+0000] {dagbag.py:538} INFO - Filling up the DagBag from /opt/airflow/dags/update_car_data_dag.py
[2025-09-08T07:41:39.615+0000] {processor.py:840} INFO - DAG(s) 'update_car_data' retrieved from /opt/airflow/dags/update_car_data_dag.py
[2025-09-08T07:41:39.688+0000] {logging_mixin.py:188} INFO - [2025-09-08T07:41:39.687+0000] {dag.py:3036} INFO - Sync 1 DAGs
[2025-09-08T07:41:39.723+0000] {logging_mixin.py:188} INFO - [2025-09-08T07:41:39.723+0000] {dag.py:3823} INFO - Setting next_dagrun for update_car_data to 2025-09-06 15:00:00+00:00, run_after=2025-09-07 15:00:00+00:00
[2025-09-08T07:41:39.740+0000] {processor.py:183} INFO - Processing /opt/airflow/dags/update_car_data_dag.py took 0.223 seconds
[2025-09-08T07:42:10.123+0000] {processor.py:161} INFO - Started process (PID=795) to work on /opt/airflow/dags/update_car_data_dag.py
[2025-09-08T07:42:10.125+0000] {processor.py:830} INFO - Processing file /opt/airflow/dags/update_car_data_dag.py for tasks to queue
[2025-09-08T07:42:10.127+0000] {logging_mixin.py:188} INFO - [2025-09-08T07:42:10.126+0000] {dagbag.py:538} INFO - Filling up the DagBag from /opt/airflow/dags/update_car_data_dag.py
[2025-09-08T07:42:10.153+0000] {processor.py:840} INFO - DAG(s) 'update_car_data' retrieved from /opt/airflow/dags/update_car_data_dag.py
[2025-09-08T07:42:10.197+0000] {logging_mixin.py:188} INFO - [2025-09-08T07:42:10.197+0000] {dag.py:3036} INFO - Sync 1 DAGs
[2025-09-08T07:42:10.216+0000] {logging_mixin.py:188} INFO - [2025-09-08T07:42:10.216+0000] {dag.py:3823} INFO - Setting next_dagrun for update_car_data to 2025-09-06 15:00:00+00:00, run_after=2025-09-07 15:00:00+00:00
[2025-09-08T07:42:10.230+0000] {processor.py:183} INFO - Processing /opt/airflow/dags/update_car_data_dag.py took 0.115 seconds
[2025-09-08T07:42:40.527+0000] {processor.py:161} INFO - Started process (PID=800) to work on /opt/airflow/dags/update_car_data_dag.py
[2025-09-08T07:42:40.528+0000] {processor.py:830} INFO - Processing file /opt/airflow/dags/update_car_data_dag.py for tasks to queue
[2025-09-08T07:42:40.530+0000] {logging_mixin.py:188} INFO - [2025-09-08T07:42:40.529+0000] {dagbag.py:538} INFO - Filling up the DagBag from /opt/airflow/dags/update_car_data_dag.py
[2025-09-08T07:42:40.553+0000] {processor.py:840} INFO - DAG(s) 'update_car_data' retrieved from /opt/airflow/dags/update_car_data_dag.py
[2025-09-08T07:42:40.607+0000] {logging_mixin.py:188} INFO - [2025-09-08T07:42:40.607+0000] {dag.py:3036} INFO - Sync 1 DAGs
[2025-09-08T07:42:40.637+0000] {logging_mixin.py:188} INFO - [2025-09-08T07:42:40.636+0000] {dag.py:3823} INFO - Setting next_dagrun for update_car_data to 2025-09-06 15:00:00+00:00, run_after=2025-09-07 15:00:00+00:00
[2025-09-08T07:42:40.697+0000] {processor.py:183} INFO - Processing /opt/airflow/dags/update_car_data_dag.py took 0.174 seconds
[2025-09-08T07:43:10.847+0000] {processor.py:161} INFO - Started process (PID=805) to work on /opt/airflow/dags/update_car_data_dag.py
[2025-09-08T07:43:10.850+0000] {processor.py:830} INFO - Processing file /opt/airflow/dags/update_car_data_dag.py for tasks to queue
[2025-09-08T07:43:10.851+0000] {logging_mixin.py:188} INFO - [2025-09-08T07:43:10.851+0000] {dagbag.py:538} INFO - Filling up the DagBag from /opt/airflow/dags/update_car_data_dag.py
[2025-09-08T07:43:10.887+0000] {processor.py:840} INFO - DAG(s) 'update_car_data' retrieved from /opt/airflow/dags/update_car_data_dag.py
[2025-09-08T07:43:10.955+0000] {logging_mixin.py:188} INFO - [2025-09-08T07:43:10.954+0000] {dag.py:3036} INFO - Sync 1 DAGs
[2025-09-08T07:43:11.027+0000] {logging_mixin.py:188} INFO - [2025-09-08T07:43:11.026+0000] {dag.py:3823} INFO - Setting next_dagrun for update_car_data to 2025-09-06 15:00:00+00:00, run_after=2025-09-07 15:00:00+00:00
[2025-09-08T07:43:11.281+0000] {processor.py:183} INFO - Processing /opt/airflow/dags/update_car_data_dag.py took 0.444 seconds
[2025-09-08T07:43:41.572+0000] {processor.py:161} INFO - Started process (PID=810) to work on /opt/airflow/dags/update_car_data_dag.py
[2025-09-08T07:43:41.575+0000] {processor.py:830} INFO - Processing file /opt/airflow/dags/update_car_data_dag.py for tasks to queue
[2025-09-08T07:43:41.576+0000] {logging_mixin.py:188} INFO - [2025-09-08T07:43:41.576+0000] {dagbag.py:538} INFO - Filling up the DagBag from /opt/airflow/dags/update_car_data_dag.py
[2025-09-08T07:43:41.611+0000] {processor.py:840} INFO - DAG(s) 'update_car_data' retrieved from /opt/airflow/dags/update_car_data_dag.py
[2025-09-08T07:43:41.650+0000] {logging_mixin.py:188} INFO - [2025-09-08T07:43:41.650+0000] {dag.py:3036} INFO - Sync 1 DAGs
[2025-09-08T07:43:41.669+0000] {logging_mixin.py:188} INFO - [2025-09-08T07:43:41.669+0000] {dag.py:3823} INFO - Setting next_dagrun for update_car_data to 2025-09-06 15:00:00+00:00, run_after=2025-09-07 15:00:00+00:00
[2025-09-08T07:43:41.683+0000] {processor.py:183} INFO - Processing /opt/airflow/dags/update_car_data_dag.py took 0.124 seconds
[2025-09-08T07:44:12.189+0000] {processor.py:161} INFO - Started process (PID=815) to work on /opt/airflow/dags/update_car_data_dag.py
[2025-09-08T07:44:12.193+0000] {processor.py:830} INFO - Processing file /opt/airflow/dags/update_car_data_dag.py for tasks to queue
[2025-09-08T07:44:12.196+0000] {logging_mixin.py:188} INFO - [2025-09-08T07:44:12.196+0000] {dagbag.py:538} INFO - Filling up the DagBag from /opt/airflow/dags/update_car_data_dag.py
[2025-09-08T07:44:12.227+0000] {processor.py:840} INFO - DAG(s) 'update_car_data' retrieved from /opt/airflow/dags/update_car_data_dag.py
[2025-09-08T07:44:12.282+0000] {logging_mixin.py:188} INFO - [2025-09-08T07:44:12.282+0000] {dag.py:3036} INFO - Sync 1 DAGs
[2025-09-08T07:44:12.308+0000] {logging_mixin.py:188} INFO - [2025-09-08T07:44:12.308+0000] {dag.py:3823} INFO - Setting next_dagrun for update_car_data to 2025-09-06 15:00:00+00:00, run_after=2025-09-07 15:00:00+00:00
[2025-09-08T07:44:12.321+0000] {processor.py:183} INFO - Processing /opt/airflow/dags/update_car_data_dag.py took 0.140 seconds
[2025-09-08T07:44:42.667+0000] {processor.py:161} INFO - Started process (PID=820) to work on /opt/airflow/dags/update_car_data_dag.py
[2025-09-08T07:44:42.669+0000] {processor.py:830} INFO - Processing file /opt/airflow/dags/update_car_data_dag.py for tasks to queue
[2025-09-08T07:44:42.670+0000] {logging_mixin.py:188} INFO - [2025-09-08T07:44:42.669+0000] {dagbag.py:538} INFO - Filling up the DagBag from /opt/airflow/dags/update_car_data_dag.py
[2025-09-08T07:44:42.694+0000] {processor.py:840} INFO - DAG(s) 'update_car_data' retrieved from /opt/airflow/dags/update_car_data_dag.py
[2025-09-08T07:44:42.793+0000] {logging_mixin.py:188} INFO - [2025-09-08T07:44:42.793+0000] {dag.py:3036} INFO - Sync 1 DAGs
[2025-09-08T07:44:42.923+0000] {logging_mixin.py:188} INFO - [2025-09-08T07:44:42.923+0000] {dag.py:3823} INFO - Setting next_dagrun for update_car_data to 2025-09-06 15:00:00+00:00, run_after=2025-09-07 15:00:00+00:00
[2025-09-08T07:44:42.996+0000] {processor.py:183} INFO - Processing /opt/airflow/dags/update_car_data_dag.py took 0.335 seconds
[2025-09-08T07:45:13.155+0000] {processor.py:161} INFO - Started process (PID=825) to work on /opt/airflow/dags/update_car_data_dag.py
[2025-09-08T07:45:13.160+0000] {processor.py:830} INFO - Processing file /opt/airflow/dags/update_car_data_dag.py for tasks to queue
[2025-09-08T07:45:13.162+0000] {logging_mixin.py:188} INFO - [2025-09-08T07:45:13.161+0000] {dagbag.py:538} INFO - Filling up the DagBag from /opt/airflow/dags/update_car_data_dag.py
[2025-09-08T07:45:13.203+0000] {processor.py:840} INFO - DAG(s) 'update_car_data' retrieved from /opt/airflow/dags/update_car_data_dag.py
[2025-09-08T07:45:13.253+0000] {logging_mixin.py:188} INFO - [2025-09-08T07:45:13.253+0000] {dag.py:3036} INFO - Sync 1 DAGs
[2025-09-08T07:45:13.282+0000] {logging_mixin.py:188} INFO - [2025-09-08T07:45:13.282+0000] {dag.py:3823} INFO - Setting next_dagrun for update_car_data to 2025-09-06 15:00:00+00:00, run_after=2025-09-07 15:00:00+00:00
[2025-09-08T07:45:13.297+0000] {processor.py:183} INFO - Processing /opt/airflow/dags/update_car_data_dag.py took 0.150 seconds
[2025-09-08T07:45:43.674+0000] {processor.py:161} INFO - Started process (PID=830) to work on /opt/airflow/dags/update_car_data_dag.py
[2025-09-08T07:45:43.677+0000] {processor.py:830} INFO - Processing file /opt/airflow/dags/update_car_data_dag.py for tasks to queue
[2025-09-08T07:45:43.678+0000] {logging_mixin.py:188} INFO - [2025-09-08T07:45:43.677+0000] {dagbag.py:538} INFO - Filling up the DagBag from /opt/airflow/dags/update_car_data_dag.py
[2025-09-08T07:45:43.709+0000] {processor.py:840} INFO - DAG(s) 'update_car_data' retrieved from /opt/airflow/dags/update_car_data_dag.py
[2025-09-08T07:45:43.756+0000] {logging_mixin.py:188} INFO - [2025-09-08T07:45:43.756+0000] {dag.py:3036} INFO - Sync 1 DAGs
[2025-09-08T07:45:43.785+0000] {logging_mixin.py:188} INFO - [2025-09-08T07:45:43.785+0000] {dag.py:3823} INFO - Setting next_dagrun for update_car_data to 2025-09-06 15:00:00+00:00, run_after=2025-09-07 15:00:00+00:00
[2025-09-08T07:45:43.808+0000] {processor.py:183} INFO - Processing /opt/airflow/dags/update_car_data_dag.py took 0.142 seconds
[2025-09-08T07:46:14.157+0000] {processor.py:161} INFO - Started process (PID=835) to work on /opt/airflow/dags/update_car_data_dag.py
[2025-09-08T07:46:14.159+0000] {processor.py:830} INFO - Processing file /opt/airflow/dags/update_car_data_dag.py for tasks to queue
[2025-09-08T07:46:14.160+0000] {logging_mixin.py:188} INFO - [2025-09-08T07:46:14.159+0000] {dagbag.py:538} INFO - Filling up the DagBag from /opt/airflow/dags/update_car_data_dag.py
[2025-09-08T07:46:14.194+0000] {processor.py:840} INFO - DAG(s) 'update_car_data' retrieved from /opt/airflow/dags/update_car_data_dag.py
[2025-09-08T07:46:14.248+0000] {logging_mixin.py:188} INFO - [2025-09-08T07:46:14.248+0000] {dag.py:3036} INFO - Sync 1 DAGs
[2025-09-08T07:46:14.270+0000] {logging_mixin.py:188} INFO - [2025-09-08T07:46:14.270+0000] {dag.py:3823} INFO - Setting next_dagrun for update_car_data to 2025-09-06 15:00:00+00:00, run_after=2025-09-07 15:00:00+00:00
[2025-09-08T07:46:14.283+0000] {processor.py:183} INFO - Processing /opt/airflow/dags/update_car_data_dag.py took 0.132 seconds
[2025-09-08T07:46:44.750+0000] {processor.py:161} INFO - Started process (PID=840) to work on /opt/airflow/dags/update_car_data_dag.py
[2025-09-08T07:46:44.754+0000] {processor.py:830} INFO - Processing file /opt/airflow/dags/update_car_data_dag.py for tasks to queue
[2025-09-08T07:46:44.759+0000] {logging_mixin.py:188} INFO - [2025-09-08T07:46:44.757+0000] {dagbag.py:538} INFO - Filling up the DagBag from /opt/airflow/dags/update_car_data_dag.py
[2025-09-08T07:46:44.816+0000] {processor.py:840} INFO - DAG(s) 'update_car_data' retrieved from /opt/airflow/dags/update_car_data_dag.py
[2025-09-08T07:46:44.885+0000] {logging_mixin.py:188} INFO - [2025-09-08T07:46:44.885+0000] {dag.py:3036} INFO - Sync 1 DAGs
[2025-09-08T07:46:44.905+0000] {logging_mixin.py:188} INFO - [2025-09-08T07:46:44.905+0000] {dag.py:3823} INFO - Setting next_dagrun for update_car_data to 2025-09-06 15:00:00+00:00, run_after=2025-09-07 15:00:00+00:00
[2025-09-08T07:46:44.915+0000] {processor.py:183} INFO - Processing /opt/airflow/dags/update_car_data_dag.py took 0.178 seconds
[2025-09-08T07:47:15.926+0000] {processor.py:161} INFO - Started process (PID=845) to work on /opt/airflow/dags/update_car_data_dag.py
[2025-09-08T07:47:15.928+0000] {processor.py:830} INFO - Processing file /opt/airflow/dags/update_car_data_dag.py for tasks to queue
[2025-09-08T07:47:15.930+0000] {logging_mixin.py:188} INFO - [2025-09-08T07:47:15.929+0000] {dagbag.py:538} INFO - Filling up the DagBag from /opt/airflow/dags/update_car_data_dag.py
[2025-09-08T07:47:15.967+0000] {processor.py:840} INFO - DAG(s) 'update_car_data' retrieved from /opt/airflow/dags/update_car_data_dag.py
[2025-09-08T07:47:16.053+0000] {logging_mixin.py:188} INFO - [2025-09-08T07:47:16.053+0000] {dag.py:3036} INFO - Sync 1 DAGs
[2025-09-08T07:47:16.089+0000] {logging_mixin.py:188} INFO - [2025-09-08T07:47:16.089+0000] {dag.py:3823} INFO - Setting next_dagrun for update_car_data to 2025-09-06 15:00:00+00:00, run_after=2025-09-07 15:00:00+00:00
[2025-09-08T07:47:16.107+0000] {processor.py:183} INFO - Processing /opt/airflow/dags/update_car_data_dag.py took 0.192 seconds
[2025-09-08T07:47:46.617+0000] {processor.py:161} INFO - Started process (PID=850) to work on /opt/airflow/dags/update_car_data_dag.py
[2025-09-08T07:47:46.619+0000] {processor.py:830} INFO - Processing file /opt/airflow/dags/update_car_data_dag.py for tasks to queue
[2025-09-08T07:47:46.624+0000] {logging_mixin.py:188} INFO - [2025-09-08T07:47:46.622+0000] {dagbag.py:538} INFO - Filling up the DagBag from /opt/airflow/dags/update_car_data_dag.py
[2025-09-08T07:47:46.661+0000] {processor.py:840} INFO - DAG(s) 'update_car_data' retrieved from /opt/airflow/dags/update_car_data_dag.py
[2025-09-08T07:47:46.711+0000] {logging_mixin.py:188} INFO - [2025-09-08T07:47:46.711+0000] {dag.py:3036} INFO - Sync 1 DAGs
[2025-09-08T07:47:46.735+0000] {logging_mixin.py:188} INFO - [2025-09-08T07:47:46.735+0000] {dag.py:3823} INFO - Setting next_dagrun for update_car_data to 2025-09-06 15:00:00+00:00, run_after=2025-09-07 15:00:00+00:00
[2025-09-08T07:47:46.748+0000] {processor.py:183} INFO - Processing /opt/airflow/dags/update_car_data_dag.py took 0.151 seconds
[2025-09-08T07:48:17.074+0000] {processor.py:161} INFO - Started process (PID=855) to work on /opt/airflow/dags/update_car_data_dag.py
[2025-09-08T07:48:17.076+0000] {processor.py:830} INFO - Processing file /opt/airflow/dags/update_car_data_dag.py for tasks to queue
[2025-09-08T07:48:17.077+0000] {logging_mixin.py:188} INFO - [2025-09-08T07:48:17.077+0000] {dagbag.py:538} INFO - Filling up the DagBag from /opt/airflow/dags/update_car_data_dag.py
[2025-09-08T07:48:17.098+0000] {processor.py:840} INFO - DAG(s) 'update_car_data' retrieved from /opt/airflow/dags/update_car_data_dag.py
[2025-09-08T07:48:17.144+0000] {logging_mixin.py:188} INFO - [2025-09-08T07:48:17.143+0000] {dag.py:3036} INFO - Sync 1 DAGs
[2025-09-08T07:48:17.167+0000] {logging_mixin.py:188} INFO - [2025-09-08T07:48:17.167+0000] {dag.py:3823} INFO - Setting next_dagrun for update_car_data to 2025-09-06 15:00:00+00:00, run_after=2025-09-07 15:00:00+00:00
[2025-09-08T07:48:17.251+0000] {processor.py:183} INFO - Processing /opt/airflow/dags/update_car_data_dag.py took 0.181 seconds
[2025-09-08T07:48:47.520+0000] {processor.py:161} INFO - Started process (PID=860) to work on /opt/airflow/dags/update_car_data_dag.py
[2025-09-08T07:48:47.657+0000] {processor.py:830} INFO - Processing file /opt/airflow/dags/update_car_data_dag.py for tasks to queue
[2025-09-08T07:48:47.661+0000] {logging_mixin.py:188} INFO - [2025-09-08T07:48:47.659+0000] {dagbag.py:538} INFO - Filling up the DagBag from /opt/airflow/dags/update_car_data_dag.py
[2025-09-08T07:48:47.692+0000] {processor.py:840} INFO - DAG(s) 'update_car_data' retrieved from /opt/airflow/dags/update_car_data_dag.py
[2025-09-08T07:48:47.742+0000] {logging_mixin.py:188} INFO - [2025-09-08T07:48:47.742+0000] {dag.py:3036} INFO - Sync 1 DAGs
[2025-09-08T07:48:47.761+0000] {logging_mixin.py:188} INFO - [2025-09-08T07:48:47.761+0000] {dag.py:3823} INFO - Setting next_dagrun for update_car_data to 2025-09-06 15:00:00+00:00, run_after=2025-09-07 15:00:00+00:00
[2025-09-08T07:48:47.773+0000] {processor.py:183} INFO - Processing /opt/airflow/dags/update_car_data_dag.py took 0.259 seconds
[2025-09-08T07:49:18.060+0000] {processor.py:161} INFO - Started process (PID=865) to work on /opt/airflow/dags/update_car_data_dag.py
[2025-09-08T07:49:18.063+0000] {processor.py:830} INFO - Processing file /opt/airflow/dags/update_car_data_dag.py for tasks to queue
[2025-09-08T07:49:18.064+0000] {logging_mixin.py:188} INFO - [2025-09-08T07:49:18.063+0000] {dagbag.py:538} INFO - Filling up the DagBag from /opt/airflow/dags/update_car_data_dag.py
[2025-09-08T07:49:18.091+0000] {processor.py:840} INFO - DAG(s) 'update_car_data' retrieved from /opt/airflow/dags/update_car_data_dag.py
[2025-09-08T07:49:18.151+0000] {logging_mixin.py:188} INFO - [2025-09-08T07:49:18.151+0000] {dag.py:3036} INFO - Sync 1 DAGs
[2025-09-08T07:49:18.176+0000] {logging_mixin.py:188} INFO - [2025-09-08T07:49:18.176+0000] {dag.py:3823} INFO - Setting next_dagrun for update_car_data to 2025-09-06 15:00:00+00:00, run_after=2025-09-07 15:00:00+00:00
[2025-09-08T07:49:18.263+0000] {processor.py:183} INFO - Processing /opt/airflow/dags/update_car_data_dag.py took 0.214 seconds
[2025-09-08T07:49:48.523+0000] {processor.py:161} INFO - Started process (PID=870) to work on /opt/airflow/dags/update_car_data_dag.py
[2025-09-08T07:49:48.525+0000] {processor.py:830} INFO - Processing file /opt/airflow/dags/update_car_data_dag.py for tasks to queue
[2025-09-08T07:49:48.526+0000] {logging_mixin.py:188} INFO - [2025-09-08T07:49:48.526+0000] {dagbag.py:538} INFO - Filling up the DagBag from /opt/airflow/dags/update_car_data_dag.py
[2025-09-08T07:49:48.549+0000] {processor.py:840} INFO - DAG(s) 'update_car_data' retrieved from /opt/airflow/dags/update_car_data_dag.py
[2025-09-08T07:49:48.598+0000] {logging_mixin.py:188} INFO - [2025-09-08T07:49:48.598+0000] {dag.py:3036} INFO - Sync 1 DAGs
[2025-09-08T07:49:48.620+0000] {logging_mixin.py:188} INFO - [2025-09-08T07:49:48.619+0000] {dag.py:3823} INFO - Setting next_dagrun for update_car_data to 2025-09-06 15:00:00+00:00, run_after=2025-09-07 15:00:00+00:00
[2025-09-08T07:49:48.632+0000] {processor.py:183} INFO - Processing /opt/airflow/dags/update_car_data_dag.py took 0.117 seconds
[2025-09-08T07:50:19.040+0000] {processor.py:161} INFO - Started process (PID=875) to work on /opt/airflow/dags/update_car_data_dag.py
[2025-09-08T07:50:19.041+0000] {processor.py:830} INFO - Processing file /opt/airflow/dags/update_car_data_dag.py for tasks to queue
[2025-09-08T07:50:19.042+0000] {logging_mixin.py:188} INFO - [2025-09-08T07:50:19.042+0000] {dagbag.py:538} INFO - Filling up the DagBag from /opt/airflow/dags/update_car_data_dag.py
[2025-09-08T07:50:19.066+0000] {processor.py:840} INFO - DAG(s) 'update_car_data' retrieved from /opt/airflow/dags/update_car_data_dag.py
[2025-09-08T07:50:19.118+0000] {logging_mixin.py:188} INFO - [2025-09-08T07:50:19.118+0000] {dag.py:3036} INFO - Sync 1 DAGs
[2025-09-08T07:50:19.153+0000] {logging_mixin.py:188} INFO - [2025-09-08T07:50:19.153+0000] {dag.py:3823} INFO - Setting next_dagrun for update_car_data to 2025-09-06 15:00:00+00:00, run_after=2025-09-07 15:00:00+00:00
[2025-09-08T07:50:19.167+0000] {processor.py:183} INFO - Processing /opt/airflow/dags/update_car_data_dag.py took 0.134 seconds
[2025-09-08T07:50:49.518+0000] {processor.py:161} INFO - Started process (PID=880) to work on /opt/airflow/dags/update_car_data_dag.py
[2025-09-08T07:50:49.520+0000] {processor.py:830} INFO - Processing file /opt/airflow/dags/update_car_data_dag.py for tasks to queue
[2025-09-08T07:50:49.526+0000] {logging_mixin.py:188} INFO - [2025-09-08T07:50:49.523+0000] {dagbag.py:538} INFO - Filling up the DagBag from /opt/airflow/dags/update_car_data_dag.py
[2025-09-08T07:50:49.575+0000] {processor.py:840} INFO - DAG(s) 'update_car_data' retrieved from /opt/airflow/dags/update_car_data_dag.py
[2025-09-08T07:50:49.656+0000] {logging_mixin.py:188} INFO - [2025-09-08T07:50:49.655+0000] {dag.py:3036} INFO - Sync 1 DAGs
[2025-09-08T07:50:49.700+0000] {logging_mixin.py:188} INFO - [2025-09-08T07:50:49.700+0000] {dag.py:3823} INFO - Setting next_dagrun for update_car_data to 2025-09-06 15:00:00+00:00, run_after=2025-09-07 15:00:00+00:00
[2025-09-08T07:50:49.722+0000] {processor.py:183} INFO - Processing /opt/airflow/dags/update_car_data_dag.py took 0.214 seconds
[2025-09-08T07:51:19.920+0000] {processor.py:161} INFO - Started process (PID=885) to work on /opt/airflow/dags/update_car_data_dag.py
[2025-09-08T07:51:19.922+0000] {processor.py:830} INFO - Processing file /opt/airflow/dags/update_car_data_dag.py for tasks to queue
[2025-09-08T07:51:19.923+0000] {logging_mixin.py:188} INFO - [2025-09-08T07:51:19.922+0000] {dagbag.py:538} INFO - Filling up the DagBag from /opt/airflow/dags/update_car_data_dag.py
[2025-09-08T07:51:19.939+0000] {processor.py:840} INFO - DAG(s) 'update_car_data' retrieved from /opt/airflow/dags/update_car_data_dag.py
[2025-09-08T07:51:19.979+0000] {logging_mixin.py:188} INFO - [2025-09-08T07:51:19.979+0000] {dag.py:3036} INFO - Sync 1 DAGs
[2025-09-08T07:51:20.002+0000] {logging_mixin.py:188} INFO - [2025-09-08T07:51:20.001+0000] {dag.py:3823} INFO - Setting next_dagrun for update_car_data to 2025-09-06 15:00:00+00:00, run_after=2025-09-07 15:00:00+00:00
[2025-09-08T07:51:20.016+0000] {processor.py:183} INFO - Processing /opt/airflow/dags/update_car_data_dag.py took 0.101 seconds
[2025-09-08T07:51:50.407+0000] {processor.py:161} INFO - Started process (PID=890) to work on /opt/airflow/dags/update_car_data_dag.py
[2025-09-08T07:51:50.409+0000] {processor.py:830} INFO - Processing file /opt/airflow/dags/update_car_data_dag.py for tasks to queue
[2025-09-08T07:51:50.410+0000] {logging_mixin.py:188} INFO - [2025-09-08T07:51:50.410+0000] {dagbag.py:538} INFO - Filling up the DagBag from /opt/airflow/dags/update_car_data_dag.py
[2025-09-08T07:51:50.429+0000] {processor.py:840} INFO - DAG(s) 'update_car_data' retrieved from /opt/airflow/dags/update_car_data_dag.py
[2025-09-08T07:51:50.519+0000] {logging_mixin.py:188} INFO - [2025-09-08T07:51:50.518+0000] {dag.py:3036} INFO - Sync 1 DAGs
[2025-09-08T07:51:50.555+0000] {logging_mixin.py:188} INFO - [2025-09-08T07:51:50.555+0000] {dag.py:3823} INFO - Setting next_dagrun for update_car_data to 2025-09-06 15:00:00+00:00, run_after=2025-09-07 15:00:00+00:00
[2025-09-08T07:51:50.576+0000] {processor.py:183} INFO - Processing /opt/airflow/dags/update_car_data_dag.py took 0.174 seconds
[2025-09-08T07:52:20.797+0000] {processor.py:161} INFO - Started process (PID=895) to work on /opt/airflow/dags/update_car_data_dag.py
[2025-09-08T07:52:20.798+0000] {processor.py:830} INFO - Processing file /opt/airflow/dags/update_car_data_dag.py for tasks to queue
[2025-09-08T07:52:20.799+0000] {logging_mixin.py:188} INFO - [2025-09-08T07:52:20.799+0000] {dagbag.py:538} INFO - Filling up the DagBag from /opt/airflow/dags/update_car_data_dag.py
[2025-09-08T07:52:20.818+0000] {processor.py:840} INFO - DAG(s) 'update_car_data' retrieved from /opt/airflow/dags/update_car_data_dag.py
[2025-09-08T07:52:20.876+0000] {logging_mixin.py:188} INFO - [2025-09-08T07:52:20.876+0000] {dag.py:3036} INFO - Sync 1 DAGs
[2025-09-08T07:52:20.905+0000] {logging_mixin.py:188} INFO - [2025-09-08T07:52:20.905+0000] {dag.py:3823} INFO - Setting next_dagrun for update_car_data to 2025-09-06 15:00:00+00:00, run_after=2025-09-07 15:00:00+00:00
[2025-09-08T07:52:20.919+0000] {processor.py:183} INFO - Processing /opt/airflow/dags/update_car_data_dag.py took 0.126 seconds
[2025-09-08T07:52:51.289+0000] {processor.py:161} INFO - Started process (PID=900) to work on /opt/airflow/dags/update_car_data_dag.py
[2025-09-08T07:52:51.293+0000] {processor.py:830} INFO - Processing file /opt/airflow/dags/update_car_data_dag.py for tasks to queue
[2025-09-08T07:52:51.294+0000] {logging_mixin.py:188} INFO - [2025-09-08T07:52:51.294+0000] {dagbag.py:538} INFO - Filling up the DagBag from /opt/airflow/dags/update_car_data_dag.py
[2025-09-08T07:52:51.313+0000] {processor.py:840} INFO - DAG(s) 'update_car_data' retrieved from /opt/airflow/dags/update_car_data_dag.py
[2025-09-08T07:52:51.354+0000] {logging_mixin.py:188} INFO - [2025-09-08T07:52:51.354+0000] {dag.py:3036} INFO - Sync 1 DAGs
[2025-09-08T07:52:51.376+0000] {logging_mixin.py:188} INFO - [2025-09-08T07:52:51.376+0000] {dag.py:3823} INFO - Setting next_dagrun for update_car_data to 2025-09-06 15:00:00+00:00, run_after=2025-09-07 15:00:00+00:00
[2025-09-08T07:52:51.390+0000] {processor.py:183} INFO - Processing /opt/airflow/dags/update_car_data_dag.py took 0.115 seconds
[2025-09-08T07:53:21.851+0000] {processor.py:161} INFO - Started process (PID=905) to work on /opt/airflow/dags/update_car_data_dag.py
[2025-09-08T07:53:21.853+0000] {processor.py:830} INFO - Processing file /opt/airflow/dags/update_car_data_dag.py for tasks to queue
[2025-09-08T07:53:21.855+0000] {logging_mixin.py:188} INFO - [2025-09-08T07:53:21.854+0000] {dagbag.py:538} INFO - Filling up the DagBag from /opt/airflow/dags/update_car_data_dag.py
[2025-09-08T07:53:21.892+0000] {processor.py:840} INFO - DAG(s) 'update_car_data' retrieved from /opt/airflow/dags/update_car_data_dag.py
[2025-09-08T07:53:21.941+0000] {logging_mixin.py:188} INFO - [2025-09-08T07:53:21.941+0000] {dag.py:3036} INFO - Sync 1 DAGs
[2025-09-08T07:53:21.988+0000] {logging_mixin.py:188} INFO - [2025-09-08T07:53:21.988+0000] {dag.py:3823} INFO - Setting next_dagrun for update_car_data to 2025-09-06 15:00:00+00:00, run_after=2025-09-07 15:00:00+00:00
[2025-09-08T07:53:22.002+0000] {processor.py:183} INFO - Processing /opt/airflow/dags/update_car_data_dag.py took 0.160 seconds
[2025-09-08T07:53:52.307+0000] {processor.py:161} INFO - Started process (PID=910) to work on /opt/airflow/dags/update_car_data_dag.py
[2025-09-08T07:53:52.309+0000] {processor.py:830} INFO - Processing file /opt/airflow/dags/update_car_data_dag.py for tasks to queue
[2025-09-08T07:53:52.310+0000] {logging_mixin.py:188} INFO - [2025-09-08T07:53:52.309+0000] {dagbag.py:538} INFO - Filling up the DagBag from /opt/airflow/dags/update_car_data_dag.py
[2025-09-08T07:53:52.334+0000] {processor.py:840} INFO - DAG(s) 'update_car_data' retrieved from /opt/airflow/dags/update_car_data_dag.py
[2025-09-08T07:53:52.381+0000] {logging_mixin.py:188} INFO - [2025-09-08T07:53:52.381+0000] {dag.py:3036} INFO - Sync 1 DAGs
[2025-09-08T07:53:52.407+0000] {logging_mixin.py:188} INFO - [2025-09-08T07:53:52.407+0000] {dag.py:3823} INFO - Setting next_dagrun for update_car_data to 2025-09-06 15:00:00+00:00, run_after=2025-09-07 15:00:00+00:00
[2025-09-08T07:53:52.421+0000] {processor.py:183} INFO - Processing /opt/airflow/dags/update_car_data_dag.py took 0.120 seconds
[2025-09-08T07:54:22.857+0000] {processor.py:161} INFO - Started process (PID=915) to work on /opt/airflow/dags/update_car_data_dag.py
[2025-09-08T07:54:22.864+0000] {processor.py:830} INFO - Processing file /opt/airflow/dags/update_car_data_dag.py for tasks to queue
[2025-09-08T07:54:22.865+0000] {logging_mixin.py:188} INFO - [2025-09-08T07:54:22.865+0000] {dagbag.py:538} INFO - Filling up the DagBag from /opt/airflow/dags/update_car_data_dag.py
[2025-09-08T07:54:22.886+0000] {processor.py:840} INFO - DAG(s) 'update_car_data' retrieved from /opt/airflow/dags/update_car_data_dag.py
[2025-09-08T07:54:22.937+0000] {logging_mixin.py:188} INFO - [2025-09-08T07:54:22.937+0000] {dag.py:3036} INFO - Sync 1 DAGs
[2025-09-08T07:54:22.972+0000] {logging_mixin.py:188} INFO - [2025-09-08T07:54:22.972+0000] {dag.py:3823} INFO - Setting next_dagrun for update_car_data to 2025-09-06 15:00:00+00:00, run_after=2025-09-07 15:00:00+00:00
[2025-09-08T07:54:23.037+0000] {processor.py:183} INFO - Processing /opt/airflow/dags/update_car_data_dag.py took 0.193 seconds
[2025-09-08T07:54:53.295+0000] {processor.py:161} INFO - Started process (PID=920) to work on /opt/airflow/dags/update_car_data_dag.py
[2025-09-08T07:54:53.298+0000] {processor.py:830} INFO - Processing file /opt/airflow/dags/update_car_data_dag.py for tasks to queue
[2025-09-08T07:54:53.301+0000] {logging_mixin.py:188} INFO - [2025-09-08T07:54:53.300+0000] {dagbag.py:538} INFO - Filling up the DagBag from /opt/airflow/dags/update_car_data_dag.py
[2025-09-08T07:54:53.323+0000] {processor.py:840} INFO - DAG(s) 'update_car_data' retrieved from /opt/airflow/dags/update_car_data_dag.py
[2025-09-08T07:54:53.375+0000] {logging_mixin.py:188} INFO - [2025-09-08T07:54:53.375+0000] {dag.py:3036} INFO - Sync 1 DAGs
[2025-09-08T07:54:53.408+0000] {logging_mixin.py:188} INFO - [2025-09-08T07:54:53.408+0000] {dag.py:3823} INFO - Setting next_dagrun for update_car_data to 2025-09-06 15:00:00+00:00, run_after=2025-09-07 15:00:00+00:00
[2025-09-08T07:54:53.441+0000] {processor.py:183} INFO - Processing /opt/airflow/dags/update_car_data_dag.py took 0.152 seconds
[2025-09-08T07:55:23.853+0000] {processor.py:161} INFO - Started process (PID=925) to work on /opt/airflow/dags/update_car_data_dag.py
[2025-09-08T07:55:23.855+0000] {processor.py:830} INFO - Processing file /opt/airflow/dags/update_car_data_dag.py for tasks to queue
[2025-09-08T07:55:23.856+0000] {logging_mixin.py:188} INFO - [2025-09-08T07:55:23.856+0000] {dagbag.py:538} INFO - Filling up the DagBag from /opt/airflow/dags/update_car_data_dag.py
[2025-09-08T07:55:23.905+0000] {processor.py:840} INFO - DAG(s) 'update_car_data' retrieved from /opt/airflow/dags/update_car_data_dag.py
[2025-09-08T07:55:24.002+0000] {logging_mixin.py:188} INFO - [2025-09-08T07:55:24.002+0000] {dag.py:3036} INFO - Sync 1 DAGs
[2025-09-08T07:55:24.031+0000] {logging_mixin.py:188} INFO - [2025-09-08T07:55:24.031+0000] {dag.py:3823} INFO - Setting next_dagrun for update_car_data to 2025-09-06 15:00:00+00:00, run_after=2025-09-07 15:00:00+00:00
[2025-09-08T07:55:24.044+0000] {processor.py:183} INFO - Processing /opt/airflow/dags/update_car_data_dag.py took 0.199 seconds
[2025-09-08T07:55:55.150+0000] {processor.py:161} INFO - Started process (PID=930) to work on /opt/airflow/dags/update_car_data_dag.py
[2025-09-08T07:55:55.152+0000] {processor.py:830} INFO - Processing file /opt/airflow/dags/update_car_data_dag.py for tasks to queue
[2025-09-08T07:55:55.154+0000] {logging_mixin.py:188} INFO - [2025-09-08T07:55:55.153+0000] {dagbag.py:538} INFO - Filling up the DagBag from /opt/airflow/dags/update_car_data_dag.py
[2025-09-08T07:55:55.188+0000] {processor.py:840} INFO - DAG(s) 'update_car_data' retrieved from /opt/airflow/dags/update_car_data_dag.py
[2025-09-08T07:55:55.254+0000] {logging_mixin.py:188} INFO - [2025-09-08T07:55:55.253+0000] {dag.py:3036} INFO - Sync 1 DAGs
[2025-09-08T07:55:55.295+0000] {logging_mixin.py:188} INFO - [2025-09-08T07:55:55.294+0000] {dag.py:3823} INFO - Setting next_dagrun for update_car_data to 2025-09-06 15:00:00+00:00, run_after=2025-09-07 15:00:00+00:00
[2025-09-08T07:55:55.311+0000] {processor.py:183} INFO - Processing /opt/airflow/dags/update_car_data_dag.py took 0.172 seconds
[2025-09-08T07:56:25.731+0000] {processor.py:161} INFO - Started process (PID=935) to work on /opt/airflow/dags/update_car_data_dag.py
[2025-09-08T07:56:25.734+0000] {processor.py:830} INFO - Processing file /opt/airflow/dags/update_car_data_dag.py for tasks to queue
[2025-09-08T07:56:25.736+0000] {logging_mixin.py:188} INFO - [2025-09-08T07:56:25.736+0000] {dagbag.py:538} INFO - Filling up the DagBag from /opt/airflow/dags/update_car_data_dag.py
[2025-09-08T07:56:25.765+0000] {processor.py:840} INFO - DAG(s) 'update_car_data' retrieved from /opt/airflow/dags/update_car_data_dag.py
[2025-09-08T07:56:25.824+0000] {logging_mixin.py:188} INFO - [2025-09-08T07:56:25.824+0000] {dag.py:3036} INFO - Sync 1 DAGs
[2025-09-08T07:56:25.851+0000] {logging_mixin.py:188} INFO - [2025-09-08T07:56:25.850+0000] {dag.py:3823} INFO - Setting next_dagrun for update_car_data to 2025-09-06 15:00:00+00:00, run_after=2025-09-07 15:00:00+00:00
[2025-09-08T07:56:25.872+0000] {processor.py:183} INFO - Processing /opt/airflow/dags/update_car_data_dag.py took 0.153 seconds
[2025-09-08T07:56:56.400+0000] {processor.py:161} INFO - Started process (PID=940) to work on /opt/airflow/dags/update_car_data_dag.py
[2025-09-08T07:56:56.408+0000] {processor.py:830} INFO - Processing file /opt/airflow/dags/update_car_data_dag.py for tasks to queue
[2025-09-08T07:56:56.413+0000] {logging_mixin.py:188} INFO - [2025-09-08T07:56:56.412+0000] {dagbag.py:538} INFO - Filling up the DagBag from /opt/airflow/dags/update_car_data_dag.py
[2025-09-08T07:56:56.455+0000] {processor.py:840} INFO - DAG(s) 'update_car_data' retrieved from /opt/airflow/dags/update_car_data_dag.py
[2025-09-08T07:56:56.533+0000] {logging_mixin.py:188} INFO - [2025-09-08T07:56:56.533+0000] {dag.py:3036} INFO - Sync 1 DAGs
[2025-09-08T07:56:56.563+0000] {logging_mixin.py:188} INFO - [2025-09-08T07:56:56.563+0000] {dag.py:3823} INFO - Setting next_dagrun for update_car_data to 2025-09-06 15:00:00+00:00, run_after=2025-09-07 15:00:00+00:00
[2025-09-08T07:56:56.580+0000] {processor.py:183} INFO - Processing /opt/airflow/dags/update_car_data_dag.py took 0.222 seconds
[2025-09-08T07:57:26.974+0000] {processor.py:161} INFO - Started process (PID=945) to work on /opt/airflow/dags/update_car_data_dag.py
[2025-09-08T07:57:26.976+0000] {processor.py:830} INFO - Processing file /opt/airflow/dags/update_car_data_dag.py for tasks to queue
[2025-09-08T07:57:26.978+0000] {logging_mixin.py:188} INFO - [2025-09-08T07:57:26.977+0000] {dagbag.py:538} INFO - Filling up the DagBag from /opt/airflow/dags/update_car_data_dag.py
[2025-09-08T07:57:27.003+0000] {processor.py:840} INFO - DAG(s) 'update_car_data' retrieved from /opt/airflow/dags/update_car_data_dag.py
[2025-09-08T07:57:27.064+0000] {logging_mixin.py:188} INFO - [2025-09-08T07:57:27.064+0000] {dag.py:3036} INFO - Sync 1 DAGs
[2025-09-08T07:57:27.106+0000] {logging_mixin.py:188} INFO - [2025-09-08T07:57:27.106+0000] {dag.py:3823} INFO - Setting next_dagrun for update_car_data to 2025-09-06 15:00:00+00:00, run_after=2025-09-07 15:00:00+00:00
[2025-09-08T07:57:27.220+0000] {processor.py:183} INFO - Processing /opt/airflow/dags/update_car_data_dag.py took 0.259 seconds
[2025-09-08T07:57:57.559+0000] {processor.py:161} INFO - Started process (PID=950) to work on /opt/airflow/dags/update_car_data_dag.py
[2025-09-08T07:57:57.565+0000] {processor.py:830} INFO - Processing file /opt/airflow/dags/update_car_data_dag.py for tasks to queue
[2025-09-08T07:57:57.570+0000] {logging_mixin.py:188} INFO - [2025-09-08T07:57:57.568+0000] {dagbag.py:538} INFO - Filling up the DagBag from /opt/airflow/dags/update_car_data_dag.py
[2025-09-08T07:57:57.647+0000] {processor.py:840} INFO - DAG(s) 'update_car_data' retrieved from /opt/airflow/dags/update_car_data_dag.py
[2025-09-08T07:57:57.727+0000] {logging_mixin.py:188} INFO - [2025-09-08T07:57:57.727+0000] {dag.py:3036} INFO - Sync 1 DAGs
[2025-09-08T07:57:57.775+0000] {logging_mixin.py:188} INFO - [2025-09-08T07:57:57.774+0000] {dag.py:3823} INFO - Setting next_dagrun for update_car_data to 2025-09-06 15:00:00+00:00, run_after=2025-09-07 15:00:00+00:00
[2025-09-08T07:57:57.908+0000] {processor.py:183} INFO - Processing /opt/airflow/dags/update_car_data_dag.py took 0.372 seconds
[2025-09-08T07:58:28.020+0000] {processor.py:161} INFO - Started process (PID=955) to work on /opt/airflow/dags/update_car_data_dag.py
[2025-09-08T07:58:28.021+0000] {processor.py:830} INFO - Processing file /opt/airflow/dags/update_car_data_dag.py for tasks to queue
[2025-09-08T07:58:28.029+0000] {logging_mixin.py:188} INFO - [2025-09-08T07:58:28.026+0000] {dagbag.py:538} INFO - Filling up the DagBag from /opt/airflow/dags/update_car_data_dag.py
[2025-09-08T07:58:28.223+0000] {processor.py:840} INFO - DAG(s) 'update_car_data' retrieved from /opt/airflow/dags/update_car_data_dag.py
[2025-09-08T07:58:28.460+0000] {logging_mixin.py:188} INFO - [2025-09-08T07:58:28.460+0000] {dag.py:3036} INFO - Sync 1 DAGs
[2025-09-08T07:58:28.745+0000] {logging_mixin.py:188} INFO - [2025-09-08T07:58:28.744+0000] {dag.py:3823} INFO - Setting next_dagrun for update_car_data to 2025-09-06 15:00:00+00:00, run_after=2025-09-07 15:00:00+00:00
[2025-09-08T07:58:28.869+0000] {processor.py:183} INFO - Processing /opt/airflow/dags/update_car_data_dag.py took 0.870 seconds
[2025-09-08T07:58:59.200+0000] {processor.py:161} INFO - Started process (PID=960) to work on /opt/airflow/dags/update_car_data_dag.py
[2025-09-08T07:58:59.201+0000] {processor.py:830} INFO - Processing file /opt/airflow/dags/update_car_data_dag.py for tasks to queue
[2025-09-08T07:58:59.202+0000] {logging_mixin.py:188} INFO - [2025-09-08T07:58:59.202+0000] {dagbag.py:538} INFO - Filling up the DagBag from /opt/airflow/dags/update_car_data_dag.py
[2025-09-08T07:58:59.221+0000] {processor.py:840} INFO - DAG(s) 'update_car_data' retrieved from /opt/airflow/dags/update_car_data_dag.py
[2025-09-08T07:58:59.260+0000] {logging_mixin.py:188} INFO - [2025-09-08T07:58:59.260+0000] {dag.py:3036} INFO - Sync 1 DAGs
[2025-09-08T07:58:59.280+0000] {logging_mixin.py:188} INFO - [2025-09-08T07:58:59.280+0000] {dag.py:3823} INFO - Setting next_dagrun for update_car_data to 2025-09-06 15:00:00+00:00, run_after=2025-09-07 15:00:00+00:00
[2025-09-08T07:58:59.291+0000] {processor.py:183} INFO - Processing /opt/airflow/dags/update_car_data_dag.py took 0.095 seconds
[2025-09-08T07:59:29.569+0000] {processor.py:161} INFO - Started process (PID=965) to work on /opt/airflow/dags/update_car_data_dag.py
[2025-09-08T07:59:29.571+0000] {processor.py:830} INFO - Processing file /opt/airflow/dags/update_car_data_dag.py for tasks to queue
[2025-09-08T07:59:29.573+0000] {logging_mixin.py:188} INFO - [2025-09-08T07:59:29.572+0000] {dagbag.py:538} INFO - Filling up the DagBag from /opt/airflow/dags/update_car_data_dag.py
[2025-09-08T07:59:29.605+0000] {processor.py:840} INFO - DAG(s) 'update_car_data' retrieved from /opt/airflow/dags/update_car_data_dag.py
[2025-09-08T07:59:29.654+0000] {logging_mixin.py:188} INFO - [2025-09-08T07:59:29.654+0000] {dag.py:3036} INFO - Sync 1 DAGs
[2025-09-08T07:59:29.678+0000] {logging_mixin.py:188} INFO - [2025-09-08T07:59:29.678+0000] {dag.py:3823} INFO - Setting next_dagrun for update_car_data to 2025-09-06 15:00:00+00:00, run_after=2025-09-07 15:00:00+00:00
[2025-09-08T07:59:29.689+0000] {processor.py:183} INFO - Processing /opt/airflow/dags/update_car_data_dag.py took 0.127 seconds
[2025-09-08T08:00:00.103+0000] {processor.py:161} INFO - Started process (PID=970) to work on /opt/airflow/dags/update_car_data_dag.py
[2025-09-08T08:00:00.105+0000] {processor.py:830} INFO - Processing file /opt/airflow/dags/update_car_data_dag.py for tasks to queue
[2025-09-08T08:00:00.106+0000] {logging_mixin.py:188} INFO - [2025-09-08T08:00:00.106+0000] {dagbag.py:538} INFO - Filling up the DagBag from /opt/airflow/dags/update_car_data_dag.py
[2025-09-08T08:00:00.128+0000] {processor.py:840} INFO - DAG(s) 'update_car_data' retrieved from /opt/airflow/dags/update_car_data_dag.py
[2025-09-08T08:00:00.175+0000] {logging_mixin.py:188} INFO - [2025-09-08T08:00:00.175+0000] {dag.py:3036} INFO - Sync 1 DAGs
[2025-09-08T08:00:00.198+0000] {logging_mixin.py:188} INFO - [2025-09-08T08:00:00.198+0000] {dag.py:3823} INFO - Setting next_dagrun for update_car_data to 2025-09-06 15:00:00+00:00, run_after=2025-09-07 15:00:00+00:00
[2025-09-08T08:00:00.210+0000] {processor.py:183} INFO - Processing /opt/airflow/dags/update_car_data_dag.py took 0.112 seconds
[2025-09-08T08:00:30.451+0000] {processor.py:161} INFO - Started process (PID=975) to work on /opt/airflow/dags/update_car_data_dag.py
[2025-09-08T08:00:30.453+0000] {processor.py:830} INFO - Processing file /opt/airflow/dags/update_car_data_dag.py for tasks to queue
[2025-09-08T08:00:30.454+0000] {logging_mixin.py:188} INFO - [2025-09-08T08:00:30.453+0000] {dagbag.py:538} INFO - Filling up the DagBag from /opt/airflow/dags/update_car_data_dag.py
[2025-09-08T08:00:30.476+0000] {processor.py:840} INFO - DAG(s) 'update_car_data' retrieved from /opt/airflow/dags/update_car_data_dag.py
[2025-09-08T08:00:30.517+0000] {logging_mixin.py:188} INFO - [2025-09-08T08:00:30.517+0000] {dag.py:3036} INFO - Sync 1 DAGs
[2025-09-08T08:00:30.538+0000] {logging_mixin.py:188} INFO - [2025-09-08T08:00:30.538+0000] {dag.py:3823} INFO - Setting next_dagrun for update_car_data to 2025-09-06 15:00:00+00:00, run_after=2025-09-07 15:00:00+00:00
[2025-09-08T08:00:30.595+0000] {processor.py:183} INFO - Processing /opt/airflow/dags/update_car_data_dag.py took 0.148 seconds
[2025-09-08T08:01:00.939+0000] {processor.py:161} INFO - Started process (PID=980) to work on /opt/airflow/dags/update_car_data_dag.py
[2025-09-08T08:01:00.940+0000] {processor.py:830} INFO - Processing file /opt/airflow/dags/update_car_data_dag.py for tasks to queue
[2025-09-08T08:01:00.941+0000] {logging_mixin.py:188} INFO - [2025-09-08T08:01:00.941+0000] {dagbag.py:538} INFO - Filling up the DagBag from /opt/airflow/dags/update_car_data_dag.py
[2025-09-08T08:01:00.961+0000] {processor.py:840} INFO - DAG(s) 'update_car_data' retrieved from /opt/airflow/dags/update_car_data_dag.py
[2025-09-08T08:01:00.999+0000] {logging_mixin.py:188} INFO - [2025-09-08T08:01:00.999+0000] {dag.py:3036} INFO - Sync 1 DAGs
[2025-09-08T08:01:01.021+0000] {logging_mixin.py:188} INFO - [2025-09-08T08:01:01.020+0000] {dag.py:3823} INFO - Setting next_dagrun for update_car_data to 2025-09-06 15:00:00+00:00, run_after=2025-09-07 15:00:00+00:00
[2025-09-08T08:01:01.100+0000] {processor.py:183} INFO - Processing /opt/airflow/dags/update_car_data_dag.py took 0.166 seconds
[2025-09-08T08:01:31.335+0000] {processor.py:161} INFO - Started process (PID=985) to work on /opt/airflow/dags/update_car_data_dag.py
[2025-09-08T08:01:31.338+0000] {processor.py:830} INFO - Processing file /opt/airflow/dags/update_car_data_dag.py for tasks to queue
[2025-09-08T08:01:31.339+0000] {logging_mixin.py:188} INFO - [2025-09-08T08:01:31.338+0000] {dagbag.py:538} INFO - Filling up the DagBag from /opt/airflow/dags/update_car_data_dag.py
[2025-09-08T08:01:31.360+0000] {processor.py:840} INFO - DAG(s) 'update_car_data' retrieved from /opt/airflow/dags/update_car_data_dag.py
[2025-09-08T08:01:31.403+0000] {logging_mixin.py:188} INFO - [2025-09-08T08:01:31.403+0000] {dag.py:3036} INFO - Sync 1 DAGs
[2025-09-08T08:01:31.422+0000] {logging_mixin.py:188} INFO - [2025-09-08T08:01:31.422+0000] {dag.py:3823} INFO - Setting next_dagrun for update_car_data to 2025-09-06 15:00:00+00:00, run_after=2025-09-07 15:00:00+00:00
[2025-09-08T08:01:31.434+0000] {processor.py:183} INFO - Processing /opt/airflow/dags/update_car_data_dag.py took 0.104 seconds
[2025-09-08T08:02:01.818+0000] {processor.py:161} INFO - Started process (PID=990) to work on /opt/airflow/dags/update_car_data_dag.py
[2025-09-08T08:02:01.821+0000] {processor.py:830} INFO - Processing file /opt/airflow/dags/update_car_data_dag.py for tasks to queue
[2025-09-08T08:02:01.822+0000] {logging_mixin.py:188} INFO - [2025-09-08T08:02:01.821+0000] {dagbag.py:538} INFO - Filling up the DagBag from /opt/airflow/dags/update_car_data_dag.py
[2025-09-08T08:02:01.853+0000] {processor.py:840} INFO - DAG(s) 'update_car_data' retrieved from /opt/airflow/dags/update_car_data_dag.py
[2025-09-08T08:02:01.904+0000] {logging_mixin.py:188} INFO - [2025-09-08T08:02:01.903+0000] {dag.py:3036} INFO - Sync 1 DAGs
[2025-09-08T08:02:01.933+0000] {logging_mixin.py:188} INFO - [2025-09-08T08:02:01.933+0000] {dag.py:3823} INFO - Setting next_dagrun for update_car_data to 2025-09-06 15:00:00+00:00, run_after=2025-09-07 15:00:00+00:00
[2025-09-08T08:02:01.947+0000] {processor.py:183} INFO - Processing /opt/airflow/dags/update_car_data_dag.py took 0.134 seconds
[2025-09-08T08:02:32.256+0000] {processor.py:161} INFO - Started process (PID=995) to work on /opt/airflow/dags/update_car_data_dag.py
[2025-09-08T08:02:32.258+0000] {processor.py:830} INFO - Processing file /opt/airflow/dags/update_car_data_dag.py for tasks to queue
[2025-09-08T08:02:32.259+0000] {logging_mixin.py:188} INFO - [2025-09-08T08:02:32.258+0000] {dagbag.py:538} INFO - Filling up the DagBag from /opt/airflow/dags/update_car_data_dag.py
[2025-09-08T08:02:32.274+0000] {processor.py:840} INFO - DAG(s) 'update_car_data' retrieved from /opt/airflow/dags/update_car_data_dag.py
[2025-09-08T08:02:32.309+0000] {logging_mixin.py:188} INFO - [2025-09-08T08:02:32.308+0000] {dag.py:3036} INFO - Sync 1 DAGs
[2025-09-08T08:02:32.331+0000] {logging_mixin.py:188} INFO - [2025-09-08T08:02:32.330+0000] {dag.py:3823} INFO - Setting next_dagrun for update_car_data to 2025-09-06 15:00:00+00:00, run_after=2025-09-07 15:00:00+00:00
[2025-09-08T08:02:32.342+0000] {processor.py:183} INFO - Processing /opt/airflow/dags/update_car_data_dag.py took 0.090 seconds
[2025-09-08T08:03:02.718+0000] {processor.py:161} INFO - Started process (PID=1000) to work on /opt/airflow/dags/update_car_data_dag.py
[2025-09-08T08:03:02.724+0000] {processor.py:830} INFO - Processing file /opt/airflow/dags/update_car_data_dag.py for tasks to queue
[2025-09-08T08:03:02.727+0000] {logging_mixin.py:188} INFO - [2025-09-08T08:03:02.727+0000] {dagbag.py:538} INFO - Filling up the DagBag from /opt/airflow/dags/update_car_data_dag.py
[2025-09-08T08:03:02.771+0000] {processor.py:840} INFO - DAG(s) 'update_car_data' retrieved from /opt/airflow/dags/update_car_data_dag.py
[2025-09-08T08:03:02.840+0000] {logging_mixin.py:188} INFO - [2025-09-08T08:03:02.840+0000] {dag.py:3036} INFO - Sync 1 DAGs
[2025-09-08T08:03:02.866+0000] {logging_mixin.py:188} INFO - [2025-09-08T08:03:02.866+0000] {dag.py:3823} INFO - Setting next_dagrun for update_car_data to 2025-09-06 15:00:00+00:00, run_after=2025-09-07 15:00:00+00:00
[2025-09-08T08:03:02.879+0000] {processor.py:183} INFO - Processing /opt/airflow/dags/update_car_data_dag.py took 0.170 seconds
[2025-09-08T08:03:33.185+0000] {processor.py:161} INFO - Started process (PID=1005) to work on /opt/airflow/dags/update_car_data_dag.py
[2025-09-08T08:03:33.186+0000] {processor.py:830} INFO - Processing file /opt/airflow/dags/update_car_data_dag.py for tasks to queue
[2025-09-08T08:03:33.187+0000] {logging_mixin.py:188} INFO - [2025-09-08T08:03:33.187+0000] {dagbag.py:538} INFO - Filling up the DagBag from /opt/airflow/dags/update_car_data_dag.py
[2025-09-08T08:03:33.212+0000] {processor.py:840} INFO - DAG(s) 'update_car_data' retrieved from /opt/airflow/dags/update_car_data_dag.py
[2025-09-08T08:03:33.257+0000] {logging_mixin.py:188} INFO - [2025-09-08T08:03:33.257+0000] {dag.py:3036} INFO - Sync 1 DAGs
[2025-09-08T08:03:33.280+0000] {logging_mixin.py:188} INFO - [2025-09-08T08:03:33.280+0000] {dag.py:3823} INFO - Setting next_dagrun for update_car_data to 2025-09-06 15:00:00+00:00, run_after=2025-09-07 15:00:00+00:00
[2025-09-08T08:03:33.292+0000] {processor.py:183} INFO - Processing /opt/airflow/dags/update_car_data_dag.py took 0.113 seconds
[2025-09-08T08:04:03.750+0000] {processor.py:161} INFO - Started process (PID=1010) to work on /opt/airflow/dags/update_car_data_dag.py
[2025-09-08T08:04:03.756+0000] {processor.py:830} INFO - Processing file /opt/airflow/dags/update_car_data_dag.py for tasks to queue
[2025-09-08T08:04:03.761+0000] {logging_mixin.py:188} INFO - [2025-09-08T08:04:03.758+0000] {dagbag.py:538} INFO - Filling up the DagBag from /opt/airflow/dags/update_car_data_dag.py
[2025-09-08T08:04:03.838+0000] {processor.py:840} INFO - DAG(s) 'update_car_data' retrieved from /opt/airflow/dags/update_car_data_dag.py
[2025-09-08T08:04:03.915+0000] {logging_mixin.py:188} INFO - [2025-09-08T08:04:03.915+0000] {dag.py:3036} INFO - Sync 1 DAGs
[2025-09-08T08:04:03.952+0000] {logging_mixin.py:188} INFO - [2025-09-08T08:04:03.952+0000] {dag.py:3823} INFO - Setting next_dagrun for update_car_data to 2025-09-06 15:00:00+00:00, run_after=2025-09-07 15:00:00+00:00
[2025-09-08T08:04:03.973+0000] {processor.py:183} INFO - Processing /opt/airflow/dags/update_car_data_dag.py took 0.241 seconds
[2025-09-08T08:04:34.068+0000] {processor.py:161} INFO - Started process (PID=1015) to work on /opt/airflow/dags/update_car_data_dag.py
[2025-09-08T08:04:34.073+0000] {processor.py:830} INFO - Processing file /opt/airflow/dags/update_car_data_dag.py for tasks to queue
[2025-09-08T08:04:34.074+0000] {logging_mixin.py:188} INFO - [2025-09-08T08:04:34.074+0000] {dagbag.py:538} INFO - Filling up the DagBag from /opt/airflow/dags/update_car_data_dag.py
[2025-09-08T08:04:34.091+0000] {processor.py:840} INFO - DAG(s) 'update_car_data' retrieved from /opt/airflow/dags/update_car_data_dag.py
[2025-09-08T08:04:34.146+0000] {logging_mixin.py:188} INFO - [2025-09-08T08:04:34.146+0000] {dag.py:3036} INFO - Sync 1 DAGs
[2025-09-08T08:04:34.175+0000] {logging_mixin.py:188} INFO - [2025-09-08T08:04:34.175+0000] {dag.py:3823} INFO - Setting next_dagrun for update_car_data to 2025-09-06 15:00:00+00:00, run_after=2025-09-07 15:00:00+00:00
[2025-09-08T08:04:34.194+0000] {processor.py:183} INFO - Processing /opt/airflow/dags/update_car_data_dag.py took 0.132 seconds
[2025-09-08T08:05:04.407+0000] {processor.py:161} INFO - Started process (PID=1020) to work on /opt/airflow/dags/update_car_data_dag.py
[2025-09-08T08:05:04.466+0000] {processor.py:830} INFO - Processing file /opt/airflow/dags/update_car_data_dag.py for tasks to queue
[2025-09-08T08:05:04.468+0000] {logging_mixin.py:188} INFO - [2025-09-08T08:05:04.467+0000] {dagbag.py:538} INFO - Filling up the DagBag from /opt/airflow/dags/update_car_data_dag.py
[2025-09-08T08:05:04.514+0000] {processor.py:840} INFO - DAG(s) 'update_car_data' retrieved from /opt/airflow/dags/update_car_data_dag.py
[2025-09-08T08:05:04.645+0000] {logging_mixin.py:188} INFO - [2025-09-08T08:05:04.644+0000] {dag.py:3036} INFO - Sync 1 DAGs
[2025-09-08T08:05:04.685+0000] {logging_mixin.py:188} INFO - [2025-09-08T08:05:04.685+0000] {dag.py:3823} INFO - Setting next_dagrun for update_car_data to 2025-09-06 15:00:00+00:00, run_after=2025-09-07 15:00:00+00:00
[2025-09-08T08:05:04.702+0000] {processor.py:183} INFO - Processing /opt/airflow/dags/update_car_data_dag.py took 0.300 seconds
[2025-09-08T08:05:34.966+0000] {processor.py:161} INFO - Started process (PID=1025) to work on /opt/airflow/dags/update_car_data_dag.py
[2025-09-08T08:05:34.972+0000] {processor.py:830} INFO - Processing file /opt/airflow/dags/update_car_data_dag.py for tasks to queue
[2025-09-08T08:05:34.974+0000] {logging_mixin.py:188} INFO - [2025-09-08T08:05:34.973+0000] {dagbag.py:538} INFO - Filling up the DagBag from /opt/airflow/dags/update_car_data_dag.py
[2025-09-08T08:05:34.996+0000] {processor.py:840} INFO - DAG(s) 'update_car_data' retrieved from /opt/airflow/dags/update_car_data_dag.py
[2025-09-08T08:05:35.060+0000] {logging_mixin.py:188} INFO - [2025-09-08T08:05:35.060+0000] {dag.py:3036} INFO - Sync 1 DAGs
[2025-09-08T08:05:35.084+0000] {logging_mixin.py:188} INFO - [2025-09-08T08:05:35.084+0000] {dag.py:3823} INFO - Setting next_dagrun for update_car_data to 2025-09-06 15:00:00+00:00, run_after=2025-09-07 15:00:00+00:00
[2025-09-08T08:05:35.161+0000] {processor.py:183} INFO - Processing /opt/airflow/dags/update_car_data_dag.py took 0.214 seconds
[2025-09-08T08:06:05.393+0000] {processor.py:161} INFO - Started process (PID=1030) to work on /opt/airflow/dags/update_car_data_dag.py
[2025-09-08T08:06:05.395+0000] {processor.py:830} INFO - Processing file /opt/airflow/dags/update_car_data_dag.py for tasks to queue
[2025-09-08T08:06:05.399+0000] {logging_mixin.py:188} INFO - [2025-09-08T08:06:05.397+0000] {dagbag.py:538} INFO - Filling up the DagBag from /opt/airflow/dags/update_car_data_dag.py
[2025-09-08T08:06:05.438+0000] {processor.py:840} INFO - DAG(s) 'update_car_data' retrieved from /opt/airflow/dags/update_car_data_dag.py
[2025-09-08T08:06:05.525+0000] {logging_mixin.py:188} INFO - [2025-09-08T08:06:05.524+0000] {dag.py:3036} INFO - Sync 1 DAGs
[2025-09-08T08:06:05.629+0000] {logging_mixin.py:188} INFO - [2025-09-08T08:06:05.629+0000] {dag.py:3823} INFO - Setting next_dagrun for update_car_data to 2025-09-06 15:00:00+00:00, run_after=2025-09-07 15:00:00+00:00
[2025-09-08T08:06:05.721+0000] {processor.py:183} INFO - Processing /opt/airflow/dags/update_car_data_dag.py took 0.342 seconds
[2025-09-08T08:17:13.747+0000] {processor.py:161} INFO - Started process (PID=1035) to work on /opt/airflow/dags/update_car_data_dag.py
[2025-09-08T08:17:13.748+0000] {processor.py:830} INFO - Processing file /opt/airflow/dags/update_car_data_dag.py for tasks to queue
[2025-09-08T08:17:13.749+0000] {logging_mixin.py:188} INFO - [2025-09-08T08:17:13.749+0000] {dagbag.py:538} INFO - Filling up the DagBag from /opt/airflow/dags/update_car_data_dag.py
[2025-09-08T08:17:13.769+0000] {processor.py:840} INFO - DAG(s) 'update_car_data' retrieved from /opt/airflow/dags/update_car_data_dag.py
[2025-09-08T08:17:13.833+0000] {logging_mixin.py:188} INFO - [2025-09-08T08:17:13.833+0000] {dag.py:3036} INFO - Sync 1 DAGs
[2025-09-08T08:17:13.866+0000] {logging_mixin.py:188} INFO - [2025-09-08T08:17:13.866+0000] {dag.py:3823} INFO - Setting next_dagrun for update_car_data to 2025-09-06 15:00:00+00:00, run_after=2025-09-07 15:00:00+00:00
[2025-09-08T08:17:13.886+0000] {processor.py:183} INFO - Processing /opt/airflow/dags/update_car_data_dag.py took 0.144 seconds
[2025-09-08T08:17:44.280+0000] {processor.py:161} INFO - Started process (PID=1042) to work on /opt/airflow/dags/update_car_data_dag.py
[2025-09-08T08:17:44.282+0000] {processor.py:830} INFO - Processing file /opt/airflow/dags/update_car_data_dag.py for tasks to queue
[2025-09-08T08:17:44.283+0000] {logging_mixin.py:188} INFO - [2025-09-08T08:17:44.283+0000] {dagbag.py:538} INFO - Filling up the DagBag from /opt/airflow/dags/update_car_data_dag.py
[2025-09-08T08:17:44.313+0000] {processor.py:840} INFO - DAG(s) 'update_car_data' retrieved from /opt/airflow/dags/update_car_data_dag.py
[2025-09-08T08:17:44.382+0000] {logging_mixin.py:188} INFO - [2025-09-08T08:17:44.381+0000] {dag.py:3036} INFO - Sync 1 DAGs
[2025-09-08T08:17:44.404+0000] {logging_mixin.py:188} INFO - [2025-09-08T08:17:44.404+0000] {dag.py:3823} INFO - Setting next_dagrun for update_car_data to 2025-09-06 15:00:00+00:00, run_after=2025-09-07 15:00:00+00:00
[2025-09-08T08:17:44.417+0000] {processor.py:183} INFO - Processing /opt/airflow/dags/update_car_data_dag.py took 0.147 seconds
[2025-09-08T08:18:14.659+0000] {processor.py:161} INFO - Started process (PID=1047) to work on /opt/airflow/dags/update_car_data_dag.py
[2025-09-08T08:18:14.664+0000] {processor.py:830} INFO - Processing file /opt/airflow/dags/update_car_data_dag.py for tasks to queue
[2025-09-08T08:18:14.665+0000] {logging_mixin.py:188} INFO - [2025-09-08T08:18:14.665+0000] {dagbag.py:538} INFO - Filling up the DagBag from /opt/airflow/dags/update_car_data_dag.py
[2025-09-08T08:18:14.698+0000] {processor.py:840} INFO - DAG(s) 'update_car_data' retrieved from /opt/airflow/dags/update_car_data_dag.py
[2025-09-08T08:18:14.860+0000] {logging_mixin.py:188} INFO - [2025-09-08T08:18:14.859+0000] {dag.py:3036} INFO - Sync 1 DAGs
[2025-09-08T08:18:14.926+0000] {logging_mixin.py:188} INFO - [2025-09-08T08:18:14.926+0000] {dag.py:3823} INFO - Setting next_dagrun for update_car_data to 2025-09-06 15:00:00+00:00, run_after=2025-09-07 15:00:00+00:00
[2025-09-08T08:18:14.992+0000] {processor.py:183} INFO - Processing /opt/airflow/dags/update_car_data_dag.py took 0.352 seconds
[2025-09-08T08:18:45.279+0000] {processor.py:161} INFO - Started process (PID=1052) to work on /opt/airflow/dags/update_car_data_dag.py
[2025-09-08T08:18:45.285+0000] {processor.py:830} INFO - Processing file /opt/airflow/dags/update_car_data_dag.py for tasks to queue
[2025-09-08T08:18:45.288+0000] {logging_mixin.py:188} INFO - [2025-09-08T08:18:45.285+0000] {dagbag.py:538} INFO - Filling up the DagBag from /opt/airflow/dags/update_car_data_dag.py
[2025-09-08T08:18:45.309+0000] {processor.py:840} INFO - DAG(s) 'update_car_data' retrieved from /opt/airflow/dags/update_car_data_dag.py
[2025-09-08T08:18:45.398+0000] {logging_mixin.py:188} INFO - [2025-09-08T08:18:45.398+0000] {dag.py:3036} INFO - Sync 1 DAGs
[2025-09-08T08:18:45.446+0000] {logging_mixin.py:188} INFO - [2025-09-08T08:18:45.446+0000] {dag.py:3823} INFO - Setting next_dagrun for update_car_data to 2025-09-06 15:00:00+00:00, run_after=2025-09-07 15:00:00+00:00
[2025-09-08T08:18:45.479+0000] {processor.py:183} INFO - Processing /opt/airflow/dags/update_car_data_dag.py took 0.217 seconds
[2025-09-08T08:19:15.713+0000] {processor.py:161} INFO - Started process (PID=1057) to work on /opt/airflow/dags/update_car_data_dag.py
[2025-09-08T08:19:15.715+0000] {processor.py:830} INFO - Processing file /opt/airflow/dags/update_car_data_dag.py for tasks to queue
[2025-09-08T08:19:15.716+0000] {logging_mixin.py:188} INFO - [2025-09-08T08:19:15.716+0000] {dagbag.py:538} INFO - Filling up the DagBag from /opt/airflow/dags/update_car_data_dag.py
[2025-09-08T08:19:15.736+0000] {processor.py:840} INFO - DAG(s) 'update_car_data' retrieved from /opt/airflow/dags/update_car_data_dag.py
[2025-09-08T08:19:15.777+0000] {logging_mixin.py:188} INFO - [2025-09-08T08:19:15.776+0000] {dag.py:3036} INFO - Sync 1 DAGs
[2025-09-08T08:19:15.805+0000] {logging_mixin.py:188} INFO - [2025-09-08T08:19:15.805+0000] {dag.py:3823} INFO - Setting next_dagrun for update_car_data to 2025-09-06 15:00:00+00:00, run_after=2025-09-07 15:00:00+00:00
[2025-09-08T08:19:15.819+0000] {processor.py:183} INFO - Processing /opt/airflow/dags/update_car_data_dag.py took 0.119 seconds
[2025-09-08T08:19:46.069+0000] {processor.py:161} INFO - Started process (PID=1062) to work on /opt/airflow/dags/update_car_data_dag.py
[2025-09-08T08:19:46.070+0000] {processor.py:830} INFO - Processing file /opt/airflow/dags/update_car_data_dag.py for tasks to queue
[2025-09-08T08:19:46.071+0000] {logging_mixin.py:188} INFO - [2025-09-08T08:19:46.071+0000] {dagbag.py:538} INFO - Filling up the DagBag from /opt/airflow/dags/update_car_data_dag.py
[2025-09-08T08:19:46.089+0000] {processor.py:840} INFO - DAG(s) 'update_car_data' retrieved from /opt/airflow/dags/update_car_data_dag.py
[2025-09-08T08:19:46.135+0000] {logging_mixin.py:188} INFO - [2025-09-08T08:19:46.135+0000] {dag.py:3036} INFO - Sync 1 DAGs
[2025-09-08T08:19:46.152+0000] {logging_mixin.py:188} INFO - [2025-09-08T08:19:46.152+0000] {dag.py:3823} INFO - Setting next_dagrun for update_car_data to 2025-09-06 15:00:00+00:00, run_after=2025-09-07 15:00:00+00:00
[2025-09-08T08:19:46.166+0000] {processor.py:183} INFO - Processing /opt/airflow/dags/update_car_data_dag.py took 0.108 seconds
[2025-09-08T08:20:16.509+0000] {processor.py:161} INFO - Started process (PID=1067) to work on /opt/airflow/dags/update_car_data_dag.py
[2025-09-08T08:20:16.512+0000] {processor.py:830} INFO - Processing file /opt/airflow/dags/update_car_data_dag.py for tasks to queue
[2025-09-08T08:20:16.513+0000] {logging_mixin.py:188} INFO - [2025-09-08T08:20:16.512+0000] {dagbag.py:538} INFO - Filling up the DagBag from /opt/airflow/dags/update_car_data_dag.py
[2025-09-08T08:20:16.533+0000] {processor.py:840} INFO - DAG(s) 'update_car_data' retrieved from /opt/airflow/dags/update_car_data_dag.py
[2025-09-08T08:20:16.592+0000] {logging_mixin.py:188} INFO - [2025-09-08T08:20:16.591+0000] {dag.py:3036} INFO - Sync 1 DAGs
[2025-09-08T08:20:16.613+0000] {logging_mixin.py:188} INFO - [2025-09-08T08:20:16.613+0000] {dag.py:3823} INFO - Setting next_dagrun for update_car_data to 2025-09-06 15:00:00+00:00, run_after=2025-09-07 15:00:00+00:00
[2025-09-08T08:20:16.660+0000] {processor.py:183} INFO - Processing /opt/airflow/dags/update_car_data_dag.py took 0.162 seconds
[2025-09-08T08:20:46.914+0000] {processor.py:161} INFO - Started process (PID=1072) to work on /opt/airflow/dags/update_car_data_dag.py
[2025-09-08T08:20:46.916+0000] {processor.py:830} INFO - Processing file /opt/airflow/dags/update_car_data_dag.py for tasks to queue
[2025-09-08T08:20:46.918+0000] {logging_mixin.py:188} INFO - [2025-09-08T08:20:46.917+0000] {dagbag.py:538} INFO - Filling up the DagBag from /opt/airflow/dags/update_car_data_dag.py
[2025-09-08T08:20:46.946+0000] {processor.py:840} INFO - DAG(s) 'update_car_data' retrieved from /opt/airflow/dags/update_car_data_dag.py
[2025-09-08T08:20:47.008+0000] {logging_mixin.py:188} INFO - [2025-09-08T08:20:47.008+0000] {dag.py:3036} INFO - Sync 1 DAGs
[2025-09-08T08:20:47.031+0000] {logging_mixin.py:188} INFO - [2025-09-08T08:20:47.031+0000] {dag.py:3823} INFO - Setting next_dagrun for update_car_data to 2025-09-06 15:00:00+00:00, run_after=2025-09-07 15:00:00+00:00
[2025-09-08T08:20:47.046+0000] {processor.py:183} INFO - Processing /opt/airflow/dags/update_car_data_dag.py took 0.145 seconds
[2025-09-08T08:21:17.319+0000] {processor.py:161} INFO - Started process (PID=1077) to work on /opt/airflow/dags/update_car_data_dag.py
[2025-09-08T08:21:17.323+0000] {processor.py:830} INFO - Processing file /opt/airflow/dags/update_car_data_dag.py for tasks to queue
[2025-09-08T08:21:17.325+0000] {logging_mixin.py:188} INFO - [2025-09-08T08:21:17.324+0000] {dagbag.py:538} INFO - Filling up the DagBag from /opt/airflow/dags/update_car_data_dag.py
[2025-09-08T08:21:17.346+0000] {processor.py:840} INFO - DAG(s) 'update_car_data' retrieved from /opt/airflow/dags/update_car_data_dag.py
[2025-09-08T08:21:17.395+0000] {logging_mixin.py:188} INFO - [2025-09-08T08:21:17.394+0000] {dag.py:3036} INFO - Sync 1 DAGs
[2025-09-08T08:21:17.413+0000] {logging_mixin.py:188} INFO - [2025-09-08T08:21:17.412+0000] {dag.py:3823} INFO - Setting next_dagrun for update_car_data to 2025-09-06 15:00:00+00:00, run_after=2025-09-07 15:00:00+00:00
[2025-09-08T08:21:17.423+0000] {processor.py:183} INFO - Processing /opt/airflow/dags/update_car_data_dag.py took 0.109 seconds
[2025-09-08T08:21:47.763+0000] {processor.py:161} INFO - Started process (PID=1082) to work on /opt/airflow/dags/update_car_data_dag.py
[2025-09-08T08:21:47.766+0000] {processor.py:830} INFO - Processing file /opt/airflow/dags/update_car_data_dag.py for tasks to queue
[2025-09-08T08:21:47.767+0000] {logging_mixin.py:188} INFO - [2025-09-08T08:21:47.767+0000] {dagbag.py:538} INFO - Filling up the DagBag from /opt/airflow/dags/update_car_data_dag.py
[2025-09-08T08:21:47.790+0000] {processor.py:840} INFO - DAG(s) 'update_car_data' retrieved from /opt/airflow/dags/update_car_data_dag.py
[2025-09-08T08:21:47.839+0000] {logging_mixin.py:188} INFO - [2025-09-08T08:21:47.839+0000] {dag.py:3036} INFO - Sync 1 DAGs
[2025-09-08T08:21:47.868+0000] {logging_mixin.py:188} INFO - [2025-09-08T08:21:47.868+0000] {dag.py:3823} INFO - Setting next_dagrun for update_car_data to 2025-09-06 15:00:00+00:00, run_after=2025-09-07 15:00:00+00:00
[2025-09-08T08:21:47.881+0000] {processor.py:183} INFO - Processing /opt/airflow/dags/update_car_data_dag.py took 0.127 seconds
[2025-09-08T08:22:18.267+0000] {processor.py:161} INFO - Started process (PID=1087) to work on /opt/airflow/dags/update_car_data_dag.py
[2025-09-08T08:22:18.269+0000] {processor.py:830} INFO - Processing file /opt/airflow/dags/update_car_data_dag.py for tasks to queue
[2025-09-08T08:22:18.270+0000] {logging_mixin.py:188} INFO - [2025-09-08T08:22:18.269+0000] {dagbag.py:538} INFO - Filling up the DagBag from /opt/airflow/dags/update_car_data_dag.py
[2025-09-08T08:22:18.296+0000] {processor.py:840} INFO - DAG(s) 'update_car_data' retrieved from /opt/airflow/dags/update_car_data_dag.py
[2025-09-08T08:22:18.347+0000] {logging_mixin.py:188} INFO - [2025-09-08T08:22:18.347+0000] {dag.py:3036} INFO - Sync 1 DAGs
[2025-09-08T08:22:18.376+0000] {logging_mixin.py:188} INFO - [2025-09-08T08:22:18.376+0000] {dag.py:3823} INFO - Setting next_dagrun for update_car_data to 2025-09-06 15:00:00+00:00, run_after=2025-09-07 15:00:00+00:00
[2025-09-08T08:22:18.390+0000] {processor.py:183} INFO - Processing /opt/airflow/dags/update_car_data_dag.py took 0.137 seconds
[2025-09-08T08:22:48.714+0000] {processor.py:161} INFO - Started process (PID=1092) to work on /opt/airflow/dags/update_car_data_dag.py
[2025-09-08T08:22:48.716+0000] {processor.py:830} INFO - Processing file /opt/airflow/dags/update_car_data_dag.py for tasks to queue
[2025-09-08T08:22:48.717+0000] {logging_mixin.py:188} INFO - [2025-09-08T08:22:48.716+0000] {dagbag.py:538} INFO - Filling up the DagBag from /opt/airflow/dags/update_car_data_dag.py
[2025-09-08T08:22:48.737+0000] {processor.py:840} INFO - DAG(s) 'update_car_data' retrieved from /opt/airflow/dags/update_car_data_dag.py
[2025-09-08T08:22:48.790+0000] {logging_mixin.py:188} INFO - [2025-09-08T08:22:48.790+0000] {dag.py:3036} INFO - Sync 1 DAGs
[2025-09-08T08:22:48.813+0000] {logging_mixin.py:188} INFO - [2025-09-08T08:22:48.813+0000] {dag.py:3823} INFO - Setting next_dagrun for update_car_data to 2025-09-06 15:00:00+00:00, run_after=2025-09-07 15:00:00+00:00
[2025-09-08T08:22:48.826+0000] {processor.py:183} INFO - Processing /opt/airflow/dags/update_car_data_dag.py took 0.121 seconds
[2025-09-08T08:23:19.148+0000] {processor.py:161} INFO - Started process (PID=1097) to work on /opt/airflow/dags/update_car_data_dag.py
[2025-09-08T08:23:19.149+0000] {processor.py:830} INFO - Processing file /opt/airflow/dags/update_car_data_dag.py for tasks to queue
[2025-09-08T08:23:19.152+0000] {logging_mixin.py:188} INFO - [2025-09-08T08:23:19.150+0000] {dagbag.py:538} INFO - Filling up the DagBag from /opt/airflow/dags/update_car_data_dag.py
[2025-09-08T08:23:19.176+0000] {processor.py:840} INFO - DAG(s) 'update_car_data' retrieved from /opt/airflow/dags/update_car_data_dag.py
[2025-09-08T08:23:19.243+0000] {logging_mixin.py:188} INFO - [2025-09-08T08:23:19.243+0000] {dag.py:3036} INFO - Sync 1 DAGs
[2025-09-08T08:23:19.280+0000] {logging_mixin.py:188} INFO - [2025-09-08T08:23:19.279+0000] {dag.py:3823} INFO - Setting next_dagrun for update_car_data to 2025-09-06 15:00:00+00:00, run_after=2025-09-07 15:00:00+00:00
[2025-09-08T08:23:19.294+0000] {processor.py:183} INFO - Processing /opt/airflow/dags/update_car_data_dag.py took 0.151 seconds
[2025-09-08T08:23:49.727+0000] {processor.py:161} INFO - Started process (PID=1102) to work on /opt/airflow/dags/update_car_data_dag.py
[2025-09-08T08:23:49.731+0000] {processor.py:830} INFO - Processing file /opt/airflow/dags/update_car_data_dag.py for tasks to queue
[2025-09-08T08:23:49.733+0000] {logging_mixin.py:188} INFO - [2025-09-08T08:23:49.732+0000] {dagbag.py:538} INFO - Filling up the DagBag from /opt/airflow/dags/update_car_data_dag.py
[2025-09-08T08:23:49.762+0000] {processor.py:840} INFO - DAG(s) 'update_car_data' retrieved from /opt/airflow/dags/update_car_data_dag.py
[2025-09-08T08:23:49.815+0000] {logging_mixin.py:188} INFO - [2025-09-08T08:23:49.815+0000] {dag.py:3036} INFO - Sync 1 DAGs
[2025-09-08T08:23:49.852+0000] {logging_mixin.py:188} INFO - [2025-09-08T08:23:49.852+0000] {dag.py:3823} INFO - Setting next_dagrun for update_car_data to 2025-09-06 15:00:00+00:00, run_after=2025-09-07 15:00:00+00:00
[2025-09-08T08:23:49.868+0000] {processor.py:183} INFO - Processing /opt/airflow/dags/update_car_data_dag.py took 0.147 seconds
[2025-09-08T08:24:20.153+0000] {processor.py:161} INFO - Started process (PID=1107) to work on /opt/airflow/dags/update_car_data_dag.py
[2025-09-08T08:24:20.155+0000] {processor.py:830} INFO - Processing file /opt/airflow/dags/update_car_data_dag.py for tasks to queue
[2025-09-08T08:24:20.156+0000] {logging_mixin.py:188} INFO - [2025-09-08T08:24:20.156+0000] {dagbag.py:538} INFO - Filling up the DagBag from /opt/airflow/dags/update_car_data_dag.py
[2025-09-08T08:24:20.176+0000] {processor.py:840} INFO - DAG(s) 'update_car_data' retrieved from /opt/airflow/dags/update_car_data_dag.py
[2025-09-08T08:24:20.220+0000] {logging_mixin.py:188} INFO - [2025-09-08T08:24:20.220+0000] {dag.py:3036} INFO - Sync 1 DAGs
[2025-09-08T08:24:20.243+0000] {logging_mixin.py:188} INFO - [2025-09-08T08:24:20.243+0000] {dag.py:3823} INFO - Setting next_dagrun for update_car_data to 2025-09-06 15:00:00+00:00, run_after=2025-09-07 15:00:00+00:00
[2025-09-08T08:24:20.259+0000] {processor.py:183} INFO - Processing /opt/airflow/dags/update_car_data_dag.py took 0.113 seconds
[2025-09-08T08:24:50.804+0000] {processor.py:161} INFO - Started process (PID=1112) to work on /opt/airflow/dags/update_car_data_dag.py
[2025-09-08T08:24:50.807+0000] {processor.py:830} INFO - Processing file /opt/airflow/dags/update_car_data_dag.py for tasks to queue
[2025-09-08T08:24:50.808+0000] {logging_mixin.py:188} INFO - [2025-09-08T08:24:50.807+0000] {dagbag.py:538} INFO - Filling up the DagBag from /opt/airflow/dags/update_car_data_dag.py
[2025-09-08T08:24:50.855+0000] {processor.py:840} INFO - DAG(s) 'update_car_data' retrieved from /opt/airflow/dags/update_car_data_dag.py
[2025-09-08T08:24:50.935+0000] {logging_mixin.py:188} INFO - [2025-09-08T08:24:50.934+0000] {dag.py:3036} INFO - Sync 1 DAGs
[2025-09-08T08:24:50.966+0000] {logging_mixin.py:188} INFO - [2025-09-08T08:24:50.966+0000] {dag.py:3823} INFO - Setting next_dagrun for update_car_data to 2025-09-06 15:00:00+00:00, run_after=2025-09-07 15:00:00+00:00
[2025-09-08T08:24:51.001+0000] {processor.py:183} INFO - Processing /opt/airflow/dags/update_car_data_dag.py took 0.205 seconds
[2025-09-08T08:25:21.275+0000] {processor.py:161} INFO - Started process (PID=1117) to work on /opt/airflow/dags/update_car_data_dag.py
[2025-09-08T08:25:21.276+0000] {processor.py:830} INFO - Processing file /opt/airflow/dags/update_car_data_dag.py for tasks to queue
[2025-09-08T08:25:21.277+0000] {logging_mixin.py:188} INFO - [2025-09-08T08:25:21.277+0000] {dagbag.py:538} INFO - Filling up the DagBag from /opt/airflow/dags/update_car_data_dag.py
[2025-09-08T08:25:21.292+0000] {processor.py:840} INFO - DAG(s) 'update_car_data' retrieved from /opt/airflow/dags/update_car_data_dag.py
[2025-09-08T08:25:21.328+0000] {logging_mixin.py:188} INFO - [2025-09-08T08:25:21.328+0000] {dag.py:3036} INFO - Sync 1 DAGs
[2025-09-08T08:25:21.348+0000] {logging_mixin.py:188} INFO - [2025-09-08T08:25:21.348+0000] {dag.py:3823} INFO - Setting next_dagrun for update_car_data to 2025-09-06 15:00:00+00:00, run_after=2025-09-07 15:00:00+00:00
[2025-09-08T08:25:21.360+0000] {processor.py:183} INFO - Processing /opt/airflow/dags/update_car_data_dag.py took 0.089 seconds
[2025-09-08T08:25:51.684+0000] {processor.py:161} INFO - Started process (PID=1122) to work on /opt/airflow/dags/update_car_data_dag.py
[2025-09-08T08:25:51.687+0000] {processor.py:830} INFO - Processing file /opt/airflow/dags/update_car_data_dag.py for tasks to queue
[2025-09-08T08:25:51.690+0000] {logging_mixin.py:188} INFO - [2025-09-08T08:25:51.689+0000] {dagbag.py:538} INFO - Filling up the DagBag from /opt/airflow/dags/update_car_data_dag.py
[2025-09-08T08:25:51.718+0000] {processor.py:840} INFO - DAG(s) 'update_car_data' retrieved from /opt/airflow/dags/update_car_data_dag.py
[2025-09-08T08:25:51.760+0000] {logging_mixin.py:188} INFO - [2025-09-08T08:25:51.760+0000] {dag.py:3036} INFO - Sync 1 DAGs
[2025-09-08T08:25:51.782+0000] {logging_mixin.py:188} INFO - [2025-09-08T08:25:51.782+0000] {dag.py:3823} INFO - Setting next_dagrun for update_car_data to 2025-09-06 15:00:00+00:00, run_after=2025-09-07 15:00:00+00:00
[2025-09-08T08:25:51.794+0000] {processor.py:183} INFO - Processing /opt/airflow/dags/update_car_data_dag.py took 0.115 seconds
[2025-09-08T08:26:22.594+0000] {processor.py:161} INFO - Started process (PID=1127) to work on /opt/airflow/dags/update_car_data_dag.py
[2025-09-08T08:26:22.598+0000] {processor.py:830} INFO - Processing file /opt/airflow/dags/update_car_data_dag.py for tasks to queue
[2025-09-08T08:26:22.600+0000] {logging_mixin.py:188} INFO - [2025-09-08T08:26:22.599+0000] {dagbag.py:538} INFO - Filling up the DagBag from /opt/airflow/dags/update_car_data_dag.py
[2025-09-08T08:26:22.688+0000] {processor.py:840} INFO - DAG(s) 'update_car_data' retrieved from /opt/airflow/dags/update_car_data_dag.py
[2025-09-08T08:26:22.807+0000] {logging_mixin.py:188} INFO - [2025-09-08T08:26:22.806+0000] {dag.py:3036} INFO - Sync 1 DAGs
[2025-09-08T08:26:22.855+0000] {logging_mixin.py:188} INFO - [2025-09-08T08:26:22.855+0000] {dag.py:3823} INFO - Setting next_dagrun for update_car_data to 2025-09-06 15:00:00+00:00, run_after=2025-09-07 15:00:00+00:00
[2025-09-08T08:26:22.888+0000] {processor.py:183} INFO - Processing /opt/airflow/dags/update_car_data_dag.py took 0.304 seconds
[2025-09-08T08:26:53.659+0000] {processor.py:161} INFO - Started process (PID=1132) to work on /opt/airflow/dags/update_car_data_dag.py
[2025-09-08T08:26:53.661+0000] {processor.py:830} INFO - Processing file /opt/airflow/dags/update_car_data_dag.py for tasks to queue
[2025-09-08T08:26:53.664+0000] {logging_mixin.py:188} INFO - [2025-09-08T08:26:53.663+0000] {dagbag.py:538} INFO - Filling up the DagBag from /opt/airflow/dags/update_car_data_dag.py
[2025-09-08T08:26:53.703+0000] {processor.py:840} INFO - DAG(s) 'update_car_data' retrieved from /opt/airflow/dags/update_car_data_dag.py
[2025-09-08T08:26:53.800+0000] {logging_mixin.py:188} INFO - [2025-09-08T08:26:53.799+0000] {dag.py:3036} INFO - Sync 1 DAGs
[2025-09-08T08:26:53.850+0000] {logging_mixin.py:188} INFO - [2025-09-08T08:26:53.850+0000] {dag.py:3823} INFO - Setting next_dagrun for update_car_data to 2025-09-06 15:00:00+00:00, run_after=2025-09-07 15:00:00+00:00
[2025-09-08T08:26:53.877+0000] {processor.py:183} INFO - Processing /opt/airflow/dags/update_car_data_dag.py took 0.230 seconds
[2025-09-08T08:27:24.477+0000] {processor.py:161} INFO - Started process (PID=1137) to work on /opt/airflow/dags/update_car_data_dag.py
[2025-09-08T08:27:24.482+0000] {processor.py:830} INFO - Processing file /opt/airflow/dags/update_car_data_dag.py for tasks to queue
[2025-09-08T08:27:24.485+0000] {logging_mixin.py:188} INFO - [2025-09-08T08:27:24.483+0000] {dagbag.py:538} INFO - Filling up the DagBag from /opt/airflow/dags/update_car_data_dag.py
[2025-09-08T08:27:24.549+0000] {processor.py:840} INFO - DAG(s) 'update_car_data' retrieved from /opt/airflow/dags/update_car_data_dag.py
[2025-09-08T08:27:24.670+0000] {logging_mixin.py:188} INFO - [2025-09-08T08:27:24.670+0000] {dag.py:3036} INFO - Sync 1 DAGs
[2025-09-08T08:27:24.725+0000] {logging_mixin.py:188} INFO - [2025-09-08T08:27:24.724+0000] {dag.py:3823} INFO - Setting next_dagrun for update_car_data to 2025-09-06 15:00:00+00:00, run_after=2025-09-07 15:00:00+00:00
[2025-09-08T08:27:24.753+0000] {processor.py:183} INFO - Processing /opt/airflow/dags/update_car_data_dag.py took 0.292 seconds
[2025-09-08T08:27:55.289+0000] {processor.py:161} INFO - Started process (PID=1142) to work on /opt/airflow/dags/update_car_data_dag.py
[2025-09-08T08:27:55.298+0000] {processor.py:830} INFO - Processing file /opt/airflow/dags/update_car_data_dag.py for tasks to queue
[2025-09-08T08:27:55.306+0000] {logging_mixin.py:188} INFO - [2025-09-08T08:27:55.302+0000] {dagbag.py:538} INFO - Filling up the DagBag from /opt/airflow/dags/update_car_data_dag.py
[2025-09-08T08:27:55.383+0000] {processor.py:840} INFO - DAG(s) 'update_car_data' retrieved from /opt/airflow/dags/update_car_data_dag.py
[2025-09-08T08:27:55.527+0000] {logging_mixin.py:188} INFO - [2025-09-08T08:27:55.526+0000] {dag.py:3036} INFO - Sync 1 DAGs
[2025-09-08T08:27:55.563+0000] {logging_mixin.py:188} INFO - [2025-09-08T08:27:55.562+0000] {dag.py:3823} INFO - Setting next_dagrun for update_car_data to 2025-09-06 15:00:00+00:00, run_after=2025-09-07 15:00:00+00:00
[2025-09-08T08:27:55.612+0000] {processor.py:183} INFO - Processing /opt/airflow/dags/update_car_data_dag.py took 0.346 seconds
[2025-09-08T08:28:25.778+0000] {processor.py:161} INFO - Started process (PID=1147) to work on /opt/airflow/dags/update_car_data_dag.py
[2025-09-08T08:28:25.780+0000] {processor.py:830} INFO - Processing file /opt/airflow/dags/update_car_data_dag.py for tasks to queue
[2025-09-08T08:28:25.783+0000] {logging_mixin.py:188} INFO - [2025-09-08T08:28:25.781+0000] {dagbag.py:538} INFO - Filling up the DagBag from /opt/airflow/dags/update_car_data_dag.py
[2025-09-08T08:28:25.838+0000] {processor.py:840} INFO - DAG(s) 'update_car_data' retrieved from /opt/airflow/dags/update_car_data_dag.py
[2025-09-08T08:28:25.896+0000] {logging_mixin.py:188} INFO - [2025-09-08T08:28:25.896+0000] {dag.py:3036} INFO - Sync 1 DAGs
[2025-09-08T08:28:25.922+0000] {logging_mixin.py:188} INFO - [2025-09-08T08:28:25.921+0000] {dag.py:3823} INFO - Setting next_dagrun for update_car_data to 2025-09-06 15:00:00+00:00, run_after=2025-09-07 15:00:00+00:00
[2025-09-08T08:28:25.935+0000] {processor.py:183} INFO - Processing /opt/airflow/dags/update_car_data_dag.py took 0.168 seconds
[2025-09-08T08:28:56.864+0000] {processor.py:161} INFO - Started process (PID=1152) to work on /opt/airflow/dags/update_car_data_dag.py
[2025-09-08T08:28:56.866+0000] {processor.py:830} INFO - Processing file /opt/airflow/dags/update_car_data_dag.py for tasks to queue
[2025-09-08T08:28:56.867+0000] {logging_mixin.py:188} INFO - [2025-09-08T08:28:56.867+0000] {dagbag.py:538} INFO - Filling up the DagBag from /opt/airflow/dags/update_car_data_dag.py
[2025-09-08T08:28:56.892+0000] {processor.py:840} INFO - DAG(s) 'update_car_data' retrieved from /opt/airflow/dags/update_car_data_dag.py
[2025-09-08T08:28:56.940+0000] {logging_mixin.py:188} INFO - [2025-09-08T08:28:56.940+0000] {dag.py:3036} INFO - Sync 1 DAGs
[2025-09-08T08:28:56.968+0000] {logging_mixin.py:188} INFO - [2025-09-08T08:28:56.968+0000] {dag.py:3823} INFO - Setting next_dagrun for update_car_data to 2025-09-06 15:00:00+00:00, run_after=2025-09-07 15:00:00+00:00
[2025-09-08T08:28:56.989+0000] {processor.py:183} INFO - Processing /opt/airflow/dags/update_car_data_dag.py took 0.131 seconds
[2025-09-08T08:29:27.512+0000] {processor.py:161} INFO - Started process (PID=1157) to work on /opt/airflow/dags/update_car_data_dag.py
[2025-09-08T08:29:27.515+0000] {processor.py:830} INFO - Processing file /opt/airflow/dags/update_car_data_dag.py for tasks to queue
[2025-09-08T08:29:27.517+0000] {logging_mixin.py:188} INFO - [2025-09-08T08:29:27.516+0000] {dagbag.py:538} INFO - Filling up the DagBag from /opt/airflow/dags/update_car_data_dag.py
[2025-09-08T08:29:27.559+0000] {processor.py:840} INFO - DAG(s) 'update_car_data' retrieved from /opt/airflow/dags/update_car_data_dag.py
[2025-09-08T08:29:27.701+0000] {logging_mixin.py:188} INFO - [2025-09-08T08:29:27.701+0000] {dag.py:3036} INFO - Sync 1 DAGs
[2025-09-08T08:29:27.744+0000] {logging_mixin.py:188} INFO - [2025-09-08T08:29:27.744+0000] {dag.py:3823} INFO - Setting next_dagrun for update_car_data to 2025-09-06 15:00:00+00:00, run_after=2025-09-07 15:00:00+00:00
[2025-09-08T08:29:27.805+0000] {processor.py:183} INFO - Processing /opt/airflow/dags/update_car_data_dag.py took 0.300 seconds
[2025-09-08T08:29:58.236+0000] {processor.py:161} INFO - Started process (PID=1162) to work on /opt/airflow/dags/update_car_data_dag.py
[2025-09-08T08:29:58.248+0000] {processor.py:830} INFO - Processing file /opt/airflow/dags/update_car_data_dag.py for tasks to queue
[2025-09-08T08:29:58.251+0000] {logging_mixin.py:188} INFO - [2025-09-08T08:29:58.250+0000] {dagbag.py:538} INFO - Filling up the DagBag from /opt/airflow/dags/update_car_data_dag.py
[2025-09-08T08:29:58.305+0000] {processor.py:840} INFO - DAG(s) 'update_car_data' retrieved from /opt/airflow/dags/update_car_data_dag.py
[2025-09-08T08:29:58.369+0000] {logging_mixin.py:188} INFO - [2025-09-08T08:29:58.368+0000] {dag.py:3036} INFO - Sync 1 DAGs
[2025-09-08T08:29:58.401+0000] {logging_mixin.py:188} INFO - [2025-09-08T08:29:58.401+0000] {dag.py:3823} INFO - Setting next_dagrun for update_car_data to 2025-09-06 15:00:00+00:00, run_after=2025-09-07 15:00:00+00:00
[2025-09-08T08:29:58.418+0000] {processor.py:183} INFO - Processing /opt/airflow/dags/update_car_data_dag.py took 0.205 seconds
[2025-09-08T08:30:28.955+0000] {processor.py:161} INFO - Started process (PID=1167) to work on /opt/airflow/dags/update_car_data_dag.py
[2025-09-08T08:30:28.960+0000] {processor.py:830} INFO - Processing file /opt/airflow/dags/update_car_data_dag.py for tasks to queue
[2025-09-08T08:30:28.962+0000] {logging_mixin.py:188} INFO - [2025-09-08T08:30:28.961+0000] {dagbag.py:538} INFO - Filling up the DagBag from /opt/airflow/dags/update_car_data_dag.py
[2025-09-08T08:30:29.000+0000] {processor.py:840} INFO - DAG(s) 'update_car_data' retrieved from /opt/airflow/dags/update_car_data_dag.py
[2025-09-08T08:30:29.074+0000] {logging_mixin.py:188} INFO - [2025-09-08T08:30:29.074+0000] {dag.py:3036} INFO - Sync 1 DAGs
[2025-09-08T08:30:29.104+0000] {logging_mixin.py:188} INFO - [2025-09-08T08:30:29.104+0000] {dag.py:3823} INFO - Setting next_dagrun for update_car_data to 2025-09-06 15:00:00+00:00, run_after=2025-09-07 15:00:00+00:00
[2025-09-08T08:30:29.119+0000] {processor.py:183} INFO - Processing /opt/airflow/dags/update_car_data_dag.py took 0.176 seconds
[2025-09-08T08:30:59.465+0000] {processor.py:161} INFO - Started process (PID=1172) to work on /opt/airflow/dags/update_car_data_dag.py
[2025-09-08T08:30:59.468+0000] {processor.py:830} INFO - Processing file /opt/airflow/dags/update_car_data_dag.py for tasks to queue
[2025-09-08T08:30:59.469+0000] {logging_mixin.py:188} INFO - [2025-09-08T08:30:59.468+0000] {dagbag.py:538} INFO - Filling up the DagBag from /opt/airflow/dags/update_car_data_dag.py
[2025-09-08T08:30:59.492+0000] {processor.py:840} INFO - DAG(s) 'update_car_data' retrieved from /opt/airflow/dags/update_car_data_dag.py
[2025-09-08T08:30:59.538+0000] {logging_mixin.py:188} INFO - [2025-09-08T08:30:59.538+0000] {dag.py:3036} INFO - Sync 1 DAGs
[2025-09-08T08:30:59.575+0000] {logging_mixin.py:188} INFO - [2025-09-08T08:30:59.575+0000] {dag.py:3823} INFO - Setting next_dagrun for update_car_data to 2025-09-06 15:00:00+00:00, run_after=2025-09-07 15:00:00+00:00
[2025-09-08T08:30:59.625+0000] {processor.py:183} INFO - Processing /opt/airflow/dags/update_car_data_dag.py took 0.166 seconds
[2025-09-08T08:31:30.032+0000] {processor.py:161} INFO - Started process (PID=1177) to work on /opt/airflow/dags/update_car_data_dag.py
[2025-09-08T08:31:30.035+0000] {processor.py:830} INFO - Processing file /opt/airflow/dags/update_car_data_dag.py for tasks to queue
[2025-09-08T08:31:30.036+0000] {logging_mixin.py:188} INFO - [2025-09-08T08:31:30.036+0000] {dagbag.py:538} INFO - Filling up the DagBag from /opt/airflow/dags/update_car_data_dag.py
[2025-09-08T08:31:30.058+0000] {processor.py:840} INFO - DAG(s) 'update_car_data' retrieved from /opt/airflow/dags/update_car_data_dag.py
[2025-09-08T08:31:30.103+0000] {logging_mixin.py:188} INFO - [2025-09-08T08:31:30.103+0000] {dag.py:3036} INFO - Sync 1 DAGs
[2025-09-08T08:31:30.124+0000] {logging_mixin.py:188} INFO - [2025-09-08T08:31:30.124+0000] {dag.py:3823} INFO - Setting next_dagrun for update_car_data to 2025-09-06 15:00:00+00:00, run_after=2025-09-07 15:00:00+00:00
[2025-09-08T08:31:30.139+0000] {processor.py:183} INFO - Processing /opt/airflow/dags/update_car_data_dag.py took 0.113 seconds
[2025-09-08T08:32:00.625+0000] {processor.py:161} INFO - Started process (PID=1182) to work on /opt/airflow/dags/update_car_data_dag.py
[2025-09-08T08:32:00.627+0000] {processor.py:830} INFO - Processing file /opt/airflow/dags/update_car_data_dag.py for tasks to queue
[2025-09-08T08:32:00.628+0000] {logging_mixin.py:188} INFO - [2025-09-08T08:32:00.627+0000] {dagbag.py:538} INFO - Filling up the DagBag from /opt/airflow/dags/update_car_data_dag.py
[2025-09-08T08:32:00.648+0000] {processor.py:840} INFO - DAG(s) 'update_car_data' retrieved from /opt/airflow/dags/update_car_data_dag.py
[2025-09-08T08:32:00.696+0000] {logging_mixin.py:188} INFO - [2025-09-08T08:32:00.696+0000] {dag.py:3036} INFO - Sync 1 DAGs
[2025-09-08T08:32:00.723+0000] {logging_mixin.py:188} INFO - [2025-09-08T08:32:00.723+0000] {dag.py:3823} INFO - Setting next_dagrun for update_car_data to 2025-09-06 15:00:00+00:00, run_after=2025-09-07 15:00:00+00:00
[2025-09-08T08:32:00.736+0000] {processor.py:183} INFO - Processing /opt/airflow/dags/update_car_data_dag.py took 0.117 seconds
[2025-09-08T08:32:31.067+0000] {processor.py:161} INFO - Started process (PID=1187) to work on /opt/airflow/dags/update_car_data_dag.py
[2025-09-08T08:32:31.069+0000] {processor.py:830} INFO - Processing file /opt/airflow/dags/update_car_data_dag.py for tasks to queue
[2025-09-08T08:32:31.073+0000] {logging_mixin.py:188} INFO - [2025-09-08T08:32:31.072+0000] {dagbag.py:538} INFO - Filling up the DagBag from /opt/airflow/dags/update_car_data_dag.py
[2025-09-08T08:32:31.109+0000] {processor.py:840} INFO - DAG(s) 'update_car_data' retrieved from /opt/airflow/dags/update_car_data_dag.py
[2025-09-08T08:32:31.182+0000] {logging_mixin.py:188} INFO - [2025-09-08T08:32:31.182+0000] {dag.py:3036} INFO - Sync 1 DAGs
[2025-09-08T08:32:31.217+0000] {logging_mixin.py:188} INFO - [2025-09-08T08:32:31.217+0000] {dag.py:3823} INFO - Setting next_dagrun for update_car_data to 2025-09-06 15:00:00+00:00, run_after=2025-09-07 15:00:00+00:00
[2025-09-08T08:32:31.233+0000] {processor.py:183} INFO - Processing /opt/airflow/dags/update_car_data_dag.py took 0.176 seconds
[2025-09-08T08:33:01.860+0000] {processor.py:161} INFO - Started process (PID=1192) to work on /opt/airflow/dags/update_car_data_dag.py
[2025-09-08T08:33:01.864+0000] {processor.py:830} INFO - Processing file /opt/airflow/dags/update_car_data_dag.py for tasks to queue
[2025-09-08T08:33:01.867+0000] {logging_mixin.py:188} INFO - [2025-09-08T08:33:01.866+0000] {dagbag.py:538} INFO - Filling up the DagBag from /opt/airflow/dags/update_car_data_dag.py
[2025-09-08T08:33:01.967+0000] {processor.py:840} INFO - DAG(s) 'update_car_data' retrieved from /opt/airflow/dags/update_car_data_dag.py
[2025-09-08T08:33:02.237+0000] {logging_mixin.py:188} INFO - [2025-09-08T08:33:02.236+0000] {dag.py:3036} INFO - Sync 1 DAGs
[2025-09-08T08:33:02.284+0000] {logging_mixin.py:188} INFO - [2025-09-08T08:33:02.283+0000] {dag.py:3823} INFO - Setting next_dagrun for update_car_data to 2025-09-06 15:00:00+00:00, run_after=2025-09-07 15:00:00+00:00
[2025-09-08T08:33:02.313+0000] {processor.py:183} INFO - Processing /opt/airflow/dags/update_car_data_dag.py took 0.462 seconds
[2025-09-08T08:33:32.810+0000] {processor.py:161} INFO - Started process (PID=1197) to work on /opt/airflow/dags/update_car_data_dag.py
[2025-09-08T08:33:32.812+0000] {processor.py:830} INFO - Processing file /opt/airflow/dags/update_car_data_dag.py for tasks to queue
[2025-09-08T08:33:32.815+0000] {logging_mixin.py:188} INFO - [2025-09-08T08:33:32.813+0000] {dagbag.py:538} INFO - Filling up the DagBag from /opt/airflow/dags/update_car_data_dag.py
[2025-09-08T08:33:32.862+0000] {processor.py:840} INFO - DAG(s) 'update_car_data' retrieved from /opt/airflow/dags/update_car_data_dag.py
[2025-09-08T08:33:32.959+0000] {logging_mixin.py:188} INFO - [2025-09-08T08:33:32.958+0000] {dag.py:3036} INFO - Sync 1 DAGs
[2025-09-08T08:33:32.994+0000] {logging_mixin.py:188} INFO - [2025-09-08T08:33:32.994+0000] {dag.py:3823} INFO - Setting next_dagrun for update_car_data to 2025-09-06 15:00:00+00:00, run_after=2025-09-07 15:00:00+00:00
[2025-09-08T08:33:33.009+0000] {processor.py:183} INFO - Processing /opt/airflow/dags/update_car_data_dag.py took 0.212 seconds
[2025-09-08T08:34:03.459+0000] {processor.py:161} INFO - Started process (PID=1202) to work on /opt/airflow/dags/update_car_data_dag.py
[2025-09-08T08:34:03.461+0000] {processor.py:830} INFO - Processing file /opt/airflow/dags/update_car_data_dag.py for tasks to queue
[2025-09-08T08:34:03.462+0000] {logging_mixin.py:188} INFO - [2025-09-08T08:34:03.462+0000] {dagbag.py:538} INFO - Filling up the DagBag from /opt/airflow/dags/update_car_data_dag.py
[2025-09-08T08:34:03.489+0000] {processor.py:840} INFO - DAG(s) 'update_car_data' retrieved from /opt/airflow/dags/update_car_data_dag.py
[2025-09-08T08:34:03.568+0000] {logging_mixin.py:188} INFO - [2025-09-08T08:34:03.567+0000] {dag.py:3036} INFO - Sync 1 DAGs
[2025-09-08T08:34:03.602+0000] {logging_mixin.py:188} INFO - [2025-09-08T08:34:03.602+0000] {dag.py:3823} INFO - Setting next_dagrun for update_car_data to 2025-09-06 15:00:00+00:00, run_after=2025-09-07 15:00:00+00:00
[2025-09-08T08:34:03.618+0000] {processor.py:183} INFO - Processing /opt/airflow/dags/update_car_data_dag.py took 0.169 seconds
[2025-09-08T08:34:34.069+0000] {processor.py:161} INFO - Started process (PID=1207) to work on /opt/airflow/dags/update_car_data_dag.py
[2025-09-08T08:34:34.076+0000] {processor.py:830} INFO - Processing file /opt/airflow/dags/update_car_data_dag.py for tasks to queue
[2025-09-08T08:34:34.077+0000] {logging_mixin.py:188} INFO - [2025-09-08T08:34:34.077+0000] {dagbag.py:538} INFO - Filling up the DagBag from /opt/airflow/dags/update_car_data_dag.py
[2025-09-08T08:34:34.118+0000] {processor.py:840} INFO - DAG(s) 'update_car_data' retrieved from /opt/airflow/dags/update_car_data_dag.py
[2025-09-08T08:34:34.181+0000] {logging_mixin.py:188} INFO - [2025-09-08T08:34:34.181+0000] {dag.py:3036} INFO - Sync 1 DAGs
[2025-09-08T08:34:34.203+0000] {logging_mixin.py:188} INFO - [2025-09-08T08:34:34.203+0000] {dag.py:3823} INFO - Setting next_dagrun for update_car_data to 2025-09-06 15:00:00+00:00, run_after=2025-09-07 15:00:00+00:00
[2025-09-08T08:34:34.220+0000] {processor.py:183} INFO - Processing /opt/airflow/dags/update_car_data_dag.py took 0.177 seconds
[2025-09-08T08:35:04.480+0000] {processor.py:161} INFO - Started process (PID=1212) to work on /opt/airflow/dags/update_car_data_dag.py
[2025-09-08T08:35:04.484+0000] {processor.py:830} INFO - Processing file /opt/airflow/dags/update_car_data_dag.py for tasks to queue
[2025-09-08T08:35:04.487+0000] {logging_mixin.py:188} INFO - [2025-09-08T08:35:04.486+0000] {dagbag.py:538} INFO - Filling up the DagBag from /opt/airflow/dags/update_car_data_dag.py
[2025-09-08T08:35:04.517+0000] {processor.py:840} INFO - DAG(s) 'update_car_data' retrieved from /opt/airflow/dags/update_car_data_dag.py
[2025-09-08T08:35:04.557+0000] {logging_mixin.py:188} INFO - [2025-09-08T08:35:04.557+0000] {dag.py:3036} INFO - Sync 1 DAGs
[2025-09-08T08:35:04.578+0000] {logging_mixin.py:188} INFO - [2025-09-08T08:35:04.578+0000] {dag.py:3823} INFO - Setting next_dagrun for update_car_data to 2025-09-06 15:00:00+00:00, run_after=2025-09-07 15:00:00+00:00
[2025-09-08T08:35:04.710+0000] {processor.py:183} INFO - Processing /opt/airflow/dags/update_car_data_dag.py took 0.248 seconds
[2025-09-08T08:35:34.944+0000] {processor.py:161} INFO - Started process (PID=1217) to work on /opt/airflow/dags/update_car_data_dag.py
[2025-09-08T08:35:34.948+0000] {processor.py:830} INFO - Processing file /opt/airflow/dags/update_car_data_dag.py for tasks to queue
[2025-09-08T08:35:34.954+0000] {logging_mixin.py:188} INFO - [2025-09-08T08:35:34.953+0000] {dagbag.py:538} INFO - Filling up the DagBag from /opt/airflow/dags/update_car_data_dag.py
[2025-09-08T08:35:35.000+0000] {processor.py:840} INFO - DAG(s) 'update_car_data' retrieved from /opt/airflow/dags/update_car_data_dag.py
[2025-09-08T08:35:35.123+0000] {logging_mixin.py:188} INFO - [2025-09-08T08:35:35.122+0000] {dag.py:3036} INFO - Sync 1 DAGs
[2025-09-08T08:35:35.167+0000] {logging_mixin.py:188} INFO - [2025-09-08T08:35:35.167+0000] {dag.py:3823} INFO - Setting next_dagrun for update_car_data to 2025-09-06 15:00:00+00:00, run_after=2025-09-07 15:00:00+00:00
[2025-09-08T08:35:35.183+0000] {processor.py:183} INFO - Processing /opt/airflow/dags/update_car_data_dag.py took 0.257 seconds
[2025-09-08T08:36:05.673+0000] {processor.py:161} INFO - Started process (PID=1222) to work on /opt/airflow/dags/update_car_data_dag.py
[2025-09-08T08:36:05.675+0000] {processor.py:830} INFO - Processing file /opt/airflow/dags/update_car_data_dag.py for tasks to queue
[2025-09-08T08:36:05.676+0000] {logging_mixin.py:188} INFO - [2025-09-08T08:36:05.676+0000] {dagbag.py:538} INFO - Filling up the DagBag from /opt/airflow/dags/update_car_data_dag.py
[2025-09-08T08:36:05.707+0000] {processor.py:840} INFO - DAG(s) 'update_car_data' retrieved from /opt/airflow/dags/update_car_data_dag.py
[2025-09-08T08:36:05.759+0000] {logging_mixin.py:188} INFO - [2025-09-08T08:36:05.759+0000] {dag.py:3036} INFO - Sync 1 DAGs
[2025-09-08T08:36:05.788+0000] {logging_mixin.py:188} INFO - [2025-09-08T08:36:05.787+0000] {dag.py:3823} INFO - Setting next_dagrun for update_car_data to 2025-09-06 15:00:00+00:00, run_after=2025-09-07 15:00:00+00:00
[2025-09-08T08:36:05.802+0000] {processor.py:183} INFO - Processing /opt/airflow/dags/update_car_data_dag.py took 0.135 seconds
[2025-09-08T08:36:36.079+0000] {processor.py:161} INFO - Started process (PID=1227) to work on /opt/airflow/dags/update_car_data_dag.py
[2025-09-08T08:36:36.081+0000] {processor.py:830} INFO - Processing file /opt/airflow/dags/update_car_data_dag.py for tasks to queue
[2025-09-08T08:36:36.082+0000] {logging_mixin.py:188} INFO - [2025-09-08T08:36:36.082+0000] {dagbag.py:538} INFO - Filling up the DagBag from /opt/airflow/dags/update_car_data_dag.py
[2025-09-08T08:36:36.107+0000] {processor.py:840} INFO - DAG(s) 'update_car_data' retrieved from /opt/airflow/dags/update_car_data_dag.py
[2025-09-08T08:36:36.170+0000] {logging_mixin.py:188} INFO - [2025-09-08T08:36:36.169+0000] {dag.py:3036} INFO - Sync 1 DAGs
[2025-09-08T08:36:36.214+0000] {logging_mixin.py:188} INFO - [2025-09-08T08:36:36.214+0000] {dag.py:3823} INFO - Setting next_dagrun for update_car_data to 2025-09-06 15:00:00+00:00, run_after=2025-09-07 15:00:00+00:00
[2025-09-08T08:36:36.229+0000] {processor.py:183} INFO - Processing /opt/airflow/dags/update_car_data_dag.py took 0.155 seconds
[2025-09-08T08:37:06.527+0000] {processor.py:161} INFO - Started process (PID=1232) to work on /opt/airflow/dags/update_car_data_dag.py
[2025-09-08T08:37:06.528+0000] {processor.py:830} INFO - Processing file /opt/airflow/dags/update_car_data_dag.py for tasks to queue
[2025-09-08T08:37:06.531+0000] {logging_mixin.py:188} INFO - [2025-09-08T08:37:06.529+0000] {dagbag.py:538} INFO - Filling up the DagBag from /opt/airflow/dags/update_car_data_dag.py
[2025-09-08T08:37:06.554+0000] {processor.py:840} INFO - DAG(s) 'update_car_data' retrieved from /opt/airflow/dags/update_car_data_dag.py
[2025-09-08T08:37:06.591+0000] {logging_mixin.py:188} INFO - [2025-09-08T08:37:06.591+0000] {dag.py:3036} INFO - Sync 1 DAGs
[2025-09-08T08:37:06.618+0000] {logging_mixin.py:188} INFO - [2025-09-08T08:37:06.618+0000] {dag.py:3823} INFO - Setting next_dagrun for update_car_data to 2025-09-06 15:00:00+00:00, run_after=2025-09-07 15:00:00+00:00
[2025-09-08T08:37:06.634+0000] {processor.py:183} INFO - Processing /opt/airflow/dags/update_car_data_dag.py took 0.113 seconds
[2025-09-08T08:37:37.018+0000] {processor.py:161} INFO - Started process (PID=1237) to work on /opt/airflow/dags/update_car_data_dag.py
[2025-09-08T08:37:37.020+0000] {processor.py:830} INFO - Processing file /opt/airflow/dags/update_car_data_dag.py for tasks to queue
[2025-09-08T08:37:37.021+0000] {logging_mixin.py:188} INFO - [2025-09-08T08:37:37.021+0000] {dagbag.py:538} INFO - Filling up the DagBag from /opt/airflow/dags/update_car_data_dag.py
[2025-09-08T08:37:37.045+0000] {processor.py:840} INFO - DAG(s) 'update_car_data' retrieved from /opt/airflow/dags/update_car_data_dag.py
[2025-09-08T08:37:37.091+0000] {logging_mixin.py:188} INFO - [2025-09-08T08:37:37.091+0000] {dag.py:3036} INFO - Sync 1 DAGs
[2025-09-08T08:37:37.119+0000] {logging_mixin.py:188} INFO - [2025-09-08T08:37:37.119+0000] {dag.py:3823} INFO - Setting next_dagrun for update_car_data to 2025-09-06 15:00:00+00:00, run_after=2025-09-07 15:00:00+00:00
[2025-09-08T08:37:37.133+0000] {processor.py:183} INFO - Processing /opt/airflow/dags/update_car_data_dag.py took 0.126 seconds
[2025-09-08T08:38:07.468+0000] {processor.py:161} INFO - Started process (PID=1242) to work on /opt/airflow/dags/update_car_data_dag.py
[2025-09-08T08:38:07.469+0000] {processor.py:830} INFO - Processing file /opt/airflow/dags/update_car_data_dag.py for tasks to queue
[2025-09-08T08:38:07.470+0000] {logging_mixin.py:188} INFO - [2025-09-08T08:38:07.470+0000] {dagbag.py:538} INFO - Filling up the DagBag from /opt/airflow/dags/update_car_data_dag.py
[2025-09-08T08:38:07.495+0000] {processor.py:840} INFO - DAG(s) 'update_car_data' retrieved from /opt/airflow/dags/update_car_data_dag.py
[2025-09-08T08:38:07.536+0000] {logging_mixin.py:188} INFO - [2025-09-08T08:38:07.536+0000] {dag.py:3036} INFO - Sync 1 DAGs
[2025-09-08T08:38:07.569+0000] {logging_mixin.py:188} INFO - [2025-09-08T08:38:07.569+0000] {dag.py:3823} INFO - Setting next_dagrun for update_car_data to 2025-09-06 15:00:00+00:00, run_after=2025-09-07 15:00:00+00:00
[2025-09-08T08:38:07.586+0000] {processor.py:183} INFO - Processing /opt/airflow/dags/update_car_data_dag.py took 0.127 seconds
[2025-09-08T08:38:37.960+0000] {processor.py:161} INFO - Started process (PID=1247) to work on /opt/airflow/dags/update_car_data_dag.py
[2025-09-08T08:38:37.962+0000] {processor.py:830} INFO - Processing file /opt/airflow/dags/update_car_data_dag.py for tasks to queue
[2025-09-08T08:38:37.963+0000] {logging_mixin.py:188} INFO - [2025-09-08T08:38:37.963+0000] {dagbag.py:538} INFO - Filling up the DagBag from /opt/airflow/dags/update_car_data_dag.py
[2025-09-08T08:38:37.987+0000] {processor.py:840} INFO - DAG(s) 'update_car_data' retrieved from /opt/airflow/dags/update_car_data_dag.py
[2025-09-08T08:38:38.032+0000] {logging_mixin.py:188} INFO - [2025-09-08T08:38:38.031+0000] {dag.py:3036} INFO - Sync 1 DAGs
[2025-09-08T08:38:38.056+0000] {logging_mixin.py:188} INFO - [2025-09-08T08:38:38.056+0000] {dag.py:3823} INFO - Setting next_dagrun for update_car_data to 2025-09-06 15:00:00+00:00, run_after=2025-09-07 15:00:00+00:00
[2025-09-08T08:38:38.073+0000] {processor.py:183} INFO - Processing /opt/airflow/dags/update_car_data_dag.py took 0.118 seconds
[2025-09-08T08:39:08.547+0000] {processor.py:161} INFO - Started process (PID=1252) to work on /opt/airflow/dags/update_car_data_dag.py
[2025-09-08T08:39:08.549+0000] {processor.py:830} INFO - Processing file /opt/airflow/dags/update_car_data_dag.py for tasks to queue
[2025-09-08T08:39:08.550+0000] {logging_mixin.py:188} INFO - [2025-09-08T08:39:08.550+0000] {dagbag.py:538} INFO - Filling up the DagBag from /opt/airflow/dags/update_car_data_dag.py
[2025-09-08T08:39:08.577+0000] {processor.py:840} INFO - DAG(s) 'update_car_data' retrieved from /opt/airflow/dags/update_car_data_dag.py
[2025-09-08T08:39:08.617+0000] {logging_mixin.py:188} INFO - [2025-09-08T08:39:08.617+0000] {dag.py:3036} INFO - Sync 1 DAGs
[2025-09-08T08:39:08.643+0000] {logging_mixin.py:188} INFO - [2025-09-08T08:39:08.643+0000] {dag.py:3823} INFO - Setting next_dagrun for update_car_data to 2025-09-06 15:00:00+00:00, run_after=2025-09-07 15:00:00+00:00
[2025-09-08T08:39:08.664+0000] {processor.py:183} INFO - Processing /opt/airflow/dags/update_car_data_dag.py took 0.126 seconds
[2025-09-08T08:39:38.946+0000] {processor.py:161} INFO - Started process (PID=1257) to work on /opt/airflow/dags/update_car_data_dag.py
[2025-09-08T08:39:38.948+0000] {processor.py:830} INFO - Processing file /opt/airflow/dags/update_car_data_dag.py for tasks to queue
[2025-09-08T08:39:38.951+0000] {logging_mixin.py:188} INFO - [2025-09-08T08:39:38.950+0000] {dagbag.py:538} INFO - Filling up the DagBag from /opt/airflow/dags/update_car_data_dag.py
[2025-09-08T08:39:38.981+0000] {processor.py:840} INFO - DAG(s) 'update_car_data' retrieved from /opt/airflow/dags/update_car_data_dag.py
[2025-09-08T08:39:39.033+0000] {logging_mixin.py:188} INFO - [2025-09-08T08:39:39.033+0000] {dag.py:3036} INFO - Sync 1 DAGs
[2025-09-08T08:39:39.074+0000] {logging_mixin.py:188} INFO - [2025-09-08T08:39:39.073+0000] {dag.py:3823} INFO - Setting next_dagrun for update_car_data to 2025-09-06 15:00:00+00:00, run_after=2025-09-07 15:00:00+00:00
[2025-09-08T08:39:39.090+0000] {processor.py:183} INFO - Processing /opt/airflow/dags/update_car_data_dag.py took 0.154 seconds
[2025-09-08T08:40:09.387+0000] {processor.py:161} INFO - Started process (PID=1262) to work on /opt/airflow/dags/update_car_data_dag.py
[2025-09-08T08:40:09.390+0000] {processor.py:830} INFO - Processing file /opt/airflow/dags/update_car_data_dag.py for tasks to queue
[2025-09-08T08:40:09.391+0000] {logging_mixin.py:188} INFO - [2025-09-08T08:40:09.391+0000] {dagbag.py:538} INFO - Filling up the DagBag from /opt/airflow/dags/update_car_data_dag.py
[2025-09-08T08:40:09.414+0000] {processor.py:840} INFO - DAG(s) 'update_car_data' retrieved from /opt/airflow/dags/update_car_data_dag.py
[2025-09-08T08:40:09.452+0000] {logging_mixin.py:188} INFO - [2025-09-08T08:40:09.452+0000] {dag.py:3036} INFO - Sync 1 DAGs
[2025-09-08T08:40:09.483+0000] {logging_mixin.py:188} INFO - [2025-09-08T08:40:09.483+0000] {dag.py:3823} INFO - Setting next_dagrun for update_car_data to 2025-09-06 15:00:00+00:00, run_after=2025-09-07 15:00:00+00:00
[2025-09-08T08:40:09.502+0000] {processor.py:183} INFO - Processing /opt/airflow/dags/update_car_data_dag.py took 0.126 seconds
[2025-09-08T08:40:39.768+0000] {processor.py:161} INFO - Started process (PID=1267) to work on /opt/airflow/dags/update_car_data_dag.py
[2025-09-08T08:40:39.770+0000] {processor.py:830} INFO - Processing file /opt/airflow/dags/update_car_data_dag.py for tasks to queue
[2025-09-08T08:40:39.771+0000] {logging_mixin.py:188} INFO - [2025-09-08T08:40:39.771+0000] {dagbag.py:538} INFO - Filling up the DagBag from /opt/airflow/dags/update_car_data_dag.py
[2025-09-08T08:40:39.795+0000] {processor.py:840} INFO - DAG(s) 'update_car_data' retrieved from /opt/airflow/dags/update_car_data_dag.py
[2025-09-08T08:40:39.839+0000] {logging_mixin.py:188} INFO - [2025-09-08T08:40:39.839+0000] {dag.py:3036} INFO - Sync 1 DAGs
[2025-09-08T08:40:39.866+0000] {logging_mixin.py:188} INFO - [2025-09-08T08:40:39.865+0000] {dag.py:3823} INFO - Setting next_dagrun for update_car_data to 2025-09-06 15:00:00+00:00, run_after=2025-09-07 15:00:00+00:00
[2025-09-08T08:40:39.879+0000] {processor.py:183} INFO - Processing /opt/airflow/dags/update_car_data_dag.py took 0.117 seconds
[2025-09-08T08:41:10.124+0000] {processor.py:161} INFO - Started process (PID=1272) to work on /opt/airflow/dags/update_car_data_dag.py
[2025-09-08T08:41:10.126+0000] {processor.py:830} INFO - Processing file /opt/airflow/dags/update_car_data_dag.py for tasks to queue
[2025-09-08T08:41:10.127+0000] {logging_mixin.py:188} INFO - [2025-09-08T08:41:10.127+0000] {dagbag.py:538} INFO - Filling up the DagBag from /opt/airflow/dags/update_car_data_dag.py
[2025-09-08T08:41:10.151+0000] {processor.py:840} INFO - DAG(s) 'update_car_data' retrieved from /opt/airflow/dags/update_car_data_dag.py
[2025-09-08T08:41:10.187+0000] {logging_mixin.py:188} INFO - [2025-09-08T08:41:10.186+0000] {dag.py:3036} INFO - Sync 1 DAGs
[2025-09-08T08:41:10.206+0000] {logging_mixin.py:188} INFO - [2025-09-08T08:41:10.205+0000] {dag.py:3823} INFO - Setting next_dagrun for update_car_data to 2025-09-06 15:00:00+00:00, run_after=2025-09-07 15:00:00+00:00
[2025-09-08T08:41:10.216+0000] {processor.py:183} INFO - Processing /opt/airflow/dags/update_car_data_dag.py took 0.105 seconds
[2025-09-08T08:41:40.573+0000] {processor.py:161} INFO - Started process (PID=1277) to work on /opt/airflow/dags/update_car_data_dag.py
[2025-09-08T08:41:40.575+0000] {processor.py:830} INFO - Processing file /opt/airflow/dags/update_car_data_dag.py for tasks to queue
[2025-09-08T08:41:40.577+0000] {logging_mixin.py:188} INFO - [2025-09-08T08:41:40.576+0000] {dagbag.py:538} INFO - Filling up the DagBag from /opt/airflow/dags/update_car_data_dag.py
[2025-09-08T08:41:40.599+0000] {processor.py:840} INFO - DAG(s) 'update_car_data' retrieved from /opt/airflow/dags/update_car_data_dag.py
[2025-09-08T08:41:40.637+0000] {logging_mixin.py:188} INFO - [2025-09-08T08:41:40.637+0000] {dag.py:3036} INFO - Sync 1 DAGs
[2025-09-08T08:41:40.657+0000] {logging_mixin.py:188} INFO - [2025-09-08T08:41:40.657+0000] {dag.py:3823} INFO - Setting next_dagrun for update_car_data to 2025-09-06 15:00:00+00:00, run_after=2025-09-07 15:00:00+00:00
[2025-09-08T08:41:40.670+0000] {processor.py:183} INFO - Processing /opt/airflow/dags/update_car_data_dag.py took 0.103 seconds
[2025-09-08T08:42:11.017+0000] {processor.py:161} INFO - Started process (PID=1282) to work on /opt/airflow/dags/update_car_data_dag.py
[2025-09-08T08:42:11.022+0000] {processor.py:830} INFO - Processing file /opt/airflow/dags/update_car_data_dag.py for tasks to queue
[2025-09-08T08:42:11.023+0000] {logging_mixin.py:188} INFO - [2025-09-08T08:42:11.023+0000] {dagbag.py:538} INFO - Filling up the DagBag from /opt/airflow/dags/update_car_data_dag.py
[2025-09-08T08:42:11.051+0000] {processor.py:840} INFO - DAG(s) 'update_car_data' retrieved from /opt/airflow/dags/update_car_data_dag.py
[2025-09-08T08:42:11.102+0000] {logging_mixin.py:188} INFO - [2025-09-08T08:42:11.102+0000] {dag.py:3036} INFO - Sync 1 DAGs
[2025-09-08T08:42:11.125+0000] {logging_mixin.py:188} INFO - [2025-09-08T08:42:11.125+0000] {dag.py:3823} INFO - Setting next_dagrun for update_car_data to 2025-09-06 15:00:00+00:00, run_after=2025-09-07 15:00:00+00:00
[2025-09-08T08:42:11.141+0000] {processor.py:183} INFO - Processing /opt/airflow/dags/update_car_data_dag.py took 0.131 seconds
[2025-09-08T08:42:41.411+0000] {processor.py:161} INFO - Started process (PID=1287) to work on /opt/airflow/dags/update_car_data_dag.py
[2025-09-08T08:42:41.414+0000] {processor.py:830} INFO - Processing file /opt/airflow/dags/update_car_data_dag.py for tasks to queue
[2025-09-08T08:42:41.415+0000] {logging_mixin.py:188} INFO - [2025-09-08T08:42:41.414+0000] {dagbag.py:538} INFO - Filling up the DagBag from /opt/airflow/dags/update_car_data_dag.py
[2025-09-08T08:42:41.438+0000] {processor.py:840} INFO - DAG(s) 'update_car_data' retrieved from /opt/airflow/dags/update_car_data_dag.py
[2025-09-08T08:42:41.483+0000] {logging_mixin.py:188} INFO - [2025-09-08T08:42:41.482+0000] {dag.py:3036} INFO - Sync 1 DAGs
[2025-09-08T08:42:41.516+0000] {logging_mixin.py:188} INFO - [2025-09-08T08:42:41.515+0000] {dag.py:3823} INFO - Setting next_dagrun for update_car_data to 2025-09-06 15:00:00+00:00, run_after=2025-09-07 15:00:00+00:00
[2025-09-08T08:42:41.536+0000] {processor.py:183} INFO - Processing /opt/airflow/dags/update_car_data_dag.py took 0.130 seconds
[2025-09-08T08:43:11.802+0000] {processor.py:161} INFO - Started process (PID=1292) to work on /opt/airflow/dags/update_car_data_dag.py
[2025-09-08T08:43:11.804+0000] {processor.py:830} INFO - Processing file /opt/airflow/dags/update_car_data_dag.py for tasks to queue
[2025-09-08T08:43:11.805+0000] {logging_mixin.py:188} INFO - [2025-09-08T08:43:11.805+0000] {dagbag.py:538} INFO - Filling up the DagBag from /opt/airflow/dags/update_car_data_dag.py
[2025-09-08T08:43:11.829+0000] {processor.py:840} INFO - DAG(s) 'update_car_data' retrieved from /opt/airflow/dags/update_car_data_dag.py
[2025-09-08T08:43:11.876+0000] {logging_mixin.py:188} INFO - [2025-09-08T08:43:11.876+0000] {dag.py:3036} INFO - Sync 1 DAGs
[2025-09-08T08:43:11.921+0000] {logging_mixin.py:188} INFO - [2025-09-08T08:43:11.921+0000] {dag.py:3823} INFO - Setting next_dagrun for update_car_data to 2025-09-06 15:00:00+00:00, run_after=2025-09-07 15:00:00+00:00
[2025-09-08T08:43:11.944+0000] {processor.py:183} INFO - Processing /opt/airflow/dags/update_car_data_dag.py took 0.153 seconds
[2025-09-08T08:43:42.238+0000] {processor.py:161} INFO - Started process (PID=1297) to work on /opt/airflow/dags/update_car_data_dag.py
[2025-09-08T08:43:42.240+0000] {processor.py:830} INFO - Processing file /opt/airflow/dags/update_car_data_dag.py for tasks to queue
[2025-09-08T08:43:42.241+0000] {logging_mixin.py:188} INFO - [2025-09-08T08:43:42.241+0000] {dagbag.py:538} INFO - Filling up the DagBag from /opt/airflow/dags/update_car_data_dag.py
[2025-09-08T08:43:42.265+0000] {processor.py:840} INFO - DAG(s) 'update_car_data' retrieved from /opt/airflow/dags/update_car_data_dag.py
[2025-09-08T08:43:42.302+0000] {logging_mixin.py:188} INFO - [2025-09-08T08:43:42.302+0000] {dag.py:3036} INFO - Sync 1 DAGs
[2025-09-08T08:43:42.319+0000] {logging_mixin.py:188} INFO - [2025-09-08T08:43:42.319+0000] {dag.py:3823} INFO - Setting next_dagrun for update_car_data to 2025-09-06 15:00:00+00:00, run_after=2025-09-07 15:00:00+00:00
[2025-09-08T08:43:42.329+0000] {processor.py:183} INFO - Processing /opt/airflow/dags/update_car_data_dag.py took 0.099 seconds
[2025-09-08T08:44:12.624+0000] {processor.py:161} INFO - Started process (PID=1302) to work on /opt/airflow/dags/update_car_data_dag.py
[2025-09-08T08:44:12.626+0000] {processor.py:830} INFO - Processing file /opt/airflow/dags/update_car_data_dag.py for tasks to queue
[2025-09-08T08:44:12.627+0000] {logging_mixin.py:188} INFO - [2025-09-08T08:44:12.626+0000] {dagbag.py:538} INFO - Filling up the DagBag from /opt/airflow/dags/update_car_data_dag.py
[2025-09-08T08:44:12.650+0000] {processor.py:840} INFO - DAG(s) 'update_car_data' retrieved from /opt/airflow/dags/update_car_data_dag.py
[2025-09-08T08:44:12.690+0000] {logging_mixin.py:188} INFO - [2025-09-08T08:44:12.690+0000] {dag.py:3036} INFO - Sync 1 DAGs
[2025-09-08T08:44:12.709+0000] {logging_mixin.py:188} INFO - [2025-09-08T08:44:12.709+0000] {dag.py:3823} INFO - Setting next_dagrun for update_car_data to 2025-09-06 15:00:00+00:00, run_after=2025-09-07 15:00:00+00:00
[2025-09-08T08:44:12.721+0000] {processor.py:183} INFO - Processing /opt/airflow/dags/update_car_data_dag.py took 0.105 seconds
[2025-09-08T08:44:43.083+0000] {processor.py:161} INFO - Started process (PID=1307) to work on /opt/airflow/dags/update_car_data_dag.py
[2025-09-08T08:44:43.085+0000] {processor.py:830} INFO - Processing file /opt/airflow/dags/update_car_data_dag.py for tasks to queue
[2025-09-08T08:44:43.086+0000] {logging_mixin.py:188} INFO - [2025-09-08T08:44:43.085+0000] {dagbag.py:538} INFO - Filling up the DagBag from /opt/airflow/dags/update_car_data_dag.py
[2025-09-08T08:44:43.108+0000] {processor.py:840} INFO - DAG(s) 'update_car_data' retrieved from /opt/airflow/dags/update_car_data_dag.py
[2025-09-08T08:44:43.150+0000] {logging_mixin.py:188} INFO - [2025-09-08T08:44:43.149+0000] {dag.py:3036} INFO - Sync 1 DAGs
[2025-09-08T08:44:43.174+0000] {logging_mixin.py:188} INFO - [2025-09-08T08:44:43.174+0000] {dag.py:3823} INFO - Setting next_dagrun for update_car_data to 2025-09-06 15:00:00+00:00, run_after=2025-09-07 15:00:00+00:00
[2025-09-08T08:44:43.188+0000] {processor.py:183} INFO - Processing /opt/airflow/dags/update_car_data_dag.py took 0.114 seconds
[2025-09-08T08:45:13.584+0000] {processor.py:161} INFO - Started process (PID=1312) to work on /opt/airflow/dags/update_car_data_dag.py
[2025-09-08T08:45:13.586+0000] {processor.py:830} INFO - Processing file /opt/airflow/dags/update_car_data_dag.py for tasks to queue
[2025-09-08T08:45:13.587+0000] {logging_mixin.py:188} INFO - [2025-09-08T08:45:13.587+0000] {dagbag.py:538} INFO - Filling up the DagBag from /opt/airflow/dags/update_car_data_dag.py
[2025-09-08T08:45:13.623+0000] {processor.py:840} INFO - DAG(s) 'update_car_data' retrieved from /opt/airflow/dags/update_car_data_dag.py
[2025-09-08T08:45:13.671+0000] {logging_mixin.py:188} INFO - [2025-09-08T08:45:13.671+0000] {dag.py:3036} INFO - Sync 1 DAGs
[2025-09-08T08:45:13.696+0000] {logging_mixin.py:188} INFO - [2025-09-08T08:45:13.696+0000] {dag.py:3823} INFO - Setting next_dagrun for update_car_data to 2025-09-06 15:00:00+00:00, run_after=2025-09-07 15:00:00+00:00
[2025-09-08T08:45:13.711+0000] {processor.py:183} INFO - Processing /opt/airflow/dags/update_car_data_dag.py took 0.132 seconds
[2025-09-08T08:45:44.129+0000] {processor.py:161} INFO - Started process (PID=1317) to work on /opt/airflow/dags/update_car_data_dag.py
[2025-09-08T08:45:44.134+0000] {processor.py:830} INFO - Processing file /opt/airflow/dags/update_car_data_dag.py for tasks to queue
[2025-09-08T08:45:44.135+0000] {logging_mixin.py:188} INFO - [2025-09-08T08:45:44.135+0000] {dagbag.py:538} INFO - Filling up the DagBag from /opt/airflow/dags/update_car_data_dag.py
[2025-09-08T08:45:44.158+0000] {processor.py:840} INFO - DAG(s) 'update_car_data' retrieved from /opt/airflow/dags/update_car_data_dag.py
[2025-09-08T08:45:44.242+0000] {logging_mixin.py:188} INFO - [2025-09-08T08:45:44.241+0000] {dag.py:3036} INFO - Sync 1 DAGs
[2025-09-08T08:45:44.287+0000] {logging_mixin.py:188} INFO - [2025-09-08T08:45:44.287+0000] {dag.py:3823} INFO - Setting next_dagrun for update_car_data to 2025-09-06 15:00:00+00:00, run_after=2025-09-07 15:00:00+00:00
[2025-09-08T08:45:44.313+0000] {processor.py:183} INFO - Processing /opt/airflow/dags/update_car_data_dag.py took 0.189 seconds
[2025-09-08T08:46:14.618+0000] {processor.py:161} INFO - Started process (PID=1322) to work on /opt/airflow/dags/update_car_data_dag.py
[2025-09-08T08:46:14.620+0000] {processor.py:830} INFO - Processing file /opt/airflow/dags/update_car_data_dag.py for tasks to queue
[2025-09-08T08:46:14.621+0000] {logging_mixin.py:188} INFO - [2025-09-08T08:46:14.620+0000] {dagbag.py:538} INFO - Filling up the DagBag from /opt/airflow/dags/update_car_data_dag.py
[2025-09-08T08:46:14.644+0000] {processor.py:840} INFO - DAG(s) 'update_car_data' retrieved from /opt/airflow/dags/update_car_data_dag.py
[2025-09-08T08:46:14.688+0000] {logging_mixin.py:188} INFO - [2025-09-08T08:46:14.688+0000] {dag.py:3036} INFO - Sync 1 DAGs
[2025-09-08T08:46:14.714+0000] {logging_mixin.py:188} INFO - [2025-09-08T08:46:14.714+0000] {dag.py:3823} INFO - Setting next_dagrun for update_car_data to 2025-09-06 15:00:00+00:00, run_after=2025-09-07 15:00:00+00:00
[2025-09-08T08:46:14.738+0000] {processor.py:183} INFO - Processing /opt/airflow/dags/update_car_data_dag.py took 0.126 seconds
[2025-09-08T08:46:45.038+0000] {processor.py:161} INFO - Started process (PID=1327) to work on /opt/airflow/dags/update_car_data_dag.py
[2025-09-08T08:46:45.042+0000] {processor.py:830} INFO - Processing file /opt/airflow/dags/update_car_data_dag.py for tasks to queue
[2025-09-08T08:46:45.044+0000] {logging_mixin.py:188} INFO - [2025-09-08T08:46:45.043+0000] {dagbag.py:538} INFO - Filling up the DagBag from /opt/airflow/dags/update_car_data_dag.py
[2025-09-08T08:46:45.070+0000] {processor.py:840} INFO - DAG(s) 'update_car_data' retrieved from /opt/airflow/dags/update_car_data_dag.py
[2025-09-08T08:46:45.118+0000] {logging_mixin.py:188} INFO - [2025-09-08T08:46:45.118+0000] {dag.py:3036} INFO - Sync 1 DAGs
[2025-09-08T08:46:45.139+0000] {logging_mixin.py:188} INFO - [2025-09-08T08:46:45.139+0000] {dag.py:3823} INFO - Setting next_dagrun for update_car_data to 2025-09-06 15:00:00+00:00, run_after=2025-09-07 15:00:00+00:00
[2025-09-08T08:46:45.151+0000] {processor.py:183} INFO - Processing /opt/airflow/dags/update_car_data_dag.py took 0.121 seconds
[2025-09-08T08:47:15.473+0000] {processor.py:161} INFO - Started process (PID=1332) to work on /opt/airflow/dags/update_car_data_dag.py
[2025-09-08T08:47:15.476+0000] {processor.py:830} INFO - Processing file /opt/airflow/dags/update_car_data_dag.py for tasks to queue
[2025-09-08T08:47:15.477+0000] {logging_mixin.py:188} INFO - [2025-09-08T08:47:15.476+0000] {dagbag.py:538} INFO - Filling up the DagBag from /opt/airflow/dags/update_car_data_dag.py
[2025-09-08T08:47:15.499+0000] {processor.py:840} INFO - DAG(s) 'update_car_data' retrieved from /opt/airflow/dags/update_car_data_dag.py
[2025-09-08T08:47:15.536+0000] {logging_mixin.py:188} INFO - [2025-09-08T08:47:15.536+0000] {dag.py:3036} INFO - Sync 1 DAGs
[2025-09-08T08:47:15.566+0000] {logging_mixin.py:188} INFO - [2025-09-08T08:47:15.566+0000] {dag.py:3823} INFO - Setting next_dagrun for update_car_data to 2025-09-06 15:00:00+00:00, run_after=2025-09-07 15:00:00+00:00
[2025-09-08T08:47:15.579+0000] {processor.py:183} INFO - Processing /opt/airflow/dags/update_car_data_dag.py took 0.111 seconds
[2025-09-08T08:47:45.931+0000] {processor.py:161} INFO - Started process (PID=1337) to work on /opt/airflow/dags/update_car_data_dag.py
[2025-09-08T08:47:45.933+0000] {processor.py:830} INFO - Processing file /opt/airflow/dags/update_car_data_dag.py for tasks to queue
[2025-09-08T08:47:45.934+0000] {logging_mixin.py:188} INFO - [2025-09-08T08:47:45.934+0000] {dagbag.py:538} INFO - Filling up the DagBag from /opt/airflow/dags/update_car_data_dag.py
[2025-09-08T08:47:45.973+0000] {processor.py:840} INFO - DAG(s) 'update_car_data' retrieved from /opt/airflow/dags/update_car_data_dag.py
[2025-09-08T08:47:46.027+0000] {logging_mixin.py:188} INFO - [2025-09-08T08:47:46.027+0000] {dag.py:3036} INFO - Sync 1 DAGs
[2025-09-08T08:47:46.051+0000] {logging_mixin.py:188} INFO - [2025-09-08T08:47:46.051+0000] {dag.py:3823} INFO - Setting next_dagrun for update_car_data to 2025-09-06 15:00:00+00:00, run_after=2025-09-07 15:00:00+00:00
[2025-09-08T08:47:46.067+0000] {processor.py:183} INFO - Processing /opt/airflow/dags/update_car_data_dag.py took 0.147 seconds
[2025-09-08T08:48:16.399+0000] {processor.py:161} INFO - Started process (PID=1342) to work on /opt/airflow/dags/update_car_data_dag.py
[2025-09-08T08:48:16.406+0000] {processor.py:830} INFO - Processing file /opt/airflow/dags/update_car_data_dag.py for tasks to queue
[2025-09-08T08:48:16.407+0000] {logging_mixin.py:188} INFO - [2025-09-08T08:48:16.407+0000] {dagbag.py:538} INFO - Filling up the DagBag from /opt/airflow/dags/update_car_data_dag.py
[2025-09-08T08:48:16.441+0000] {processor.py:840} INFO - DAG(s) 'update_car_data' retrieved from /opt/airflow/dags/update_car_data_dag.py
[2025-09-08T08:48:16.500+0000] {logging_mixin.py:188} INFO - [2025-09-08T08:48:16.500+0000] {dag.py:3036} INFO - Sync 1 DAGs
[2025-09-08T08:48:16.519+0000] {logging_mixin.py:188} INFO - [2025-09-08T08:48:16.519+0000] {dag.py:3823} INFO - Setting next_dagrun for update_car_data to 2025-09-06 15:00:00+00:00, run_after=2025-09-07 15:00:00+00:00
[2025-09-08T08:48:16.531+0000] {processor.py:183} INFO - Processing /opt/airflow/dags/update_car_data_dag.py took 0.138 seconds
[2025-09-08T08:48:46.831+0000] {processor.py:161} INFO - Started process (PID=1347) to work on /opt/airflow/dags/update_car_data_dag.py
[2025-09-08T08:48:46.839+0000] {processor.py:830} INFO - Processing file /opt/airflow/dags/update_car_data_dag.py for tasks to queue
[2025-09-08T08:48:46.840+0000] {logging_mixin.py:188} INFO - [2025-09-08T08:48:46.839+0000] {dagbag.py:538} INFO - Filling up the DagBag from /opt/airflow/dags/update_car_data_dag.py
[2025-09-08T08:48:46.868+0000] {processor.py:840} INFO - DAG(s) 'update_car_data' retrieved from /opt/airflow/dags/update_car_data_dag.py
[2025-09-08T08:48:46.917+0000] {logging_mixin.py:188} INFO - [2025-09-08T08:48:46.916+0000] {dag.py:3036} INFO - Sync 1 DAGs
[2025-09-08T08:48:46.951+0000] {logging_mixin.py:188} INFO - [2025-09-08T08:48:46.951+0000] {dag.py:3823} INFO - Setting next_dagrun for update_car_data to 2025-09-06 15:00:00+00:00, run_after=2025-09-07 15:00:00+00:00
[2025-09-08T08:48:46.964+0000] {processor.py:183} INFO - Processing /opt/airflow/dags/update_car_data_dag.py took 0.143 seconds
[2025-09-08T08:49:17.499+0000] {processor.py:161} INFO - Started process (PID=1352) to work on /opt/airflow/dags/update_car_data_dag.py
[2025-09-08T08:49:17.502+0000] {processor.py:830} INFO - Processing file /opt/airflow/dags/update_car_data_dag.py for tasks to queue
[2025-09-08T08:49:17.503+0000] {logging_mixin.py:188} INFO - [2025-09-08T08:49:17.502+0000] {dagbag.py:538} INFO - Filling up the DagBag from /opt/airflow/dags/update_car_data_dag.py
[2025-09-08T08:49:17.528+0000] {processor.py:840} INFO - DAG(s) 'update_car_data' retrieved from /opt/airflow/dags/update_car_data_dag.py
[2025-09-08T08:49:17.593+0000] {logging_mixin.py:188} INFO - [2025-09-08T08:49:17.593+0000] {dag.py:3036} INFO - Sync 1 DAGs
[2025-09-08T08:49:17.617+0000] {logging_mixin.py:188} INFO - [2025-09-08T08:49:17.617+0000] {dag.py:3823} INFO - Setting next_dagrun for update_car_data to 2025-09-06 15:00:00+00:00, run_after=2025-09-07 15:00:00+00:00
[2025-09-08T08:49:17.629+0000] {processor.py:183} INFO - Processing /opt/airflow/dags/update_car_data_dag.py took 0.137 seconds
[2025-09-08T08:49:47.831+0000] {processor.py:161} INFO - Started process (PID=1357) to work on /opt/airflow/dags/update_car_data_dag.py
[2025-09-08T08:49:47.834+0000] {processor.py:830} INFO - Processing file /opt/airflow/dags/update_car_data_dag.py for tasks to queue
[2025-09-08T08:49:47.836+0000] {logging_mixin.py:188} INFO - [2025-09-08T08:49:47.835+0000] {dagbag.py:538} INFO - Filling up the DagBag from /opt/airflow/dags/update_car_data_dag.py
[2025-09-08T08:49:47.865+0000] {processor.py:840} INFO - DAG(s) 'update_car_data' retrieved from /opt/airflow/dags/update_car_data_dag.py
[2025-09-08T08:49:47.936+0000] {logging_mixin.py:188} INFO - [2025-09-08T08:49:47.935+0000] {dag.py:3036} INFO - Sync 1 DAGs
[2025-09-08T08:49:47.980+0000] {logging_mixin.py:188} INFO - [2025-09-08T08:49:47.980+0000] {dag.py:3823} INFO - Setting next_dagrun for update_car_data to 2025-09-06 15:00:00+00:00, run_after=2025-09-07 15:00:00+00:00
[2025-09-08T08:49:48.000+0000] {processor.py:183} INFO - Processing /opt/airflow/dags/update_car_data_dag.py took 0.183 seconds
[2025-09-08T08:50:18.316+0000] {processor.py:161} INFO - Started process (PID=1362) to work on /opt/airflow/dags/update_car_data_dag.py
[2025-09-08T08:50:18.318+0000] {processor.py:830} INFO - Processing file /opt/airflow/dags/update_car_data_dag.py for tasks to queue
[2025-09-08T08:50:18.319+0000] {logging_mixin.py:188} INFO - [2025-09-08T08:50:18.319+0000] {dagbag.py:538} INFO - Filling up the DagBag from /opt/airflow/dags/update_car_data_dag.py
[2025-09-08T08:50:18.344+0000] {processor.py:840} INFO - DAG(s) 'update_car_data' retrieved from /opt/airflow/dags/update_car_data_dag.py
[2025-09-08T08:50:18.386+0000] {logging_mixin.py:188} INFO - [2025-09-08T08:50:18.386+0000] {dag.py:3036} INFO - Sync 1 DAGs
[2025-09-08T08:50:18.405+0000] {logging_mixin.py:188} INFO - [2025-09-08T08:50:18.405+0000] {dag.py:3823} INFO - Setting next_dagrun for update_car_data to 2025-09-06 15:00:00+00:00, run_after=2025-09-07 15:00:00+00:00
[2025-09-08T08:50:18.421+0000] {processor.py:183} INFO - Processing /opt/airflow/dags/update_car_data_dag.py took 0.112 seconds
[2025-09-08T08:50:48.735+0000] {processor.py:161} INFO - Started process (PID=1367) to work on /opt/airflow/dags/update_car_data_dag.py
[2025-09-08T08:50:48.737+0000] {processor.py:830} INFO - Processing file /opt/airflow/dags/update_car_data_dag.py for tasks to queue
[2025-09-08T08:50:48.738+0000] {logging_mixin.py:188} INFO - [2025-09-08T08:50:48.738+0000] {dagbag.py:538} INFO - Filling up the DagBag from /opt/airflow/dags/update_car_data_dag.py
[2025-09-08T08:50:48.764+0000] {processor.py:840} INFO - DAG(s) 'update_car_data' retrieved from /opt/airflow/dags/update_car_data_dag.py
[2025-09-08T08:50:48.820+0000] {logging_mixin.py:188} INFO - [2025-09-08T08:50:48.820+0000] {dag.py:3036} INFO - Sync 1 DAGs
[2025-09-08T08:50:48.862+0000] {logging_mixin.py:188} INFO - [2025-09-08T08:50:48.861+0000] {dag.py:3823} INFO - Setting next_dagrun for update_car_data to 2025-09-06 15:00:00+00:00, run_after=2025-09-07 15:00:00+00:00
[2025-09-08T08:50:48.877+0000] {processor.py:183} INFO - Processing /opt/airflow/dags/update_car_data_dag.py took 0.150 seconds
[2025-09-08T08:51:19.192+0000] {processor.py:161} INFO - Started process (PID=1372) to work on /opt/airflow/dags/update_car_data_dag.py
[2025-09-08T08:51:19.194+0000] {processor.py:830} INFO - Processing file /opt/airflow/dags/update_car_data_dag.py for tasks to queue
[2025-09-08T08:51:19.200+0000] {logging_mixin.py:188} INFO - [2025-09-08T08:51:19.197+0000] {dagbag.py:538} INFO - Filling up the DagBag from /opt/airflow/dags/update_car_data_dag.py
[2025-09-08T08:51:19.227+0000] {processor.py:840} INFO - DAG(s) 'update_car_data' retrieved from /opt/airflow/dags/update_car_data_dag.py
[2025-09-08T08:51:19.274+0000] {logging_mixin.py:188} INFO - [2025-09-08T08:51:19.274+0000] {dag.py:3036} INFO - Sync 1 DAGs
[2025-09-08T08:51:19.297+0000] {logging_mixin.py:188} INFO - [2025-09-08T08:51:19.297+0000] {dag.py:3823} INFO - Setting next_dagrun for update_car_data to 2025-09-06 15:00:00+00:00, run_after=2025-09-07 15:00:00+00:00
[2025-09-08T08:51:19.310+0000] {processor.py:183} INFO - Processing /opt/airflow/dags/update_car_data_dag.py took 0.124 seconds
[2025-09-08T08:51:49.781+0000] {processor.py:161} INFO - Started process (PID=1377) to work on /opt/airflow/dags/update_car_data_dag.py
[2025-09-08T08:51:49.783+0000] {processor.py:830} INFO - Processing file /opt/airflow/dags/update_car_data_dag.py for tasks to queue
[2025-09-08T08:51:49.784+0000] {logging_mixin.py:188} INFO - [2025-09-08T08:51:49.784+0000] {dagbag.py:538} INFO - Filling up the DagBag from /opt/airflow/dags/update_car_data_dag.py
[2025-09-08T08:51:49.809+0000] {processor.py:840} INFO - DAG(s) 'update_car_data' retrieved from /opt/airflow/dags/update_car_data_dag.py
[2025-09-08T08:51:49.862+0000] {logging_mixin.py:188} INFO - [2025-09-08T08:51:49.861+0000] {dag.py:3036} INFO - Sync 1 DAGs
[2025-09-08T08:51:49.894+0000] {logging_mixin.py:188} INFO - [2025-09-08T08:51:49.894+0000] {dag.py:3823} INFO - Setting next_dagrun for update_car_data to 2025-09-06 15:00:00+00:00, run_after=2025-09-07 15:00:00+00:00
[2025-09-08T08:51:49.912+0000] {processor.py:183} INFO - Processing /opt/airflow/dags/update_car_data_dag.py took 0.141 seconds
[2025-09-08T08:52:20.253+0000] {processor.py:161} INFO - Started process (PID=1382) to work on /opt/airflow/dags/update_car_data_dag.py
[2025-09-08T08:52:20.255+0000] {processor.py:830} INFO - Processing file /opt/airflow/dags/update_car_data_dag.py for tasks to queue
[2025-09-08T08:52:20.256+0000] {logging_mixin.py:188} INFO - [2025-09-08T08:52:20.255+0000] {dagbag.py:538} INFO - Filling up the DagBag from /opt/airflow/dags/update_car_data_dag.py
[2025-09-08T08:52:20.284+0000] {processor.py:840} INFO - DAG(s) 'update_car_data' retrieved from /opt/airflow/dags/update_car_data_dag.py
[2025-09-08T08:52:20.336+0000] {logging_mixin.py:188} INFO - [2025-09-08T08:52:20.336+0000] {dag.py:3036} INFO - Sync 1 DAGs
[2025-09-08T08:52:20.361+0000] {logging_mixin.py:188} INFO - [2025-09-08T08:52:20.360+0000] {dag.py:3823} INFO - Setting next_dagrun for update_car_data to 2025-09-06 15:00:00+00:00, run_after=2025-09-07 15:00:00+00:00
[2025-09-08T08:52:20.374+0000] {processor.py:183} INFO - Processing /opt/airflow/dags/update_car_data_dag.py took 0.128 seconds
[2025-09-08T08:52:50.599+0000] {processor.py:161} INFO - Started process (PID=1387) to work on /opt/airflow/dags/update_car_data_dag.py
[2025-09-08T08:52:50.603+0000] {processor.py:830} INFO - Processing file /opt/airflow/dags/update_car_data_dag.py for tasks to queue
[2025-09-08T08:52:50.607+0000] {logging_mixin.py:188} INFO - [2025-09-08T08:52:50.606+0000] {dagbag.py:538} INFO - Filling up the DagBag from /opt/airflow/dags/update_car_data_dag.py
[2025-09-08T08:52:50.626+0000] {processor.py:840} INFO - DAG(s) 'update_car_data' retrieved from /opt/airflow/dags/update_car_data_dag.py
[2025-09-08T08:52:50.674+0000] {logging_mixin.py:188} INFO - [2025-09-08T08:52:50.674+0000] {dag.py:3036} INFO - Sync 1 DAGs
[2025-09-08T08:52:50.705+0000] {logging_mixin.py:188} INFO - [2025-09-08T08:52:50.704+0000] {dag.py:3823} INFO - Setting next_dagrun for update_car_data to 2025-09-06 15:00:00+00:00, run_after=2025-09-07 15:00:00+00:00
[2025-09-08T08:52:50.722+0000] {processor.py:183} INFO - Processing /opt/airflow/dags/update_car_data_dag.py took 0.130 seconds
[2025-09-08T08:53:20.919+0000] {processor.py:161} INFO - Started process (PID=1392) to work on /opt/airflow/dags/update_car_data_dag.py
[2025-09-08T08:53:20.921+0000] {processor.py:830} INFO - Processing file /opt/airflow/dags/update_car_data_dag.py for tasks to queue
[2025-09-08T08:53:20.922+0000] {logging_mixin.py:188} INFO - [2025-09-08T08:53:20.921+0000] {dagbag.py:538} INFO - Filling up the DagBag from /opt/airflow/dags/update_car_data_dag.py
[2025-09-08T08:53:20.946+0000] {processor.py:840} INFO - DAG(s) 'update_car_data' retrieved from /opt/airflow/dags/update_car_data_dag.py
[2025-09-08T08:53:20.983+0000] {logging_mixin.py:188} INFO - [2025-09-08T08:53:20.983+0000] {dag.py:3036} INFO - Sync 1 DAGs
[2025-09-08T08:53:21.000+0000] {logging_mixin.py:188} INFO - [2025-09-08T08:53:21.000+0000] {dag.py:3823} INFO - Setting next_dagrun for update_car_data to 2025-09-06 15:00:00+00:00, run_after=2025-09-07 15:00:00+00:00
[2025-09-08T08:53:21.012+0000] {processor.py:183} INFO - Processing /opt/airflow/dags/update_car_data_dag.py took 0.100 seconds
[2025-09-08T08:53:51.324+0000] {processor.py:161} INFO - Started process (PID=1397) to work on /opt/airflow/dags/update_car_data_dag.py
[2025-09-08T08:53:51.325+0000] {processor.py:830} INFO - Processing file /opt/airflow/dags/update_car_data_dag.py for tasks to queue
[2025-09-08T08:53:51.326+0000] {logging_mixin.py:188} INFO - [2025-09-08T08:53:51.326+0000] {dagbag.py:538} INFO - Filling up the DagBag from /opt/airflow/dags/update_car_data_dag.py
[2025-09-08T08:53:51.347+0000] {processor.py:840} INFO - DAG(s) 'update_car_data' retrieved from /opt/airflow/dags/update_car_data_dag.py
[2025-09-08T08:53:51.379+0000] {logging_mixin.py:188} INFO - [2025-09-08T08:53:51.379+0000] {dag.py:3036} INFO - Sync 1 DAGs
[2025-09-08T08:53:51.399+0000] {logging_mixin.py:188} INFO - [2025-09-08T08:53:51.399+0000] {dag.py:3823} INFO - Setting next_dagrun for update_car_data to 2025-09-06 15:00:00+00:00, run_after=2025-09-07 15:00:00+00:00
[2025-09-08T08:53:51.410+0000] {processor.py:183} INFO - Processing /opt/airflow/dags/update_car_data_dag.py took 0.092 seconds
[2025-09-08T08:54:21.686+0000] {processor.py:161} INFO - Started process (PID=1402) to work on /opt/airflow/dags/update_car_data_dag.py
[2025-09-08T08:54:21.688+0000] {processor.py:830} INFO - Processing file /opt/airflow/dags/update_car_data_dag.py for tasks to queue
[2025-09-08T08:54:21.689+0000] {logging_mixin.py:188} INFO - [2025-09-08T08:54:21.689+0000] {dagbag.py:538} INFO - Filling up the DagBag from /opt/airflow/dags/update_car_data_dag.py
[2025-09-08T08:54:21.710+0000] {processor.py:840} INFO - DAG(s) 'update_car_data' retrieved from /opt/airflow/dags/update_car_data_dag.py
[2025-09-08T08:54:21.748+0000] {logging_mixin.py:188} INFO - [2025-09-08T08:54:21.748+0000] {dag.py:3036} INFO - Sync 1 DAGs
[2025-09-08T08:54:21.769+0000] {logging_mixin.py:188} INFO - [2025-09-08T08:54:21.769+0000] {dag.py:3823} INFO - Setting next_dagrun for update_car_data to 2025-09-06 15:00:00+00:00, run_after=2025-09-07 15:00:00+00:00
[2025-09-08T08:54:21.780+0000] {processor.py:183} INFO - Processing /opt/airflow/dags/update_car_data_dag.py took 0.101 seconds
[2025-09-08T08:54:52.132+0000] {processor.py:161} INFO - Started process (PID=1407) to work on /opt/airflow/dags/update_car_data_dag.py
[2025-09-08T08:54:52.134+0000] {processor.py:830} INFO - Processing file /opt/airflow/dags/update_car_data_dag.py for tasks to queue
[2025-09-08T08:54:52.135+0000] {logging_mixin.py:188} INFO - [2025-09-08T08:54:52.135+0000] {dagbag.py:538} INFO - Filling up the DagBag from /opt/airflow/dags/update_car_data_dag.py
[2025-09-08T08:54:52.157+0000] {processor.py:840} INFO - DAG(s) 'update_car_data' retrieved from /opt/airflow/dags/update_car_data_dag.py
[2025-09-08T08:54:52.195+0000] {logging_mixin.py:188} INFO - [2025-09-08T08:54:52.195+0000] {dag.py:3036} INFO - Sync 1 DAGs
[2025-09-08T08:54:52.216+0000] {logging_mixin.py:188} INFO - [2025-09-08T08:54:52.216+0000] {dag.py:3823} INFO - Setting next_dagrun for update_car_data to 2025-09-06 15:00:00+00:00, run_after=2025-09-07 15:00:00+00:00
[2025-09-08T08:54:52.227+0000] {processor.py:183} INFO - Processing /opt/airflow/dags/update_car_data_dag.py took 0.104 seconds
[2025-09-08T08:55:22.580+0000] {processor.py:161} INFO - Started process (PID=1412) to work on /opt/airflow/dags/update_car_data_dag.py
[2025-09-08T08:55:22.582+0000] {processor.py:830} INFO - Processing file /opt/airflow/dags/update_car_data_dag.py for tasks to queue
[2025-09-08T08:55:22.584+0000] {logging_mixin.py:188} INFO - [2025-09-08T08:55:22.583+0000] {dagbag.py:538} INFO - Filling up the DagBag from /opt/airflow/dags/update_car_data_dag.py
[2025-09-08T08:55:22.609+0000] {processor.py:840} INFO - DAG(s) 'update_car_data' retrieved from /opt/airflow/dags/update_car_data_dag.py
[2025-09-08T08:55:22.660+0000] {logging_mixin.py:188} INFO - [2025-09-08T08:55:22.660+0000] {dag.py:3036} INFO - Sync 1 DAGs
[2025-09-08T08:55:22.682+0000] {logging_mixin.py:188} INFO - [2025-09-08T08:55:22.682+0000] {dag.py:3823} INFO - Setting next_dagrun for update_car_data to 2025-09-06 15:00:00+00:00, run_after=2025-09-07 15:00:00+00:00
[2025-09-08T08:55:22.695+0000] {processor.py:183} INFO - Processing /opt/airflow/dags/update_car_data_dag.py took 0.120 seconds
[2025-09-08T08:55:53.009+0000] {processor.py:161} INFO - Started process (PID=1417) to work on /opt/airflow/dags/update_car_data_dag.py
[2025-09-08T08:55:53.011+0000] {processor.py:830} INFO - Processing file /opt/airflow/dags/update_car_data_dag.py for tasks to queue
[2025-09-08T08:55:53.012+0000] {logging_mixin.py:188} INFO - [2025-09-08T08:55:53.012+0000] {dagbag.py:538} INFO - Filling up the DagBag from /opt/airflow/dags/update_car_data_dag.py
[2025-09-08T08:55:53.032+0000] {processor.py:840} INFO - DAG(s) 'update_car_data' retrieved from /opt/airflow/dags/update_car_data_dag.py
[2025-09-08T08:55:53.069+0000] {logging_mixin.py:188} INFO - [2025-09-08T08:55:53.069+0000] {dag.py:3036} INFO - Sync 1 DAGs
[2025-09-08T08:55:53.091+0000] {logging_mixin.py:188} INFO - [2025-09-08T08:55:53.091+0000] {dag.py:3823} INFO - Setting next_dagrun for update_car_data to 2025-09-06 15:00:00+00:00, run_after=2025-09-07 15:00:00+00:00
[2025-09-08T08:55:53.102+0000] {processor.py:183} INFO - Processing /opt/airflow/dags/update_car_data_dag.py took 0.098 seconds
[2025-09-08T08:56:23.611+0000] {processor.py:161} INFO - Started process (PID=1422) to work on /opt/airflow/dags/update_car_data_dag.py
[2025-09-08T08:56:23.614+0000] {processor.py:830} INFO - Processing file /opt/airflow/dags/update_car_data_dag.py for tasks to queue
[2025-09-08T08:56:23.615+0000] {logging_mixin.py:188} INFO - [2025-09-08T08:56:23.614+0000] {dagbag.py:538} INFO - Filling up the DagBag from /opt/airflow/dags/update_car_data_dag.py
[2025-09-08T08:56:23.642+0000] {processor.py:840} INFO - DAG(s) 'update_car_data' retrieved from /opt/airflow/dags/update_car_data_dag.py
[2025-09-08T08:56:23.689+0000] {logging_mixin.py:188} INFO - [2025-09-08T08:56:23.688+0000] {dag.py:3036} INFO - Sync 1 DAGs
[2025-09-08T08:56:23.711+0000] {logging_mixin.py:188} INFO - [2025-09-08T08:56:23.710+0000] {dag.py:3823} INFO - Setting next_dagrun for update_car_data to 2025-09-06 15:00:00+00:00, run_after=2025-09-07 15:00:00+00:00
[2025-09-08T08:56:23.725+0000] {processor.py:183} INFO - Processing /opt/airflow/dags/update_car_data_dag.py took 0.120 seconds
[2025-09-08T08:56:54.027+0000] {processor.py:161} INFO - Started process (PID=1427) to work on /opt/airflow/dags/update_car_data_dag.py
[2025-09-08T08:56:54.029+0000] {processor.py:830} INFO - Processing file /opt/airflow/dags/update_car_data_dag.py for tasks to queue
[2025-09-08T08:56:54.030+0000] {logging_mixin.py:188} INFO - [2025-09-08T08:56:54.030+0000] {dagbag.py:538} INFO - Filling up the DagBag from /opt/airflow/dags/update_car_data_dag.py
[2025-09-08T08:56:54.061+0000] {processor.py:840} INFO - DAG(s) 'update_car_data' retrieved from /opt/airflow/dags/update_car_data_dag.py
[2025-09-08T08:56:54.109+0000] {logging_mixin.py:188} INFO - [2025-09-08T08:56:54.109+0000] {dag.py:3036} INFO - Sync 1 DAGs
[2025-09-08T08:56:54.131+0000] {logging_mixin.py:188} INFO - [2025-09-08T08:56:54.131+0000] {dag.py:3823} INFO - Setting next_dagrun for update_car_data to 2025-09-06 15:00:00+00:00, run_after=2025-09-07 15:00:00+00:00
[2025-09-08T08:56:54.146+0000] {processor.py:183} INFO - Processing /opt/airflow/dags/update_car_data_dag.py took 0.125 seconds
[2025-09-08T08:57:24.527+0000] {processor.py:161} INFO - Started process (PID=1432) to work on /opt/airflow/dags/update_car_data_dag.py
[2025-09-08T08:57:24.528+0000] {processor.py:830} INFO - Processing file /opt/airflow/dags/update_car_data_dag.py for tasks to queue
[2025-09-08T08:57:24.529+0000] {logging_mixin.py:188} INFO - [2025-09-08T08:57:24.529+0000] {dagbag.py:538} INFO - Filling up the DagBag from /opt/airflow/dags/update_car_data_dag.py
[2025-09-08T08:57:24.549+0000] {processor.py:840} INFO - DAG(s) 'update_car_data' retrieved from /opt/airflow/dags/update_car_data_dag.py
[2025-09-08T08:57:24.587+0000] {logging_mixin.py:188} INFO - [2025-09-08T08:57:24.587+0000] {dag.py:3036} INFO - Sync 1 DAGs
[2025-09-08T08:57:24.608+0000] {logging_mixin.py:188} INFO - [2025-09-08T08:57:24.608+0000] {dag.py:3823} INFO - Setting next_dagrun for update_car_data to 2025-09-06 15:00:00+00:00, run_after=2025-09-07 15:00:00+00:00
[2025-09-08T08:57:24.618+0000] {processor.py:183} INFO - Processing /opt/airflow/dags/update_car_data_dag.py took 0.096 seconds
[2025-09-08T08:57:54.981+0000] {processor.py:161} INFO - Started process (PID=1437) to work on /opt/airflow/dags/update_car_data_dag.py
[2025-09-08T08:57:54.983+0000] {processor.py:830} INFO - Processing file /opt/airflow/dags/update_car_data_dag.py for tasks to queue
[2025-09-08T08:57:54.985+0000] {logging_mixin.py:188} INFO - [2025-09-08T08:57:54.985+0000] {dagbag.py:538} INFO - Filling up the DagBag from /opt/airflow/dags/update_car_data_dag.py
[2025-09-08T08:57:55.049+0000] {processor.py:840} INFO - DAG(s) 'update_car_data' retrieved from /opt/airflow/dags/update_car_data_dag.py
[2025-09-08T08:57:55.094+0000] {logging_mixin.py:188} INFO - [2025-09-08T08:57:55.094+0000] {dag.py:3036} INFO - Sync 1 DAGs
[2025-09-08T08:57:55.120+0000] {logging_mixin.py:188} INFO - [2025-09-08T08:57:55.120+0000] {dag.py:3823} INFO - Setting next_dagrun for update_car_data to 2025-09-06 15:00:00+00:00, run_after=2025-09-07 15:00:00+00:00
[2025-09-08T08:57:55.133+0000] {processor.py:183} INFO - Processing /opt/airflow/dags/update_car_data_dag.py took 0.158 seconds
[2025-09-08T08:58:25.484+0000] {processor.py:161} INFO - Started process (PID=1442) to work on /opt/airflow/dags/update_car_data_dag.py
[2025-09-08T08:58:25.486+0000] {processor.py:830} INFO - Processing file /opt/airflow/dags/update_car_data_dag.py for tasks to queue
[2025-09-08T08:58:25.487+0000] {logging_mixin.py:188} INFO - [2025-09-08T08:58:25.487+0000] {dagbag.py:538} INFO - Filling up the DagBag from /opt/airflow/dags/update_car_data_dag.py
[2025-09-08T08:58:25.510+0000] {processor.py:840} INFO - DAG(s) 'update_car_data' retrieved from /opt/airflow/dags/update_car_data_dag.py
[2025-09-08T08:58:25.553+0000] {logging_mixin.py:188} INFO - [2025-09-08T08:58:25.552+0000] {dag.py:3036} INFO - Sync 1 DAGs
[2025-09-08T08:58:25.574+0000] {logging_mixin.py:188} INFO - [2025-09-08T08:58:25.574+0000] {dag.py:3823} INFO - Setting next_dagrun for update_car_data to 2025-09-06 15:00:00+00:00, run_after=2025-09-07 15:00:00+00:00
[2025-09-08T08:58:25.586+0000] {processor.py:183} INFO - Processing /opt/airflow/dags/update_car_data_dag.py took 0.110 seconds
[2025-09-08T08:58:55.859+0000] {processor.py:161} INFO - Started process (PID=1447) to work on /opt/airflow/dags/update_car_data_dag.py
[2025-09-08T08:58:55.860+0000] {processor.py:830} INFO - Processing file /opt/airflow/dags/update_car_data_dag.py for tasks to queue
[2025-09-08T08:58:55.861+0000] {logging_mixin.py:188} INFO - [2025-09-08T08:58:55.861+0000] {dagbag.py:538} INFO - Filling up the DagBag from /opt/airflow/dags/update_car_data_dag.py
[2025-09-08T08:58:55.884+0000] {processor.py:840} INFO - DAG(s) 'update_car_data' retrieved from /opt/airflow/dags/update_car_data_dag.py
[2025-09-08T08:58:55.928+0000] {logging_mixin.py:188} INFO - [2025-09-08T08:58:55.928+0000] {dag.py:3036} INFO - Sync 1 DAGs
[2025-09-08T08:58:55.948+0000] {logging_mixin.py:188} INFO - [2025-09-08T08:58:55.948+0000] {dag.py:3823} INFO - Setting next_dagrun for update_car_data to 2025-09-06 15:00:00+00:00, run_after=2025-09-07 15:00:00+00:00
[2025-09-08T08:58:55.961+0000] {processor.py:183} INFO - Processing /opt/airflow/dags/update_car_data_dag.py took 0.107 seconds
[2025-09-08T08:59:26.278+0000] {processor.py:161} INFO - Started process (PID=1452) to work on /opt/airflow/dags/update_car_data_dag.py
[2025-09-08T08:59:26.280+0000] {processor.py:830} INFO - Processing file /opt/airflow/dags/update_car_data_dag.py for tasks to queue
[2025-09-08T08:59:26.281+0000] {logging_mixin.py:188} INFO - [2025-09-08T08:59:26.280+0000] {dagbag.py:538} INFO - Filling up the DagBag from /opt/airflow/dags/update_car_data_dag.py
[2025-09-08T08:59:26.310+0000] {processor.py:840} INFO - DAG(s) 'update_car_data' retrieved from /opt/airflow/dags/update_car_data_dag.py
[2025-09-08T08:59:26.356+0000] {logging_mixin.py:188} INFO - [2025-09-08T08:59:26.356+0000] {dag.py:3036} INFO - Sync 1 DAGs
[2025-09-08T08:59:26.380+0000] {logging_mixin.py:188} INFO - [2025-09-08T08:59:26.380+0000] {dag.py:3823} INFO - Setting next_dagrun for update_car_data to 2025-09-06 15:00:00+00:00, run_after=2025-09-07 15:00:00+00:00
[2025-09-08T08:59:26.393+0000] {processor.py:183} INFO - Processing /opt/airflow/dags/update_car_data_dag.py took 0.121 seconds
[2025-09-08T08:59:56.629+0000] {processor.py:161} INFO - Started process (PID=1457) to work on /opt/airflow/dags/update_car_data_dag.py
[2025-09-08T08:59:56.631+0000] {processor.py:830} INFO - Processing file /opt/airflow/dags/update_car_data_dag.py for tasks to queue
[2025-09-08T08:59:56.632+0000] {logging_mixin.py:188} INFO - [2025-09-08T08:59:56.632+0000] {dagbag.py:538} INFO - Filling up the DagBag from /opt/airflow/dags/update_car_data_dag.py
[2025-09-08T08:59:56.662+0000] {processor.py:840} INFO - DAG(s) 'update_car_data' retrieved from /opt/airflow/dags/update_car_data_dag.py
[2025-09-08T08:59:56.712+0000] {logging_mixin.py:188} INFO - [2025-09-08T08:59:56.712+0000] {dag.py:3036} INFO - Sync 1 DAGs
[2025-09-08T08:59:56.744+0000] {logging_mixin.py:188} INFO - [2025-09-08T08:59:56.744+0000] {dag.py:3823} INFO - Setting next_dagrun for update_car_data to 2025-09-06 15:00:00+00:00, run_after=2025-09-07 15:00:00+00:00
[2025-09-08T08:59:56.761+0000] {processor.py:183} INFO - Processing /opt/airflow/dags/update_car_data_dag.py took 0.142 seconds
[2025-09-08T09:00:27.153+0000] {processor.py:161} INFO - Started process (PID=1462) to work on /opt/airflow/dags/update_car_data_dag.py
[2025-09-08T09:00:27.155+0000] {processor.py:830} INFO - Processing file /opt/airflow/dags/update_car_data_dag.py for tasks to queue
[2025-09-08T09:00:27.157+0000] {logging_mixin.py:188} INFO - [2025-09-08T09:00:27.156+0000] {dagbag.py:538} INFO - Filling up the DagBag from /opt/airflow/dags/update_car_data_dag.py
[2025-09-08T09:00:27.195+0000] {processor.py:840} INFO - DAG(s) 'update_car_data' retrieved from /opt/airflow/dags/update_car_data_dag.py
[2025-09-08T09:00:27.261+0000] {logging_mixin.py:188} INFO - [2025-09-08T09:00:27.260+0000] {dag.py:3036} INFO - Sync 1 DAGs
[2025-09-08T09:00:27.300+0000] {logging_mixin.py:188} INFO - [2025-09-08T09:00:27.299+0000] {dag.py:3823} INFO - Setting next_dagrun for update_car_data to 2025-09-06 15:00:00+00:00, run_after=2025-09-07 15:00:00+00:00
[2025-09-08T09:00:27.329+0000] {processor.py:183} INFO - Processing /opt/airflow/dags/update_car_data_dag.py took 0.184 seconds
[2025-09-08T09:00:57.634+0000] {processor.py:161} INFO - Started process (PID=1467) to work on /opt/airflow/dags/update_car_data_dag.py
[2025-09-08T09:00:57.636+0000] {processor.py:830} INFO - Processing file /opt/airflow/dags/update_car_data_dag.py for tasks to queue
[2025-09-08T09:00:57.637+0000] {logging_mixin.py:188} INFO - [2025-09-08T09:00:57.637+0000] {dagbag.py:538} INFO - Filling up the DagBag from /opt/airflow/dags/update_car_data_dag.py
[2025-09-08T09:00:57.662+0000] {processor.py:840} INFO - DAG(s) 'update_car_data' retrieved from /opt/airflow/dags/update_car_data_dag.py
[2025-09-08T09:00:57.717+0000] {logging_mixin.py:188} INFO - [2025-09-08T09:00:57.717+0000] {dag.py:3036} INFO - Sync 1 DAGs
[2025-09-08T09:00:57.774+0000] {logging_mixin.py:188} INFO - [2025-09-08T09:00:57.774+0000] {dag.py:3823} INFO - Setting next_dagrun for update_car_data to 2025-09-06 15:00:00+00:00, run_after=2025-09-07 15:00:00+00:00
[2025-09-08T09:00:57.799+0000] {processor.py:183} INFO - Processing /opt/airflow/dags/update_car_data_dag.py took 0.172 seconds
[2025-09-08T09:01:28.096+0000] {processor.py:161} INFO - Started process (PID=1472) to work on /opt/airflow/dags/update_car_data_dag.py
[2025-09-08T09:01:28.100+0000] {processor.py:830} INFO - Processing file /opt/airflow/dags/update_car_data_dag.py for tasks to queue
[2025-09-08T09:01:28.102+0000] {logging_mixin.py:188} INFO - [2025-09-08T09:01:28.101+0000] {dagbag.py:538} INFO - Filling up the DagBag from /opt/airflow/dags/update_car_data_dag.py
[2025-09-08T09:01:28.130+0000] {processor.py:840} INFO - DAG(s) 'update_car_data' retrieved from /opt/airflow/dags/update_car_data_dag.py
[2025-09-08T09:01:28.185+0000] {logging_mixin.py:188} INFO - [2025-09-08T09:01:28.185+0000] {dag.py:3036} INFO - Sync 1 DAGs
[2025-09-08T09:01:28.221+0000] {logging_mixin.py:188} INFO - [2025-09-08T09:01:28.220+0000] {dag.py:3823} INFO - Setting next_dagrun for update_car_data to 2025-09-06 15:00:00+00:00, run_after=2025-09-07 15:00:00+00:00
[2025-09-08T09:01:28.246+0000] {processor.py:183} INFO - Processing /opt/airflow/dags/update_car_data_dag.py took 0.158 seconds
[2025-09-08T09:01:58.535+0000] {processor.py:161} INFO - Started process (PID=1477) to work on /opt/airflow/dags/update_car_data_dag.py
[2025-09-08T09:01:58.537+0000] {processor.py:830} INFO - Processing file /opt/airflow/dags/update_car_data_dag.py for tasks to queue
[2025-09-08T09:01:58.538+0000] {logging_mixin.py:188} INFO - [2025-09-08T09:01:58.538+0000] {dagbag.py:538} INFO - Filling up the DagBag from /opt/airflow/dags/update_car_data_dag.py
[2025-09-08T09:01:58.555+0000] {processor.py:840} INFO - DAG(s) 'update_car_data' retrieved from /opt/airflow/dags/update_car_data_dag.py
[2025-09-08T09:01:58.611+0000] {logging_mixin.py:188} INFO - [2025-09-08T09:01:58.611+0000] {dag.py:3036} INFO - Sync 1 DAGs
[2025-09-08T09:01:58.657+0000] {logging_mixin.py:188} INFO - [2025-09-08T09:01:58.657+0000] {dag.py:3823} INFO - Setting next_dagrun for update_car_data to 2025-09-06 15:00:00+00:00, run_after=2025-09-07 15:00:00+00:00
[2025-09-08T09:01:58.675+0000] {processor.py:183} INFO - Processing /opt/airflow/dags/update_car_data_dag.py took 0.146 seconds
[2025-09-08T09:02:28.983+0000] {processor.py:161} INFO - Started process (PID=1482) to work on /opt/airflow/dags/update_car_data_dag.py
[2025-09-08T09:02:28.985+0000] {processor.py:830} INFO - Processing file /opt/airflow/dags/update_car_data_dag.py for tasks to queue
[2025-09-08T09:02:28.986+0000] {logging_mixin.py:188} INFO - [2025-09-08T09:02:28.986+0000] {dagbag.py:538} INFO - Filling up the DagBag from /opt/airflow/dags/update_car_data_dag.py
[2025-09-08T09:02:29.014+0000] {processor.py:840} INFO - DAG(s) 'update_car_data' retrieved from /opt/airflow/dags/update_car_data_dag.py
[2025-09-08T09:02:29.057+0000] {logging_mixin.py:188} INFO - [2025-09-08T09:02:29.057+0000] {dag.py:3036} INFO - Sync 1 DAGs
[2025-09-08T09:02:29.079+0000] {logging_mixin.py:188} INFO - [2025-09-08T09:02:29.078+0000] {dag.py:3823} INFO - Setting next_dagrun for update_car_data to 2025-09-06 15:00:00+00:00, run_after=2025-09-07 15:00:00+00:00
[2025-09-08T09:02:29.095+0000] {processor.py:183} INFO - Processing /opt/airflow/dags/update_car_data_dag.py took 0.121 seconds
[2025-09-08T09:02:59.484+0000] {processor.py:161} INFO - Started process (PID=1487) to work on /opt/airflow/dags/update_car_data_dag.py
[2025-09-08T09:02:59.485+0000] {processor.py:830} INFO - Processing file /opt/airflow/dags/update_car_data_dag.py for tasks to queue
[2025-09-08T09:02:59.487+0000] {logging_mixin.py:188} INFO - [2025-09-08T09:02:59.486+0000] {dagbag.py:538} INFO - Filling up the DagBag from /opt/airflow/dags/update_car_data_dag.py
[2025-09-08T09:02:59.509+0000] {processor.py:840} INFO - DAG(s) 'update_car_data' retrieved from /opt/airflow/dags/update_car_data_dag.py
[2025-09-08T09:02:59.547+0000] {logging_mixin.py:188} INFO - [2025-09-08T09:02:59.547+0000] {dag.py:3036} INFO - Sync 1 DAGs
[2025-09-08T09:02:59.567+0000] {logging_mixin.py:188} INFO - [2025-09-08T09:02:59.566+0000] {dag.py:3823} INFO - Setting next_dagrun for update_car_data to 2025-09-06 15:00:00+00:00, run_after=2025-09-07 15:00:00+00:00
[2025-09-08T09:02:59.577+0000] {processor.py:183} INFO - Processing /opt/airflow/dags/update_car_data_dag.py took 0.099 seconds
[2025-09-08T09:03:29.874+0000] {processor.py:161} INFO - Started process (PID=1492) to work on /opt/airflow/dags/update_car_data_dag.py
[2025-09-08T09:03:29.876+0000] {processor.py:830} INFO - Processing file /opt/airflow/dags/update_car_data_dag.py for tasks to queue
[2025-09-08T09:03:29.877+0000] {logging_mixin.py:188} INFO - [2025-09-08T09:03:29.876+0000] {dagbag.py:538} INFO - Filling up the DagBag from /opt/airflow/dags/update_car_data_dag.py
[2025-09-08T09:03:29.899+0000] {processor.py:840} INFO - DAG(s) 'update_car_data' retrieved from /opt/airflow/dags/update_car_data_dag.py
[2025-09-08T09:03:29.934+0000] {logging_mixin.py:188} INFO - [2025-09-08T09:03:29.933+0000] {dag.py:3036} INFO - Sync 1 DAGs
[2025-09-08T09:03:29.951+0000] {logging_mixin.py:188} INFO - [2025-09-08T09:03:29.951+0000] {dag.py:3823} INFO - Setting next_dagrun for update_car_data to 2025-09-06 15:00:00+00:00, run_after=2025-09-07 15:00:00+00:00
[2025-09-08T09:03:29.962+0000] {processor.py:183} INFO - Processing /opt/airflow/dags/update_car_data_dag.py took 0.095 seconds
[2025-09-08T09:04:00.239+0000] {processor.py:161} INFO - Started process (PID=1497) to work on /opt/airflow/dags/update_car_data_dag.py
[2025-09-08T09:04:00.241+0000] {processor.py:830} INFO - Processing file /opt/airflow/dags/update_car_data_dag.py for tasks to queue
[2025-09-08T09:04:00.242+0000] {logging_mixin.py:188} INFO - [2025-09-08T09:04:00.242+0000] {dagbag.py:538} INFO - Filling up the DagBag from /opt/airflow/dags/update_car_data_dag.py
[2025-09-08T09:04:00.267+0000] {processor.py:840} INFO - DAG(s) 'update_car_data' retrieved from /opt/airflow/dags/update_car_data_dag.py
[2025-09-08T09:04:00.301+0000] {logging_mixin.py:188} INFO - [2025-09-08T09:04:00.301+0000] {dag.py:3036} INFO - Sync 1 DAGs
[2025-09-08T09:04:00.321+0000] {logging_mixin.py:188} INFO - [2025-09-08T09:04:00.321+0000] {dag.py:3823} INFO - Setting next_dagrun for update_car_data to 2025-09-06 15:00:00+00:00, run_after=2025-09-07 15:00:00+00:00
[2025-09-08T09:04:00.332+0000] {processor.py:183} INFO - Processing /opt/airflow/dags/update_car_data_dag.py took 0.098 seconds
[2025-09-08T09:04:30.709+0000] {processor.py:161} INFO - Started process (PID=1502) to work on /opt/airflow/dags/update_car_data_dag.py
[2025-09-08T09:04:30.711+0000] {processor.py:830} INFO - Processing file /opt/airflow/dags/update_car_data_dag.py for tasks to queue
[2025-09-08T09:04:30.712+0000] {logging_mixin.py:188} INFO - [2025-09-08T09:04:30.711+0000] {dagbag.py:538} INFO - Filling up the DagBag from /opt/airflow/dags/update_car_data_dag.py
[2025-09-08T09:04:30.739+0000] {processor.py:840} INFO - DAG(s) 'update_car_data' retrieved from /opt/airflow/dags/update_car_data_dag.py
[2025-09-08T09:04:30.778+0000] {logging_mixin.py:188} INFO - [2025-09-08T09:04:30.778+0000] {dag.py:3036} INFO - Sync 1 DAGs
[2025-09-08T09:04:30.798+0000] {logging_mixin.py:188} INFO - [2025-09-08T09:04:30.797+0000] {dag.py:3823} INFO - Setting next_dagrun for update_car_data to 2025-09-06 15:00:00+00:00, run_after=2025-09-07 15:00:00+00:00
[2025-09-08T09:04:30.812+0000] {processor.py:183} INFO - Processing /opt/airflow/dags/update_car_data_dag.py took 0.109 seconds
[2025-09-08T09:05:01.058+0000] {processor.py:161} INFO - Started process (PID=1507) to work on /opt/airflow/dags/update_car_data_dag.py
[2025-09-08T09:05:01.060+0000] {processor.py:830} INFO - Processing file /opt/airflow/dags/update_car_data_dag.py for tasks to queue
[2025-09-08T09:05:01.065+0000] {logging_mixin.py:188} INFO - [2025-09-08T09:05:01.063+0000] {dagbag.py:538} INFO - Filling up the DagBag from /opt/airflow/dags/update_car_data_dag.py
[2025-09-08T09:05:01.086+0000] {processor.py:840} INFO - DAG(s) 'update_car_data' retrieved from /opt/airflow/dags/update_car_data_dag.py
[2025-09-08T09:05:01.129+0000] {logging_mixin.py:188} INFO - [2025-09-08T09:05:01.129+0000] {dag.py:3036} INFO - Sync 1 DAGs
[2025-09-08T09:05:01.146+0000] {logging_mixin.py:188} INFO - [2025-09-08T09:05:01.146+0000] {dag.py:3823} INFO - Setting next_dagrun for update_car_data to 2025-09-06 15:00:00+00:00, run_after=2025-09-07 15:00:00+00:00
[2025-09-08T09:05:01.158+0000] {processor.py:183} INFO - Processing /opt/airflow/dags/update_car_data_dag.py took 0.106 seconds
[2025-09-08T09:05:31.479+0000] {processor.py:161} INFO - Started process (PID=1512) to work on /opt/airflow/dags/update_car_data_dag.py
[2025-09-08T09:05:31.480+0000] {processor.py:830} INFO - Processing file /opt/airflow/dags/update_car_data_dag.py for tasks to queue
[2025-09-08T09:05:31.481+0000] {logging_mixin.py:188} INFO - [2025-09-08T09:05:31.481+0000] {dagbag.py:538} INFO - Filling up the DagBag from /opt/airflow/dags/update_car_data_dag.py
[2025-09-08T09:05:31.504+0000] {processor.py:840} INFO - DAG(s) 'update_car_data' retrieved from /opt/airflow/dags/update_car_data_dag.py
[2025-09-08T09:05:31.541+0000] {logging_mixin.py:188} INFO - [2025-09-08T09:05:31.540+0000] {dag.py:3036} INFO - Sync 1 DAGs
[2025-09-08T09:05:31.560+0000] {logging_mixin.py:188} INFO - [2025-09-08T09:05:31.560+0000] {dag.py:3823} INFO - Setting next_dagrun for update_car_data to 2025-09-06 15:00:00+00:00, run_after=2025-09-07 15:00:00+00:00
[2025-09-08T09:05:31.573+0000] {processor.py:183} INFO - Processing /opt/airflow/dags/update_car_data_dag.py took 0.100 seconds
[2025-09-08T09:06:01.929+0000] {processor.py:161} INFO - Started process (PID=1517) to work on /opt/airflow/dags/update_car_data_dag.py
[2025-09-08T09:06:01.931+0000] {processor.py:830} INFO - Processing file /opt/airflow/dags/update_car_data_dag.py for tasks to queue
[2025-09-08T09:06:01.932+0000] {logging_mixin.py:188} INFO - [2025-09-08T09:06:01.931+0000] {dagbag.py:538} INFO - Filling up the DagBag from /opt/airflow/dags/update_car_data_dag.py
[2025-09-08T09:06:01.953+0000] {processor.py:840} INFO - DAG(s) 'update_car_data' retrieved from /opt/airflow/dags/update_car_data_dag.py
[2025-09-08T09:06:01.998+0000] {logging_mixin.py:188} INFO - [2025-09-08T09:06:01.998+0000] {dag.py:3036} INFO - Sync 1 DAGs
[2025-09-08T09:06:02.019+0000] {logging_mixin.py:188} INFO - [2025-09-08T09:06:02.019+0000] {dag.py:3823} INFO - Setting next_dagrun for update_car_data to 2025-09-06 15:00:00+00:00, run_after=2025-09-07 15:00:00+00:00
[2025-09-08T09:06:02.029+0000] {processor.py:183} INFO - Processing /opt/airflow/dags/update_car_data_dag.py took 0.106 seconds
[2025-09-08T09:06:32.397+0000] {processor.py:161} INFO - Started process (PID=1522) to work on /opt/airflow/dags/update_car_data_dag.py
[2025-09-08T09:06:32.398+0000] {processor.py:830} INFO - Processing file /opt/airflow/dags/update_car_data_dag.py for tasks to queue
[2025-09-08T09:06:32.399+0000] {logging_mixin.py:188} INFO - [2025-09-08T09:06:32.399+0000] {dagbag.py:538} INFO - Filling up the DagBag from /opt/airflow/dags/update_car_data_dag.py
[2025-09-08T09:06:32.422+0000] {processor.py:840} INFO - DAG(s) 'update_car_data' retrieved from /opt/airflow/dags/update_car_data_dag.py
[2025-09-08T09:06:32.460+0000] {logging_mixin.py:188} INFO - [2025-09-08T09:06:32.460+0000] {dag.py:3036} INFO - Sync 1 DAGs
[2025-09-08T09:06:32.477+0000] {logging_mixin.py:188} INFO - [2025-09-08T09:06:32.477+0000] {dag.py:3823} INFO - Setting next_dagrun for update_car_data to 2025-09-06 15:00:00+00:00, run_after=2025-09-07 15:00:00+00:00
[2025-09-08T09:06:32.487+0000] {processor.py:183} INFO - Processing /opt/airflow/dags/update_car_data_dag.py took 0.096 seconds
[2025-09-08T09:07:02.737+0000] {processor.py:161} INFO - Started process (PID=1527) to work on /opt/airflow/dags/update_car_data_dag.py
[2025-09-08T09:07:02.739+0000] {processor.py:830} INFO - Processing file /opt/airflow/dags/update_car_data_dag.py for tasks to queue
[2025-09-08T09:07:02.740+0000] {logging_mixin.py:188} INFO - [2025-09-08T09:07:02.739+0000] {dagbag.py:538} INFO - Filling up the DagBag from /opt/airflow/dags/update_car_data_dag.py
[2025-09-08T09:07:02.760+0000] {processor.py:840} INFO - DAG(s) 'update_car_data' retrieved from /opt/airflow/dags/update_car_data_dag.py
[2025-09-08T09:07:02.802+0000] {logging_mixin.py:188} INFO - [2025-09-08T09:07:02.802+0000] {dag.py:3036} INFO - Sync 1 DAGs
[2025-09-08T09:07:02.822+0000] {logging_mixin.py:188} INFO - [2025-09-08T09:07:02.821+0000] {dag.py:3823} INFO - Setting next_dagrun for update_car_data to 2025-09-06 15:00:00+00:00, run_after=2025-09-07 15:00:00+00:00
[2025-09-08T09:07:02.832+0000] {processor.py:183} INFO - Processing /opt/airflow/dags/update_car_data_dag.py took 0.101 seconds
[2025-09-08T09:07:33.157+0000] {processor.py:161} INFO - Started process (PID=1532) to work on /opt/airflow/dags/update_car_data_dag.py
[2025-09-08T09:07:33.159+0000] {processor.py:830} INFO - Processing file /opt/airflow/dags/update_car_data_dag.py for tasks to queue
[2025-09-08T09:07:33.160+0000] {logging_mixin.py:188} INFO - [2025-09-08T09:07:33.160+0000] {dagbag.py:538} INFO - Filling up the DagBag from /opt/airflow/dags/update_car_data_dag.py
[2025-09-08T09:07:33.185+0000] {processor.py:840} INFO - DAG(s) 'update_car_data' retrieved from /opt/airflow/dags/update_car_data_dag.py
[2025-09-08T09:07:33.222+0000] {logging_mixin.py:188} INFO - [2025-09-08T09:07:33.222+0000] {dag.py:3036} INFO - Sync 1 DAGs
[2025-09-08T09:07:33.240+0000] {logging_mixin.py:188} INFO - [2025-09-08T09:07:33.240+0000] {dag.py:3823} INFO - Setting next_dagrun for update_car_data to 2025-09-06 15:00:00+00:00, run_after=2025-09-07 15:00:00+00:00
[2025-09-08T09:07:33.255+0000] {processor.py:183} INFO - Processing /opt/airflow/dags/update_car_data_dag.py took 0.104 seconds
[2025-09-08T09:08:03.614+0000] {processor.py:161} INFO - Started process (PID=1537) to work on /opt/airflow/dags/update_car_data_dag.py
[2025-09-08T09:08:03.616+0000] {processor.py:830} INFO - Processing file /opt/airflow/dags/update_car_data_dag.py for tasks to queue
[2025-09-08T09:08:03.617+0000] {logging_mixin.py:188} INFO - [2025-09-08T09:08:03.617+0000] {dagbag.py:538} INFO - Filling up the DagBag from /opt/airflow/dags/update_car_data_dag.py
[2025-09-08T09:08:03.638+0000] {processor.py:840} INFO - DAG(s) 'update_car_data' retrieved from /opt/airflow/dags/update_car_data_dag.py
[2025-09-08T09:08:03.677+0000] {logging_mixin.py:188} INFO - [2025-09-08T09:08:03.677+0000] {dag.py:3036} INFO - Sync 1 DAGs
[2025-09-08T09:08:03.695+0000] {logging_mixin.py:188} INFO - [2025-09-08T09:08:03.694+0000] {dag.py:3823} INFO - Setting next_dagrun for update_car_data to 2025-09-06 15:00:00+00:00, run_after=2025-09-07 15:00:00+00:00
[2025-09-08T09:08:03.706+0000] {processor.py:183} INFO - Processing /opt/airflow/dags/update_car_data_dag.py took 0.102 seconds
[2025-09-08T09:08:34.126+0000] {processor.py:161} INFO - Started process (PID=1542) to work on /opt/airflow/dags/update_car_data_dag.py
[2025-09-08T09:08:34.130+0000] {processor.py:830} INFO - Processing file /opt/airflow/dags/update_car_data_dag.py for tasks to queue
[2025-09-08T09:08:34.133+0000] {logging_mixin.py:188} INFO - [2025-09-08T09:08:34.131+0000] {dagbag.py:538} INFO - Filling up the DagBag from /opt/airflow/dags/update_car_data_dag.py
[2025-09-08T09:08:34.173+0000] {processor.py:840} INFO - DAG(s) 'update_car_data' retrieved from /opt/airflow/dags/update_car_data_dag.py
[2025-09-08T09:08:34.216+0000] {logging_mixin.py:188} INFO - [2025-09-08T09:08:34.215+0000] {dag.py:3036} INFO - Sync 1 DAGs
[2025-09-08T09:08:34.234+0000] {logging_mixin.py:188} INFO - [2025-09-08T09:08:34.234+0000] {dag.py:3823} INFO - Setting next_dagrun for update_car_data to 2025-09-06 15:00:00+00:00, run_after=2025-09-07 15:00:00+00:00
[2025-09-08T09:08:34.248+0000] {processor.py:183} INFO - Processing /opt/airflow/dags/update_car_data_dag.py took 0.129 seconds
[2025-09-08T09:09:04.513+0000] {processor.py:161} INFO - Started process (PID=1547) to work on /opt/airflow/dags/update_car_data_dag.py
[2025-09-08T09:09:04.516+0000] {processor.py:830} INFO - Processing file /opt/airflow/dags/update_car_data_dag.py for tasks to queue
[2025-09-08T09:09:04.517+0000] {logging_mixin.py:188} INFO - [2025-09-08T09:09:04.517+0000] {dagbag.py:538} INFO - Filling up the DagBag from /opt/airflow/dags/update_car_data_dag.py
[2025-09-08T09:09:04.543+0000] {processor.py:840} INFO - DAG(s) 'update_car_data' retrieved from /opt/airflow/dags/update_car_data_dag.py
[2025-09-08T09:09:04.579+0000] {logging_mixin.py:188} INFO - [2025-09-08T09:09:04.579+0000] {dag.py:3036} INFO - Sync 1 DAGs
[2025-09-08T09:09:04.599+0000] {logging_mixin.py:188} INFO - [2025-09-08T09:09:04.599+0000] {dag.py:3823} INFO - Setting next_dagrun for update_car_data to 2025-09-06 15:00:00+00:00, run_after=2025-09-07 15:00:00+00:00
[2025-09-08T09:09:04.609+0000] {processor.py:183} INFO - Processing /opt/airflow/dags/update_car_data_dag.py took 0.110 seconds
[2025-09-08T09:09:34.945+0000] {processor.py:161} INFO - Started process (PID=1552) to work on /opt/airflow/dags/update_car_data_dag.py
[2025-09-08T09:09:34.947+0000] {processor.py:830} INFO - Processing file /opt/airflow/dags/update_car_data_dag.py for tasks to queue
[2025-09-08T09:09:34.949+0000] {logging_mixin.py:188} INFO - [2025-09-08T09:09:34.948+0000] {dagbag.py:538} INFO - Filling up the DagBag from /opt/airflow/dags/update_car_data_dag.py
[2025-09-08T09:09:34.973+0000] {processor.py:840} INFO - DAG(s) 'update_car_data' retrieved from /opt/airflow/dags/update_car_data_dag.py
[2025-09-08T09:09:35.015+0000] {logging_mixin.py:188} INFO - [2025-09-08T09:09:35.015+0000] {dag.py:3036} INFO - Sync 1 DAGs
[2025-09-08T09:09:35.034+0000] {logging_mixin.py:188} INFO - [2025-09-08T09:09:35.034+0000] {dag.py:3823} INFO - Setting next_dagrun for update_car_data to 2025-09-06 15:00:00+00:00, run_after=2025-09-07 15:00:00+00:00
[2025-09-08T09:09:35.048+0000] {processor.py:183} INFO - Processing /opt/airflow/dags/update_car_data_dag.py took 0.110 seconds
[2025-09-08T09:10:05.383+0000] {processor.py:161} INFO - Started process (PID=1557) to work on /opt/airflow/dags/update_car_data_dag.py
[2025-09-08T09:10:05.385+0000] {processor.py:830} INFO - Processing file /opt/airflow/dags/update_car_data_dag.py for tasks to queue
[2025-09-08T09:10:05.386+0000] {logging_mixin.py:188} INFO - [2025-09-08T09:10:05.385+0000] {dagbag.py:538} INFO - Filling up the DagBag from /opt/airflow/dags/update_car_data_dag.py
[2025-09-08T09:10:05.406+0000] {processor.py:840} INFO - DAG(s) 'update_car_data' retrieved from /opt/airflow/dags/update_car_data_dag.py
[2025-09-08T09:10:05.448+0000] {logging_mixin.py:188} INFO - [2025-09-08T09:10:05.447+0000] {dag.py:3036} INFO - Sync 1 DAGs
[2025-09-08T09:10:05.466+0000] {logging_mixin.py:188} INFO - [2025-09-08T09:10:05.466+0000] {dag.py:3823} INFO - Setting next_dagrun for update_car_data to 2025-09-06 15:00:00+00:00, run_after=2025-09-07 15:00:00+00:00
[2025-09-08T09:10:05.478+0000] {processor.py:183} INFO - Processing /opt/airflow/dags/update_car_data_dag.py took 0.102 seconds
[2025-09-08T09:10:35.875+0000] {processor.py:161} INFO - Started process (PID=1562) to work on /opt/airflow/dags/update_car_data_dag.py
[2025-09-08T09:10:35.877+0000] {processor.py:830} INFO - Processing file /opt/airflow/dags/update_car_data_dag.py for tasks to queue
[2025-09-08T09:10:35.878+0000] {logging_mixin.py:188} INFO - [2025-09-08T09:10:35.877+0000] {dagbag.py:538} INFO - Filling up the DagBag from /opt/airflow/dags/update_car_data_dag.py
[2025-09-08T09:10:35.898+0000] {processor.py:840} INFO - DAG(s) 'update_car_data' retrieved from /opt/airflow/dags/update_car_data_dag.py
[2025-09-08T09:10:35.937+0000] {logging_mixin.py:188} INFO - [2025-09-08T09:10:35.937+0000] {dag.py:3036} INFO - Sync 1 DAGs
[2025-09-08T09:10:35.955+0000] {logging_mixin.py:188} INFO - [2025-09-08T09:10:35.955+0000] {dag.py:3823} INFO - Setting next_dagrun for update_car_data to 2025-09-06 15:00:00+00:00, run_after=2025-09-07 15:00:00+00:00
[2025-09-08T09:10:35.967+0000] {processor.py:183} INFO - Processing /opt/airflow/dags/update_car_data_dag.py took 0.097 seconds
[2025-09-08T09:11:06.333+0000] {processor.py:161} INFO - Started process (PID=1567) to work on /opt/airflow/dags/update_car_data_dag.py
[2025-09-08T09:11:06.341+0000] {processor.py:830} INFO - Processing file /opt/airflow/dags/update_car_data_dag.py for tasks to queue
[2025-09-08T09:11:06.346+0000] {logging_mixin.py:188} INFO - [2025-09-08T09:11:06.344+0000] {dagbag.py:538} INFO - Filling up the DagBag from /opt/airflow/dags/update_car_data_dag.py
[2025-09-08T09:11:06.442+0000] {processor.py:840} INFO - DAG(s) 'update_car_data' retrieved from /opt/airflow/dags/update_car_data_dag.py
[2025-09-08T09:11:06.564+0000] {logging_mixin.py:188} INFO - [2025-09-08T09:11:06.564+0000] {dag.py:3036} INFO - Sync 1 DAGs
[2025-09-08T09:11:06.630+0000] {logging_mixin.py:188} INFO - [2025-09-08T09:11:06.630+0000] {dag.py:3823} INFO - Setting next_dagrun for update_car_data to 2025-09-06 15:00:00+00:00, run_after=2025-09-07 15:00:00+00:00
[2025-09-08T09:11:06.656+0000] {processor.py:183} INFO - Processing /opt/airflow/dags/update_car_data_dag.py took 0.356 seconds
[2025-09-08T09:11:36.773+0000] {processor.py:161} INFO - Started process (PID=1572) to work on /opt/airflow/dags/update_car_data_dag.py
[2025-09-08T09:11:36.776+0000] {processor.py:830} INFO - Processing file /opt/airflow/dags/update_car_data_dag.py for tasks to queue
[2025-09-08T09:11:36.779+0000] {logging_mixin.py:188} INFO - [2025-09-08T09:11:36.779+0000] {dagbag.py:538} INFO - Filling up the DagBag from /opt/airflow/dags/update_car_data_dag.py
[2025-09-08T09:11:36.809+0000] {processor.py:840} INFO - DAG(s) 'update_car_data' retrieved from /opt/airflow/dags/update_car_data_dag.py
[2025-09-08T09:11:36.878+0000] {logging_mixin.py:188} INFO - [2025-09-08T09:11:36.878+0000] {dag.py:3036} INFO - Sync 1 DAGs
[2025-09-08T09:11:36.941+0000] {logging_mixin.py:188} INFO - [2025-09-08T09:11:36.940+0000] {dag.py:3823} INFO - Setting next_dagrun for update_car_data to 2025-09-06 15:00:00+00:00, run_after=2025-09-07 15:00:00+00:00
[2025-09-08T09:11:36.973+0000] {processor.py:183} INFO - Processing /opt/airflow/dags/update_car_data_dag.py took 0.215 seconds
[2025-09-08T09:12:07.145+0000] {processor.py:161} INFO - Started process (PID=1577) to work on /opt/airflow/dags/update_car_data_dag.py
[2025-09-08T09:12:07.147+0000] {processor.py:830} INFO - Processing file /opt/airflow/dags/update_car_data_dag.py for tasks to queue
[2025-09-08T09:12:07.149+0000] {logging_mixin.py:188} INFO - [2025-09-08T09:12:07.148+0000] {dagbag.py:538} INFO - Filling up the DagBag from /opt/airflow/dags/update_car_data_dag.py
[2025-09-08T09:12:07.169+0000] {processor.py:840} INFO - DAG(s) 'update_car_data' retrieved from /opt/airflow/dags/update_car_data_dag.py
[2025-09-08T09:12:07.220+0000] {logging_mixin.py:188} INFO - [2025-09-08T09:12:07.220+0000] {dag.py:3036} INFO - Sync 1 DAGs
[2025-09-08T09:12:07.243+0000] {logging_mixin.py:188} INFO - [2025-09-08T09:12:07.243+0000] {dag.py:3823} INFO - Setting next_dagrun for update_car_data to 2025-09-06 15:00:00+00:00, run_after=2025-09-07 15:00:00+00:00
[2025-09-08T09:12:07.255+0000] {processor.py:183} INFO - Processing /opt/airflow/dags/update_car_data_dag.py took 0.120 seconds
[2025-09-08T09:12:37.662+0000] {processor.py:161} INFO - Started process (PID=1582) to work on /opt/airflow/dags/update_car_data_dag.py
[2025-09-08T09:12:37.664+0000] {processor.py:830} INFO - Processing file /opt/airflow/dags/update_car_data_dag.py for tasks to queue
[2025-09-08T09:12:37.666+0000] {logging_mixin.py:188} INFO - [2025-09-08T09:12:37.666+0000] {dagbag.py:538} INFO - Filling up the DagBag from /opt/airflow/dags/update_car_data_dag.py
[2025-09-08T09:12:37.689+0000] {processor.py:840} INFO - DAG(s) 'update_car_data' retrieved from /opt/airflow/dags/update_car_data_dag.py
[2025-09-08T09:12:37.738+0000] {logging_mixin.py:188} INFO - [2025-09-08T09:12:37.738+0000] {dag.py:3036} INFO - Sync 1 DAGs
[2025-09-08T09:12:37.759+0000] {logging_mixin.py:188} INFO - [2025-09-08T09:12:37.759+0000] {dag.py:3823} INFO - Setting next_dagrun for update_car_data to 2025-09-06 15:00:00+00:00, run_after=2025-09-07 15:00:00+00:00
[2025-09-08T09:12:37.771+0000] {processor.py:183} INFO - Processing /opt/airflow/dags/update_car_data_dag.py took 0.116 seconds
[2025-09-08T09:13:08.205+0000] {processor.py:161} INFO - Started process (PID=1587) to work on /opt/airflow/dags/update_car_data_dag.py
[2025-09-08T09:13:08.210+0000] {processor.py:830} INFO - Processing file /opt/airflow/dags/update_car_data_dag.py for tasks to queue
[2025-09-08T09:13:08.211+0000] {logging_mixin.py:188} INFO - [2025-09-08T09:13:08.210+0000] {dagbag.py:538} INFO - Filling up the DagBag from /opt/airflow/dags/update_car_data_dag.py
[2025-09-08T09:13:08.232+0000] {processor.py:840} INFO - DAG(s) 'update_car_data' retrieved from /opt/airflow/dags/update_car_data_dag.py
[2025-09-08T09:13:08.272+0000] {logging_mixin.py:188} INFO - [2025-09-08T09:13:08.272+0000] {dag.py:3036} INFO - Sync 1 DAGs
[2025-09-08T09:13:08.293+0000] {logging_mixin.py:188} INFO - [2025-09-08T09:13:08.293+0000] {dag.py:3823} INFO - Setting next_dagrun for update_car_data to 2025-09-06 15:00:00+00:00, run_after=2025-09-07 15:00:00+00:00
[2025-09-08T09:13:08.306+0000] {processor.py:183} INFO - Processing /opt/airflow/dags/update_car_data_dag.py took 0.108 seconds
[2025-09-08T09:13:38.643+0000] {processor.py:161} INFO - Started process (PID=1592) to work on /opt/airflow/dags/update_car_data_dag.py
[2025-09-08T09:13:38.644+0000] {processor.py:830} INFO - Processing file /opt/airflow/dags/update_car_data_dag.py for tasks to queue
[2025-09-08T09:13:38.646+0000] {logging_mixin.py:188} INFO - [2025-09-08T09:13:38.645+0000] {dagbag.py:538} INFO - Filling up the DagBag from /opt/airflow/dags/update_car_data_dag.py
[2025-09-08T09:13:38.670+0000] {processor.py:840} INFO - DAG(s) 'update_car_data' retrieved from /opt/airflow/dags/update_car_data_dag.py
[2025-09-08T09:13:38.713+0000] {logging_mixin.py:188} INFO - [2025-09-08T09:13:38.713+0000] {dag.py:3036} INFO - Sync 1 DAGs
[2025-09-08T09:13:38.736+0000] {logging_mixin.py:188} INFO - [2025-09-08T09:13:38.736+0000] {dag.py:3823} INFO - Setting next_dagrun for update_car_data to 2025-09-06 15:00:00+00:00, run_after=2025-09-07 15:00:00+00:00
[2025-09-08T09:13:38.750+0000] {processor.py:183} INFO - Processing /opt/airflow/dags/update_car_data_dag.py took 0.114 seconds
[2025-09-08T09:14:08.999+0000] {processor.py:161} INFO - Started process (PID=1597) to work on /opt/airflow/dags/update_car_data_dag.py
[2025-09-08T09:14:09.000+0000] {processor.py:830} INFO - Processing file /opt/airflow/dags/update_car_data_dag.py for tasks to queue
[2025-09-08T09:14:09.001+0000] {logging_mixin.py:188} INFO - [2025-09-08T09:14:09.001+0000] {dagbag.py:538} INFO - Filling up the DagBag from /opt/airflow/dags/update_car_data_dag.py
[2025-09-08T09:14:09.026+0000] {processor.py:840} INFO - DAG(s) 'update_car_data' retrieved from /opt/airflow/dags/update_car_data_dag.py
[2025-09-08T09:14:09.068+0000] {logging_mixin.py:188} INFO - [2025-09-08T09:14:09.068+0000] {dag.py:3036} INFO - Sync 1 DAGs
[2025-09-08T09:14:09.087+0000] {logging_mixin.py:188} INFO - [2025-09-08T09:14:09.087+0000] {dag.py:3823} INFO - Setting next_dagrun for update_car_data to 2025-09-06 15:00:00+00:00, run_after=2025-09-07 15:00:00+00:00
[2025-09-08T09:14:09.097+0000] {processor.py:183} INFO - Processing /opt/airflow/dags/update_car_data_dag.py took 0.102 seconds
[2025-09-08T09:14:39.402+0000] {processor.py:161} INFO - Started process (PID=1602) to work on /opt/airflow/dags/update_car_data_dag.py
[2025-09-08T09:14:39.404+0000] {processor.py:830} INFO - Processing file /opt/airflow/dags/update_car_data_dag.py for tasks to queue
[2025-09-08T09:14:39.405+0000] {logging_mixin.py:188} INFO - [2025-09-08T09:14:39.404+0000] {dagbag.py:538} INFO - Filling up the DagBag from /opt/airflow/dags/update_car_data_dag.py
[2025-09-08T09:14:39.445+0000] {processor.py:840} INFO - DAG(s) 'update_car_data' retrieved from /opt/airflow/dags/update_car_data_dag.py
[2025-09-08T09:14:39.489+0000] {logging_mixin.py:188} INFO - [2025-09-08T09:14:39.488+0000] {dag.py:3036} INFO - Sync 1 DAGs
[2025-09-08T09:14:39.508+0000] {logging_mixin.py:188} INFO - [2025-09-08T09:14:39.508+0000] {dag.py:3823} INFO - Setting next_dagrun for update_car_data to 2025-09-06 15:00:00+00:00, run_after=2025-09-07 15:00:00+00:00
[2025-09-08T09:14:39.518+0000] {processor.py:183} INFO - Processing /opt/airflow/dags/update_car_data_dag.py took 0.130 seconds
[2025-09-08T09:15:09.905+0000] {processor.py:161} INFO - Started process (PID=1607) to work on /opt/airflow/dags/update_car_data_dag.py
[2025-09-08T09:15:09.907+0000] {processor.py:830} INFO - Processing file /opt/airflow/dags/update_car_data_dag.py for tasks to queue
[2025-09-08T09:15:09.908+0000] {logging_mixin.py:188} INFO - [2025-09-08T09:15:09.908+0000] {dagbag.py:538} INFO - Filling up the DagBag from /opt/airflow/dags/update_car_data_dag.py
[2025-09-08T09:15:09.935+0000] {processor.py:840} INFO - DAG(s) 'update_car_data' retrieved from /opt/airflow/dags/update_car_data_dag.py
[2025-09-08T09:15:09.983+0000] {logging_mixin.py:188} INFO - [2025-09-08T09:15:09.983+0000] {dag.py:3036} INFO - Sync 1 DAGs
[2025-09-08T09:15:10.005+0000] {logging_mixin.py:188} INFO - [2025-09-08T09:15:10.005+0000] {dag.py:3823} INFO - Setting next_dagrun for update_car_data to 2025-09-06 15:00:00+00:00, run_after=2025-09-07 15:00:00+00:00
[2025-09-08T09:15:10.020+0000] {processor.py:183} INFO - Processing /opt/airflow/dags/update_car_data_dag.py took 0.122 seconds
[2025-09-08T09:15:40.256+0000] {processor.py:161} INFO - Started process (PID=1612) to work on /opt/airflow/dags/update_car_data_dag.py
[2025-09-08T09:15:40.258+0000] {processor.py:830} INFO - Processing file /opt/airflow/dags/update_car_data_dag.py for tasks to queue
[2025-09-08T09:15:40.259+0000] {logging_mixin.py:188} INFO - [2025-09-08T09:15:40.259+0000] {dagbag.py:538} INFO - Filling up the DagBag from /opt/airflow/dags/update_car_data_dag.py
[2025-09-08T09:15:40.288+0000] {processor.py:840} INFO - DAG(s) 'update_car_data' retrieved from /opt/airflow/dags/update_car_data_dag.py
[2025-09-08T09:15:40.329+0000] {logging_mixin.py:188} INFO - [2025-09-08T09:15:40.329+0000] {dag.py:3036} INFO - Sync 1 DAGs
[2025-09-08T09:15:40.350+0000] {logging_mixin.py:188} INFO - [2025-09-08T09:15:40.350+0000] {dag.py:3823} INFO - Setting next_dagrun for update_car_data to 2025-09-06 15:00:00+00:00, run_after=2025-09-07 15:00:00+00:00
[2025-09-08T09:15:40.361+0000] {processor.py:183} INFO - Processing /opt/airflow/dags/update_car_data_dag.py took 0.113 seconds
[2025-09-08T09:16:10.658+0000] {processor.py:161} INFO - Started process (PID=1617) to work on /opt/airflow/dags/update_car_data_dag.py
[2025-09-08T09:16:10.659+0000] {processor.py:830} INFO - Processing file /opt/airflow/dags/update_car_data_dag.py for tasks to queue
[2025-09-08T09:16:10.660+0000] {logging_mixin.py:188} INFO - [2025-09-08T09:16:10.660+0000] {dagbag.py:538} INFO - Filling up the DagBag from /opt/airflow/dags/update_car_data_dag.py
[2025-09-08T09:16:10.684+0000] {processor.py:840} INFO - DAG(s) 'update_car_data' retrieved from /opt/airflow/dags/update_car_data_dag.py
[2025-09-08T09:16:10.722+0000] {logging_mixin.py:188} INFO - [2025-09-08T09:16:10.722+0000] {dag.py:3036} INFO - Sync 1 DAGs
[2025-09-08T09:16:10.740+0000] {logging_mixin.py:188} INFO - [2025-09-08T09:16:10.740+0000] {dag.py:3823} INFO - Setting next_dagrun for update_car_data to 2025-09-06 15:00:00+00:00, run_after=2025-09-07 15:00:00+00:00
[2025-09-08T09:16:10.750+0000] {processor.py:183} INFO - Processing /opt/airflow/dags/update_car_data_dag.py took 0.097 seconds
[2025-09-08T09:16:41.408+0000] {processor.py:161} INFO - Started process (PID=1622) to work on /opt/airflow/dags/update_car_data_dag.py
[2025-09-08T09:16:41.411+0000] {processor.py:830} INFO - Processing file /opt/airflow/dags/update_car_data_dag.py for tasks to queue
[2025-09-08T09:16:41.414+0000] {logging_mixin.py:188} INFO - [2025-09-08T09:16:41.413+0000] {dagbag.py:538} INFO - Filling up the DagBag from /opt/airflow/dags/update_car_data_dag.py
[2025-09-08T09:16:41.463+0000] {processor.py:840} INFO - DAG(s) 'update_car_data' retrieved from /opt/airflow/dags/update_car_data_dag.py
[2025-09-08T09:16:41.548+0000] {logging_mixin.py:188} INFO - [2025-09-08T09:16:41.548+0000] {dag.py:3036} INFO - Sync 1 DAGs
[2025-09-08T09:16:41.578+0000] {logging_mixin.py:188} INFO - [2025-09-08T09:16:41.578+0000] {dag.py:3823} INFO - Setting next_dagrun for update_car_data to 2025-09-06 15:00:00+00:00, run_after=2025-09-07 15:00:00+00:00
[2025-09-08T09:16:41.593+0000] {processor.py:183} INFO - Processing /opt/airflow/dags/update_car_data_dag.py took 0.197 seconds
[2025-09-08T09:17:11.798+0000] {processor.py:161} INFO - Started process (PID=1627) to work on /opt/airflow/dags/update_car_data_dag.py
[2025-09-08T09:17:11.800+0000] {processor.py:830} INFO - Processing file /opt/airflow/dags/update_car_data_dag.py for tasks to queue
[2025-09-08T09:17:11.801+0000] {logging_mixin.py:188} INFO - [2025-09-08T09:17:11.801+0000] {dagbag.py:538} INFO - Filling up the DagBag from /opt/airflow/dags/update_car_data_dag.py
[2025-09-08T09:17:11.826+0000] {processor.py:840} INFO - DAG(s) 'update_car_data' retrieved from /opt/airflow/dags/update_car_data_dag.py
[2025-09-08T09:17:11.872+0000] {logging_mixin.py:188} INFO - [2025-09-08T09:17:11.872+0000] {dag.py:3036} INFO - Sync 1 DAGs
[2025-09-08T09:17:11.895+0000] {logging_mixin.py:188} INFO - [2025-09-08T09:17:11.894+0000] {dag.py:3823} INFO - Setting next_dagrun for update_car_data to 2025-09-06 15:00:00+00:00, run_after=2025-09-07 15:00:00+00:00
[2025-09-08T09:17:11.906+0000] {processor.py:183} INFO - Processing /opt/airflow/dags/update_car_data_dag.py took 0.115 seconds
[2025-09-08T09:17:42.346+0000] {processor.py:161} INFO - Started process (PID=1632) to work on /opt/airflow/dags/update_car_data_dag.py
[2025-09-08T09:17:42.349+0000] {processor.py:830} INFO - Processing file /opt/airflow/dags/update_car_data_dag.py for tasks to queue
[2025-09-08T09:17:42.350+0000] {logging_mixin.py:188} INFO - [2025-09-08T09:17:42.349+0000] {dagbag.py:538} INFO - Filling up the DagBag from /opt/airflow/dags/update_car_data_dag.py
[2025-09-08T09:17:42.378+0000] {processor.py:840} INFO - DAG(s) 'update_car_data' retrieved from /opt/airflow/dags/update_car_data_dag.py
[2025-09-08T09:17:42.434+0000] {logging_mixin.py:188} INFO - [2025-09-08T09:17:42.434+0000] {dag.py:3036} INFO - Sync 1 DAGs
[2025-09-08T09:17:42.458+0000] {logging_mixin.py:188} INFO - [2025-09-08T09:17:42.458+0000] {dag.py:3823} INFO - Setting next_dagrun for update_car_data to 2025-09-06 15:00:00+00:00, run_after=2025-09-07 15:00:00+00:00
[2025-09-08T09:17:42.469+0000] {processor.py:183} INFO - Processing /opt/airflow/dags/update_car_data_dag.py took 0.132 seconds
[2025-09-08T09:18:12.936+0000] {processor.py:161} INFO - Started process (PID=1637) to work on /opt/airflow/dags/update_car_data_dag.py
[2025-09-08T09:18:12.941+0000] {processor.py:830} INFO - Processing file /opt/airflow/dags/update_car_data_dag.py for tasks to queue
[2025-09-08T09:18:12.949+0000] {logging_mixin.py:188} INFO - [2025-09-08T09:18:12.944+0000] {dagbag.py:538} INFO - Filling up the DagBag from /opt/airflow/dags/update_car_data_dag.py
[2025-09-08T09:18:13.060+0000] {processor.py:840} INFO - DAG(s) 'update_car_data' retrieved from /opt/airflow/dags/update_car_data_dag.py
[2025-09-08T09:18:13.252+0000] {logging_mixin.py:188} INFO - [2025-09-08T09:18:13.251+0000] {dag.py:3036} INFO - Sync 1 DAGs
[2025-09-08T09:18:13.307+0000] {logging_mixin.py:188} INFO - [2025-09-08T09:18:13.306+0000] {dag.py:3823} INFO - Setting next_dagrun for update_car_data to 2025-09-06 15:00:00+00:00, run_after=2025-09-07 15:00:00+00:00
[2025-09-08T09:18:13.341+0000] {processor.py:183} INFO - Processing /opt/airflow/dags/update_car_data_dag.py took 0.431 seconds
[2025-09-08T09:18:45.286+0000] {processor.py:161} INFO - Started process (PID=166) to work on /opt/airflow/dags/update_car_data_dag.py
[2025-09-08T09:18:45.292+0000] {processor.py:830} INFO - Processing file /opt/airflow/dags/update_car_data_dag.py for tasks to queue
[2025-09-08T09:18:45.297+0000] {logging_mixin.py:188} INFO - [2025-09-08T09:18:45.296+0000] {dagbag.py:538} INFO - Filling up the DagBag from /opt/airflow/dags/update_car_data_dag.py
[2025-09-08T09:18:45.384+0000] {processor.py:840} INFO - DAG(s) 'update_car_data' retrieved from /opt/airflow/dags/update_car_data_dag.py
[2025-09-08T09:18:45.463+0000] {logging_mixin.py:188} INFO - [2025-09-08T09:18:45.463+0000] {dag.py:3036} INFO - Sync 1 DAGs
[2025-09-08T09:18:45.480+0000] {logging_mixin.py:188} INFO - [2025-09-08T09:18:45.480+0000] {dag.py:3823} INFO - Setting next_dagrun for update_car_data to 2025-09-06 15:00:00+00:00, run_after=2025-09-07 15:00:00+00:00
[2025-09-08T09:18:45.490+0000] {processor.py:183} INFO - Processing /opt/airflow/dags/update_car_data_dag.py took 0.229 seconds
[2025-09-08T09:19:15.756+0000] {processor.py:161} INFO - Started process (PID=172) to work on /opt/airflow/dags/update_car_data_dag.py
[2025-09-08T09:19:15.757+0000] {processor.py:830} INFO - Processing file /opt/airflow/dags/update_car_data_dag.py for tasks to queue
[2025-09-08T09:19:15.758+0000] {logging_mixin.py:188} INFO - [2025-09-08T09:19:15.758+0000] {dagbag.py:538} INFO - Filling up the DagBag from /opt/airflow/dags/update_car_data_dag.py
[2025-09-08T09:19:15.788+0000] {processor.py:840} INFO - DAG(s) 'update_car_data' retrieved from /opt/airflow/dags/update_car_data_dag.py
[2025-09-08T09:19:15.827+0000] {logging_mixin.py:188} INFO - [2025-09-08T09:19:15.827+0000] {dag.py:3036} INFO - Sync 1 DAGs
[2025-09-08T09:19:15.846+0000] {logging_mixin.py:188} INFO - [2025-09-08T09:19:15.845+0000] {dag.py:3823} INFO - Setting next_dagrun for update_car_data to 2025-09-06 15:00:00+00:00, run_after=2025-09-07 15:00:00+00:00
[2025-09-08T09:19:15.855+0000] {processor.py:183} INFO - Processing /opt/airflow/dags/update_car_data_dag.py took 0.106 seconds
[2025-09-08T09:19:46.128+0000] {processor.py:161} INFO - Started process (PID=177) to work on /opt/airflow/dags/update_car_data_dag.py
[2025-09-08T09:19:46.131+0000] {processor.py:830} INFO - Processing file /opt/airflow/dags/update_car_data_dag.py for tasks to queue
[2025-09-08T09:19:46.133+0000] {logging_mixin.py:188} INFO - [2025-09-08T09:19:46.132+0000] {dagbag.py:538} INFO - Filling up the DagBag from /opt/airflow/dags/update_car_data_dag.py
[2025-09-08T09:19:46.195+0000] {processor.py:840} INFO - DAG(s) 'update_car_data' retrieved from /opt/airflow/dags/update_car_data_dag.py
[2025-09-08T09:19:46.278+0000] {logging_mixin.py:188} INFO - [2025-09-08T09:19:46.277+0000] {dag.py:3036} INFO - Sync 1 DAGs
[2025-09-08T09:19:46.298+0000] {logging_mixin.py:188} INFO - [2025-09-08T09:19:46.297+0000] {dag.py:3823} INFO - Setting next_dagrun for update_car_data to 2025-09-06 15:00:00+00:00, run_after=2025-09-07 15:00:00+00:00
[2025-09-08T09:19:46.308+0000] {processor.py:183} INFO - Processing /opt/airflow/dags/update_car_data_dag.py took 0.187 seconds
[2025-09-08T09:20:16.465+0000] {processor.py:161} INFO - Started process (PID=182) to work on /opt/airflow/dags/update_car_data_dag.py
[2025-09-08T09:20:16.466+0000] {processor.py:830} INFO - Processing file /opt/airflow/dags/update_car_data_dag.py for tasks to queue
[2025-09-08T09:20:16.468+0000] {logging_mixin.py:188} INFO - [2025-09-08T09:20:16.467+0000] {dagbag.py:538} INFO - Filling up the DagBag from /opt/airflow/dags/update_car_data_dag.py
[2025-09-08T09:20:16.498+0000] {processor.py:840} INFO - DAG(s) 'update_car_data' retrieved from /opt/airflow/dags/update_car_data_dag.py
[2025-09-08T09:20:16.527+0000] {logging_mixin.py:188} INFO - [2025-09-08T09:20:16.526+0000] {dag.py:3036} INFO - Sync 1 DAGs
[2025-09-08T09:20:16.542+0000] {logging_mixin.py:188} INFO - [2025-09-08T09:20:16.542+0000] {dag.py:3823} INFO - Setting next_dagrun for update_car_data to 2025-09-06 15:00:00+00:00, run_after=2025-09-07 15:00:00+00:00
[2025-09-08T09:20:16.552+0000] {processor.py:183} INFO - Processing /opt/airflow/dags/update_car_data_dag.py took 0.095 seconds
[2025-09-08T09:20:46.849+0000] {processor.py:161} INFO - Started process (PID=187) to work on /opt/airflow/dags/update_car_data_dag.py
[2025-09-08T09:20:46.850+0000] {processor.py:830} INFO - Processing file /opt/airflow/dags/update_car_data_dag.py for tasks to queue
[2025-09-08T09:20:46.851+0000] {logging_mixin.py:188} INFO - [2025-09-08T09:20:46.851+0000] {dagbag.py:538} INFO - Filling up the DagBag from /opt/airflow/dags/update_car_data_dag.py
[2025-09-08T09:20:46.869+0000] {processor.py:840} INFO - DAG(s) 'update_car_data' retrieved from /opt/airflow/dags/update_car_data_dag.py
[2025-09-08T09:20:46.901+0000] {logging_mixin.py:188} INFO - [2025-09-08T09:20:46.901+0000] {dag.py:3036} INFO - Sync 1 DAGs
[2025-09-08T09:20:46.917+0000] {logging_mixin.py:188} INFO - [2025-09-08T09:20:46.917+0000] {dag.py:3823} INFO - Setting next_dagrun for update_car_data to 2025-09-06 15:00:00+00:00, run_after=2025-09-07 15:00:00+00:00
[2025-09-08T09:20:46.926+0000] {processor.py:183} INFO - Processing /opt/airflow/dags/update_car_data_dag.py took 0.082 seconds
[2025-09-08T09:21:17.301+0000] {processor.py:161} INFO - Started process (PID=192) to work on /opt/airflow/dags/update_car_data_dag.py
[2025-09-08T09:21:17.302+0000] {processor.py:830} INFO - Processing file /opt/airflow/dags/update_car_data_dag.py for tasks to queue
[2025-09-08T09:21:17.304+0000] {logging_mixin.py:188} INFO - [2025-09-08T09:21:17.303+0000] {dagbag.py:538} INFO - Filling up the DagBag from /opt/airflow/dags/update_car_data_dag.py
[2025-09-08T09:21:17.326+0000] {processor.py:840} INFO - DAG(s) 'update_car_data' retrieved from /opt/airflow/dags/update_car_data_dag.py
[2025-09-08T09:21:17.355+0000] {logging_mixin.py:188} INFO - [2025-09-08T09:21:17.355+0000] {dag.py:3036} INFO - Sync 1 DAGs
[2025-09-08T09:21:17.371+0000] {logging_mixin.py:188} INFO - [2025-09-08T09:21:17.371+0000] {dag.py:3823} INFO - Setting next_dagrun for update_car_data to 2025-09-06 15:00:00+00:00, run_after=2025-09-07 15:00:00+00:00
[2025-09-08T09:21:17.380+0000] {processor.py:183} INFO - Processing /opt/airflow/dags/update_car_data_dag.py took 0.087 seconds
[2025-09-08T09:21:47.781+0000] {processor.py:161} INFO - Started process (PID=197) to work on /opt/airflow/dags/update_car_data_dag.py
[2025-09-08T09:21:47.782+0000] {processor.py:830} INFO - Processing file /opt/airflow/dags/update_car_data_dag.py for tasks to queue
[2025-09-08T09:21:47.783+0000] {logging_mixin.py:188} INFO - [2025-09-08T09:21:47.782+0000] {dagbag.py:538} INFO - Filling up the DagBag from /opt/airflow/dags/update_car_data_dag.py
[2025-09-08T09:21:47.802+0000] {processor.py:840} INFO - DAG(s) 'update_car_data' retrieved from /opt/airflow/dags/update_car_data_dag.py
[2025-09-08T09:21:47.839+0000] {logging_mixin.py:188} INFO - [2025-09-08T09:21:47.839+0000] {dag.py:3036} INFO - Sync 1 DAGs
[2025-09-08T09:21:47.864+0000] {logging_mixin.py:188} INFO - [2025-09-08T09:21:47.864+0000] {dag.py:3823} INFO - Setting next_dagrun for update_car_data to 2025-09-06 15:00:00+00:00, run_after=2025-09-07 15:00:00+00:00
[2025-09-08T09:21:47.877+0000] {processor.py:183} INFO - Processing /opt/airflow/dags/update_car_data_dag.py took 0.102 seconds
[2025-09-08T09:22:18.165+0000] {processor.py:161} INFO - Started process (PID=202) to work on /opt/airflow/dags/update_car_data_dag.py
[2025-09-08T09:22:18.166+0000] {processor.py:830} INFO - Processing file /opt/airflow/dags/update_car_data_dag.py for tasks to queue
[2025-09-08T09:22:18.167+0000] {logging_mixin.py:188} INFO - [2025-09-08T09:22:18.167+0000] {dagbag.py:538} INFO - Filling up the DagBag from /opt/airflow/dags/update_car_data_dag.py
[2025-09-08T09:22:18.190+0000] {processor.py:840} INFO - DAG(s) 'update_car_data' retrieved from /opt/airflow/dags/update_car_data_dag.py
[2025-09-08T09:22:18.222+0000] {logging_mixin.py:188} INFO - [2025-09-08T09:22:18.222+0000] {dag.py:3036} INFO - Sync 1 DAGs
[2025-09-08T09:22:18.244+0000] {logging_mixin.py:188} INFO - [2025-09-08T09:22:18.243+0000] {dag.py:3823} INFO - Setting next_dagrun for update_car_data to 2025-09-06 15:00:00+00:00, run_after=2025-09-07 15:00:00+00:00
[2025-09-08T09:22:18.257+0000] {processor.py:183} INFO - Processing /opt/airflow/dags/update_car_data_dag.py took 0.098 seconds
[2025-09-08T09:22:48.544+0000] {processor.py:161} INFO - Started process (PID=207) to work on /opt/airflow/dags/update_car_data_dag.py
[2025-09-08T09:22:48.545+0000] {processor.py:830} INFO - Processing file /opt/airflow/dags/update_car_data_dag.py for tasks to queue
[2025-09-08T09:22:48.546+0000] {logging_mixin.py:188} INFO - [2025-09-08T09:22:48.546+0000] {dagbag.py:538} INFO - Filling up the DagBag from /opt/airflow/dags/update_car_data_dag.py
[2025-09-08T09:22:48.563+0000] {processor.py:840} INFO - DAG(s) 'update_car_data' retrieved from /opt/airflow/dags/update_car_data_dag.py
[2025-09-08T09:22:48.597+0000] {logging_mixin.py:188} INFO - [2025-09-08T09:22:48.597+0000] {dag.py:3036} INFO - Sync 1 DAGs
[2025-09-08T09:22:48.619+0000] {logging_mixin.py:188} INFO - [2025-09-08T09:22:48.619+0000] {dag.py:3823} INFO - Setting next_dagrun for update_car_data to 2025-09-06 15:00:00+00:00, run_after=2025-09-07 15:00:00+00:00
[2025-09-08T09:22:48.634+0000] {processor.py:183} INFO - Processing /opt/airflow/dags/update_car_data_dag.py took 0.096 seconds
[2025-09-08T09:23:18.880+0000] {processor.py:161} INFO - Started process (PID=212) to work on /opt/airflow/dags/update_car_data_dag.py
[2025-09-08T09:23:18.881+0000] {processor.py:830} INFO - Processing file /opt/airflow/dags/update_car_data_dag.py for tasks to queue
[2025-09-08T09:23:18.882+0000] {logging_mixin.py:188} INFO - [2025-09-08T09:23:18.882+0000] {dagbag.py:538} INFO - Filling up the DagBag from /opt/airflow/dags/update_car_data_dag.py
[2025-09-08T09:23:18.903+0000] {processor.py:840} INFO - DAG(s) 'update_car_data' retrieved from /opt/airflow/dags/update_car_data_dag.py
[2025-09-08T09:23:18.947+0000] {logging_mixin.py:188} INFO - [2025-09-08T09:23:18.947+0000] {dag.py:3036} INFO - Sync 1 DAGs
[2025-09-08T09:23:18.973+0000] {logging_mixin.py:188} INFO - [2025-09-08T09:23:18.973+0000] {dag.py:3823} INFO - Setting next_dagrun for update_car_data to 2025-09-06 15:00:00+00:00, run_after=2025-09-07 15:00:00+00:00
[2025-09-08T09:23:18.987+0000] {processor.py:183} INFO - Processing /opt/airflow/dags/update_car_data_dag.py took 0.113 seconds
[2025-09-08T09:23:49.256+0000] {processor.py:161} INFO - Started process (PID=217) to work on /opt/airflow/dags/update_car_data_dag.py
[2025-09-08T09:23:49.257+0000] {processor.py:830} INFO - Processing file /opt/airflow/dags/update_car_data_dag.py for tasks to queue
[2025-09-08T09:23:49.259+0000] {logging_mixin.py:188} INFO - [2025-09-08T09:23:49.259+0000] {dagbag.py:538} INFO - Filling up the DagBag from /opt/airflow/dags/update_car_data_dag.py
[2025-09-08T09:23:49.282+0000] {processor.py:840} INFO - DAG(s) 'update_car_data' retrieved from /opt/airflow/dags/update_car_data_dag.py
[2025-09-08T09:23:49.324+0000] {logging_mixin.py:188} INFO - [2025-09-08T09:23:49.323+0000] {dag.py:3036} INFO - Sync 1 DAGs
[2025-09-08T09:23:49.344+0000] {logging_mixin.py:188} INFO - [2025-09-08T09:23:49.344+0000] {dag.py:3823} INFO - Setting next_dagrun for update_car_data to 2025-09-06 15:00:00+00:00, run_after=2025-09-07 15:00:00+00:00
[2025-09-08T09:23:49.356+0000] {processor.py:183} INFO - Processing /opt/airflow/dags/update_car_data_dag.py took 0.107 seconds
[2025-09-08T09:24:19.563+0000] {processor.py:161} INFO - Started process (PID=222) to work on /opt/airflow/dags/update_car_data_dag.py
[2025-09-08T09:24:19.565+0000] {processor.py:830} INFO - Processing file /opt/airflow/dags/update_car_data_dag.py for tasks to queue
[2025-09-08T09:24:19.569+0000] {logging_mixin.py:188} INFO - [2025-09-08T09:24:19.566+0000] {dagbag.py:538} INFO - Filling up the DagBag from /opt/airflow/dags/update_car_data_dag.py
[2025-09-08T09:24:19.601+0000] {processor.py:840} INFO - DAG(s) 'update_car_data' retrieved from /opt/airflow/dags/update_car_data_dag.py
[2025-09-08T09:24:19.642+0000] {logging_mixin.py:188} INFO - [2025-09-08T09:24:19.642+0000] {dag.py:3036} INFO - Sync 1 DAGs
[2025-09-08T09:24:19.661+0000] {logging_mixin.py:188} INFO - [2025-09-08T09:24:19.661+0000] {dag.py:3823} INFO - Setting next_dagrun for update_car_data to 2025-09-06 15:00:00+00:00, run_after=2025-09-07 15:00:00+00:00
[2025-09-08T09:24:19.671+0000] {processor.py:183} INFO - Processing /opt/airflow/dags/update_car_data_dag.py took 0.115 seconds
[2025-09-08T09:24:50.014+0000] {processor.py:161} INFO - Started process (PID=227) to work on /opt/airflow/dags/update_car_data_dag.py
[2025-09-08T09:24:50.015+0000] {processor.py:830} INFO - Processing file /opt/airflow/dags/update_car_data_dag.py for tasks to queue
[2025-09-08T09:24:50.016+0000] {logging_mixin.py:188} INFO - [2025-09-08T09:24:50.016+0000] {dagbag.py:538} INFO - Filling up the DagBag from /opt/airflow/dags/update_car_data_dag.py
[2025-09-08T09:24:50.036+0000] {processor.py:840} INFO - DAG(s) 'update_car_data' retrieved from /opt/airflow/dags/update_car_data_dag.py
[2025-09-08T09:24:50.074+0000] {logging_mixin.py:188} INFO - [2025-09-08T09:24:50.074+0000] {dag.py:3036} INFO - Sync 1 DAGs
[2025-09-08T09:24:50.096+0000] {logging_mixin.py:188} INFO - [2025-09-08T09:24:50.096+0000] {dag.py:3823} INFO - Setting next_dagrun for update_car_data to 2025-09-06 15:00:00+00:00, run_after=2025-09-07 15:00:00+00:00
[2025-09-08T09:24:50.109+0000] {processor.py:183} INFO - Processing /opt/airflow/dags/update_car_data_dag.py took 0.101 seconds
[2025-09-08T09:25:20.543+0000] {processor.py:161} INFO - Started process (PID=232) to work on /opt/airflow/dags/update_car_data_dag.py
[2025-09-08T09:25:20.544+0000] {processor.py:830} INFO - Processing file /opt/airflow/dags/update_car_data_dag.py for tasks to queue
[2025-09-08T09:25:20.545+0000] {logging_mixin.py:188} INFO - [2025-09-08T09:25:20.545+0000] {dagbag.py:538} INFO - Filling up the DagBag from /opt/airflow/dags/update_car_data_dag.py
[2025-09-08T09:25:20.565+0000] {processor.py:840} INFO - DAG(s) 'update_car_data' retrieved from /opt/airflow/dags/update_car_data_dag.py
[2025-09-08T09:25:20.597+0000] {logging_mixin.py:188} INFO - [2025-09-08T09:25:20.597+0000] {dag.py:3036} INFO - Sync 1 DAGs
[2025-09-08T09:25:20.615+0000] {logging_mixin.py:188} INFO - [2025-09-08T09:25:20.614+0000] {dag.py:3823} INFO - Setting next_dagrun for update_car_data to 2025-09-06 15:00:00+00:00, run_after=2025-09-07 15:00:00+00:00
[2025-09-08T09:25:20.628+0000] {processor.py:183} INFO - Processing /opt/airflow/dags/update_car_data_dag.py took 0.090 seconds
[2025-09-08T09:25:50.828+0000] {processor.py:161} INFO - Started process (PID=237) to work on /opt/airflow/dags/update_car_data_dag.py
[2025-09-08T09:25:50.828+0000] {processor.py:830} INFO - Processing file /opt/airflow/dags/update_car_data_dag.py for tasks to queue
[2025-09-08T09:25:50.830+0000] {logging_mixin.py:188} INFO - [2025-09-08T09:25:50.829+0000] {dagbag.py:538} INFO - Filling up the DagBag from /opt/airflow/dags/update_car_data_dag.py
[2025-09-08T09:25:50.856+0000] {processor.py:840} INFO - DAG(s) 'update_car_data' retrieved from /opt/airflow/dags/update_car_data_dag.py
[2025-09-08T09:25:50.888+0000] {logging_mixin.py:188} INFO - [2025-09-08T09:25:50.887+0000] {dag.py:3036} INFO - Sync 1 DAGs
[2025-09-08T09:25:50.907+0000] {logging_mixin.py:188} INFO - [2025-09-08T09:25:50.907+0000] {dag.py:3823} INFO - Setting next_dagrun for update_car_data to 2025-09-06 15:00:00+00:00, run_after=2025-09-07 15:00:00+00:00
[2025-09-08T09:25:50.917+0000] {processor.py:183} INFO - Processing /opt/airflow/dags/update_car_data_dag.py took 0.102 seconds
[2025-09-08T09:26:21.309+0000] {processor.py:161} INFO - Started process (PID=242) to work on /opt/airflow/dags/update_car_data_dag.py
[2025-09-08T09:26:21.310+0000] {processor.py:830} INFO - Processing file /opt/airflow/dags/update_car_data_dag.py for tasks to queue
[2025-09-08T09:26:21.311+0000] {logging_mixin.py:188} INFO - [2025-09-08T09:26:21.311+0000] {dagbag.py:538} INFO - Filling up the DagBag from /opt/airflow/dags/update_car_data_dag.py
[2025-09-08T09:26:21.327+0000] {processor.py:840} INFO - DAG(s) 'update_car_data' retrieved from /opt/airflow/dags/update_car_data_dag.py
[2025-09-08T09:26:21.358+0000] {logging_mixin.py:188} INFO - [2025-09-08T09:26:21.358+0000] {dag.py:3036} INFO - Sync 1 DAGs
[2025-09-08T09:26:21.375+0000] {logging_mixin.py:188} INFO - [2025-09-08T09:26:21.375+0000] {dag.py:3823} INFO - Setting next_dagrun for update_car_data to 2025-09-06 15:00:00+00:00, run_after=2025-09-07 15:00:00+00:00
[2025-09-08T09:26:21.384+0000] {processor.py:183} INFO - Processing /opt/airflow/dags/update_car_data_dag.py took 0.081 seconds
[2025-09-08T09:26:51.791+0000] {processor.py:161} INFO - Started process (PID=247) to work on /opt/airflow/dags/update_car_data_dag.py
[2025-09-08T09:26:51.792+0000] {processor.py:830} INFO - Processing file /opt/airflow/dags/update_car_data_dag.py for tasks to queue
[2025-09-08T09:26:51.793+0000] {logging_mixin.py:188} INFO - [2025-09-08T09:26:51.793+0000] {dagbag.py:538} INFO - Filling up the DagBag from /opt/airflow/dags/update_car_data_dag.py
[2025-09-08T09:26:51.810+0000] {processor.py:840} INFO - DAG(s) 'update_car_data' retrieved from /opt/airflow/dags/update_car_data_dag.py
[2025-09-08T09:26:51.845+0000] {logging_mixin.py:188} INFO - [2025-09-08T09:26:51.845+0000] {dag.py:3036} INFO - Sync 1 DAGs
[2025-09-08T09:26:51.865+0000] {logging_mixin.py:188} INFO - [2025-09-08T09:26:51.865+0000] {dag.py:3823} INFO - Setting next_dagrun for update_car_data to 2025-09-06 15:00:00+00:00, run_after=2025-09-07 15:00:00+00:00
[2025-09-08T09:26:51.879+0000] {processor.py:183} INFO - Processing /opt/airflow/dags/update_car_data_dag.py took 0.096 seconds
[2025-09-08T09:27:22.166+0000] {processor.py:161} INFO - Started process (PID=252) to work on /opt/airflow/dags/update_car_data_dag.py
[2025-09-08T09:27:22.166+0000] {processor.py:830} INFO - Processing file /opt/airflow/dags/update_car_data_dag.py for tasks to queue
[2025-09-08T09:27:22.167+0000] {logging_mixin.py:188} INFO - [2025-09-08T09:27:22.167+0000] {dagbag.py:538} INFO - Filling up the DagBag from /opt/airflow/dags/update_car_data_dag.py
[2025-09-08T09:27:22.186+0000] {processor.py:840} INFO - DAG(s) 'update_car_data' retrieved from /opt/airflow/dags/update_car_data_dag.py
[2025-09-08T09:27:22.213+0000] {logging_mixin.py:188} INFO - [2025-09-08T09:27:22.212+0000] {dag.py:3036} INFO - Sync 1 DAGs
[2025-09-08T09:27:22.231+0000] {logging_mixin.py:188} INFO - [2025-09-08T09:27:22.231+0000] {dag.py:3823} INFO - Setting next_dagrun for update_car_data to 2025-09-06 15:00:00+00:00, run_after=2025-09-07 15:00:00+00:00
[2025-09-08T09:27:22.241+0000] {processor.py:183} INFO - Processing /opt/airflow/dags/update_car_data_dag.py took 0.080 seconds
[2025-09-08T09:27:52.464+0000] {processor.py:161} INFO - Started process (PID=257) to work on /opt/airflow/dags/update_car_data_dag.py
[2025-09-08T09:27:52.465+0000] {processor.py:830} INFO - Processing file /opt/airflow/dags/update_car_data_dag.py for tasks to queue
[2025-09-08T09:27:52.466+0000] {logging_mixin.py:188} INFO - [2025-09-08T09:27:52.465+0000] {dagbag.py:538} INFO - Filling up the DagBag from /opt/airflow/dags/update_car_data_dag.py
[2025-09-08T09:27:52.480+0000] {processor.py:840} INFO - DAG(s) 'update_car_data' retrieved from /opt/airflow/dags/update_car_data_dag.py
[2025-09-08T09:27:52.505+0000] {logging_mixin.py:188} INFO - [2025-09-08T09:27:52.505+0000] {dag.py:3036} INFO - Sync 1 DAGs
[2025-09-08T09:27:52.529+0000] {logging_mixin.py:188} INFO - [2025-09-08T09:27:52.529+0000] {dag.py:3823} INFO - Setting next_dagrun for update_car_data to 2025-09-06 15:00:00+00:00, run_after=2025-09-07 15:00:00+00:00
[2025-09-08T09:27:52.543+0000] {processor.py:183} INFO - Processing /opt/airflow/dags/update_car_data_dag.py took 0.085 seconds
[2025-09-08T09:28:22.847+0000] {processor.py:161} INFO - Started process (PID=262) to work on /opt/airflow/dags/update_car_data_dag.py
[2025-09-08T09:28:22.848+0000] {processor.py:830} INFO - Processing file /opt/airflow/dags/update_car_data_dag.py for tasks to queue
[2025-09-08T09:28:22.849+0000] {logging_mixin.py:188} INFO - [2025-09-08T09:28:22.849+0000] {dagbag.py:538} INFO - Filling up the DagBag from /opt/airflow/dags/update_car_data_dag.py
[2025-09-08T09:28:22.874+0000] {processor.py:840} INFO - DAG(s) 'update_car_data' retrieved from /opt/airflow/dags/update_car_data_dag.py
[2025-09-08T09:28:22.910+0000] {logging_mixin.py:188} INFO - [2025-09-08T09:28:22.910+0000] {dag.py:3036} INFO - Sync 1 DAGs
[2025-09-08T09:28:22.934+0000] {logging_mixin.py:188} INFO - [2025-09-08T09:28:22.934+0000] {dag.py:3823} INFO - Setting next_dagrun for update_car_data to 2025-09-06 15:00:00+00:00, run_after=2025-09-07 15:00:00+00:00
[2025-09-08T09:28:22.947+0000] {processor.py:183} INFO - Processing /opt/airflow/dags/update_car_data_dag.py took 0.112 seconds
[2025-09-08T09:28:53.142+0000] {processor.py:161} INFO - Started process (PID=267) to work on /opt/airflow/dags/update_car_data_dag.py
[2025-09-08T09:28:53.143+0000] {processor.py:830} INFO - Processing file /opt/airflow/dags/update_car_data_dag.py for tasks to queue
[2025-09-08T09:28:53.144+0000] {logging_mixin.py:188} INFO - [2025-09-08T09:28:53.144+0000] {dagbag.py:538} INFO - Filling up the DagBag from /opt/airflow/dags/update_car_data_dag.py
[2025-09-08T09:28:53.163+0000] {processor.py:840} INFO - DAG(s) 'update_car_data' retrieved from /opt/airflow/dags/update_car_data_dag.py
[2025-09-08T09:28:53.194+0000] {logging_mixin.py:188} INFO - [2025-09-08T09:28:53.194+0000] {dag.py:3036} INFO - Sync 1 DAGs
[2025-09-08T09:28:53.210+0000] {logging_mixin.py:188} INFO - [2025-09-08T09:28:53.210+0000] {dag.py:3823} INFO - Setting next_dagrun for update_car_data to 2025-09-06 15:00:00+00:00, run_after=2025-09-07 15:00:00+00:00
[2025-09-08T09:28:53.221+0000] {processor.py:183} INFO - Processing /opt/airflow/dags/update_car_data_dag.py took 0.082 seconds
[2025-09-08T09:29:23.530+0000] {processor.py:161} INFO - Started process (PID=272) to work on /opt/airflow/dags/update_car_data_dag.py
[2025-09-08T09:29:23.531+0000] {processor.py:830} INFO - Processing file /opt/airflow/dags/update_car_data_dag.py for tasks to queue
[2025-09-08T09:29:23.532+0000] {logging_mixin.py:188} INFO - [2025-09-08T09:29:23.532+0000] {dagbag.py:538} INFO - Filling up the DagBag from /opt/airflow/dags/update_car_data_dag.py
[2025-09-08T09:29:23.563+0000] {processor.py:840} INFO - DAG(s) 'update_car_data' retrieved from /opt/airflow/dags/update_car_data_dag.py
[2025-09-08T09:29:23.601+0000] {logging_mixin.py:188} INFO - [2025-09-08T09:29:23.600+0000] {dag.py:3036} INFO - Sync 1 DAGs
[2025-09-08T09:29:23.618+0000] {logging_mixin.py:188} INFO - [2025-09-08T09:29:23.618+0000] {dag.py:3823} INFO - Setting next_dagrun for update_car_data to 2025-09-06 15:00:00+00:00, run_after=2025-09-07 15:00:00+00:00
[2025-09-08T09:29:23.630+0000] {processor.py:183} INFO - Processing /opt/airflow/dags/update_car_data_dag.py took 0.107 seconds
[2025-09-08T09:29:53.957+0000] {processor.py:161} INFO - Started process (PID=277) to work on /opt/airflow/dags/update_car_data_dag.py
[2025-09-08T09:29:53.958+0000] {processor.py:830} INFO - Processing file /opt/airflow/dags/update_car_data_dag.py for tasks to queue
[2025-09-08T09:29:53.959+0000] {logging_mixin.py:188} INFO - [2025-09-08T09:29:53.959+0000] {dagbag.py:538} INFO - Filling up the DagBag from /opt/airflow/dags/update_car_data_dag.py
[2025-09-08T09:29:53.978+0000] {processor.py:840} INFO - DAG(s) 'update_car_data' retrieved from /opt/airflow/dags/update_car_data_dag.py
[2025-09-08T09:29:54.009+0000] {logging_mixin.py:188} INFO - [2025-09-08T09:29:54.009+0000] {dag.py:3036} INFO - Sync 1 DAGs
[2025-09-08T09:29:54.028+0000] {logging_mixin.py:188} INFO - [2025-09-08T09:29:54.028+0000] {dag.py:3823} INFO - Setting next_dagrun for update_car_data to 2025-09-06 15:00:00+00:00, run_after=2025-09-07 15:00:00+00:00
[2025-09-08T09:29:54.038+0000] {processor.py:183} INFO - Processing /opt/airflow/dags/update_car_data_dag.py took 0.086 seconds
[2025-09-08T09:30:24.366+0000] {processor.py:161} INFO - Started process (PID=282) to work on /opt/airflow/dags/update_car_data_dag.py
[2025-09-08T09:30:24.367+0000] {processor.py:830} INFO - Processing file /opt/airflow/dags/update_car_data_dag.py for tasks to queue
[2025-09-08T09:30:24.368+0000] {logging_mixin.py:188} INFO - [2025-09-08T09:30:24.368+0000] {dagbag.py:538} INFO - Filling up the DagBag from /opt/airflow/dags/update_car_data_dag.py
[2025-09-08T09:30:24.386+0000] {processor.py:840} INFO - DAG(s) 'update_car_data' retrieved from /opt/airflow/dags/update_car_data_dag.py
[2025-09-08T09:30:24.414+0000] {logging_mixin.py:188} INFO - [2025-09-08T09:30:24.414+0000] {dag.py:3036} INFO - Sync 1 DAGs
[2025-09-08T09:30:24.431+0000] {logging_mixin.py:188} INFO - [2025-09-08T09:30:24.431+0000] {dag.py:3823} INFO - Setting next_dagrun for update_car_data to 2025-09-06 15:00:00+00:00, run_after=2025-09-07 15:00:00+00:00
[2025-09-08T09:30:24.441+0000] {processor.py:183} INFO - Processing /opt/airflow/dags/update_car_data_dag.py took 0.079 seconds
[2025-09-08T09:30:54.782+0000] {processor.py:161} INFO - Started process (PID=287) to work on /opt/airflow/dags/update_car_data_dag.py
[2025-09-08T09:30:54.783+0000] {processor.py:830} INFO - Processing file /opt/airflow/dags/update_car_data_dag.py for tasks to queue
[2025-09-08T09:30:54.784+0000] {logging_mixin.py:188} INFO - [2025-09-08T09:30:54.784+0000] {dagbag.py:538} INFO - Filling up the DagBag from /opt/airflow/dags/update_car_data_dag.py
[2025-09-08T09:30:54.812+0000] {processor.py:840} INFO - DAG(s) 'update_car_data' retrieved from /opt/airflow/dags/update_car_data_dag.py
[2025-09-08T09:30:54.849+0000] {logging_mixin.py:188} INFO - [2025-09-08T09:30:54.849+0000] {dag.py:3036} INFO - Sync 1 DAGs
[2025-09-08T09:30:54.880+0000] {logging_mixin.py:188} INFO - [2025-09-08T09:30:54.880+0000] {dag.py:3823} INFO - Setting next_dagrun for update_car_data to 2025-09-06 15:00:00+00:00, run_after=2025-09-07 15:00:00+00:00
[2025-09-08T09:30:54.892+0000] {processor.py:183} INFO - Processing /opt/airflow/dags/update_car_data_dag.py took 0.115 seconds
[2025-09-08T09:31:25.136+0000] {processor.py:161} INFO - Started process (PID=292) to work on /opt/airflow/dags/update_car_data_dag.py
[2025-09-08T09:31:25.138+0000] {processor.py:830} INFO - Processing file /opt/airflow/dags/update_car_data_dag.py for tasks to queue
[2025-09-08T09:31:25.139+0000] {logging_mixin.py:188} INFO - [2025-09-08T09:31:25.139+0000] {dagbag.py:538} INFO - Filling up the DagBag from /opt/airflow/dags/update_car_data_dag.py
[2025-09-08T09:31:25.163+0000] {processor.py:840} INFO - DAG(s) 'update_car_data' retrieved from /opt/airflow/dags/update_car_data_dag.py
[2025-09-08T09:31:25.192+0000] {logging_mixin.py:188} INFO - [2025-09-08T09:31:25.192+0000] {dag.py:3036} INFO - Sync 1 DAGs
[2025-09-08T09:31:25.255+0000] {logging_mixin.py:188} INFO - [2025-09-08T09:31:25.255+0000] {dag.py:3823} INFO - Setting next_dagrun for update_car_data to 2025-09-06 15:00:00+00:00, run_after=2025-09-07 15:00:00+00:00
[2025-09-08T09:31:25.269+0000] {processor.py:183} INFO - Processing /opt/airflow/dags/update_car_data_dag.py took 0.142 seconds
[2025-09-08T23:59:20.393+0000] {processor.py:161} INFO - Started process (PID=165) to work on /opt/airflow/dags/update_car_data_dag.py
[2025-09-08T23:59:20.395+0000] {processor.py:830} INFO - Processing file /opt/airflow/dags/update_car_data_dag.py for tasks to queue
[2025-09-08T23:59:20.395+0000] {logging_mixin.py:188} INFO - [2025-09-08T23:59:20.395+0000] {dagbag.py:538} INFO - Filling up the DagBag from /opt/airflow/dags/update_car_data_dag.py
[2025-09-08T23:59:20.414+0000] {processor.py:840} INFO - DAG(s) 'update_car_data' retrieved from /opt/airflow/dags/update_car_data_dag.py
[2025-09-08T23:59:20.447+0000] {logging_mixin.py:188} INFO - [2025-09-08T23:59:20.447+0000] {dag.py:3036} INFO - Sync 1 DAGs
[2025-09-08T23:59:20.466+0000] {logging_mixin.py:188} INFO - [2025-09-08T23:59:20.466+0000] {dag.py:3823} INFO - Setting next_dagrun for update_car_data to 2025-09-07 15:00:00+00:00, run_after=2025-09-08 15:00:00+00:00
[2025-09-08T23:59:20.477+0000] {processor.py:183} INFO - Processing /opt/airflow/dags/update_car_data_dag.py took 0.089 seconds
[2025-09-08T23:59:50.700+0000] {processor.py:161} INFO - Started process (PID=171) to work on /opt/airflow/dags/update_car_data_dag.py
[2025-09-08T23:59:50.701+0000] {processor.py:830} INFO - Processing file /opt/airflow/dags/update_car_data_dag.py for tasks to queue
[2025-09-08T23:59:50.702+0000] {logging_mixin.py:188} INFO - [2025-09-08T23:59:50.702+0000] {dagbag.py:538} INFO - Filling up the DagBag from /opt/airflow/dags/update_car_data_dag.py
[2025-09-08T23:59:50.723+0000] {processor.py:840} INFO - DAG(s) 'update_car_data' retrieved from /opt/airflow/dags/update_car_data_dag.py
[2025-09-08T23:59:50.757+0000] {logging_mixin.py:188} INFO - [2025-09-08T23:59:50.757+0000] {dag.py:3036} INFO - Sync 1 DAGs
[2025-09-08T23:59:50.779+0000] {logging_mixin.py:188} INFO - [2025-09-08T23:59:50.778+0000] {dag.py:3823} INFO - Setting next_dagrun for update_car_data to 2025-09-07 15:00:00+00:00, run_after=2025-09-08 15:00:00+00:00
[2025-09-08T23:59:50.787+0000] {processor.py:183} INFO - Processing /opt/airflow/dags/update_car_data_dag.py took 0.091 seconds
