[2025-09-14T09:51:19.543+0000] {taskinstance.py:1956} INFO - Dependencies all met for dep_context=non-requeueable deps ti=<TaskInstance: update_car_data.import_car_data scheduled__2025-09-12T15:00:00+00:00 [queued]>
[2025-09-14T09:51:19.553+0000] {taskinstance.py:1956} INFO - Dependencies all met for dep_context=requeueable deps ti=<TaskInstance: update_car_data.import_car_data scheduled__2025-09-12T15:00:00+00:00 [queued]>
[2025-09-14T09:51:19.553+0000] {taskinstance.py:2170} INFO - Starting attempt 1 of 1
[2025-09-14T09:51:19.569+0000] {taskinstance.py:2191} INFO - Executing <Task(BashOperator): import_car_data> on 2025-09-12 15:00:00+00:00
[2025-09-14T09:51:19.577+0000] {standard_task_runner.py:60} INFO - Started process 735 to run task
[2025-09-14T09:51:19.581+0000] {standard_task_runner.py:87} INFO - Running: ['airflow', 'tasks', 'run', 'update_car_data', 'import_car_data', 'scheduled__2025-09-12T15:00:00+00:00', '--job-id', '39', '--raw', '--subdir', 'DAGS_FOLDER/update_car_data_dag.py', '--cfg-path', '/tmp/tmp_girg9pj']
[2025-09-14T09:51:19.583+0000] {standard_task_runner.py:88} INFO - Job 39: Subtask import_car_data
[2025-09-14T09:51:19.666+0000] {task_command.py:423} INFO - Running <TaskInstance: update_car_data.import_car_data scheduled__2025-09-12T15:00:00+00:00 [running]> on host cd0ba00f68ef
[2025-09-14T09:51:19.796+0000] {taskinstance.py:2480} INFO - Exporting env vars: AIRFLOW_CTX_DAG_OWNER='airflow' AIRFLOW_CTX_DAG_ID='update_car_data' AIRFLOW_CTX_TASK_ID='import_car_data' AIRFLOW_CTX_EXECUTION_DATE='2025-09-12T15:00:00+00:00' AIRFLOW_CTX_TRY_NUMBER='1' AIRFLOW_CTX_DAG_RUN_ID='scheduled__2025-09-12T15:00:00+00:00'
[2025-09-14T09:51:19.797+0000] {subprocess.py:63} INFO - Tmp dir root location: /tmp
[2025-09-14T09:51:19.798+0000] {subprocess.py:75} INFO - Running command: ['/usr/bin/bash', '-c', 'docker exec babsim_django_gunicorn_1 python manage.py import_data']
[2025-09-14T09:51:19.814+0000] {subprocess.py:86} INFO - Output:
[2025-09-14T09:51:26.821+0000] {subprocess.py:93} INFO - App 'JJACKLETTE' ready (no heavy init).
[2025-09-14T09:51:29.526+0000] {subprocess.py:93} INFO - 1. '/app/text_data/DB/car_specs'에서 CSV 스펙 데이터 임포트를 시작합니다...
[2025-09-14T09:51:29.530+0000] {subprocess.py:93} INFO - CSV에서 26개의 차량을 찾았습니다.
[2025-09-14T09:51:29.583+0000] {subprocess.py:93} INFO -   > '코나' 스펙을 직접 CSV에서 로드했습니다.
[2025-09-14T09:51:29.590+0000] {subprocess.py:93} INFO -   > '아이오닉 9' 스펙을 직접 CSV에서 로드했습니다.
[2025-09-14T09:51:29.596+0000] {subprocess.py:93} INFO -   > 'G90' 스펙을 직접 CSV에서 로드했습니다.
[2025-09-14T09:51:29.601+0000] {subprocess.py:93} INFO -   > 'Electrified G80' 스펙을 직접 CSV에서 로드했습니다.
[2025-09-14T09:51:29.607+0000] {subprocess.py:93} INFO -   > '디 올 뉴 넥쏘' 스펙을 직접 CSV에서 로드했습니다.
[2025-09-14T09:51:29.613+0000] {subprocess.py:93} INFO -   > 'Electrified GV70' 스펙을 직접 CSV에서 로드했습니다.
[2025-09-14T09:51:29.619+0000] {subprocess.py:93} INFO -   > '쏠라티' 스펙을 직접 CSV에서 로드했습니다.
[2025-09-14T09:51:29.625+0000] {subprocess.py:93} INFO -   > '아이오닉 5' 스펙을 직접 CSV에서 로드했습니다.
[2025-09-14T09:51:29.630+0000] {subprocess.py:93} INFO -   > '카운티 일렉트릭' 스펙을 직접 CSV에서 로드했습니다.
[2025-09-14T09:51:29.636+0000] {subprocess.py:93} INFO -   > '쏘나타 디 엣지' 스펙을 직접 CSV에서 로드했습니다.
[2025-09-14T09:51:29.642+0000] {subprocess.py:93} INFO -   > '스타리아' 스펙을 직접 CSV에서 로드했습니다.
[2025-09-14T09:51:29.648+0000] {subprocess.py:93} INFO -   > '아이오닉 5 N' 스펙을 직접 CSV에서 로드했습니다.
[2025-09-14T09:51:29.654+0000] {subprocess.py:93} INFO -   > '아반떼 N' 스펙을 직접 CSV에서 로드했습니다.
[2025-09-14T09:51:29.660+0000] {subprocess.py:93} INFO -   > 'G70' 스펙을 직접 CSV에서 로드했습니다.
[2025-09-14T09:51:29.665+0000] {subprocess.py:93} INFO -   > 'ST1' 스펙을 직접 CSV에서 로드했습니다.
[2025-09-14T09:51:29.671+0000] {subprocess.py:93} INFO -   > 'GV70' 스펙을 직접 CSV에서 로드했습니다.
[2025-09-14T09:51:29.677+0000] {subprocess.py:93} INFO -   > '그랜저' 스펙을 직접 CSV에서 로드했습니다.
[2025-09-14T09:51:29.682+0000] {subprocess.py:93} INFO -   > '디 올 뉴 팰리세이드' 스펙을 직접 CSV에서 로드했습니다.
[2025-09-14T09:51:29.688+0000] {subprocess.py:93} INFO -   > '아반떼' 스펙을 직접 CSV에서 로드했습니다.
[2025-09-14T09:51:29.694+0000] {subprocess.py:93} INFO -   > '베뉴' 스펙을 직접 CSV에서 로드했습니다.
[2025-09-14T09:51:29.700+0000] {subprocess.py:93} INFO -   > '더 뉴 아이오닉 6' 스펙을 직접 CSV에서 로드했습니다.
[2025-09-14T09:51:29.706+0000] {subprocess.py:93} INFO -   > '카운티' 스펙을 직접 CSV에서 로드했습니다.
[2025-09-14T09:51:29.712+0000] {subprocess.py:93} INFO -   > 'G80' 스펙을 직접 CSV에서 로드했습니다.
[2025-09-14T09:51:29.718+0000] {subprocess.py:93} INFO -   > 'New GV60' 스펙을 직접 CSV에서 로드했습니다.
[2025-09-14T09:51:29.724+0000] {subprocess.py:93} INFO -   > '투싼' 스펙을 직접 CSV에서 로드했습니다.
[2025-09-14T09:51:29.731+0000] {subprocess.py:93} INFO -   > 'GV80' 스펙을 직접 CSV에서 로드했습니다.
[2025-09-14T09:51:29.734+0000] {subprocess.py:93} INFO - 
[2025-09-14T09:51:29.735+0000] {subprocess.py:93} INFO - 총 0개의 새로운 차종이 추가되었습니다.
[2025-09-14T09:51:29.735+0000] {subprocess.py:93} INFO - 총 0개의 엔지니어링 스펙이 추가/업데이트되었습니다.
[2025-09-14T09:51:29.735+0000] {subprocess.py:93} INFO - CSV 스펙 임포트가 완료되었습니다.
[2025-09-14T09:51:29.735+0000] {subprocess.py:93} INFO - 2. '/app/text_data/DB/hyundai_car_reviews.json'에서 리뷰 데이터 임포트를 시작합니다...
[2025-09-14T09:51:29.835+0000] {subprocess.py:93} INFO - 경고: JSON의 '싼타페'에 해당하는 차종을 DB에서 찾을 수 없어 리뷰를 건너뜁니다.
[2025-09-14T09:51:29.839+0000] {subprocess.py:93} INFO - 경고: JSON의 '싼타페'에 해당하는 차종을 DB에서 찾을 수 없어 리뷰를 건너뜁니다.
[2025-09-14T09:51:29.854+0000] {subprocess.py:93} INFO - 경고: JSON의 '싼타페 Hybrid'에 해당하는 차종을 DB에서 찾을 수 없어 리뷰를 건너뜁니다.
[2025-09-14T09:51:29.854+0000] {subprocess.py:93} INFO - 경고: JSON의 '포터 II Electric'에 해당하는 차종을 DB에서 찾을 수 없어 리뷰를 건너뜁니다.
[2025-09-14T09:51:29.886+0000] {subprocess.py:93} INFO - 경고: JSON의 '싼타페 Hybrid'에 해당하는 차종을 DB에서 찾을 수 없어 리뷰를 건너뜁니다.
[2025-09-14T09:51:29.887+0000] {subprocess.py:93} INFO - 경고: JSON의 '싼타페'에 해당하는 차종을 DB에서 찾을 수 없어 리뷰를 건너뜁니다.
[2025-09-14T09:51:29.900+0000] {subprocess.py:93} INFO - 경고: JSON의 '싼타페'에 해당하는 차종을 DB에서 찾을 수 없어 리뷰를 건너뜁니다.
[2025-09-14T09:51:29.910+0000] {subprocess.py:93} INFO - 경고: JSON의 '싼타페 Hybrid'에 해당하는 차종을 DB에서 찾을 수 없어 리뷰를 건너뜁니다.
[2025-09-14T09:51:29.920+0000] {subprocess.py:93} INFO - 경고: JSON의 '싼타페'에 해당하는 차종을 DB에서 찾을 수 없어 리뷰를 건너뜁니다.
[2025-09-14T09:51:29.955+0000] {subprocess.py:93} INFO - 경고: JSON의 '싼타페 Hybrid'에 해당하는 차종을 DB에서 찾을 수 없어 리뷰를 건너뜁니다.
[2025-09-14T09:51:29.978+0000] {subprocess.py:93} INFO - 경고: JSON의 '싼타페'에 해당하는 차종을 DB에서 찾을 수 없어 리뷰를 건너뜁니다.
[2025-09-14T09:51:29.978+0000] {subprocess.py:93} INFO - 경고: JSON의 '싼타페 Hybrid'에 해당하는 차종을 DB에서 찾을 수 없어 리뷰를 건너뜁니다.
[2025-09-14T09:51:30.020+0000] {subprocess.py:93} INFO - 경고: JSON의 '싼타페 Hybrid'에 해당하는 차종을 DB에서 찾을 수 없어 리뷰를 건너뜁니다.
[2025-09-14T09:51:30.038+0000] {subprocess.py:93} INFO - 경고: JSON의 '싼타페 Hybrid'에 해당하는 차종을 DB에서 찾을 수 없어 리뷰를 건너뜁니다.
[2025-09-14T09:51:30.059+0000] {subprocess.py:93} INFO - 경고: JSON의 '싼타페 Hybrid'에 해당하는 차종을 DB에서 찾을 수 없어 리뷰를 건너뜁니다.
[2025-09-14T09:51:30.092+0000] {subprocess.py:93} INFO - 경고: JSON의 '싼타페 Hybrid'에 해당하는 차종을 DB에서 찾을 수 없어 리뷰를 건너뜁니다.
[2025-09-14T09:51:30.115+0000] {subprocess.py:93} INFO - 경고: JSON의 '싼타페 Hybrid'에 해당하는 차종을 DB에서 찾을 수 없어 리뷰를 건너뜁니다.
[2025-09-14T09:51:30.116+0000] {subprocess.py:93} INFO - 경고: JSON의 '싼타페'에 해당하는 차종을 DB에서 찾을 수 없어 리뷰를 건너뜁니다.
[2025-09-14T09:51:30.157+0000] {subprocess.py:93} INFO - 경고: JSON의 '싼타페 Hybrid'에 해당하는 차종을 DB에서 찾을 수 없어 리뷰를 건너뜁니다.
[2025-09-14T09:51:30.160+0000] {subprocess.py:93} INFO - 경고: JSON의 '싼타페 Hybrid'에 해당하는 차종을 DB에서 찾을 수 없어 리뷰를 건너뜁니다.
[2025-09-14T09:51:30.164+0000] {subprocess.py:93} INFO - 경고: JSON의 '싼타페 Hybrid'에 해당하는 차종을 DB에서 찾을 수 없어 리뷰를 건너뜁니다.
[2025-09-14T09:51:30.173+0000] {subprocess.py:93} INFO - 경고: JSON의 '싼타페'에 해당하는 차종을 DB에서 찾을 수 없어 리뷰를 건너뜁니다.
[2025-09-14T09:51:30.192+0000] {subprocess.py:93} INFO - 경고: JSON의 '싼타페 Hybrid'에 해당하는 차종을 DB에서 찾을 수 없어 리뷰를 건너뜁니다.
[2025-09-14T09:51:30.212+0000] {subprocess.py:93} INFO - 경고: JSON의 '싼타페 Hybrid'에 해당하는 차종을 DB에서 찾을 수 없어 리뷰를 건너뜁니다.
[2025-09-14T09:51:30.212+0000] {subprocess.py:93} INFO - 경고: JSON의 '싼타페'에 해당하는 차종을 DB에서 찾을 수 없어 리뷰를 건너뜁니다.
[2025-09-14T09:51:30.222+0000] {subprocess.py:93} INFO - 경고: JSON의 '싼타페 Hybrid'에 해당하는 차종을 DB에서 찾을 수 없어 리뷰를 건너뜁니다.
[2025-09-14T09:51:30.222+0000] {subprocess.py:93} INFO - 경고: JSON의 '포터 II Electric 특장차'에 해당하는 차종을 DB에서 찾을 수 없어 리뷰를 건너뜁니다.
[2025-09-14T09:51:30.229+0000] {subprocess.py:93} INFO - 경고: JSON의 '싼타페 Hybrid'에 해당하는 차종을 DB에서 찾을 수 없어 리뷰를 건너뜁니다.
[2025-09-14T09:51:30.229+0000] {subprocess.py:93} INFO - 경고: JSON의 '싼타페'에 해당하는 차종을 DB에서 찾을 수 없어 리뷰를 건너뜁니다.
[2025-09-14T09:51:30.249+0000] {subprocess.py:93} INFO - 경고: JSON의 '싼타페 Hybrid'에 해당하는 차종을 DB에서 찾을 수 없어 리뷰를 건너뜁니다.
[2025-09-14T09:51:30.256+0000] {subprocess.py:93} INFO - 경고: JSON의 '싼타페 Hybrid'에 해당하는 차종을 DB에서 찾을 수 없어 리뷰를 건너뜁니다.
[2025-09-14T09:51:30.263+0000] {subprocess.py:93} INFO - 경고: JSON의 '싼타페'에 해당하는 차종을 DB에서 찾을 수 없어 리뷰를 건너뜁니다.
[2025-09-14T09:51:30.284+0000] {subprocess.py:93} INFO - 경고: JSON의 '싼타페 Hybrid'에 해당하는 차종을 DB에서 찾을 수 없어 리뷰를 건너뜁니다.
[2025-09-14T09:51:30.332+0000] {subprocess.py:93} INFO - 경고: JSON의 '싼타페 Hybrid'에 해당하는 차종을 DB에서 찾을 수 없어 리뷰를 건너뜁니다.
[2025-09-14T09:51:30.338+0000] {subprocess.py:93} INFO - 경고: JSON의 '포터 II'에 해당하는 차종을 DB에서 찾을 수 없어 리뷰를 건너뜁니다.
[2025-09-14T09:51:30.339+0000] {subprocess.py:93} INFO - 경고: JSON의 '싼타페'에 해당하는 차종을 DB에서 찾을 수 없어 리뷰를 건너뜁니다.
[2025-09-14T09:51:30.345+0000] {subprocess.py:93} INFO - 경고: JSON의 '싼타페'에 해당하는 차종을 DB에서 찾을 수 없어 리뷰를 건너뜁니다.
[2025-09-14T09:51:30.366+0000] {subprocess.py:93} INFO - 경고: JSON의 '싼타페 Hybrid'에 해당하는 차종을 DB에서 찾을 수 없어 리뷰를 건너뜁니다.
[2025-09-14T09:51:30.373+0000] {subprocess.py:93} INFO - 경고: JSON의 '싼타페 Hybrid'에 해당하는 차종을 DB에서 찾을 수 없어 리뷰를 건너뜁니다.
[2025-09-14T09:51:30.380+0000] {subprocess.py:93} INFO - 경고: JSON의 '싼타페 Hybrid'에 해당하는 차종을 DB에서 찾을 수 없어 리뷰를 건너뜁니다.
[2025-09-14T09:51:30.404+0000] {subprocess.py:93} INFO - 경고: JSON의 '싼타페 Hybrid'에 해당하는 차종을 DB에서 찾을 수 없어 리뷰를 건너뜁니다.
[2025-09-14T09:51:30.416+0000] {subprocess.py:93} INFO - 경고: JSON의 '싼타페 Hybrid'에 해당하는 차종을 DB에서 찾을 수 없어 리뷰를 건너뜁니다.
[2025-09-14T09:51:30.417+0000] {subprocess.py:93} INFO - 경고: JSON의 '싼타페 Hybrid'에 해당하는 차종을 DB에서 찾을 수 없어 리뷰를 건너뜁니다.
[2025-09-14T09:51:30.479+0000] {subprocess.py:93} INFO - 경고: JSON의 '포터 II'에 해당하는 차종을 DB에서 찾을 수 없어 리뷰를 건너뜁니다.
[2025-09-14T09:51:30.569+0000] {subprocess.py:93} INFO - 경고: JSON의 '쏘나타 택시'에 해당하는 차종을 DB에서 찾을 수 없어 리뷰를 건너뜁니다.
[2025-09-14T09:51:30.569+0000] {subprocess.py:93} INFO - 경고: JSON의 '싼타페 Hybrid'에 해당하는 차종을 DB에서 찾을 수 없어 리뷰를 건너뜁니다.
[2025-09-14T09:51:30.592+0000] {subprocess.py:93} INFO - 경고: JSON의 '포터 II'에 해당하는 차종을 DB에서 찾을 수 없어 리뷰를 건너뜁니다.
[2025-09-14T09:51:30.595+0000] {subprocess.py:93} INFO - 경고: JSON의 '포터 II 특장차'에 해당하는 차종을 DB에서 찾을 수 없어 리뷰를 건너뜁니다.
[2025-09-14T09:51:30.595+0000] {subprocess.py:93} INFO - 경고: JSON의 '싼타페 Hybrid'에 해당하는 차종을 DB에서 찾을 수 없어 리뷰를 건너뜁니다.
[2025-09-14T09:51:30.608+0000] {subprocess.py:93} INFO - 경고: JSON의 '싼타페 Hybrid'에 해당하는 차종을 DB에서 찾을 수 없어 리뷰를 건너뜁니다.
[2025-09-14T09:51:30.612+0000] {subprocess.py:93} INFO - 경고: JSON의 '싼타페 Hybrid'에 해당하는 차종을 DB에서 찾을 수 없어 리뷰를 건너뜁니다.
[2025-09-14T09:51:30.622+0000] {subprocess.py:93} INFO - 경고: JSON의 '싼타페'에 해당하는 차종을 DB에서 찾을 수 없어 리뷰를 건너뜁니다.
[2025-09-14T09:51:30.626+0000] {subprocess.py:93} INFO - 경고: JSON의 '싼타페'에 해당하는 차종을 DB에서 찾을 수 없어 리뷰를 건너뜁니다.
[2025-09-14T09:51:30.633+0000] {subprocess.py:93} INFO - 경고: JSON의 '포터 II'에 해당하는 차종을 DB에서 찾을 수 없어 리뷰를 건너뜁니다.
[2025-09-14T09:51:30.634+0000] {subprocess.py:93} INFO - 경고: JSON의 '싼타페'에 해당하는 차종을 DB에서 찾을 수 없어 리뷰를 건너뜁니다.
[2025-09-14T09:51:30.641+0000] {subprocess.py:93} INFO - 경고: JSON의 '포터 II'에 해당하는 차종을 DB에서 찾을 수 없어 리뷰를 건너뜁니다.
[2025-09-14T09:51:30.658+0000] {subprocess.py:93} INFO - 경고: JSON의 '싼타페 Hybrid'에 해당하는 차종을 DB에서 찾을 수 없어 리뷰를 건너뜁니다.
[2025-09-14T09:51:30.662+0000] {subprocess.py:93} INFO - 경고: JSON의 '싼타페 Hybrid'에 해당하는 차종을 DB에서 찾을 수 없어 리뷰를 건너뜁니다.
[2025-09-14T09:51:30.669+0000] {subprocess.py:93} INFO - 경고: JSON의 '포터 II'에 해당하는 차종을 DB에서 찾을 수 없어 리뷰를 건너뜁니다.
[2025-09-14T09:51:30.670+0000] {subprocess.py:93} INFO - 경고: JSON의 '싼타페 Hybrid'에 해당하는 차종을 DB에서 찾을 수 없어 리뷰를 건너뜁니다.
[2025-09-14T09:51:30.673+0000] {subprocess.py:93} INFO - 경고: JSON의 '싼타페 Hybrid'에 해당하는 차종을 DB에서 찾을 수 없어 리뷰를 건너뜁니다.
[2025-09-14T09:51:30.674+0000] {subprocess.py:93} INFO - 경고: JSON의 '싼타페'에 해당하는 차종을 DB에서 찾을 수 없어 리뷰를 건너뜁니다.
[2025-09-14T09:51:30.676+0000] {subprocess.py:93} INFO - 경고: JSON의 '싼타페 Hybrid'에 해당하는 차종을 DB에서 찾을 수 없어 리뷰를 건너뜁니다.
[2025-09-14T09:51:30.698+0000] {subprocess.py:93} INFO - 경고: JSON의 '싼타페 Hybrid'에 해당하는 차종을 DB에서 찾을 수 없어 리뷰를 건너뜁니다.
[2025-09-14T09:51:30.701+0000] {subprocess.py:93} INFO - 경고: JSON의 '싼타페'에 해당하는 차종을 DB에서 찾을 수 없어 리뷰를 건너뜁니다.
[2025-09-14T09:51:30.704+0000] {subprocess.py:93} INFO - 경고: JSON의 '싼타페'에 해당하는 차종을 DB에서 찾을 수 없어 리뷰를 건너뜁니다.
[2025-09-14T09:51:30.705+0000] {subprocess.py:93} INFO - 경고: JSON의 '싼타페 Hybrid'에 해당하는 차종을 DB에서 찾을 수 없어 리뷰를 건너뜁니다.
[2025-09-14T09:51:30.740+0000] {subprocess.py:93} INFO - 경고: JSON의 '싼타페 Hybrid'에 해당하는 차종을 DB에서 찾을 수 없어 리뷰를 건너뜁니다.
[2025-09-14T09:51:30.743+0000] {subprocess.py:93} INFO - 경고: JSON의 '싼타페'에 해당하는 차종을 DB에서 찾을 수 없어 리뷰를 건너뜁니다.
[2025-09-14T09:51:30.748+0000] {subprocess.py:93} INFO - 경고: JSON의 '싼타페'에 해당하는 차종을 DB에서 찾을 수 없어 리뷰를 건너뜁니다.
[2025-09-14T09:51:30.774+0000] {subprocess.py:93} INFO - 경고: JSON의 '포터 II'에 해당하는 차종을 DB에서 찾을 수 없어 리뷰를 건너뜁니다.
[2025-09-14T09:51:30.775+0000] {subprocess.py:93} INFO - 경고: JSON의 '싼타페 Hybrid'에 해당하는 차종을 DB에서 찾을 수 없어 리뷰를 건너뜁니다.
[2025-09-14T09:51:30.781+0000] {subprocess.py:93} INFO - 경고: JSON의 '싼타페 Hybrid'에 해당하는 차종을 DB에서 찾을 수 없어 리뷰를 건너뜁니다.
[2025-09-14T09:51:30.782+0000] {subprocess.py:93} INFO - 경고: JSON의 '싼타페 Hybrid'에 해당하는 차종을 DB에서 찾을 수 없어 리뷰를 건너뜁니다.
[2025-09-14T09:51:30.791+0000] {subprocess.py:93} INFO - 경고: JSON의 '쏘나타 택시'에 해당하는 차종을 DB에서 찾을 수 없어 리뷰를 건너뜁니다.
[2025-09-14T09:51:30.792+0000] {subprocess.py:93} INFO - 경고: JSON의 '싼타페 Hybrid'에 해당하는 차종을 DB에서 찾을 수 없어 리뷰를 건너뜁니다.
[2025-09-14T09:51:30.792+0000] {subprocess.py:93} INFO - 경고: JSON의 '싼타페 Hybrid'에 해당하는 차종을 DB에서 찾을 수 없어 리뷰를 건너뜁니다.
[2025-09-14T09:51:30.792+0000] {subprocess.py:93} INFO - 경고: JSON의 '쏘나타 택시'에 해당하는 차종을 DB에서 찾을 수 없어 리뷰를 건너뜁니다.
[2025-09-14T09:51:30.793+0000] {subprocess.py:93} INFO - 경고: JSON의 '싼타페 Hybrid'에 해당하는 차종을 DB에서 찾을 수 없어 리뷰를 건너뜁니다.
[2025-09-14T09:51:30.816+0000] {subprocess.py:93} INFO - 경고: JSON의 '포터 II Electric'에 해당하는 차종을 DB에서 찾을 수 없어 리뷰를 건너뜁니다.
[2025-09-14T09:51:30.816+0000] {subprocess.py:93} INFO - 경고: JSON의 '포터 II Electric'에 해당하는 차종을 DB에서 찾을 수 없어 리뷰를 건너뜁니다.
[2025-09-14T09:51:30.846+0000] {subprocess.py:93} INFO - 경고: JSON의 '쏘나타 택시'에 해당하는 차종을 DB에서 찾을 수 없어 리뷰를 건너뜁니다.
[2025-09-14T09:51:30.850+0000] {subprocess.py:93} INFO - 경고: JSON의 '싼타페 Hybrid'에 해당하는 차종을 DB에서 찾을 수 없어 리뷰를 건너뜁니다.
[2025-09-14T09:51:30.867+0000] {subprocess.py:93} INFO - 경고: JSON의 '싼타페 Hybrid'에 해당하는 차종을 DB에서 찾을 수 없어 리뷰를 건너뜁니다.
[2025-09-14T09:51:30.878+0000] {subprocess.py:93} INFO - 경고: JSON의 '포터 II'에 해당하는 차종을 DB에서 찾을 수 없어 리뷰를 건너뜁니다.
[2025-09-14T09:51:30.879+0000] {subprocess.py:93} INFO - 경고: JSON의 '싼타페 Hybrid'에 해당하는 차종을 DB에서 찾을 수 없어 리뷰를 건너뜁니다.
[2025-09-14T09:51:30.879+0000] {subprocess.py:93} INFO - 경고: JSON의 '싼타페 Hybrid'에 해당하는 차종을 DB에서 찾을 수 없어 리뷰를 건너뜁니다.
[2025-09-14T09:51:30.925+0000] {subprocess.py:93} INFO - 경고: JSON의 '싼타페 Hybrid'에 해당하는 차종을 DB에서 찾을 수 없어 리뷰를 건너뜁니다.
[2025-09-14T09:51:30.935+0000] {subprocess.py:93} INFO - 경고: JSON의 '포터 II 특장차'에 해당하는 차종을 DB에서 찾을 수 없어 리뷰를 건너뜁니다.
[2025-09-14T09:51:30.942+0000] {subprocess.py:93} INFO - 경고: JSON의 '싼타페'에 해당하는 차종을 DB에서 찾을 수 없어 리뷰를 건너뜁니다.
[2025-09-14T09:51:30.966+0000] {subprocess.py:93} INFO - 경고: JSON의 '포터 II Electric'에 해당하는 차종을 DB에서 찾을 수 없어 리뷰를 건너뜁니다.
[2025-09-14T09:51:30.969+0000] {subprocess.py:93} INFO - 경고: JSON의 '싼타페'에 해당하는 차종을 DB에서 찾을 수 없어 리뷰를 건너뜁니다.
[2025-09-14T09:51:30.981+0000] {subprocess.py:93} INFO - 경고: JSON의 '싼타페 Hybrid'에 해당하는 차종을 DB에서 찾을 수 없어 리뷰를 건너뜁니다.
[2025-09-14T09:51:31.044+0000] {subprocess.py:93} INFO - 경고: JSON의 '쏘나타 택시'에 해당하는 차종을 DB에서 찾을 수 없어 리뷰를 건너뜁니다.
[2025-09-14T09:51:31.061+0000] {subprocess.py:93} INFO - 경고: JSON의 '포터 II'에 해당하는 차종을 DB에서 찾을 수 없어 리뷰를 건너뜁니다.
[2025-09-14T09:51:31.062+0000] {subprocess.py:93} INFO - 경고: JSON의 '싼타페'에 해당하는 차종을 DB에서 찾을 수 없어 리뷰를 건너뜁니다.
[2025-09-14T09:51:31.079+0000] {subprocess.py:93} INFO - 경고: JSON의 '포터 II 특장차'에 해당하는 차종을 DB에서 찾을 수 없어 리뷰를 건너뜁니다.
[2025-09-14T09:51:31.101+0000] {subprocess.py:93} INFO - 경고: JSON의 '싼타페 Hybrid'에 해당하는 차종을 DB에서 찾을 수 없어 리뷰를 건너뜁니다.
[2025-09-14T09:51:31.116+0000] {subprocess.py:93} INFO - 경고: JSON의 '포터 II'에 해당하는 차종을 DB에서 찾을 수 없어 리뷰를 건너뜁니다.
[2025-09-14T09:51:31.136+0000] {subprocess.py:93} INFO - 경고: JSON의 '포터 II'에 해당하는 차종을 DB에서 찾을 수 없어 리뷰를 건너뜁니다.
[2025-09-14T09:51:31.137+0000] {subprocess.py:93} INFO - 경고: JSON의 '싼타페 Hybrid'에 해당하는 차종을 DB에서 찾을 수 없어 리뷰를 건너뜁니다.
[2025-09-14T09:51:31.141+0000] {subprocess.py:93} INFO - 경고: JSON의 '싼타페 Hybrid'에 해당하는 차종을 DB에서 찾을 수 없어 리뷰를 건너뜁니다.
[2025-09-14T09:51:31.141+0000] {subprocess.py:93} INFO - 경고: JSON의 '쏘나타 택시'에 해당하는 차종을 DB에서 찾을 수 없어 리뷰를 건너뜁니다.
[2025-09-14T09:51:31.142+0000] {subprocess.py:93} INFO - 경고: JSON의 '싼타페 Hybrid'에 해당하는 차종을 DB에서 찾을 수 없어 리뷰를 건너뜁니다.
[2025-09-14T09:51:31.145+0000] {subprocess.py:93} INFO - 경고: JSON의 '싼타페 Hybrid'에 해당하는 차종을 DB에서 찾을 수 없어 리뷰를 건너뜁니다.
[2025-09-14T09:51:31.171+0000] {subprocess.py:93} INFO - 경고: JSON의 '싼타페 Hybrid'에 해당하는 차종을 DB에서 찾을 수 없어 리뷰를 건너뜁니다.
[2025-09-14T09:51:31.172+0000] {subprocess.py:93} INFO - 경고: JSON의 '싼타페 Hybrid'에 해당하는 차종을 DB에서 찾을 수 없어 리뷰를 건너뜁니다.
[2025-09-14T09:51:31.211+0000] {subprocess.py:93} INFO - 경고: JSON의 '싼타페 Hybrid'에 해당하는 차종을 DB에서 찾을 수 없어 리뷰를 건너뜁니다.
[2025-09-14T09:51:31.226+0000] {subprocess.py:93} INFO - 경고: JSON의 '싼타페'에 해당하는 차종을 DB에서 찾을 수 없어 리뷰를 건너뜁니다.
[2025-09-14T09:51:31.227+0000] {subprocess.py:93} INFO - 경고: JSON의 '싼타페 Hybrid'에 해당하는 차종을 DB에서 찾을 수 없어 리뷰를 건너뜁니다.
[2025-09-14T09:51:31.227+0000] {subprocess.py:93} INFO - 경고: JSON의 '싼타페'에 해당하는 차종을 DB에서 찾을 수 없어 리뷰를 건너뜁니다.
[2025-09-14T09:51:31.227+0000] {subprocess.py:93} INFO - 경고: JSON의 '싼타페'에 해당하는 차종을 DB에서 찾을 수 없어 리뷰를 건너뜁니다.
[2025-09-14T09:51:31.254+0000] {subprocess.py:93} INFO - 경고: JSON의 '포터 II Electric'에 해당하는 차종을 DB에서 찾을 수 없어 리뷰를 건너뜁니다.
[2025-09-14T09:51:31.312+0000] {subprocess.py:93} INFO - 경고: JSON의 '싼타페 Hybrid'에 해당하는 차종을 DB에서 찾을 수 없어 리뷰를 건너뜁니다.
[2025-09-14T09:51:31.319+0000] {subprocess.py:93} INFO - 경고: JSON의 '싼타페 Hybrid'에 해당하는 차종을 DB에서 찾을 수 없어 리뷰를 건너뜁니다.
[2025-09-14T09:51:31.361+0000] {subprocess.py:93} INFO - 경고: JSON의 '싼타페 Hybrid'에 해당하는 차종을 DB에서 찾을 수 없어 리뷰를 건너뜁니다.
[2025-09-14T09:51:31.377+0000] {subprocess.py:93} INFO - 경고: JSON의 '싼타페'에 해당하는 차종을 DB에서 찾을 수 없어 리뷰를 건너뜁니다.
[2025-09-14T09:51:31.387+0000] {subprocess.py:93} INFO - 경고: JSON의 '싼타페 Hybrid'에 해당하는 차종을 DB에서 찾을 수 없어 리뷰를 건너뜁니다.
[2025-09-14T09:51:31.387+0000] {subprocess.py:93} INFO - 경고: JSON의 '싼타페'에 해당하는 차종을 DB에서 찾을 수 없어 리뷰를 건너뜁니다.
[2025-09-14T09:51:31.387+0000] {subprocess.py:93} INFO - 경고: JSON의 '포터 II 특장차'에 해당하는 차종을 DB에서 찾을 수 없어 리뷰를 건너뜁니다.
[2025-09-14T09:51:31.393+0000] {subprocess.py:93} INFO - 경고: JSON의 '싼타페 Hybrid'에 해당하는 차종을 DB에서 찾을 수 없어 리뷰를 건너뜁니다.
[2025-09-14T09:51:31.394+0000] {subprocess.py:93} INFO - 경고: JSON의 '싼타페 Hybrid'에 해당하는 차종을 DB에서 찾을 수 없어 리뷰를 건너뜁니다.
[2025-09-14T09:51:31.396+0000] {subprocess.py:93} INFO - 경고: JSON의 '싼타페 Hybrid'에 해당하는 차종을 DB에서 찾을 수 없어 리뷰를 건너뜁니다.
[2025-09-14T09:51:31.414+0000] {subprocess.py:93} INFO - 경고: JSON의 '싼타페'에 해당하는 차종을 DB에서 찾을 수 없어 리뷰를 건너뜁니다.
[2025-09-14T09:51:31.431+0000] {subprocess.py:93} INFO - 경고: JSON의 '싼타페 Hybrid'에 해당하는 차종을 DB에서 찾을 수 없어 리뷰를 건너뜁니다.
[2025-09-14T09:51:31.455+0000] {subprocess.py:93} INFO - 경고: JSON의 '포터 II Electric'에 해당하는 차종을 DB에서 찾을 수 없어 리뷰를 건너뜁니다.
[2025-09-14T09:51:31.487+0000] {subprocess.py:93} INFO - 경고: JSON의 '싼타페 Hybrid'에 해당하는 차종을 DB에서 찾을 수 없어 리뷰를 건너뜁니다.
[2025-09-14T09:51:31.497+0000] {subprocess.py:93} INFO - 경고: JSON의 '싼타페 Hybrid'에 해당하는 차종을 DB에서 찾을 수 없어 리뷰를 건너뜁니다.
[2025-09-14T09:51:31.514+0000] {subprocess.py:93} INFO - 경고: JSON의 '싼타페 Hybrid'에 해당하는 차종을 DB에서 찾을 수 없어 리뷰를 건너뜁니다.
[2025-09-14T09:51:31.537+0000] {subprocess.py:93} INFO - 경고: JSON의 '포터 II 특장차'에 해당하는 차종을 DB에서 찾을 수 없어 리뷰를 건너뜁니다.
[2025-09-14T09:51:31.544+0000] {subprocess.py:93} INFO - 경고: JSON의 '싼타페'에 해당하는 차종을 DB에서 찾을 수 없어 리뷰를 건너뜁니다.
[2025-09-14T09:51:31.544+0000] {subprocess.py:93} INFO - 경고: JSON의 '싼타페'에 해당하는 차종을 DB에서 찾을 수 없어 리뷰를 건너뜁니다.
[2025-09-14T09:51:31.554+0000] {subprocess.py:93} INFO - 경고: JSON의 '싼타페 Hybrid'에 해당하는 차종을 DB에서 찾을 수 없어 리뷰를 건너뜁니다.
[2025-09-14T09:51:31.560+0000] {subprocess.py:93} INFO - 경고: JSON의 '포터 II Electric'에 해당하는 차종을 DB에서 찾을 수 없어 리뷰를 건너뜁니다.
[2025-09-14T09:51:31.563+0000] {subprocess.py:93} INFO - 경고: JSON의 '포터 II 특장차'에 해당하는 차종을 DB에서 찾을 수 없어 리뷰를 건너뜁니다.
[2025-09-14T09:51:31.567+0000] {subprocess.py:93} INFO - 경고: JSON의 '싼타페 Hybrid'에 해당하는 차종을 DB에서 찾을 수 없어 리뷰를 건너뜁니다.
[2025-09-14T09:51:31.587+0000] {subprocess.py:93} INFO - 경고: JSON의 '싼타페 Hybrid'에 해당하는 차종을 DB에서 찾을 수 없어 리뷰를 건너뜁니다.
[2025-09-14T09:51:31.588+0000] {subprocess.py:93} INFO - 경고: JSON의 '싼타페 Hybrid'에 해당하는 차종을 DB에서 찾을 수 없어 리뷰를 건너뜁니다.
[2025-09-14T09:51:31.608+0000] {subprocess.py:93} INFO - 경고: JSON의 '싼타페 Hybrid'에 해당하는 차종을 DB에서 찾을 수 없어 리뷰를 건너뜁니다.
[2025-09-14T09:51:31.668+0000] {subprocess.py:93} INFO - 경고: JSON의 '싼타페'에 해당하는 차종을 DB에서 찾을 수 없어 리뷰를 건너뜁니다.
[2025-09-14T09:51:31.668+0000] {subprocess.py:93} INFO - 경고: JSON의 '싼타페 Hybrid'에 해당하는 차종을 DB에서 찾을 수 없어 리뷰를 건너뜁니다.
[2025-09-14T09:51:31.671+0000] {subprocess.py:93} INFO - 경고: JSON의 '싼타페'에 해당하는 차종을 DB에서 찾을 수 없어 리뷰를 건너뜁니다.
[2025-09-14T09:51:31.674+0000] {subprocess.py:93} INFO - 경고: JSON의 '싼타페 Hybrid'에 해당하는 차종을 DB에서 찾을 수 없어 리뷰를 건너뜁니다.
[2025-09-14T09:51:31.678+0000] {subprocess.py:93} INFO - 경고: JSON의 '싼타페 Hybrid'에 해당하는 차종을 DB에서 찾을 수 없어 리뷰를 건너뜁니다.
[2025-09-14T09:51:31.692+0000] {subprocess.py:93} INFO - 경고: JSON의 '포터 II'에 해당하는 차종을 DB에서 찾을 수 없어 리뷰를 건너뜁니다.
[2025-09-14T09:51:31.692+0000] {subprocess.py:93} INFO - 경고: JSON의 '싼타페'에 해당하는 차종을 DB에서 찾을 수 없어 리뷰를 건너뜁니다.
[2025-09-14T09:51:31.712+0000] {subprocess.py:93} INFO - 경고: JSON의 '포터 II Electric'에 해당하는 차종을 DB에서 찾을 수 없어 리뷰를 건너뜁니다.
[2025-09-14T09:51:31.719+0000] {subprocess.py:93} INFO - 경고: JSON의 '싼타페 Hybrid'에 해당하는 차종을 DB에서 찾을 수 없어 리뷰를 건너뜁니다.
[2025-09-14T09:51:31.727+0000] {subprocess.py:93} INFO - 경고: JSON의 '싼타페'에 해당하는 차종을 DB에서 찾을 수 없어 리뷰를 건너뜁니다.
[2025-09-14T09:51:31.727+0000] {subprocess.py:93} INFO - 경고: JSON의 '싼타페 Hybrid'에 해당하는 차종을 DB에서 찾을 수 없어 리뷰를 건너뜁니다.
[2025-09-14T09:51:31.770+0000] {subprocess.py:93} INFO - 경고: JSON의 '싼타페 Hybrid'에 해당하는 차종을 DB에서 찾을 수 없어 리뷰를 건너뜁니다.
[2025-09-14T09:51:31.788+0000] {subprocess.py:93} INFO - 경고: JSON의 '싼타페 Hybrid'에 해당하는 차종을 DB에서 찾을 수 없어 리뷰를 건너뜁니다.
[2025-09-14T09:51:31.795+0000] {subprocess.py:93} INFO - 경고: JSON의 '싼타페 Hybrid'에 해당하는 차종을 DB에서 찾을 수 없어 리뷰를 건너뜁니다.
[2025-09-14T09:51:31.795+0000] {subprocess.py:93} INFO - 경고: JSON의 '싼타페 Hybrid'에 해당하는 차종을 DB에서 찾을 수 없어 리뷰를 건너뜁니다.
[2025-09-14T09:51:31.795+0000] {subprocess.py:93} INFO - 경고: JSON의 '싼타페 Hybrid'에 해당하는 차종을 DB에서 찾을 수 없어 리뷰를 건너뜁니다.
[2025-09-14T09:51:31.805+0000] {subprocess.py:93} INFO - 경고: JSON의 '싼타페 Hybrid'에 해당하는 차종을 DB에서 찾을 수 없어 리뷰를 건너뜁니다.
[2025-09-14T09:51:31.809+0000] {subprocess.py:93} INFO - 경고: JSON의 '싼타페'에 해당하는 차종을 DB에서 찾을 수 없어 리뷰를 건너뜁니다.
[2025-09-14T09:51:31.835+0000] {subprocess.py:93} INFO - 경고: JSON의 '싼타페'에 해당하는 차종을 DB에서 찾을 수 없어 리뷰를 건너뜁니다.
[2025-09-14T09:51:31.846+0000] {subprocess.py:93} INFO - 경고: JSON의 '싼타페'에 해당하는 차종을 DB에서 찾을 수 없어 리뷰를 건너뜁니다.
[2025-09-14T09:51:31.849+0000] {subprocess.py:93} INFO - 경고: JSON의 '쏘나타 택시'에 해당하는 차종을 DB에서 찾을 수 없어 리뷰를 건너뜁니다.
[2025-09-14T09:51:31.864+0000] {subprocess.py:93} INFO - 경고: JSON의 '포터 II Electric'에 해당하는 차종을 DB에서 찾을 수 없어 리뷰를 건너뜁니다.
[2025-09-14T09:51:31.871+0000] {subprocess.py:93} INFO - 경고: JSON의 '싼타페'에 해당하는 차종을 DB에서 찾을 수 없어 리뷰를 건너뜁니다.
[2025-09-14T09:51:31.875+0000] {subprocess.py:93} INFO - 경고: JSON의 '쏘나타 택시'에 해당하는 차종을 DB에서 찾을 수 없어 리뷰를 건너뜁니다.
[2025-09-14T09:51:31.878+0000] {subprocess.py:93} INFO - 경고: JSON의 '싼타페 Hybrid'에 해당하는 차종을 DB에서 찾을 수 없어 리뷰를 건너뜁니다.
[2025-09-14T09:51:31.900+0000] {subprocess.py:93} INFO - 경고: JSON의 '싼타페 Hybrid'에 해당하는 차종을 DB에서 찾을 수 없어 리뷰를 건너뜁니다.
[2025-09-14T09:51:31.923+0000] {subprocess.py:93} INFO - 경고: JSON의 '포터 II 특장차'에 해당하는 차종을 DB에서 찾을 수 없어 리뷰를 건너뜁니다.
[2025-09-14T09:51:31.924+0000] {subprocess.py:93} INFO - 경고: JSON의 '쏘나타 택시'에 해당하는 차종을 DB에서 찾을 수 없어 리뷰를 건너뜁니다.
[2025-09-14T09:51:31.924+0000] {subprocess.py:93} INFO - 경고: JSON의 '싼타페'에 해당하는 차종을 DB에서 찾을 수 없어 리뷰를 건너뜁니다.
[2025-09-14T09:51:31.940+0000] {subprocess.py:93} INFO - 경고: JSON의 '싼타페'에 해당하는 차종을 DB에서 찾을 수 없어 리뷰를 건너뜁니다.
[2025-09-14T09:51:31.943+0000] {subprocess.py:93} INFO - 경고: JSON의 '싼타페 Hybrid'에 해당하는 차종을 DB에서 찾을 수 없어 리뷰를 건너뜁니다.
[2025-09-14T09:51:31.962+0000] {subprocess.py:93} INFO - 경고: JSON의 '싼타페 Hybrid'에 해당하는 차종을 DB에서 찾을 수 없어 리뷰를 건너뜁니다.
[2025-09-14T09:51:31.982+0000] {subprocess.py:93} INFO - 경고: JSON의 '싼타페 Hybrid'에 해당하는 차종을 DB에서 찾을 수 없어 리뷰를 건너뜁니다.
[2025-09-14T09:51:32.009+0000] {subprocess.py:93} INFO - 경고: JSON의 '싼타페 Hybrid'에 해당하는 차종을 DB에서 찾을 수 없어 리뷰를 건너뜁니다.
[2025-09-14T09:51:32.023+0000] {subprocess.py:93} INFO - 경고: JSON의 '싼타페'에 해당하는 차종을 DB에서 찾을 수 없어 리뷰를 건너뜁니다.
[2025-09-14T09:51:32.046+0000] {subprocess.py:93} INFO - 경고: JSON의 '싼타페 Hybrid'에 해당하는 차종을 DB에서 찾을 수 없어 리뷰를 건너뜁니다.
[2025-09-14T09:51:32.046+0000] {subprocess.py:93} INFO - 경고: JSON의 '싼타페 Hybrid'에 해당하는 차종을 DB에서 찾을 수 없어 리뷰를 건너뜁니다.
[2025-09-14T09:51:32.068+0000] {subprocess.py:93} INFO - 경고: JSON의 '싼타페'에 해당하는 차종을 DB에서 찾을 수 없어 리뷰를 건너뜁니다.
[2025-09-14T09:51:32.073+0000] {subprocess.py:93} INFO - 경고: JSON의 '싼타페 Hybrid'에 해당하는 차종을 DB에서 찾을 수 없어 리뷰를 건너뜁니다.
[2025-09-14T09:51:32.093+0000] {subprocess.py:93} INFO - 경고: JSON의 '싼타페'에 해당하는 차종을 DB에서 찾을 수 없어 리뷰를 건너뜁니다.
[2025-09-14T09:51:32.142+0000] {subprocess.py:93} INFO - 경고: JSON의 '싼타페 Hybrid'에 해당하는 차종을 DB에서 찾을 수 없어 리뷰를 건너뜁니다.
[2025-09-14T09:51:32.156+0000] {subprocess.py:93} INFO - 경고: JSON의 '포터 II 특장차'에 해당하는 차종을 DB에서 찾을 수 없어 리뷰를 건너뜁니다.
[2025-09-14T09:51:32.163+0000] {subprocess.py:93} INFO - 경고: JSON의 '싼타페 Hybrid'에 해당하는 차종을 DB에서 찾을 수 없어 리뷰를 건너뜁니다.
[2025-09-14T09:51:32.171+0000] {subprocess.py:93} INFO - 경고: JSON의 '싼타페 Hybrid'에 해당하는 차종을 DB에서 찾을 수 없어 리뷰를 건너뜁니다.
[2025-09-14T09:51:32.171+0000] {subprocess.py:93} INFO - 경고: JSON의 '포터 II Electric'에 해당하는 차종을 DB에서 찾을 수 없어 리뷰를 건너뜁니다.
[2025-09-14T09:51:32.181+0000] {subprocess.py:93} INFO - 경고: JSON의 '포터 II 특장차'에 해당하는 차종을 DB에서 찾을 수 없어 리뷰를 건너뜁니다.
[2025-09-14T09:51:32.185+0000] {subprocess.py:93} INFO - 경고: JSON의 '싼타페'에 해당하는 차종을 DB에서 찾을 수 없어 리뷰를 건너뜁니다.
[2025-09-14T09:51:32.201+0000] {subprocess.py:93} INFO - 경고: JSON의 '싼타페 Hybrid'에 해당하는 차종을 DB에서 찾을 수 없어 리뷰를 건너뜁니다.
[2025-09-14T09:51:32.223+0000] {subprocess.py:93} INFO - 경고: JSON의 '쏘나타 택시'에 해당하는 차종을 DB에서 찾을 수 없어 리뷰를 건너뜁니다.
[2025-09-14T09:51:32.233+0000] {subprocess.py:93} INFO - 경고: JSON의 '싼타페 Hybrid'에 해당하는 차종을 DB에서 찾을 수 없어 리뷰를 건너뜁니다.
[2025-09-14T09:51:32.237+0000] {subprocess.py:93} INFO - 경고: JSON의 '싼타페 Hybrid'에 해당하는 차종을 DB에서 찾을 수 없어 리뷰를 건너뜁니다.
[2025-09-14T09:51:32.245+0000] {subprocess.py:93} INFO - 경고: JSON의 '싼타페 Hybrid'에 해당하는 차종을 DB에서 찾을 수 없어 리뷰를 건너뜁니다.
[2025-09-14T09:51:32.262+0000] {subprocess.py:93} INFO - 경고: JSON의 '싼타페'에 해당하는 차종을 DB에서 찾을 수 없어 리뷰를 건너뜁니다.
[2025-09-14T09:51:32.303+0000] {subprocess.py:93} INFO - 경고: JSON의 '포터 II'에 해당하는 차종을 DB에서 찾을 수 없어 리뷰를 건너뜁니다.
[2025-09-14T09:51:32.311+0000] {subprocess.py:93} INFO - 경고: JSON의 '싼타페 Hybrid'에 해당하는 차종을 DB에서 찾을 수 없어 리뷰를 건너뜁니다.
[2025-09-14T09:51:32.314+0000] {subprocess.py:93} INFO - 경고: JSON의 '싼타페 Hybrid'에 해당하는 차종을 DB에서 찾을 수 없어 리뷰를 건너뜁니다.
[2025-09-14T09:51:32.315+0000] {subprocess.py:93} INFO - 경고: JSON의 '싼타페'에 해당하는 차종을 DB에서 찾을 수 없어 리뷰를 건너뜁니다.
[2025-09-14T09:51:32.321+0000] {subprocess.py:93} INFO - 경고: JSON의 '싼타페 Hybrid'에 해당하는 차종을 DB에서 찾을 수 없어 리뷰를 건너뜁니다.
[2025-09-14T09:51:32.329+0000] {subprocess.py:93} INFO - 경고: JSON의 '싼타페 Hybrid'에 해당하는 차종을 DB에서 찾을 수 없어 리뷰를 건너뜁니다.
[2025-09-14T09:51:32.362+0000] {subprocess.py:93} INFO - 경고: JSON의 '싼타페 Hybrid'에 해당하는 차종을 DB에서 찾을 수 없어 리뷰를 건너뜁니다.
[2025-09-14T09:51:32.362+0000] {subprocess.py:93} INFO - 경고: JSON의 '싼타페 Hybrid'에 해당하는 차종을 DB에서 찾을 수 없어 리뷰를 건너뜁니다.
[2025-09-14T09:51:32.389+0000] {subprocess.py:93} INFO - 경고: JSON의 '싼타페'에 해당하는 차종을 DB에서 찾을 수 없어 리뷰를 건너뜁니다.
[2025-09-14T09:51:32.407+0000] {subprocess.py:93} INFO - 경고: JSON의 '싼타페 Hybrid'에 해당하는 차종을 DB에서 찾을 수 없어 리뷰를 건너뜁니다.
[2025-09-14T09:51:32.418+0000] {subprocess.py:93} INFO - 경고: JSON의 '싼타페 Hybrid'에 해당하는 차종을 DB에서 찾을 수 없어 리뷰를 건너뜁니다.
[2025-09-14T09:51:32.432+0000] {subprocess.py:93} INFO - 경고: JSON의 '싼타페'에 해당하는 차종을 DB에서 찾을 수 없어 리뷰를 건너뜁니다.
[2025-09-14T09:51:32.443+0000] {subprocess.py:93} INFO - 경고: JSON의 '싼타페'에 해당하는 차종을 DB에서 찾을 수 없어 리뷰를 건너뜁니다.
[2025-09-14T09:51:32.443+0000] {subprocess.py:93} INFO - 경고: JSON의 '싼타페'에 해당하는 차종을 DB에서 찾을 수 없어 리뷰를 건너뜁니다.
[2025-09-14T09:51:32.476+0000] {subprocess.py:93} INFO - 경고: JSON의 '싼타페 Hybrid'에 해당하는 차종을 DB에서 찾을 수 없어 리뷰를 건너뜁니다.
[2025-09-14T09:51:32.485+0000] {subprocess.py:93} INFO - 경고: JSON의 '싼타페 Hybrid'에 해당하는 차종을 DB에서 찾을 수 없어 리뷰를 건너뜁니다.
[2025-09-14T09:51:32.494+0000] {subprocess.py:93} INFO - 경고: JSON의 '싼타페 Hybrid'에 해당하는 차종을 DB에서 찾을 수 없어 리뷰를 건너뜁니다.
[2025-09-14T09:51:32.503+0000] {subprocess.py:93} INFO - 경고: JSON의 '싼타페'에 해당하는 차종을 DB에서 찾을 수 없어 리뷰를 건너뜁니다.
[2025-09-14T09:51:32.529+0000] {subprocess.py:93} INFO - 경고: JSON의 '싼타페 Hybrid'에 해당하는 차종을 DB에서 찾을 수 없어 리뷰를 건너뜁니다.
[2025-09-14T09:51:32.530+0000] {subprocess.py:93} INFO - 경고: JSON의 '포터 II Electric'에 해당하는 차종을 DB에서 찾을 수 없어 리뷰를 건너뜁니다.
[2025-09-14T09:51:32.540+0000] {subprocess.py:93} INFO - 경고: JSON의 '싼타페'에 해당하는 차종을 DB에서 찾을 수 없어 리뷰를 건너뜁니다.
[2025-09-14T09:51:32.547+0000] {subprocess.py:93} INFO - 경고: JSON의 '싼타페 Hybrid'에 해당하는 차종을 DB에서 찾을 수 없어 리뷰를 건너뜁니다.
[2025-09-14T09:51:32.554+0000] {subprocess.py:93} INFO - 경고: JSON의 '싼타페 Hybrid'에 해당하는 차종을 DB에서 찾을 수 없어 리뷰를 건너뜁니다.
[2025-09-14T09:51:32.566+0000] {subprocess.py:93} INFO - 경고: JSON의 '포터 II Electric'에 해당하는 차종을 DB에서 찾을 수 없어 리뷰를 건너뜁니다.
[2025-09-14T09:51:32.569+0000] {subprocess.py:93} INFO - 경고: JSON의 '싼타페 Hybrid'에 해당하는 차종을 DB에서 찾을 수 없어 리뷰를 건너뜁니다.
[2025-09-14T09:51:32.573+0000] {subprocess.py:93} INFO - 경고: JSON의 '싼타페 Hybrid'에 해당하는 차종을 DB에서 찾을 수 없어 리뷰를 건너뜁니다.
[2025-09-14T09:51:32.631+0000] {subprocess.py:93} INFO - 경고: JSON의 '포터 II'에 해당하는 차종을 DB에서 찾을 수 없어 리뷰를 건너뜁니다.
[2025-09-14T09:51:32.635+0000] {subprocess.py:93} INFO - 경고: JSON의 '싼타페 Hybrid'에 해당하는 차종을 DB에서 찾을 수 없어 리뷰를 건너뜁니다.
[2025-09-14T09:51:32.657+0000] {subprocess.py:93} INFO - 경고: JSON의 '싼타페 Hybrid'에 해당하는 차종을 DB에서 찾을 수 없어 리뷰를 건너뜁니다.
[2025-09-14T09:51:32.673+0000] {subprocess.py:93} INFO - 경고: JSON의 '싼타페 Hybrid'에 해당하는 차종을 DB에서 찾을 수 없어 리뷰를 건너뜁니다.
[2025-09-14T09:51:32.673+0000] {subprocess.py:93} INFO - 경고: JSON의 '싼타페'에 해당하는 차종을 DB에서 찾을 수 없어 리뷰를 건너뜁니다.
[2025-09-14T09:51:32.686+0000] {subprocess.py:93} INFO - 경고: JSON의 '포터 II 특장차'에 해당하는 차종을 DB에서 찾을 수 없어 리뷰를 건너뜁니다.
[2025-09-14T09:51:32.717+0000] {subprocess.py:93} INFO - 경고: JSON의 '싼타페'에 해당하는 차종을 DB에서 찾을 수 없어 리뷰를 건너뜁니다.
[2025-09-14T09:51:32.726+0000] {subprocess.py:93} INFO - 경고: JSON의 '싼타페 Hybrid'에 해당하는 차종을 DB에서 찾을 수 없어 리뷰를 건너뜁니다.
[2025-09-14T09:51:32.730+0000] {subprocess.py:93} INFO - 경고: JSON의 '싼타페 Hybrid'에 해당하는 차종을 DB에서 찾을 수 없어 리뷰를 건너뜁니다.
[2025-09-14T09:51:32.731+0000] {subprocess.py:93} INFO - 경고: JSON의 '싼타페 Hybrid'에 해당하는 차종을 DB에서 찾을 수 없어 리뷰를 건너뜁니다.
[2025-09-14T09:51:32.756+0000] {subprocess.py:93} INFO - 경고: JSON의 '싼타페 Hybrid'에 해당하는 차종을 DB에서 찾을 수 없어 리뷰를 건너뜁니다.
[2025-09-14T09:51:32.760+0000] {subprocess.py:93} INFO - 경고: JSON의 '싼타페'에 해당하는 차종을 DB에서 찾을 수 없어 리뷰를 건너뜁니다.
[2025-09-14T09:51:32.768+0000] {subprocess.py:93} INFO - 경고: JSON의 '싼타페 Hybrid'에 해당하는 차종을 DB에서 찾을 수 없어 리뷰를 건너뜁니다.
[2025-09-14T09:51:32.772+0000] {subprocess.py:93} INFO - 경고: JSON의 '싼타페 Hybrid'에 해당하는 차종을 DB에서 찾을 수 없어 리뷰를 건너뜁니다.
[2025-09-14T09:51:32.773+0000] {subprocess.py:93} INFO - 경고: JSON의 '싼타페'에 해당하는 차종을 DB에서 찾을 수 없어 리뷰를 건너뜁니다.
[2025-09-14T09:51:32.781+0000] {subprocess.py:93} INFO - 경고: JSON의 '싼타페'에 해당하는 차종을 DB에서 찾을 수 없어 리뷰를 건너뜁니다.
[2025-09-14T09:51:32.805+0000] {subprocess.py:93} INFO - 경고: JSON의 '싼타페 Hybrid'에 해당하는 차종을 DB에서 찾을 수 없어 리뷰를 건너뜁니다.
[2025-09-14T09:51:32.815+0000] {subprocess.py:93} INFO - 경고: JSON의 '싼타페'에 해당하는 차종을 DB에서 찾을 수 없어 리뷰를 건너뜁니다.
[2025-09-14T09:51:32.847+0000] {subprocess.py:93} INFO - 경고: JSON의 '싼타페 Hybrid'에 해당하는 차종을 DB에서 찾을 수 없어 리뷰를 건너뜁니다.
[2025-09-14T09:51:32.880+0000] {subprocess.py:93} INFO - 경고: JSON의 '포터 II'에 해당하는 차종을 DB에서 찾을 수 없어 리뷰를 건너뜁니다.
[2025-09-14T09:51:32.884+0000] {subprocess.py:93} INFO - 경고: JSON의 '싼타페 Hybrid'에 해당하는 차종을 DB에서 찾을 수 없어 리뷰를 건너뜁니다.
[2025-09-14T09:51:32.887+0000] {subprocess.py:93} INFO - 경고: JSON의 '포터 II'에 해당하는 차종을 DB에서 찾을 수 없어 리뷰를 건너뜁니다.
[2025-09-14T09:51:32.888+0000] {subprocess.py:93} INFO - 경고: JSON의 '싼타페 Hybrid'에 해당하는 차종을 DB에서 찾을 수 없어 리뷰를 건너뜁니다.
[2025-09-14T09:51:32.908+0000] {subprocess.py:93} INFO - 경고: JSON의 '싼타페 Hybrid'에 해당하는 차종을 DB에서 찾을 수 없어 리뷰를 건너뜁니다.
[2025-09-14T09:51:32.921+0000] {subprocess.py:93} INFO - 경고: JSON의 '싼타페 Hybrid'에 해당하는 차종을 DB에서 찾을 수 없어 리뷰를 건너뜁니다.
[2025-09-14T09:51:32.941+0000] {subprocess.py:93} INFO - 경고: JSON의 '포터 II'에 해당하는 차종을 DB에서 찾을 수 없어 리뷰를 건너뜁니다.
[2025-09-14T09:51:32.958+0000] {subprocess.py:93} INFO - 경고: JSON의 '싼타페'에 해당하는 차종을 DB에서 찾을 수 없어 리뷰를 건너뜁니다.
[2025-09-14T09:51:32.981+0000] {subprocess.py:93} INFO - 경고: JSON의 '포터 II'에 해당하는 차종을 DB에서 찾을 수 없어 리뷰를 건너뜁니다.
[2025-09-14T09:51:32.985+0000] {subprocess.py:93} INFO - 경고: JSON의 '싼타페 Hybrid'에 해당하는 차종을 DB에서 찾을 수 없어 리뷰를 건너뜁니다.
[2025-09-14T09:51:32.991+0000] {subprocess.py:93} INFO - 경고: JSON의 '싼타페 Hybrid'에 해당하는 차종을 DB에서 찾을 수 없어 리뷰를 건너뜁니다.
[2025-09-14T09:51:33.015+0000] {subprocess.py:93} INFO - 경고: JSON의 '싼타페 Hybrid'에 해당하는 차종을 DB에서 찾을 수 없어 리뷰를 건너뜁니다.
[2025-09-14T09:51:33.053+0000] {subprocess.py:93} INFO - 경고: JSON의 '싼타페'에 해당하는 차종을 DB에서 찾을 수 없어 리뷰를 건너뜁니다.
[2025-09-14T09:51:33.110+0000] {subprocess.py:93} INFO - 경고: JSON의 '싼타페 Hybrid'에 해당하는 차종을 DB에서 찾을 수 없어 리뷰를 건너뜁니다.
[2025-09-14T09:51:33.139+0000] {subprocess.py:93} INFO - 경고: JSON의 '싼타페'에 해당하는 차종을 DB에서 찾을 수 없어 리뷰를 건너뜁니다.
[2025-09-14T09:51:33.169+0000] {subprocess.py:93} INFO - 경고: JSON의 '싼타페'에 해당하는 차종을 DB에서 찾을 수 없어 리뷰를 건너뜁니다.
[2025-09-14T09:51:33.175+0000] {subprocess.py:93} INFO - 경고: JSON의 '싼타페 Hybrid'에 해당하는 차종을 DB에서 찾을 수 없어 리뷰를 건너뜁니다.
[2025-09-14T09:51:33.176+0000] {subprocess.py:93} INFO - 경고: JSON의 '싼타페 Hybrid'에 해당하는 차종을 DB에서 찾을 수 없어 리뷰를 건너뜁니다.
[2025-09-14T09:51:33.217+0000] {subprocess.py:93} INFO - 경고: JSON의 '싼타페'에 해당하는 차종을 DB에서 찾을 수 없어 리뷰를 건너뜁니다.
[2025-09-14T09:51:33.267+0000] {subprocess.py:93} INFO - 경고: JSON의 '싼타페 Hybrid'에 해당하는 차종을 DB에서 찾을 수 없어 리뷰를 건너뜁니다.
[2025-09-14T09:51:33.295+0000] {subprocess.py:93} INFO - 경고: JSON의 '싼타페 Hybrid'에 해당하는 차종을 DB에서 찾을 수 없어 리뷰를 건너뜁니다.
[2025-09-14T09:51:33.316+0000] {subprocess.py:93} INFO - 경고: JSON의 '싼타페 Hybrid'에 해당하는 차종을 DB에서 찾을 수 없어 리뷰를 건너뜁니다.
[2025-09-14T09:51:33.316+0000] {subprocess.py:93} INFO - 경고: JSON의 '싼타페'에 해당하는 차종을 DB에서 찾을 수 없어 리뷰를 건너뜁니다.
[2025-09-14T09:51:33.316+0000] {subprocess.py:93} INFO - 경고: JSON의 '싼타페'에 해당하는 차종을 DB에서 찾을 수 없어 리뷰를 건너뜁니다.
[2025-09-14T09:51:33.319+0000] {subprocess.py:93} INFO - 경고: JSON의 '싼타페 Hybrid'에 해당하는 차종을 DB에서 찾을 수 없어 리뷰를 건너뜁니다.
[2025-09-14T09:51:33.326+0000] {subprocess.py:93} INFO - 경고: JSON의 '싼타페 Hybrid'에 해당하는 차종을 DB에서 찾을 수 없어 리뷰를 건너뜁니다.
[2025-09-14T09:51:33.330+0000] {subprocess.py:93} INFO - 경고: JSON의 '싼타페 Hybrid'에 해당하는 차종을 DB에서 찾을 수 없어 리뷰를 건너뜁니다.
[2025-09-14T09:51:33.339+0000] {subprocess.py:93} INFO - 경고: JSON의 '포터 II 특장차'에 해당하는 차종을 DB에서 찾을 수 없어 리뷰를 건너뜁니다.
[2025-09-14T09:51:33.346+0000] {subprocess.py:93} INFO - 경고: JSON의 '싼타페 Hybrid'에 해당하는 차종을 DB에서 찾을 수 없어 리뷰를 건너뜁니다.
[2025-09-14T09:51:33.354+0000] {subprocess.py:93} INFO - 경고: JSON의 '싼타페 Hybrid'에 해당하는 차종을 DB에서 찾을 수 없어 리뷰를 건너뜁니다.
[2025-09-14T09:51:33.359+0000] {subprocess.py:93} INFO - 경고: JSON의 '싼타페 Hybrid'에 해당하는 차종을 DB에서 찾을 수 없어 리뷰를 건너뜁니다.
[2025-09-14T09:51:33.375+0000] {subprocess.py:93} INFO - 경고: JSON의 '싼타페 Hybrid'에 해당하는 차종을 DB에서 찾을 수 없어 리뷰를 건너뜁니다.
[2025-09-14T09:51:33.383+0000] {subprocess.py:93} INFO - 경고: JSON의 '싼타페'에 해당하는 차종을 DB에서 찾을 수 없어 리뷰를 건너뜁니다.
[2025-09-14T09:51:33.446+0000] {subprocess.py:93} INFO - 경고: JSON의 '싼타페 Hybrid'에 해당하는 차종을 DB에서 찾을 수 없어 리뷰를 건너뜁니다.
[2025-09-14T09:51:33.450+0000] {subprocess.py:93} INFO - 경고: JSON의 '싼타페'에 해당하는 차종을 DB에서 찾을 수 없어 리뷰를 건너뜁니다.
[2025-09-14T09:51:33.461+0000] {subprocess.py:93} INFO - 경고: JSON의 '싼타페'에 해당하는 차종을 DB에서 찾을 수 없어 리뷰를 건너뜁니다.
[2025-09-14T09:51:33.473+0000] {subprocess.py:93} INFO - 경고: JSON의 '싼타페 Hybrid'에 해당하는 차종을 DB에서 찾을 수 없어 리뷰를 건너뜁니다.
[2025-09-14T09:51:33.477+0000] {subprocess.py:93} INFO - 경고: JSON의 '싼타페 Hybrid'에 해당하는 차종을 DB에서 찾을 수 없어 리뷰를 건너뜁니다.
[2025-09-14T09:51:33.533+0000] {subprocess.py:93} INFO - 경고: JSON의 '싼타페 Hybrid'에 해당하는 차종을 DB에서 찾을 수 없어 리뷰를 건너뜁니다.
[2025-09-14T09:51:33.572+0000] {subprocess.py:93} INFO - 경고: JSON의 '싼타페 Hybrid'에 해당하는 차종을 DB에서 찾을 수 없어 리뷰를 건너뜁니다.
[2025-09-14T09:51:33.584+0000] {subprocess.py:93} INFO - 경고: JSON의 '싼타페 Hybrid'에 해당하는 차종을 DB에서 찾을 수 없어 리뷰를 건너뜁니다.
[2025-09-14T09:51:33.585+0000] {subprocess.py:93} INFO - 경고: JSON의 '싼타페 Hybrid'에 해당하는 차종을 DB에서 찾을 수 없어 리뷰를 건너뜁니다.
[2025-09-14T09:51:33.596+0000] {subprocess.py:93} INFO - 경고: JSON의 '싼타페'에 해당하는 차종을 DB에서 찾을 수 없어 리뷰를 건너뜁니다.
[2025-09-14T09:51:33.600+0000] {subprocess.py:93} INFO - 경고: JSON의 '포터 II'에 해당하는 차종을 DB에서 찾을 수 없어 리뷰를 건너뜁니다.
[2025-09-14T09:51:33.600+0000] {subprocess.py:93} INFO - 경고: JSON의 '쏘나타 택시'에 해당하는 차종을 DB에서 찾을 수 없어 리뷰를 건너뜁니다.
[2025-09-14T09:51:33.613+0000] {subprocess.py:93} INFO - 경고: JSON의 '싼타페'에 해당하는 차종을 DB에서 찾을 수 없어 리뷰를 건너뜁니다.
[2025-09-14T09:51:33.624+0000] {subprocess.py:93} INFO - 경고: JSON의 '싼타페 Hybrid'에 해당하는 차종을 DB에서 찾을 수 없어 리뷰를 건너뜁니다.
[2025-09-14T09:51:33.632+0000] {subprocess.py:93} INFO - 경고: JSON의 '싼타페 Hybrid'에 해당하는 차종을 DB에서 찾을 수 없어 리뷰를 건너뜁니다.
[2025-09-14T09:51:33.632+0000] {subprocess.py:93} INFO - 경고: JSON의 '싼타페 Hybrid'에 해당하는 차종을 DB에서 찾을 수 없어 리뷰를 건너뜁니다.
[2025-09-14T09:51:33.659+0000] {subprocess.py:93} INFO - 경고: JSON의 '싼타페 Hybrid'에 해당하는 차종을 DB에서 찾을 수 없어 리뷰를 건너뜁니다.
[2025-09-14T09:51:33.660+0000] {subprocess.py:93} INFO - 경고: JSON의 '싼타페'에 해당하는 차종을 DB에서 찾을 수 없어 리뷰를 건너뜁니다.
[2025-09-14T09:51:33.666+0000] {subprocess.py:93} INFO - 경고: JSON의 '싼타페 Hybrid'에 해당하는 차종을 DB에서 찾을 수 없어 리뷰를 건너뜁니다.
[2025-09-14T09:51:33.682+0000] {subprocess.py:93} INFO - 경고: JSON의 '싼타페 Hybrid'에 해당하는 차종을 DB에서 찾을 수 없어 리뷰를 건너뜁니다.
[2025-09-14T09:51:33.686+0000] {subprocess.py:93} INFO - 경고: JSON의 '싼타페 Hybrid'에 해당하는 차종을 DB에서 찾을 수 없어 리뷰를 건너뜁니다.
[2025-09-14T09:51:33.692+0000] {subprocess.py:93} INFO - 경고: JSON의 '싼타페 Hybrid'에 해당하는 차종을 DB에서 찾을 수 없어 리뷰를 건너뜁니다.
[2025-09-14T09:51:33.692+0000] {subprocess.py:93} INFO - 경고: JSON의 '싼타페 Hybrid'에 해당하는 차종을 DB에서 찾을 수 없어 리뷰를 건너뜁니다.
[2025-09-14T09:51:33.696+0000] {subprocess.py:93} INFO - 경고: JSON의 '싼타페 Hybrid'에 해당하는 차종을 DB에서 찾을 수 없어 리뷰를 건너뜁니다.
[2025-09-14T09:51:33.727+0000] {subprocess.py:93} INFO - 경고: JSON의 '싼타페 Hybrid'에 해당하는 차종을 DB에서 찾을 수 없어 리뷰를 건너뜁니다.
[2025-09-14T09:51:33.734+0000] {subprocess.py:93} INFO - 경고: JSON의 '쏘나타 택시'에 해당하는 차종을 DB에서 찾을 수 없어 리뷰를 건너뜁니다.
[2025-09-14T09:51:33.738+0000] {subprocess.py:93} INFO - 경고: JSON의 '싼타페'에 해당하는 차종을 DB에서 찾을 수 없어 리뷰를 건너뜁니다.
[2025-09-14T09:51:33.738+0000] {subprocess.py:93} INFO - 경고: JSON의 '싼타페 Hybrid'에 해당하는 차종을 DB에서 찾을 수 없어 리뷰를 건너뜁니다.
[2025-09-14T09:51:33.768+0000] {subprocess.py:93} INFO - 경고: JSON의 '싼타페 Hybrid'에 해당하는 차종을 DB에서 찾을 수 없어 리뷰를 건너뜁니다.
[2025-09-14T09:51:33.781+0000] {subprocess.py:93} INFO - 경고: JSON의 '싼타페 Hybrid'에 해당하는 차종을 DB에서 찾을 수 없어 리뷰를 건너뜁니다.
[2025-09-14T09:51:33.781+0000] {subprocess.py:93} INFO - 경고: JSON의 '싼타페 Hybrid'에 해당하는 차종을 DB에서 찾을 수 없어 리뷰를 건너뜁니다.
[2025-09-14T09:51:33.782+0000] {subprocess.py:93} INFO - 경고: JSON의 '싼타페 Hybrid'에 해당하는 차종을 DB에서 찾을 수 없어 리뷰를 건너뜁니다.
[2025-09-14T09:51:33.785+0000] {subprocess.py:93} INFO - 경고: JSON의 '싼타페 Hybrid'에 해당하는 차종을 DB에서 찾을 수 없어 리뷰를 건너뜁니다.
[2025-09-14T09:51:33.791+0000] {subprocess.py:93} INFO - 경고: JSON의 '싼타페 Hybrid'에 해당하는 차종을 DB에서 찾을 수 없어 리뷰를 건너뜁니다.
[2025-09-14T09:51:33.795+0000] {subprocess.py:93} INFO - 경고: JSON의 '싼타페'에 해당하는 차종을 DB에서 찾을 수 없어 리뷰를 건너뜁니다.
[2025-09-14T09:51:33.798+0000] {subprocess.py:93} INFO - 경고: JSON의 '싼타페 Hybrid'에 해당하는 차종을 DB에서 찾을 수 없어 리뷰를 건너뜁니다.
[2025-09-14T09:51:33.802+0000] {subprocess.py:93} INFO - 경고: JSON의 '싼타페 Hybrid'에 해당하는 차종을 DB에서 찾을 수 없어 리뷰를 건너뜁니다.
[2025-09-14T09:51:33.808+0000] {subprocess.py:93} INFO - 경고: JSON의 '싼타페 Hybrid'에 해당하는 차종을 DB에서 찾을 수 없어 리뷰를 건너뜁니다.
[2025-09-14T09:51:33.815+0000] {subprocess.py:93} INFO - 경고: JSON의 '싼타페 Hybrid'에 해당하는 차종을 DB에서 찾을 수 없어 리뷰를 건너뜁니다.
[2025-09-14T09:51:33.824+0000] {subprocess.py:93} INFO - 경고: JSON의 '싼타페'에 해당하는 차종을 DB에서 찾을 수 없어 리뷰를 건너뜁니다.
[2025-09-14T09:51:33.825+0000] {subprocess.py:93} INFO - 경고: JSON의 '싼타페 Hybrid'에 해당하는 차종을 DB에서 찾을 수 없어 리뷰를 건너뜁니다.
[2025-09-14T09:51:33.837+0000] {subprocess.py:93} INFO - 경고: JSON의 '싼타페 Hybrid'에 해당하는 차종을 DB에서 찾을 수 없어 리뷰를 건너뜁니다.
[2025-09-14T09:51:33.837+0000] {subprocess.py:93} INFO - 경고: JSON의 '포터 II'에 해당하는 차종을 DB에서 찾을 수 없어 리뷰를 건너뜁니다.
[2025-09-14T09:51:33.866+0000] {subprocess.py:93} INFO - 경고: JSON의 '싼타페 Hybrid'에 해당하는 차종을 DB에서 찾을 수 없어 리뷰를 건너뜁니다.
[2025-09-14T09:51:33.869+0000] {subprocess.py:93} INFO - 경고: JSON의 '싼타페 Hybrid'에 해당하는 차종을 DB에서 찾을 수 없어 리뷰를 건너뜁니다.
[2025-09-14T09:51:33.930+0000] {subprocess.py:93} INFO - 경고: JSON의 '싼타페'에 해당하는 차종을 DB에서 찾을 수 없어 리뷰를 건너뜁니다.
[2025-09-14T09:51:33.934+0000] {subprocess.py:93} INFO - 경고: JSON의 '싼타페 Hybrid'에 해당하는 차종을 DB에서 찾을 수 없어 리뷰를 건너뜁니다.
[2025-09-14T09:51:33.954+0000] {subprocess.py:93} INFO - 경고: JSON의 '싼타페'에 해당하는 차종을 DB에서 찾을 수 없어 리뷰를 건너뜁니다.
[2025-09-14T09:51:33.977+0000] {subprocess.py:93} INFO - 경고: JSON의 '싼타페'에 해당하는 차종을 DB에서 찾을 수 없어 리뷰를 건너뜁니다.
[2025-09-14T09:51:33.978+0000] {subprocess.py:93} INFO - 경고: JSON의 '싼타페'에 해당하는 차종을 DB에서 찾을 수 없어 리뷰를 건너뜁니다.
[2025-09-14T09:51:33.984+0000] {subprocess.py:93} INFO - 경고: JSON의 '싼타페 Hybrid'에 해당하는 차종을 DB에서 찾을 수 없어 리뷰를 건너뜁니다.
[2025-09-14T09:51:33.991+0000] {subprocess.py:93} INFO - 경고: JSON의 '포터 II Electric'에 해당하는 차종을 DB에서 찾을 수 없어 리뷰를 건너뜁니다.
[2025-09-14T09:51:33.991+0000] {subprocess.py:93} INFO - 경고: JSON의 '싼타페'에 해당하는 차종을 DB에서 찾을 수 없어 리뷰를 건너뜁니다.
[2025-09-14T09:51:34.015+0000] {subprocess.py:93} INFO - 경고: JSON의 '포터 II'에 해당하는 차종을 DB에서 찾을 수 없어 리뷰를 건너뜁니다.
[2025-09-14T09:51:34.022+0000] {subprocess.py:93} INFO - 경고: JSON의 '포터 II'에 해당하는 차종을 DB에서 찾을 수 없어 리뷰를 건너뜁니다.
[2025-09-14T09:51:34.022+0000] {subprocess.py:93} INFO - 경고: JSON의 '싼타페 Hybrid'에 해당하는 차종을 DB에서 찾을 수 없어 리뷰를 건너뜁니다.
[2025-09-14T09:51:34.029+0000] {subprocess.py:93} INFO - 경고: JSON의 '포터 II'에 해당하는 차종을 DB에서 찾을 수 없어 리뷰를 건너뜁니다.
[2025-09-14T09:51:34.042+0000] {subprocess.py:93} INFO - 경고: JSON의 '싼타페 Hybrid'에 해당하는 차종을 DB에서 찾을 수 없어 리뷰를 건너뜁니다.
[2025-09-14T09:51:34.090+0000] {subprocess.py:93} INFO - 경고: JSON의 '싼타페'에 해당하는 차종을 DB에서 찾을 수 없어 리뷰를 건너뜁니다.
[2025-09-14T09:51:34.108+0000] {subprocess.py:93} INFO - 경고: JSON의 '싼타페 Hybrid'에 해당하는 차종을 DB에서 찾을 수 없어 리뷰를 건너뜁니다.
[2025-09-14T09:51:34.167+0000] {subprocess.py:93} INFO - 경고: JSON의 '싼타페 Hybrid'에 해당하는 차종을 DB에서 찾을 수 없어 리뷰를 건너뜁니다.
[2025-09-14T09:51:34.201+0000] {subprocess.py:93} INFO - 경고: JSON의 '싼타페 Hybrid'에 해당하는 차종을 DB에서 찾을 수 없어 리뷰를 건너뜁니다.
[2025-09-14T09:51:34.217+0000] {subprocess.py:93} INFO - 경고: JSON의 '싼타페 Hybrid'에 해당하는 차종을 DB에서 찾을 수 없어 리뷰를 건너뜁니다.
[2025-09-14T09:51:34.237+0000] {subprocess.py:93} INFO - 경고: JSON의 '싼타페'에 해당하는 차종을 DB에서 찾을 수 없어 리뷰를 건너뜁니다.
[2025-09-14T09:51:34.252+0000] {subprocess.py:93} INFO - 경고: JSON의 '싼타페 Hybrid'에 해당하는 차종을 DB에서 찾을 수 없어 리뷰를 건너뜁니다.
[2025-09-14T09:51:34.387+0000] {subprocess.py:93} INFO - 경고: JSON의 '싼타페 Hybrid'에 해당하는 차종을 DB에서 찾을 수 없어 리뷰를 건너뜁니다.
[2025-09-14T09:51:34.404+0000] {subprocess.py:93} INFO - 경고: JSON의 '싼타페 Hybrid'에 해당하는 차종을 DB에서 찾을 수 없어 리뷰를 건너뜁니다.
[2025-09-14T09:51:34.418+0000] {subprocess.py:93} INFO - 경고: JSON의 '싼타페 Hybrid'에 해당하는 차종을 DB에서 찾을 수 없어 리뷰를 건너뜁니다.
[2025-09-14T09:51:34.436+0000] {subprocess.py:93} INFO - 경고: JSON의 '싼타페'에 해당하는 차종을 DB에서 찾을 수 없어 리뷰를 건너뜁니다.
[2025-09-14T09:51:34.437+0000] {subprocess.py:93} INFO - 경고: JSON의 '싼타페 Hybrid'에 해당하는 차종을 DB에서 찾을 수 없어 리뷰를 건너뜁니다.
[2025-09-14T09:51:34.478+0000] {subprocess.py:93} INFO - 경고: JSON의 '포터 II'에 해당하는 차종을 DB에서 찾을 수 없어 리뷰를 건너뜁니다.
[2025-09-14T09:51:34.482+0000] {subprocess.py:93} INFO - 경고: JSON의 '포터 II'에 해당하는 차종을 DB에서 찾을 수 없어 리뷰를 건너뜁니다.
[2025-09-14T09:51:34.508+0000] {subprocess.py:93} INFO - 경고: JSON의 '싼타페 Hybrid'에 해당하는 차종을 DB에서 찾을 수 없어 리뷰를 건너뜁니다.
[2025-09-14T09:51:34.511+0000] {subprocess.py:93} INFO - 경고: JSON의 '싼타페 Hybrid'에 해당하는 차종을 DB에서 찾을 수 없어 리뷰를 건너뜁니다.
[2025-09-14T09:51:34.512+0000] {subprocess.py:93} INFO - 경고: JSON의 '싼타페 Hybrid'에 해당하는 차종을 DB에서 찾을 수 없어 리뷰를 건너뜁니다.
[2025-09-14T09:51:34.522+0000] {subprocess.py:93} INFO - 경고: JSON의 '포터 II Electric'에 해당하는 차종을 DB에서 찾을 수 없어 리뷰를 건너뜁니다.
[2025-09-14T09:51:34.525+0000] {subprocess.py:93} INFO - 경고: JSON의 '싼타페 Hybrid'에 해당하는 차종을 DB에서 찾을 수 없어 리뷰를 건너뜁니다.
[2025-09-14T09:51:34.560+0000] {subprocess.py:93} INFO - 경고: JSON의 '싼타페 Hybrid'에 해당하는 차종을 DB에서 찾을 수 없어 리뷰를 건너뜁니다.
[2025-09-14T09:51:34.570+0000] {subprocess.py:93} INFO - 경고: JSON의 '포터 II'에 해당하는 차종을 DB에서 찾을 수 없어 리뷰를 건너뜁니다.
[2025-09-14T09:51:34.573+0000] {subprocess.py:93} INFO - 경고: JSON의 '싼타페 Hybrid'에 해당하는 차종을 DB에서 찾을 수 없어 리뷰를 건너뜁니다.
[2025-09-14T09:51:34.587+0000] {subprocess.py:93} INFO - 경고: JSON의 '싼타페 Hybrid'에 해당하는 차종을 DB에서 찾을 수 없어 리뷰를 건너뜁니다.
[2025-09-14T09:51:34.588+0000] {subprocess.py:93} INFO - 경고: JSON의 '싼타페 Hybrid'에 해당하는 차종을 DB에서 찾을 수 없어 리뷰를 건너뜁니다.
[2025-09-14T09:51:34.621+0000] {subprocess.py:93} INFO - 경고: JSON의 '싼타페'에 해당하는 차종을 DB에서 찾을 수 없어 리뷰를 건너뜁니다.
[2025-09-14T09:51:34.640+0000] {subprocess.py:93} INFO - 경고: JSON의 '싼타페'에 해당하는 차종을 DB에서 찾을 수 없어 리뷰를 건너뜁니다.
[2025-09-14T09:51:34.644+0000] {subprocess.py:93} INFO - 경고: JSON의 '싼타페'에 해당하는 차종을 DB에서 찾을 수 없어 리뷰를 건너뜁니다.
[2025-09-14T09:51:34.677+0000] {subprocess.py:93} INFO - 경고: JSON의 '싼타페 Hybrid'에 해당하는 차종을 DB에서 찾을 수 없어 리뷰를 건너뜁니다.
[2025-09-14T09:51:34.696+0000] {subprocess.py:93} INFO - 경고: JSON의 '포터 II'에 해당하는 차종을 DB에서 찾을 수 없어 리뷰를 건너뜁니다.
[2025-09-14T09:51:34.706+0000] {subprocess.py:93} INFO - 경고: JSON의 '싼타페 Hybrid'에 해당하는 차종을 DB에서 찾을 수 없어 리뷰를 건너뜁니다.
[2025-09-14T09:51:34.723+0000] {subprocess.py:93} INFO - 경고: JSON의 '싼타페 Hybrid'에 해당하는 차종을 DB에서 찾을 수 없어 리뷰를 건너뜁니다.
[2025-09-14T09:51:34.723+0000] {subprocess.py:93} INFO - 경고: JSON의 '싼타페 Hybrid'에 해당하는 차종을 DB에서 찾을 수 없어 리뷰를 건너뜁니다.
[2025-09-14T09:51:34.783+0000] {subprocess.py:93} INFO - 경고: JSON의 '포터 II 특장차'에 해당하는 차종을 DB에서 찾을 수 없어 리뷰를 건너뜁니다.
[2025-09-14T09:51:34.783+0000] {subprocess.py:93} INFO - 경고: JSON의 '싼타페 Hybrid'에 해당하는 차종을 DB에서 찾을 수 없어 리뷰를 건너뜁니다.
[2025-09-14T09:51:34.794+0000] {subprocess.py:93} INFO - 경고: JSON의 '싼타페 Hybrid'에 해당하는 차종을 DB에서 찾을 수 없어 리뷰를 건너뜁니다.
[2025-09-14T09:51:34.795+0000] {subprocess.py:93} INFO - 경고: JSON의 '싼타페 Hybrid'에 해당하는 차종을 DB에서 찾을 수 없어 리뷰를 건너뜁니다.
[2025-09-14T09:51:34.798+0000] {subprocess.py:93} INFO - 경고: JSON의 '쏘나타 택시'에 해당하는 차종을 DB에서 찾을 수 없어 리뷰를 건너뜁니다.
[2025-09-14T09:51:34.807+0000] {subprocess.py:93} INFO - 경고: JSON의 '쏘나타 택시'에 해당하는 차종을 DB에서 찾을 수 없어 리뷰를 건너뜁니다.
[2025-09-14T09:51:34.808+0000] {subprocess.py:93} INFO - 경고: JSON의 '싼타페'에 해당하는 차종을 DB에서 찾을 수 없어 리뷰를 건너뜁니다.
[2025-09-14T09:51:34.820+0000] {subprocess.py:93} INFO - 경고: JSON의 '싼타페'에 해당하는 차종을 DB에서 찾을 수 없어 리뷰를 건너뜁니다.
[2025-09-14T09:51:34.824+0000] {subprocess.py:93} INFO - 경고: JSON의 '싼타페 Hybrid'에 해당하는 차종을 DB에서 찾을 수 없어 리뷰를 건너뜁니다.
[2025-09-14T09:51:34.832+0000] {subprocess.py:93} INFO - 경고: JSON의 '싼타페'에 해당하는 차종을 DB에서 찾을 수 없어 리뷰를 건너뜁니다.
[2025-09-14T09:51:34.832+0000] {subprocess.py:93} INFO - 경고: JSON의 '포터 II'에 해당하는 차종을 DB에서 찾을 수 없어 리뷰를 건너뜁니다.
[2025-09-14T09:51:34.835+0000] {subprocess.py:93} INFO - 경고: JSON의 '싼타페 Hybrid'에 해당하는 차종을 DB에서 찾을 수 없어 리뷰를 건너뜁니다.
[2025-09-14T09:51:34.856+0000] {subprocess.py:93} INFO - 경고: JSON의 '싼타페 Hybrid'에 해당하는 차종을 DB에서 찾을 수 없어 리뷰를 건너뜁니다.
[2025-09-14T09:51:34.884+0000] {subprocess.py:93} INFO - 경고: JSON의 '쏘나타 택시'에 해당하는 차종을 DB에서 찾을 수 없어 리뷰를 건너뜁니다.
[2025-09-14T09:51:34.888+0000] {subprocess.py:93} INFO - 경고: JSON의 '포터 II Electric'에 해당하는 차종을 DB에서 찾을 수 없어 리뷰를 건너뜁니다.
[2025-09-14T09:51:34.900+0000] {subprocess.py:93} INFO - 경고: JSON의 '싼타페 Hybrid'에 해당하는 차종을 DB에서 찾을 수 없어 리뷰를 건너뜁니다.
[2025-09-14T09:51:34.963+0000] {subprocess.py:93} INFO - 경고: JSON의 '쏘나타 택시'에 해당하는 차종을 DB에서 찾을 수 없어 리뷰를 건너뜁니다.
[2025-09-14T09:51:34.971+0000] {subprocess.py:93} INFO - 경고: JSON의 '싼타페 Hybrid'에 해당하는 차종을 DB에서 찾을 수 없어 리뷰를 건너뜁니다.
[2025-09-14T09:51:35.024+0000] {subprocess.py:93} INFO - 경고: JSON의 '포터 II 특장차'에 해당하는 차종을 DB에서 찾을 수 없어 리뷰를 건너뜁니다.
[2025-09-14T09:51:35.024+0000] {subprocess.py:93} INFO - 경고: JSON의 '포터 II 특장차'에 해당하는 차종을 DB에서 찾을 수 없어 리뷰를 건너뜁니다.
[2025-09-14T09:51:35.024+0000] {subprocess.py:93} INFO - 경고: JSON의 '포터 II 특장차'에 해당하는 차종을 DB에서 찾을 수 없어 리뷰를 건너뜁니다.
[2025-09-14T09:51:35.032+0000] {subprocess.py:93} INFO - 경고: JSON의 '포터 II 특장차'에 해당하는 차종을 DB에서 찾을 수 없어 리뷰를 건너뜁니다.
[2025-09-14T09:51:35.035+0000] {subprocess.py:93} INFO - 경고: JSON의 '싼타페'에 해당하는 차종을 DB에서 찾을 수 없어 리뷰를 건너뜁니다.
[2025-09-14T09:51:35.082+0000] {subprocess.py:93} INFO - 경고: JSON의 '싼타페 Hybrid'에 해당하는 차종을 DB에서 찾을 수 없어 리뷰를 건너뜁니다.
[2025-09-14T09:51:35.111+0000] {subprocess.py:93} INFO - 경고: JSON의 '포터 II Electric 특장차'에 해당하는 차종을 DB에서 찾을 수 없어 리뷰를 건너뜁니다.
[2025-09-14T09:51:35.121+0000] {subprocess.py:93} INFO - 경고: JSON의 '싼타페 Hybrid'에 해당하는 차종을 DB에서 찾을 수 없어 리뷰를 건너뜁니다.
[2025-09-14T09:51:35.128+0000] {subprocess.py:93} INFO - 경고: JSON의 '싼타페 Hybrid'에 해당하는 차종을 DB에서 찾을 수 없어 리뷰를 건너뜁니다.
[2025-09-14T09:51:35.142+0000] {subprocess.py:93} INFO - 경고: JSON의 '싼타페 Hybrid'에 해당하는 차종을 DB에서 찾을 수 없어 리뷰를 건너뜁니다.
[2025-09-14T09:51:35.145+0000] {subprocess.py:93} INFO - 경고: JSON의 '싼타페'에 해당하는 차종을 DB에서 찾을 수 없어 리뷰를 건너뜁니다.
[2025-09-14T09:51:35.167+0000] {subprocess.py:93} INFO - 경고: JSON의 '싼타페 Hybrid'에 해당하는 차종을 DB에서 찾을 수 없어 리뷰를 건너뜁니다.
[2025-09-14T09:51:35.237+0000] {subprocess.py:93} INFO - 경고: JSON의 '싼타페 Hybrid'에 해당하는 차종을 DB에서 찾을 수 없어 리뷰를 건너뜁니다.
[2025-09-14T09:51:35.241+0000] {subprocess.py:93} INFO - 경고: JSON의 '싼타페 Hybrid'에 해당하는 차종을 DB에서 찾을 수 없어 리뷰를 건너뜁니다.
[2025-09-14T09:51:35.310+0000] {subprocess.py:93} INFO - 경고: JSON의 '싼타페'에 해당하는 차종을 DB에서 찾을 수 없어 리뷰를 건너뜁니다.
[2025-09-14T09:51:35.310+0000] {subprocess.py:93} INFO - 경고: JSON의 '싼타페'에 해당하는 차종을 DB에서 찾을 수 없어 리뷰를 건너뜁니다.
[2025-09-14T09:51:35.313+0000] {subprocess.py:93} INFO - 경고: JSON의 '싼타페 Hybrid'에 해당하는 차종을 DB에서 찾을 수 없어 리뷰를 건너뜁니다.
[2025-09-14T09:51:35.329+0000] {subprocess.py:93} INFO - 경고: JSON의 '싼타페 Hybrid'에 해당하는 차종을 DB에서 찾을 수 없어 리뷰를 건너뜁니다.
[2025-09-14T09:51:35.340+0000] {subprocess.py:93} INFO - 경고: JSON의 '싼타페 Hybrid'에 해당하는 차종을 DB에서 찾을 수 없어 리뷰를 건너뜁니다.
[2025-09-14T09:51:35.341+0000] {subprocess.py:93} INFO - 경고: JSON의 '싼타페'에 해당하는 차종을 DB에서 찾을 수 없어 리뷰를 건너뜁니다.
[2025-09-14T09:51:35.344+0000] {subprocess.py:93} INFO - 경고: JSON의 '싼타페 Hybrid'에 해당하는 차종을 DB에서 찾을 수 없어 리뷰를 건너뜁니다.
[2025-09-14T09:51:35.367+0000] {subprocess.py:93} INFO - 경고: JSON의 '싼타페'에 해당하는 차종을 DB에서 찾을 수 없어 리뷰를 건너뜁니다.
[2025-09-14T09:51:35.394+0000] {subprocess.py:93} INFO - 경고: JSON의 '싼타페 Hybrid'에 해당하는 차종을 DB에서 찾을 수 없어 리뷰를 건너뜁니다.
[2025-09-14T09:51:35.419+0000] {subprocess.py:93} INFO - 경고: JSON의 '포터 II'에 해당하는 차종을 DB에서 찾을 수 없어 리뷰를 건너뜁니다.
[2025-09-14T09:51:35.422+0000] {subprocess.py:93} INFO - 경고: JSON의 '싼타페'에 해당하는 차종을 DB에서 찾을 수 없어 리뷰를 건너뜁니다.
[2025-09-14T09:51:35.426+0000] {subprocess.py:93} INFO - 경고: JSON의 '싼타페 Hybrid'에 해당하는 차종을 DB에서 찾을 수 없어 리뷰를 건너뜁니다.
[2025-09-14T09:51:35.429+0000] {subprocess.py:93} INFO - 경고: JSON의 '싼타페'에 해당하는 차종을 DB에서 찾을 수 없어 리뷰를 건너뜁니다.
[2025-09-14T09:51:35.489+0000] {subprocess.py:93} INFO - 경고: JSON의 '싼타페 Hybrid'에 해당하는 차종을 DB에서 찾을 수 없어 리뷰를 건너뜁니다.
[2025-09-14T09:51:35.492+0000] {subprocess.py:93} INFO - 경고: JSON의 '싼타페 Hybrid'에 해당하는 차종을 DB에서 찾을 수 없어 리뷰를 건너뜁니다.
[2025-09-14T09:51:35.521+0000] {subprocess.py:93} INFO - 경고: JSON의 '싼타페'에 해당하는 차종을 DB에서 찾을 수 없어 리뷰를 건너뜁니다.
[2025-09-14T09:51:35.546+0000] {subprocess.py:93} INFO - 경고: JSON의 '싼타페 Hybrid'에 해당하는 차종을 DB에서 찾을 수 없어 리뷰를 건너뜁니다.
[2025-09-14T09:51:35.550+0000] {subprocess.py:93} INFO - 경고: JSON의 '싼타페 Hybrid'에 해당하는 차종을 DB에서 찾을 수 없어 리뷰를 건너뜁니다.
[2025-09-14T09:51:35.585+0000] {subprocess.py:93} INFO - 경고: JSON의 '싼타페'에 해당하는 차종을 DB에서 찾을 수 없어 리뷰를 건너뜁니다.
[2025-09-14T09:51:35.638+0000] {subprocess.py:93} INFO - 경고: JSON의 '싼타페 Hybrid'에 해당하는 차종을 DB에서 찾을 수 없어 리뷰를 건너뜁니다.
[2025-09-14T09:51:35.647+0000] {subprocess.py:93} INFO - 경고: JSON의 '싼타페 Hybrid'에 해당하는 차종을 DB에서 찾을 수 없어 리뷰를 건너뜁니다.
[2025-09-14T09:51:35.656+0000] {subprocess.py:93} INFO - 경고: JSON의 '싼타페'에 해당하는 차종을 DB에서 찾을 수 없어 리뷰를 건너뜁니다.
[2025-09-14T09:51:35.738+0000] {subprocess.py:93} INFO - 경고: JSON의 '싼타페 Hybrid'에 해당하는 차종을 DB에서 찾을 수 없어 리뷰를 건너뜁니다.
[2025-09-14T09:51:35.738+0000] {subprocess.py:93} INFO - 경고: JSON의 '쏘나타 택시'에 해당하는 차종을 DB에서 찾을 수 없어 리뷰를 건너뜁니다.
[2025-09-14T09:51:35.742+0000] {subprocess.py:93} INFO - 경고: JSON의 '쏘나타 택시'에 해당하는 차종을 DB에서 찾을 수 없어 리뷰를 건너뜁니다.
[2025-09-14T09:51:35.754+0000] {subprocess.py:93} INFO - 경고: JSON의 '싼타페'에 해당하는 차종을 DB에서 찾을 수 없어 리뷰를 건너뜁니다.
[2025-09-14T09:51:35.773+0000] {subprocess.py:93} INFO - 경고: JSON의 '싼타페'에 해당하는 차종을 DB에서 찾을 수 없어 리뷰를 건너뜁니다.
[2025-09-14T09:51:35.777+0000] {subprocess.py:93} INFO - 경고: JSON의 '포터 II 특장차'에 해당하는 차종을 DB에서 찾을 수 없어 리뷰를 건너뜁니다.
[2025-09-14T09:51:35.778+0000] {subprocess.py:93} INFO - 경고: JSON의 '싼타페 Hybrid'에 해당하는 차종을 DB에서 찾을 수 없어 리뷰를 건너뜁니다.
[2025-09-14T09:51:35.797+0000] {subprocess.py:93} INFO - 경고: JSON의 '쏘나타 택시'에 해당하는 차종을 DB에서 찾을 수 없어 리뷰를 건너뜁니다.
[2025-09-14T09:51:35.801+0000] {subprocess.py:93} INFO - 경고: JSON의 '싼타페 Hybrid'에 해당하는 차종을 DB에서 찾을 수 없어 리뷰를 건너뜁니다.
[2025-09-14T09:51:35.809+0000] {subprocess.py:93} INFO - 경고: JSON의 '싼타페'에 해당하는 차종을 DB에서 찾을 수 없어 리뷰를 건너뜁니다.
[2025-09-14T09:51:35.843+0000] {subprocess.py:93} INFO - 경고: JSON의 '포터 II'에 해당하는 차종을 DB에서 찾을 수 없어 리뷰를 건너뜁니다.
[2025-09-14T09:51:35.846+0000] {subprocess.py:93} INFO - 경고: JSON의 '쏘나타 택시'에 해당하는 차종을 DB에서 찾을 수 없어 리뷰를 건너뜁니다.
[2025-09-14T09:51:35.897+0000] {subprocess.py:93} INFO - 경고: JSON의 '싼타페'에 해당하는 차종을 DB에서 찾을 수 없어 리뷰를 건너뜁니다.
[2025-09-14T09:51:35.900+0000] {subprocess.py:93} INFO - 경고: JSON의 '싼타페'에 해당하는 차종을 DB에서 찾을 수 없어 리뷰를 건너뜁니다.
[2025-09-14T09:51:35.931+0000] {subprocess.py:93} INFO - 경고: JSON의 '싼타페 Hybrid'에 해당하는 차종을 DB에서 찾을 수 없어 리뷰를 건너뜁니다.
[2025-09-14T09:51:35.952+0000] {subprocess.py:93} INFO - 경고: JSON의 '싼타페'에 해당하는 차종을 DB에서 찾을 수 없어 리뷰를 건너뜁니다.
[2025-09-14T09:51:35.969+0000] {subprocess.py:93} INFO - 경고: JSON의 '싼타페 Hybrid'에 해당하는 차종을 DB에서 찾을 수 없어 리뷰를 건너뜁니다.
[2025-09-14T09:51:35.973+0000] {subprocess.py:93} INFO - 경고: JSON의 '싼타페 Hybrid'에 해당하는 차종을 DB에서 찾을 수 없어 리뷰를 건너뜁니다.
[2025-09-14T09:51:35.990+0000] {subprocess.py:93} INFO - 경고: JSON의 '싼타페 Hybrid'에 해당하는 차종을 DB에서 찾을 수 없어 리뷰를 건너뜁니다.
[2025-09-14T09:51:36.010+0000] {subprocess.py:93} INFO - 경고: JSON의 '싼타페'에 해당하는 차종을 DB에서 찾을 수 없어 리뷰를 건너뜁니다.
[2025-09-14T09:51:36.011+0000] {subprocess.py:93} INFO - 경고: JSON의 '싼타페'에 해당하는 차종을 DB에서 찾을 수 없어 리뷰를 건너뜁니다.
[2025-09-14T09:51:36.021+0000] {subprocess.py:93} INFO - 경고: JSON의 '싼타페 Hybrid'에 해당하는 차종을 DB에서 찾을 수 없어 리뷰를 건너뜁니다.
[2025-09-14T09:51:36.028+0000] {subprocess.py:93} INFO - 경고: JSON의 '싼타페 Hybrid'에 해당하는 차종을 DB에서 찾을 수 없어 리뷰를 건너뜁니다.
[2025-09-14T09:51:36.078+0000] {subprocess.py:93} INFO - 경고: JSON의 '싼타페 Hybrid'에 해당하는 차종을 DB에서 찾을 수 없어 리뷰를 건너뜁니다.
[2025-09-14T09:51:36.081+0000] {subprocess.py:93} INFO - 경고: JSON의 '포터 II Electric'에 해당하는 차종을 DB에서 찾을 수 없어 리뷰를 건너뜁니다.
[2025-09-14T09:51:36.082+0000] {subprocess.py:93} INFO - 경고: JSON의 '싼타페 Hybrid'에 해당하는 차종을 DB에서 찾을 수 없어 리뷰를 건너뜁니다.
[2025-09-14T09:51:36.089+0000] {subprocess.py:93} INFO - 경고: JSON의 '싼타페 Hybrid'에 해당하는 차종을 DB에서 찾을 수 없어 리뷰를 건너뜁니다.
[2025-09-14T09:51:36.125+0000] {subprocess.py:93} INFO - 경고: JSON의 '포터 II'에 해당하는 차종을 DB에서 찾을 수 없어 리뷰를 건너뜁니다.
[2025-09-14T09:51:36.129+0000] {subprocess.py:93} INFO - 경고: JSON의 '싼타페'에 해당하는 차종을 DB에서 찾을 수 없어 리뷰를 건너뜁니다.
[2025-09-14T09:51:36.158+0000] {subprocess.py:93} INFO - 경고: JSON의 '싼타페 Hybrid'에 해당하는 차종을 DB에서 찾을 수 없어 리뷰를 건너뜁니다.
[2025-09-14T09:51:36.204+0000] {subprocess.py:93} INFO - 경고: JSON의 '포터 II 특장차'에 해당하는 차종을 DB에서 찾을 수 없어 리뷰를 건너뜁니다.
[2025-09-14T09:51:36.226+0000] {subprocess.py:93} INFO - 경고: JSON의 '싼타페 Hybrid'에 해당하는 차종을 DB에서 찾을 수 없어 리뷰를 건너뜁니다.
[2025-09-14T09:51:36.233+0000] {subprocess.py:93} INFO - 경고: JSON의 '싼타페 Hybrid'에 해당하는 차종을 DB에서 찾을 수 없어 리뷰를 건너뜁니다.
[2025-09-14T09:51:36.241+0000] {subprocess.py:93} INFO - 경고: JSON의 '포터 II 특장차'에 해당하는 차종을 DB에서 찾을 수 없어 리뷰를 건너뜁니다.
[2025-09-14T09:51:36.248+0000] {subprocess.py:93} INFO - 경고: JSON의 '싼타페 Hybrid'에 해당하는 차종을 DB에서 찾을 수 없어 리뷰를 건너뜁니다.
[2025-09-14T09:51:36.280+0000] {subprocess.py:93} INFO - 경고: JSON의 '싼타페 Hybrid'에 해당하는 차종을 DB에서 찾을 수 없어 리뷰를 건너뜁니다.
[2025-09-14T09:51:36.284+0000] {subprocess.py:93} INFO - 경고: JSON의 '싼타페 Hybrid'에 해당하는 차종을 DB에서 찾을 수 없어 리뷰를 건너뜁니다.
[2025-09-14T09:51:36.295+0000] {subprocess.py:93} INFO - 경고: JSON의 '싼타페 Hybrid'에 해당하는 차종을 DB에서 찾을 수 없어 리뷰를 건너뜁니다.
[2025-09-14T09:51:36.311+0000] {subprocess.py:93} INFO - 경고: JSON의 '싼타페'에 해당하는 차종을 DB에서 찾을 수 없어 리뷰를 건너뜁니다.
[2025-09-14T09:51:36.311+0000] {subprocess.py:93} INFO - 경고: JSON의 '싼타페 Hybrid'에 해당하는 차종을 DB에서 찾을 수 없어 리뷰를 건너뜁니다.
[2025-09-14T09:51:36.322+0000] {subprocess.py:93} INFO - 경고: JSON의 '싼타페 Hybrid'에 해당하는 차종을 DB에서 찾을 수 없어 리뷰를 건너뜁니다.
[2025-09-14T09:51:36.337+0000] {subprocess.py:93} INFO - 경고: JSON의 '포터 II'에 해당하는 차종을 DB에서 찾을 수 없어 리뷰를 건너뜁니다.
[2025-09-14T09:51:36.359+0000] {subprocess.py:93} INFO - 경고: JSON의 '싼타페 Hybrid'에 해당하는 차종을 DB에서 찾을 수 없어 리뷰를 건너뜁니다.
[2025-09-14T09:51:36.373+0000] {subprocess.py:93} INFO - 경고: JSON의 '싼타페 Hybrid'에 해당하는 차종을 DB에서 찾을 수 없어 리뷰를 건너뜁니다.
[2025-09-14T09:51:36.380+0000] {subprocess.py:93} INFO - 경고: JSON의 '싼타페 Hybrid'에 해당하는 차종을 DB에서 찾을 수 없어 리뷰를 건너뜁니다.
[2025-09-14T09:51:36.383+0000] {subprocess.py:93} INFO - 경고: JSON의 '싼타페 Hybrid'에 해당하는 차종을 DB에서 찾을 수 없어 리뷰를 건너뜁니다.
[2025-09-14T09:51:36.384+0000] {subprocess.py:93} INFO - 경고: JSON의 '싼타페 Hybrid'에 해당하는 차종을 DB에서 찾을 수 없어 리뷰를 건너뜁니다.
[2025-09-14T09:51:36.398+0000] {subprocess.py:93} INFO - 경고: JSON의 '싼타페'에 해당하는 차종을 DB에서 찾을 수 없어 리뷰를 건너뜁니다.
[2025-09-14T09:51:36.398+0000] {subprocess.py:93} INFO - 경고: JSON의 '싼타페'에 해당하는 차종을 DB에서 찾을 수 없어 리뷰를 건너뜁니다.
[2025-09-14T09:51:36.401+0000] {subprocess.py:93} INFO - 경고: JSON의 '싼타페 Hybrid'에 해당하는 차종을 DB에서 찾을 수 없어 리뷰를 건너뜁니다.
[2025-09-14T09:51:36.412+0000] {subprocess.py:93} INFO - 경고: JSON의 '싼타페 Hybrid'에 해당하는 차종을 DB에서 찾을 수 없어 리뷰를 건너뜁니다.
[2025-09-14T09:51:36.428+0000] {subprocess.py:93} INFO - 경고: JSON의 '싼타페 Hybrid'에 해당하는 차종을 DB에서 찾을 수 없어 리뷰를 건너뜁니다.
[2025-09-14T09:51:36.508+0000] {subprocess.py:93} INFO - 경고: JSON의 '싼타페'에 해당하는 차종을 DB에서 찾을 수 없어 리뷰를 건너뜁니다.
[2025-09-14T09:51:36.512+0000] {subprocess.py:93} INFO - 경고: JSON의 '포터 II Electric'에 해당하는 차종을 DB에서 찾을 수 없어 리뷰를 건너뜁니다.
[2025-09-14T09:51:36.525+0000] {subprocess.py:93} INFO - 경고: JSON의 '싼타페 Hybrid'에 해당하는 차종을 DB에서 찾을 수 없어 리뷰를 건너뜁니다.
[2025-09-14T09:51:36.526+0000] {subprocess.py:93} INFO - 경고: JSON의 '싼타페 Hybrid'에 해당하는 차종을 DB에서 찾을 수 없어 리뷰를 건너뜁니다.
[2025-09-14T09:51:36.545+0000] {subprocess.py:93} INFO - 경고: JSON의 '싼타페 Hybrid'에 해당하는 차종을 DB에서 찾을 수 없어 리뷰를 건너뜁니다.
[2025-09-14T09:51:36.546+0000] {subprocess.py:93} INFO - 경고: JSON의 '싼타페'에 해당하는 차종을 DB에서 찾을 수 없어 리뷰를 건너뜁니다.
[2025-09-14T09:51:36.577+0000] {subprocess.py:93} INFO - 경고: JSON의 '싼타페'에 해당하는 차종을 DB에서 찾을 수 없어 리뷰를 건너뜁니다.
[2025-09-14T09:51:36.627+0000] {subprocess.py:93} INFO - 경고: JSON의 '싼타페'에 해당하는 차종을 DB에서 찾을 수 없어 리뷰를 건너뜁니다.
[2025-09-14T09:51:36.660+0000] {subprocess.py:93} INFO - 경고: JSON의 '싼타페 Hybrid'에 해당하는 차종을 DB에서 찾을 수 없어 리뷰를 건너뜁니다.
[2025-09-14T09:51:36.700+0000] {subprocess.py:93} INFO - 경고: JSON의 '싼타페 Hybrid'에 해당하는 차종을 DB에서 찾을 수 없어 리뷰를 건너뜁니다.
[2025-09-14T09:51:36.700+0000] {subprocess.py:93} INFO - 경고: JSON의 '포터 II 특장차'에 해당하는 차종을 DB에서 찾을 수 없어 리뷰를 건너뜁니다.
[2025-09-14T09:51:36.710+0000] {subprocess.py:93} INFO - 경고: JSON의 '싼타페 Hybrid'에 해당하는 차종을 DB에서 찾을 수 없어 리뷰를 건너뜁니다.
[2025-09-14T09:51:36.711+0000] {subprocess.py:93} INFO - 경고: JSON의 '싼타페'에 해당하는 차종을 DB에서 찾을 수 없어 리뷰를 건너뜁니다.
[2025-09-14T09:51:36.711+0000] {subprocess.py:93} INFO - 경고: JSON의 '포터 II'에 해당하는 차종을 DB에서 찾을 수 없어 리뷰를 건너뜁니다.
[2025-09-14T09:51:36.714+0000] {subprocess.py:93} INFO - 경고: JSON의 '싼타페'에 해당하는 차종을 DB에서 찾을 수 없어 리뷰를 건너뜁니다.
[2025-09-14T09:51:36.721+0000] {subprocess.py:93} INFO - 경고: JSON의 '싼타페 Hybrid'에 해당하는 차종을 DB에서 찾을 수 없어 리뷰를 건너뜁니다.
[2025-09-14T09:51:36.722+0000] {subprocess.py:93} INFO - 경고: JSON의 '싼타페 Hybrid'에 해당하는 차종을 DB에서 찾을 수 없어 리뷰를 건너뜁니다.
[2025-09-14T09:51:36.722+0000] {subprocess.py:93} INFO - 경고: JSON의 '싼타페 Hybrid'에 해당하는 차종을 DB에서 찾을 수 없어 리뷰를 건너뜁니다.
[2025-09-14T09:51:36.722+0000] {subprocess.py:93} INFO - 경고: JSON의 '쏘나타 택시'에 해당하는 차종을 DB에서 찾을 수 없어 리뷰를 건너뜁니다.
[2025-09-14T09:51:36.725+0000] {subprocess.py:93} INFO - 경고: JSON의 '싼타페'에 해당하는 차종을 DB에서 찾을 수 없어 리뷰를 건너뜁니다.
[2025-09-14T09:51:36.739+0000] {subprocess.py:93} INFO - 경고: JSON의 '싼타페 Hybrid'에 해당하는 차종을 DB에서 찾을 수 없어 리뷰를 건너뜁니다.
[2025-09-14T09:51:36.742+0000] {subprocess.py:93} INFO - 경고: JSON의 '싼타페'에 해당하는 차종을 DB에서 찾을 수 없어 리뷰를 건너뜁니다.
[2025-09-14T09:51:36.755+0000] {subprocess.py:93} INFO - 경고: JSON의 '포터 II Electric'에 해당하는 차종을 DB에서 찾을 수 없어 리뷰를 건너뜁니다.
[2025-09-14T09:51:36.762+0000] {subprocess.py:93} INFO - 경고: JSON의 '싼타페 Hybrid'에 해당하는 차종을 DB에서 찾을 수 없어 리뷰를 건너뜁니다.
[2025-09-14T09:51:36.817+0000] {subprocess.py:93} INFO - 경고: JSON의 '싼타페'에 해당하는 차종을 DB에서 찾을 수 없어 리뷰를 건너뜁니다.
[2025-09-14T09:51:36.820+0000] {subprocess.py:93} INFO - 경고: JSON의 '포터 II'에 해당하는 차종을 DB에서 찾을 수 없어 리뷰를 건너뜁니다.
[2025-09-14T09:51:36.827+0000] {subprocess.py:93} INFO - 경고: JSON의 '포터 II 특장차'에 해당하는 차종을 DB에서 찾을 수 없어 리뷰를 건너뜁니다.
[2025-09-14T09:51:36.827+0000] {subprocess.py:93} INFO - 경고: JSON의 '싼타페 Hybrid'에 해당하는 차종을 DB에서 찾을 수 없어 리뷰를 건너뜁니다.
[2025-09-14T09:51:36.827+0000] {subprocess.py:93} INFO - 경고: JSON의 '포터 II Electric'에 해당하는 차종을 DB에서 찾을 수 없어 리뷰를 건너뜁니다.
[2025-09-14T09:51:36.830+0000] {subprocess.py:93} INFO - 경고: JSON의 '싼타페'에 해당하는 차종을 DB에서 찾을 수 없어 리뷰를 건너뜁니다.
[2025-09-14T09:51:36.830+0000] {subprocess.py:93} INFO - 경고: JSON의 '싼타페 Hybrid'에 해당하는 차종을 DB에서 찾을 수 없어 리뷰를 건너뜁니다.
[2025-09-14T09:51:36.846+0000] {subprocess.py:93} INFO - 경고: JSON의 '싼타페'에 해당하는 차종을 DB에서 찾을 수 없어 리뷰를 건너뜁니다.
[2025-09-14T09:51:36.860+0000] {subprocess.py:93} INFO - 경고: JSON의 '싼타페'에 해당하는 차종을 DB에서 찾을 수 없어 리뷰를 건너뜁니다.
[2025-09-14T09:51:36.931+0000] {subprocess.py:93} INFO - 경고: JSON의 '싼타페'에 해당하는 차종을 DB에서 찾을 수 없어 리뷰를 건너뜁니다.
[2025-09-14T09:51:36.942+0000] {subprocess.py:93} INFO - 경고: JSON의 '싼타페 Hybrid'에 해당하는 차종을 DB에서 찾을 수 없어 리뷰를 건너뜁니다.
[2025-09-14T09:51:36.970+0000] {subprocess.py:93} INFO - 경고: JSON의 '싼타페 Hybrid'에 해당하는 차종을 DB에서 찾을 수 없어 리뷰를 건너뜁니다.
[2025-09-14T09:51:37.025+0000] {subprocess.py:93} INFO - 경고: JSON의 '싼타페 Hybrid'에 해당하는 차종을 DB에서 찾을 수 없어 리뷰를 건너뜁니다.
[2025-09-14T09:51:37.037+0000] {subprocess.py:93} INFO - 경고: JSON의 '싼타페 Hybrid'에 해당하는 차종을 DB에서 찾을 수 없어 리뷰를 건너뜁니다.
[2025-09-14T09:51:37.046+0000] {subprocess.py:93} INFO - 경고: JSON의 '싼타페 Hybrid'에 해당하는 차종을 DB에서 찾을 수 없어 리뷰를 건너뜁니다.
[2025-09-14T09:51:37.047+0000] {subprocess.py:93} INFO - 경고: JSON의 '쏘나타 택시'에 해당하는 차종을 DB에서 찾을 수 없어 리뷰를 건너뜁니다.
[2025-09-14T09:51:37.062+0000] {subprocess.py:93} INFO - 경고: JSON의 '포터 II'에 해당하는 차종을 DB에서 찾을 수 없어 리뷰를 건너뜁니다.
[2025-09-14T09:51:37.102+0000] {subprocess.py:93} INFO - 경고: JSON의 '싼타페 Hybrid'에 해당하는 차종을 DB에서 찾을 수 없어 리뷰를 건너뜁니다.
[2025-09-14T09:51:37.144+0000] {subprocess.py:93} INFO - 경고: JSON의 '싼타페 Hybrid'에 해당하는 차종을 DB에서 찾을 수 없어 리뷰를 건너뜁니다.
[2025-09-14T09:51:37.158+0000] {subprocess.py:93} INFO - 경고: JSON의 '싼타페'에 해당하는 차종을 DB에서 찾을 수 없어 리뷰를 건너뜁니다.
[2025-09-14T09:51:37.159+0000] {subprocess.py:93} INFO - 경고: JSON의 '포터 II'에 해당하는 차종을 DB에서 찾을 수 없어 리뷰를 건너뜁니다.
[2025-09-14T09:51:37.162+0000] {subprocess.py:93} INFO - 경고: JSON의 '포터 II Electric'에 해당하는 차종을 DB에서 찾을 수 없어 리뷰를 건너뜁니다.
[2025-09-14T09:51:37.176+0000] {subprocess.py:93} INFO - 경고: JSON의 '싼타페 Hybrid'에 해당하는 차종을 DB에서 찾을 수 없어 리뷰를 건너뜁니다.
[2025-09-14T09:51:37.186+0000] {subprocess.py:93} INFO - 경고: JSON의 '싼타페 Hybrid'에 해당하는 차종을 DB에서 찾을 수 없어 리뷰를 건너뜁니다.
[2025-09-14T09:51:37.210+0000] {subprocess.py:93} INFO - 경고: JSON의 '포터 II Electric 특장차'에 해당하는 차종을 DB에서 찾을 수 없어 리뷰를 건너뜁니다.
[2025-09-14T09:51:37.230+0000] {subprocess.py:93} INFO - 경고: JSON의 '싼타페 Hybrid'에 해당하는 차종을 DB에서 찾을 수 없어 리뷰를 건너뜁니다.
[2025-09-14T09:51:37.233+0000] {subprocess.py:93} INFO - 경고: JSON의 '싼타페 Hybrid'에 해당하는 차종을 DB에서 찾을 수 없어 리뷰를 건너뜁니다.
[2025-09-14T09:51:37.250+0000] {subprocess.py:93} INFO - 경고: JSON의 '싼타페'에 해당하는 차종을 DB에서 찾을 수 없어 리뷰를 건너뜁니다.
[2025-09-14T09:51:37.268+0000] {subprocess.py:93} INFO - 경고: JSON의 '싼타페'에 해당하는 차종을 DB에서 찾을 수 없어 리뷰를 건너뜁니다.
[2025-09-14T09:51:37.269+0000] {subprocess.py:93} INFO - 경고: JSON의 '포터 II Electric'에 해당하는 차종을 DB에서 찾을 수 없어 리뷰를 건너뜁니다.
[2025-09-14T09:51:37.377+0000] {subprocess.py:93} INFO - 경고: JSON의 '싼타페 Hybrid'에 해당하는 차종을 DB에서 찾을 수 없어 리뷰를 건너뜁니다.
[2025-09-14T09:51:37.395+0000] {subprocess.py:93} INFO - 경고: JSON의 '싼타페'에 해당하는 차종을 DB에서 찾을 수 없어 리뷰를 건너뜁니다.
[2025-09-14T09:51:37.407+0000] {subprocess.py:93} INFO - 경고: JSON의 '싼타페 Hybrid'에 해당하는 차종을 DB에서 찾을 수 없어 리뷰를 건너뜁니다.
[2025-09-14T09:51:37.432+0000] {subprocess.py:93} INFO - 경고: JSON의 '포터 II'에 해당하는 차종을 DB에서 찾을 수 없어 리뷰를 건너뜁니다.
[2025-09-14T09:51:37.512+0000] {subprocess.py:93} INFO - 경고: JSON의 '싼타페 Hybrid'에 해당하는 차종을 DB에서 찾을 수 없어 리뷰를 건너뜁니다.
[2025-09-14T09:51:37.540+0000] {subprocess.py:93} INFO - 경고: JSON의 '싼타페'에 해당하는 차종을 DB에서 찾을 수 없어 리뷰를 건너뜁니다.
[2025-09-14T09:51:37.547+0000] {subprocess.py:93} INFO - 경고: JSON의 '싼타페 Hybrid'에 해당하는 차종을 DB에서 찾을 수 없어 리뷰를 건너뜁니다.
[2025-09-14T09:51:37.577+0000] {subprocess.py:93} INFO - 경고: JSON의 '포터 II Electric'에 해당하는 차종을 DB에서 찾을 수 없어 리뷰를 건너뜁니다.
[2025-09-14T09:51:37.605+0000] {subprocess.py:93} INFO - 경고: JSON의 '싼타페'에 해당하는 차종을 DB에서 찾을 수 없어 리뷰를 건너뜁니다.
[2025-09-14T09:51:37.605+0000] {subprocess.py:93} INFO - 경고: JSON의 '싼타페 Hybrid'에 해당하는 차종을 DB에서 찾을 수 없어 리뷰를 건너뜁니다.
[2025-09-14T09:51:37.636+0000] {subprocess.py:93} INFO - 경고: JSON의 '싼타페 Hybrid'에 해당하는 차종을 DB에서 찾을 수 없어 리뷰를 건너뜁니다.
[2025-09-14T09:51:37.642+0000] {subprocess.py:93} INFO - 경고: JSON의 '싼타페 Hybrid'에 해당하는 차종을 DB에서 찾을 수 없어 리뷰를 건너뜁니다.
[2025-09-14T09:51:37.669+0000] {subprocess.py:93} INFO - 경고: JSON의 '싼타페 Hybrid'에 해당하는 차종을 DB에서 찾을 수 없어 리뷰를 건너뜁니다.
[2025-09-14T09:51:37.673+0000] {subprocess.py:93} INFO - 경고: JSON의 '싼타페 Hybrid'에 해당하는 차종을 DB에서 찾을 수 없어 리뷰를 건너뜁니다.
[2025-09-14T09:51:37.677+0000] {subprocess.py:93} INFO - 경고: JSON의 '싼타페 Hybrid'에 해당하는 차종을 DB에서 찾을 수 없어 리뷰를 건너뜁니다.
[2025-09-14T09:51:37.678+0000] {subprocess.py:93} INFO - 경고: JSON의 '싼타페'에 해당하는 차종을 DB에서 찾을 수 없어 리뷰를 건너뜁니다.
[2025-09-14T09:51:37.708+0000] {subprocess.py:93} INFO - 경고: JSON의 '싼타페 Hybrid'에 해당하는 차종을 DB에서 찾을 수 없어 리뷰를 건너뜁니다.
[2025-09-14T09:51:37.709+0000] {subprocess.py:93} INFO - 경고: JSON의 '싼타페 Hybrid'에 해당하는 차종을 DB에서 찾을 수 없어 리뷰를 건너뜁니다.
[2025-09-14T09:51:37.749+0000] {subprocess.py:93} INFO - 경고: JSON의 '포터 II'에 해당하는 차종을 DB에서 찾을 수 없어 리뷰를 건너뜁니다.
[2025-09-14T09:51:37.749+0000] {subprocess.py:93} INFO - 경고: JSON의 '싼타페 Hybrid'에 해당하는 차종을 DB에서 찾을 수 없어 리뷰를 건너뜁니다.
[2025-09-14T09:51:37.750+0000] {subprocess.py:93} INFO - 경고: JSON의 '쏘나타 택시'에 해당하는 차종을 DB에서 찾을 수 없어 리뷰를 건너뜁니다.
[2025-09-14T09:51:37.750+0000] {subprocess.py:93} INFO - 경고: JSON의 '싼타페 Hybrid'에 해당하는 차종을 DB에서 찾을 수 없어 리뷰를 건너뜁니다.
[2025-09-14T09:51:37.750+0000] {subprocess.py:93} INFO - 경고: JSON의 '쏘나타 택시'에 해당하는 차종을 DB에서 찾을 수 없어 리뷰를 건너뜁니다.
[2025-09-14T09:51:37.750+0000] {subprocess.py:93} INFO - 경고: JSON의 '쏘나타 택시'에 해당하는 차종을 DB에서 찾을 수 없어 리뷰를 건너뜁니다.
[2025-09-14T09:51:37.807+0000] {subprocess.py:93} INFO - 경고: JSON의 '포터 II Electric'에 해당하는 차종을 DB에서 찾을 수 없어 리뷰를 건너뜁니다.
[2025-09-14T09:51:37.821+0000] {subprocess.py:93} INFO - 경고: JSON의 '싼타페'에 해당하는 차종을 DB에서 찾을 수 없어 리뷰를 건너뜁니다.
[2025-09-14T09:51:37.825+0000] {subprocess.py:93} INFO - 경고: JSON의 '싼타페 Hybrid'에 해당하는 차종을 DB에서 찾을 수 없어 리뷰를 건너뜁니다.
[2025-09-14T09:51:37.837+0000] {subprocess.py:93} INFO - 경고: JSON의 '싼타페 Hybrid'에 해당하는 차종을 DB에서 찾을 수 없어 리뷰를 건너뜁니다.
[2025-09-14T09:51:37.845+0000] {subprocess.py:93} INFO - 경고: JSON의 '싼타페 Hybrid'에 해당하는 차종을 DB에서 찾을 수 없어 리뷰를 건너뜁니다.
[2025-09-14T09:51:37.857+0000] {subprocess.py:93} INFO - 경고: JSON의 '포터 II'에 해당하는 차종을 DB에서 찾을 수 없어 리뷰를 건너뜁니다.
[2025-09-14T09:51:37.877+0000] {subprocess.py:93} INFO - 경고: JSON의 '싼타페 Hybrid'에 해당하는 차종을 DB에서 찾을 수 없어 리뷰를 건너뜁니다.
[2025-09-14T09:51:37.878+0000] {subprocess.py:93} INFO - 경고: JSON의 '싼타페 Hybrid'에 해당하는 차종을 DB에서 찾을 수 없어 리뷰를 건너뜁니다.
[2025-09-14T09:51:37.933+0000] {subprocess.py:93} INFO - 경고: JSON의 '싼타페'에 해당하는 차종을 DB에서 찾을 수 없어 리뷰를 건너뜁니다.
[2025-09-14T09:51:37.948+0000] {subprocess.py:93} INFO - 경고: JSON의 '싼타페 Hybrid'에 해당하는 차종을 DB에서 찾을 수 없어 리뷰를 건너뜁니다.
[2025-09-14T09:51:37.949+0000] {subprocess.py:93} INFO - 경고: JSON의 '포터 II'에 해당하는 차종을 DB에서 찾을 수 없어 리뷰를 건너뜁니다.
[2025-09-14T09:51:37.952+0000] {subprocess.py:93} INFO - 경고: JSON의 '싼타페 Hybrid'에 해당하는 차종을 DB에서 찾을 수 없어 리뷰를 건너뜁니다.
[2025-09-14T09:51:37.954+0000] {subprocess.py:93} INFO - 경고: JSON의 '포터 II Electric 특장차'에 해당하는 차종을 DB에서 찾을 수 없어 리뷰를 건너뜁니다.
[2025-09-14T09:51:37.963+0000] {subprocess.py:93} INFO - 경고: JSON의 '포터 II'에 해당하는 차종을 DB에서 찾을 수 없어 리뷰를 건너뜁니다.
[2025-09-14T09:51:37.970+0000] {subprocess.py:93} INFO - 경고: JSON의 '싼타페 Hybrid'에 해당하는 차종을 DB에서 찾을 수 없어 리뷰를 건너뜁니다.
[2025-09-14T09:51:37.991+0000] {subprocess.py:93} INFO - 경고: JSON의 '싼타페 Hybrid'에 해당하는 차종을 DB에서 찾을 수 없어 리뷰를 건너뜁니다.
[2025-09-14T09:51:38.018+0000] {subprocess.py:93} INFO - 경고: JSON의 '싼타페 Hybrid'에 해당하는 차종을 DB에서 찾을 수 없어 리뷰를 건너뜁니다.
[2025-09-14T09:51:38.032+0000] {subprocess.py:93} INFO - 경고: JSON의 '싼타페 Hybrid'에 해당하는 차종을 DB에서 찾을 수 없어 리뷰를 건너뜁니다.
[2025-09-14T09:51:38.033+0000] {subprocess.py:93} INFO - 경고: JSON의 '싼타페 Hybrid'에 해당하는 차종을 DB에서 찾을 수 없어 리뷰를 건너뜁니다.
[2025-09-14T09:51:38.046+0000] {subprocess.py:93} INFO - 경고: JSON의 '포터 II Electric 특장차'에 해당하는 차종을 DB에서 찾을 수 없어 리뷰를 건너뜁니다.
[2025-09-14T09:51:38.050+0000] {subprocess.py:93} INFO - 경고: JSON의 '싼타페 Hybrid'에 해당하는 차종을 DB에서 찾을 수 없어 리뷰를 건너뜁니다.
[2025-09-14T09:51:38.061+0000] {subprocess.py:93} INFO - 경고: JSON의 '포터 II Electric'에 해당하는 차종을 DB에서 찾을 수 없어 리뷰를 건너뜁니다.
[2025-09-14T09:51:38.095+0000] {subprocess.py:93} INFO - 경고: JSON의 '싼타페 Hybrid'에 해당하는 차종을 DB에서 찾을 수 없어 리뷰를 건너뜁니다.
[2025-09-14T09:51:38.098+0000] {subprocess.py:93} INFO - 경고: JSON의 '싼타페 Hybrid'에 해당하는 차종을 DB에서 찾을 수 없어 리뷰를 건너뜁니다.
[2025-09-14T09:51:38.127+0000] {subprocess.py:93} INFO - 경고: JSON의 '싼타페 Hybrid'에 해당하는 차종을 DB에서 찾을 수 없어 리뷰를 건너뜁니다.
[2025-09-14T09:51:38.153+0000] {subprocess.py:93} INFO - 경고: JSON의 '싼타페'에 해당하는 차종을 DB에서 찾을 수 없어 리뷰를 건너뜁니다.
[2025-09-14T09:51:38.190+0000] {subprocess.py:93} INFO - 경고: JSON의 '싼타페 Hybrid'에 해당하는 차종을 DB에서 찾을 수 없어 리뷰를 건너뜁니다.
[2025-09-14T09:51:38.190+0000] {subprocess.py:93} INFO - 경고: JSON의 '싼타페 Hybrid'에 해당하는 차종을 DB에서 찾을 수 없어 리뷰를 건너뜁니다.
[2025-09-14T09:51:38.241+0000] {subprocess.py:93} INFO - 경고: JSON의 '싼타페 Hybrid'에 해당하는 차종을 DB에서 찾을 수 없어 리뷰를 건너뜁니다.
[2025-09-14T09:51:38.258+0000] {subprocess.py:93} INFO - 경고: JSON의 '포터 II Electric'에 해당하는 차종을 DB에서 찾을 수 없어 리뷰를 건너뜁니다.
[2025-09-14T09:51:38.280+0000] {subprocess.py:93} INFO - 경고: JSON의 '포터 II'에 해당하는 차종을 DB에서 찾을 수 없어 리뷰를 건너뜁니다.
[2025-09-14T09:51:38.281+0000] {subprocess.py:93} INFO - 경고: JSON의 '싼타페'에 해당하는 차종을 DB에서 찾을 수 없어 리뷰를 건너뜁니다.
[2025-09-14T09:51:38.284+0000] {subprocess.py:93} INFO - 경고: JSON의 '포터 II'에 해당하는 차종을 DB에서 찾을 수 없어 리뷰를 건너뜁니다.
[2025-09-14T09:51:38.299+0000] {subprocess.py:93} INFO - 경고: JSON의 '포터 II'에 해당하는 차종을 DB에서 찾을 수 없어 리뷰를 건너뜁니다.
[2025-09-14T09:51:38.306+0000] {subprocess.py:93} INFO - 경고: JSON의 '싼타페 Hybrid'에 해당하는 차종을 DB에서 찾을 수 없어 리뷰를 건너뜁니다.
[2025-09-14T09:51:38.312+0000] {subprocess.py:93} INFO - 경고: JSON의 '싼타페'에 해당하는 차종을 DB에서 찾을 수 없어 리뷰를 건너뜁니다.
[2025-09-14T09:51:38.341+0000] {subprocess.py:93} INFO - 경고: JSON의 '싼타페 Hybrid'에 해당하는 차종을 DB에서 찾을 수 없어 리뷰를 건너뜁니다.
[2025-09-14T09:51:38.344+0000] {subprocess.py:93} INFO - 경고: JSON의 '싼타페 Hybrid'에 해당하는 차종을 DB에서 찾을 수 없어 리뷰를 건너뜁니다.
[2025-09-14T09:51:38.345+0000] {subprocess.py:93} INFO - 경고: JSON의 '쏘나타 택시'에 해당하는 차종을 DB에서 찾을 수 없어 리뷰를 건너뜁니다.
[2025-09-14T09:51:38.348+0000] {subprocess.py:93} INFO - 경고: JSON의 '싼타페 Hybrid'에 해당하는 차종을 DB에서 찾을 수 없어 리뷰를 건너뜁니다.
[2025-09-14T09:51:38.372+0000] {subprocess.py:93} INFO - 경고: JSON의 '싼타페 Hybrid'에 해당하는 차종을 DB에서 찾을 수 없어 리뷰를 건너뜁니다.
[2025-09-14T09:51:38.376+0000] {subprocess.py:93} INFO - 경고: JSON의 '싼타페'에 해당하는 차종을 DB에서 찾을 수 없어 리뷰를 건너뜁니다.
[2025-09-14T09:51:38.396+0000] {subprocess.py:93} INFO - 경고: JSON의 '포터 II 특장차'에 해당하는 차종을 DB에서 찾을 수 없어 리뷰를 건너뜁니다.
[2025-09-14T09:51:38.409+0000] {subprocess.py:93} INFO - 경고: JSON의 '싼타페 Hybrid'에 해당하는 차종을 DB에서 찾을 수 없어 리뷰를 건너뜁니다.
[2025-09-14T09:51:38.409+0000] {subprocess.py:93} INFO - 경고: JSON의 '포터 II'에 해당하는 차종을 DB에서 찾을 수 없어 리뷰를 건너뜁니다.
[2025-09-14T09:51:38.413+0000] {subprocess.py:93} INFO - 경고: JSON의 '싼타페'에 해당하는 차종을 DB에서 찾을 수 없어 리뷰를 건너뜁니다.
[2025-09-14T09:51:38.414+0000] {subprocess.py:93} INFO - 경고: JSON의 '싼타페 Hybrid'에 해당하는 차종을 DB에서 찾을 수 없어 리뷰를 건너뜁니다.
[2025-09-14T09:51:38.422+0000] {subprocess.py:93} INFO - 경고: JSON의 '포터 II 특장차'에 해당하는 차종을 DB에서 찾을 수 없어 리뷰를 건너뜁니다.
[2025-09-14T09:51:38.422+0000] {subprocess.py:93} INFO - 경고: JSON의 '싼타페'에 해당하는 차종을 DB에서 찾을 수 없어 리뷰를 건너뜁니다.
[2025-09-14T09:51:38.434+0000] {subprocess.py:93} INFO - 경고: JSON의 '싼타페 Hybrid'에 해당하는 차종을 DB에서 찾을 수 없어 리뷰를 건너뜁니다.
[2025-09-14T09:51:38.446+0000] {subprocess.py:93} INFO - 경고: JSON의 '싼타페 Hybrid'에 해당하는 차종을 DB에서 찾을 수 없어 리뷰를 건너뜁니다.
[2025-09-14T09:51:38.446+0000] {subprocess.py:93} INFO - 경고: JSON의 '싼타페 Hybrid'에 해당하는 차종을 DB에서 찾을 수 없어 리뷰를 건너뜁니다.
[2025-09-14T09:51:38.446+0000] {subprocess.py:93} INFO - 경고: JSON의 '포터 II 특장차'에 해당하는 차종을 DB에서 찾을 수 없어 리뷰를 건너뜁니다.
[2025-09-14T09:51:38.463+0000] {subprocess.py:93} INFO - 경고: JSON의 '싼타페'에 해당하는 차종을 DB에서 찾을 수 없어 리뷰를 건너뜁니다.
[2025-09-14T09:51:38.463+0000] {subprocess.py:93} INFO - 경고: JSON의 '싼타페'에 해당하는 차종을 DB에서 찾을 수 없어 리뷰를 건너뜁니다.
[2025-09-14T09:51:38.491+0000] {subprocess.py:93} INFO - 경고: JSON의 '싼타페'에 해당하는 차종을 DB에서 찾을 수 없어 리뷰를 건너뜁니다.
[2025-09-14T09:51:38.492+0000] {subprocess.py:93} INFO - 경고: JSON의 '포터 II'에 해당하는 차종을 DB에서 찾을 수 없어 리뷰를 건너뜁니다.
[2025-09-14T09:51:38.504+0000] {subprocess.py:93} INFO - 경고: JSON의 '포터 II'에 해당하는 차종을 DB에서 찾을 수 없어 리뷰를 건너뜁니다.
[2025-09-14T09:51:38.508+0000] {subprocess.py:93} INFO - 경고: JSON의 '싼타페 Hybrid'에 해당하는 차종을 DB에서 찾을 수 없어 리뷰를 건너뜁니다.
[2025-09-14T09:51:38.521+0000] {subprocess.py:93} INFO - 경고: JSON의 '싼타페 Hybrid'에 해당하는 차종을 DB에서 찾을 수 없어 리뷰를 건너뜁니다.
[2025-09-14T09:51:38.522+0000] {subprocess.py:93} INFO - 경고: JSON의 '싼타페 Hybrid'에 해당하는 차종을 DB에서 찾을 수 없어 리뷰를 건너뜁니다.
[2025-09-14T09:51:38.542+0000] {subprocess.py:93} INFO - 경고: JSON의 '싼타페 Hybrid'에 해당하는 차종을 DB에서 찾을 수 없어 리뷰를 건너뜁니다.
[2025-09-14T09:51:38.546+0000] {subprocess.py:93} INFO - 경고: JSON의 '싼타페'에 해당하는 차종을 DB에서 찾을 수 없어 리뷰를 건너뜁니다.
[2025-09-14T09:51:38.558+0000] {subprocess.py:93} INFO - 경고: JSON의 '싼타페'에 해당하는 차종을 DB에서 찾을 수 없어 리뷰를 건너뜁니다.
[2025-09-14T09:51:38.570+0000] {subprocess.py:93} INFO - 경고: JSON의 '포터 II Electric'에 해당하는 차종을 DB에서 찾을 수 없어 리뷰를 건너뜁니다.
[2025-09-14T09:51:38.570+0000] {subprocess.py:93} INFO - 경고: JSON의 '싼타페 Hybrid'에 해당하는 차종을 DB에서 찾을 수 없어 리뷰를 건너뜁니다.
[2025-09-14T09:51:38.570+0000] {subprocess.py:93} INFO - 경고: JSON의 '싼타페 Hybrid'에 해당하는 차종을 DB에서 찾을 수 없어 리뷰를 건너뜁니다.
[2025-09-14T09:51:38.582+0000] {subprocess.py:93} INFO - 경고: JSON의 '싼타페'에 해당하는 차종을 DB에서 찾을 수 없어 리뷰를 건너뜁니다.
[2025-09-14T09:51:38.586+0000] {subprocess.py:93} INFO - 경고: JSON의 '싼타페 Hybrid'에 해당하는 차종을 DB에서 찾을 수 없어 리뷰를 건너뜁니다.
[2025-09-14T09:51:38.586+0000] {subprocess.py:93} INFO - 경고: JSON의 '싼타페'에 해당하는 차종을 DB에서 찾을 수 없어 리뷰를 건너뜁니다.
[2025-09-14T09:51:38.590+0000] {subprocess.py:93} INFO - 경고: JSON의 '싼타페 Hybrid'에 해당하는 차종을 DB에서 찾을 수 없어 리뷰를 건너뜁니다.
[2025-09-14T09:51:38.607+0000] {subprocess.py:93} INFO - 경고: JSON의 '싼타페 Hybrid'에 해당하는 차종을 DB에서 찾을 수 없어 리뷰를 건너뜁니다.
[2025-09-14T09:51:38.607+0000] {subprocess.py:93} INFO - 경고: JSON의 '싼타페 Hybrid'에 해당하는 차종을 DB에서 찾을 수 없어 리뷰를 건너뜁니다.
[2025-09-14T09:51:38.610+0000] {subprocess.py:93} INFO - 경고: JSON의 '싼타페 Hybrid'에 해당하는 차종을 DB에서 찾을 수 없어 리뷰를 건너뜁니다.
[2025-09-14T09:51:38.611+0000] {subprocess.py:93} INFO - 경고: JSON의 '싼타페 Hybrid'에 해당하는 차종을 DB에서 찾을 수 없어 리뷰를 건너뜁니다.
[2025-09-14T09:51:38.611+0000] {subprocess.py:93} INFO - 경고: JSON의 '싼타페 Hybrid'에 해당하는 차종을 DB에서 찾을 수 없어 리뷰를 건너뜁니다.
[2025-09-14T09:51:38.622+0000] {subprocess.py:93} INFO - 경고: JSON의 '포터 II'에 해당하는 차종을 DB에서 찾을 수 없어 리뷰를 건너뜁니다.
[2025-09-14T09:51:38.629+0000] {subprocess.py:93} INFO - 경고: JSON의 '포터 II 특장차'에 해당하는 차종을 DB에서 찾을 수 없어 리뷰를 건너뜁니다.
[2025-09-14T09:51:38.632+0000] {subprocess.py:93} INFO - 경고: JSON의 '싼타페 Hybrid'에 해당하는 차종을 DB에서 찾을 수 없어 리뷰를 건너뜁니다.
[2025-09-14T09:51:38.635+0000] {subprocess.py:93} INFO - 경고: JSON의 '싼타페'에 해당하는 차종을 DB에서 찾을 수 없어 리뷰를 건너뜁니다.
[2025-09-14T09:51:38.636+0000] {subprocess.py:93} INFO - 경고: JSON의 '싼타페 Hybrid'에 해당하는 차종을 DB에서 찾을 수 없어 리뷰를 건너뜁니다.
[2025-09-14T09:51:38.639+0000] {subprocess.py:93} INFO - 경고: JSON의 '싼타페 Hybrid'에 해당하는 차종을 DB에서 찾을 수 없어 리뷰를 건너뜁니다.
[2025-09-14T09:51:38.689+0000] {subprocess.py:93} INFO - 경고: JSON의 '싼타페 Hybrid'에 해당하는 차종을 DB에서 찾을 수 없어 리뷰를 건너뜁니다.
[2025-09-14T09:51:38.690+0000] {subprocess.py:93} INFO - 경고: JSON의 '싼타페'에 해당하는 차종을 DB에서 찾을 수 없어 리뷰를 건너뜁니다.
[2025-09-14T09:51:38.690+0000] {subprocess.py:93} INFO - 경고: JSON의 '싼타페 Hybrid'에 해당하는 차종을 DB에서 찾을 수 없어 리뷰를 건너뜁니다.
[2025-09-14T09:51:38.700+0000] {subprocess.py:93} INFO - 경고: JSON의 '포터 II Electric'에 해당하는 차종을 DB에서 찾을 수 없어 리뷰를 건너뜁니다.
[2025-09-14T09:51:38.713+0000] {subprocess.py:93} INFO - 경고: JSON의 '싼타페'에 해당하는 차종을 DB에서 찾을 수 없어 리뷰를 건너뜁니다.
[2025-09-14T09:51:38.734+0000] {subprocess.py:93} INFO - 경고: JSON의 '싼타페 Hybrid'에 해당하는 차종을 DB에서 찾을 수 없어 리뷰를 건너뜁니다.
[2025-09-14T09:51:38.734+0000] {subprocess.py:93} INFO - 경고: JSON의 '싼타페 Hybrid'에 해당하는 차종을 DB에서 찾을 수 없어 리뷰를 건너뜁니다.
[2025-09-14T09:51:38.750+0000] {subprocess.py:93} INFO - 경고: JSON의 '싼타페 Hybrid'에 해당하는 차종을 DB에서 찾을 수 없어 리뷰를 건너뜁니다.
[2025-09-14T09:51:38.751+0000] {subprocess.py:93} INFO - 경고: JSON의 '싼타페 Hybrid'에 해당하는 차종을 DB에서 찾을 수 없어 리뷰를 건너뜁니다.
[2025-09-14T09:51:38.780+0000] {subprocess.py:93} INFO - 경고: JSON의 '싼타페 Hybrid'에 해당하는 차종을 DB에서 찾을 수 없어 리뷰를 건너뜁니다.
[2025-09-14T09:51:38.803+0000] {subprocess.py:93} INFO - 경고: JSON의 '싼타페 Hybrid'에 해당하는 차종을 DB에서 찾을 수 없어 리뷰를 건너뜁니다.
[2025-09-14T09:51:38.822+0000] {subprocess.py:93} INFO - 경고: JSON의 '싼타페 Hybrid'에 해당하는 차종을 DB에서 찾을 수 없어 리뷰를 건너뜁니다.
[2025-09-14T09:51:38.839+0000] {subprocess.py:93} INFO - 경고: JSON의 '싼타페'에 해당하는 차종을 DB에서 찾을 수 없어 리뷰를 건너뜁니다.
[2025-09-14T09:51:38.845+0000] {subprocess.py:93} INFO - 경고: JSON의 '싼타페'에 해당하는 차종을 DB에서 찾을 수 없어 리뷰를 건너뜁니다.
[2025-09-14T09:51:38.858+0000] {subprocess.py:93} INFO - 경고: JSON의 '싼타페'에 해당하는 차종을 DB에서 찾을 수 없어 리뷰를 건너뜁니다.
[2025-09-14T09:51:38.904+0000] {subprocess.py:93} INFO - 경고: JSON의 '포터 II'에 해당하는 차종을 DB에서 찾을 수 없어 리뷰를 건너뜁니다.
[2025-09-14T09:51:38.934+0000] {subprocess.py:93} INFO - 경고: JSON의 '싼타페'에 해당하는 차종을 DB에서 찾을 수 없어 리뷰를 건너뜁니다.
[2025-09-14T09:51:38.949+0000] {subprocess.py:93} INFO - 경고: JSON의 '싼타페 Hybrid'에 해당하는 차종을 DB에서 찾을 수 없어 리뷰를 건너뜁니다.
[2025-09-14T09:51:38.950+0000] {subprocess.py:93} INFO - 경고: JSON의 '싼타페 Hybrid'에 해당하는 차종을 DB에서 찾을 수 없어 리뷰를 건너뜁니다.
[2025-09-14T09:51:38.950+0000] {subprocess.py:93} INFO - 경고: JSON의 '싼타페'에 해당하는 차종을 DB에서 찾을 수 없어 리뷰를 건너뜁니다.
[2025-09-14T09:51:38.956+0000] {subprocess.py:93} INFO - 경고: JSON의 '싼타페 Hybrid'에 해당하는 차종을 DB에서 찾을 수 없어 리뷰를 건너뜁니다.
[2025-09-14T09:51:38.962+0000] {subprocess.py:93} INFO - 경고: JSON의 '싼타페 Hybrid'에 해당하는 차종을 DB에서 찾을 수 없어 리뷰를 건너뜁니다.
[2025-09-14T09:51:38.969+0000] {subprocess.py:93} INFO - 경고: JSON의 '싼타페 Hybrid'에 해당하는 차종을 DB에서 찾을 수 없어 리뷰를 건너뜁니다.
[2025-09-14T09:51:38.969+0000] {subprocess.py:93} INFO - 경고: JSON의 '싼타페'에 해당하는 차종을 DB에서 찾을 수 없어 리뷰를 건너뜁니다.
[2025-09-14T09:51:38.970+0000] {subprocess.py:93} INFO - 경고: JSON의 '싼타페 Hybrid'에 해당하는 차종을 DB에서 찾을 수 없어 리뷰를 건너뜁니다.
[2025-09-14T09:51:38.972+0000] {subprocess.py:93} INFO - 경고: JSON의 '싼타페'에 해당하는 차종을 DB에서 찾을 수 없어 리뷰를 건너뜁니다.
[2025-09-14T09:51:38.972+0000] {subprocess.py:93} INFO - 경고: JSON의 '싼타페 Hybrid'에 해당하는 차종을 DB에서 찾을 수 없어 리뷰를 건너뜁니다.
[2025-09-14T09:51:38.993+0000] {subprocess.py:93} INFO - 경고: JSON의 '싼타페 Hybrid'에 해당하는 차종을 DB에서 찾을 수 없어 리뷰를 건너뜁니다.
[2025-09-14T09:51:39.000+0000] {subprocess.py:93} INFO - 경고: JSON의 '싼타페 Hybrid'에 해당하는 차종을 DB에서 찾을 수 없어 리뷰를 건너뜁니다.
[2025-09-14T09:51:39.000+0000] {subprocess.py:93} INFO - 경고: JSON의 '싼타페 Hybrid'에 해당하는 차종을 DB에서 찾을 수 없어 리뷰를 건너뜁니다.
[2025-09-14T09:51:39.001+0000] {subprocess.py:93} INFO - 경고: JSON의 '싼타페'에 해당하는 차종을 DB에서 찾을 수 없어 리뷰를 건너뜁니다.
[2025-09-14T09:51:39.013+0000] {subprocess.py:93} INFO - 경고: JSON의 '싼타페'에 해당하는 차종을 DB에서 찾을 수 없어 리뷰를 건너뜁니다.
[2025-09-14T09:51:39.014+0000] {subprocess.py:93} INFO - 경고: JSON의 '싼타페 Hybrid'에 해당하는 차종을 DB에서 찾을 수 없어 리뷰를 건너뜁니다.
[2025-09-14T09:51:39.047+0000] {subprocess.py:93} INFO - 경고: JSON의 '싼타페 Hybrid'에 해당하는 차종을 DB에서 찾을 수 없어 리뷰를 건너뜁니다.
[2025-09-14T09:51:39.053+0000] {subprocess.py:93} INFO - 경고: JSON의 '싼타페'에 해당하는 차종을 DB에서 찾을 수 없어 리뷰를 건너뜁니다.
[2025-09-14T09:51:39.065+0000] {subprocess.py:93} INFO - 경고: JSON의 '싼타페 Hybrid'에 해당하는 차종을 DB에서 찾을 수 없어 리뷰를 건너뜁니다.
[2025-09-14T09:51:39.072+0000] {subprocess.py:93} INFO - 경고: JSON의 '싼타페 Hybrid'에 해당하는 차종을 DB에서 찾을 수 없어 리뷰를 건너뜁니다.
[2025-09-14T09:51:39.075+0000] {subprocess.py:93} INFO - 경고: JSON의 '싼타페 Hybrid'에 해당하는 차종을 DB에서 찾을 수 없어 리뷰를 건너뜁니다.
[2025-09-14T09:51:39.078+0000] {subprocess.py:93} INFO - 경고: JSON의 '싼타페 Hybrid'에 해당하는 차종을 DB에서 찾을 수 없어 리뷰를 건너뜁니다.
[2025-09-14T09:51:39.088+0000] {subprocess.py:93} INFO - 경고: JSON의 '싼타페 Hybrid'에 해당하는 차종을 DB에서 찾을 수 없어 리뷰를 건너뜁니다.
[2025-09-14T09:51:39.121+0000] {subprocess.py:93} INFO - 경고: JSON의 '싼타페 Hybrid'에 해당하는 차종을 DB에서 찾을 수 없어 리뷰를 건너뜁니다.
[2025-09-14T09:51:39.129+0000] {subprocess.py:93} INFO - 경고: JSON의 '싼타페 Hybrid'에 해당하는 차종을 DB에서 찾을 수 없어 리뷰를 건너뜁니다.
[2025-09-14T09:51:39.136+0000] {subprocess.py:93} INFO - 경고: JSON의 '싼타페 Hybrid'에 해당하는 차종을 DB에서 찾을 수 없어 리뷰를 건너뜁니다.
[2025-09-14T09:51:39.155+0000] {subprocess.py:93} INFO - 경고: JSON의 '싼타페 Hybrid'에 해당하는 차종을 DB에서 찾을 수 없어 리뷰를 건너뜁니다.
[2025-09-14T09:51:39.185+0000] {subprocess.py:93} INFO - 경고: JSON의 '싼타페 Hybrid'에 해당하는 차종을 DB에서 찾을 수 없어 리뷰를 건너뜁니다.
[2025-09-14T09:51:39.206+0000] {subprocess.py:93} INFO - 경고: JSON의 '싼타페'에 해당하는 차종을 DB에서 찾을 수 없어 리뷰를 건너뜁니다.
[2025-09-14T09:51:39.210+0000] {subprocess.py:93} INFO - 경고: JSON의 '싼타페 Hybrid'에 해당하는 차종을 DB에서 찾을 수 없어 리뷰를 건너뜁니다.
[2025-09-14T09:51:39.210+0000] {subprocess.py:93} INFO - 경고: JSON의 '싼타페 Hybrid'에 해당하는 차종을 DB에서 찾을 수 없어 리뷰를 건너뜁니다.
[2025-09-14T09:51:39.210+0000] {subprocess.py:93} INFO - 경고: JSON의 '싼타페 Hybrid'에 해당하는 차종을 DB에서 찾을 수 없어 리뷰를 건너뜁니다.
[2025-09-14T09:51:39.276+0000] {subprocess.py:93} INFO - 경고: JSON의 '싼타페 Hybrid'에 해당하는 차종을 DB에서 찾을 수 없어 리뷰를 건너뜁니다.
[2025-09-14T09:51:39.301+0000] {subprocess.py:93} INFO - 경고: JSON의 '싼타페 Hybrid'에 해당하는 차종을 DB에서 찾을 수 없어 리뷰를 건너뜁니다.
[2025-09-14T09:51:39.304+0000] {subprocess.py:93} INFO - 경고: JSON의 '싼타페 Hybrid'에 해당하는 차종을 DB에서 찾을 수 없어 리뷰를 건너뜁니다.
[2025-09-14T09:51:39.314+0000] {subprocess.py:93} INFO - 경고: JSON의 '싼타페'에 해당하는 차종을 DB에서 찾을 수 없어 리뷰를 건너뜁니다.
[2025-09-14T09:51:39.314+0000] {subprocess.py:93} INFO - 경고: JSON의 '싼타페 Hybrid'에 해당하는 차종을 DB에서 찾을 수 없어 리뷰를 건너뜁니다.
[2025-09-14T09:51:39.344+0000] {subprocess.py:93} INFO - 경고: JSON의 '싼타페 Hybrid'에 해당하는 차종을 DB에서 찾을 수 없어 리뷰를 건너뜁니다.
[2025-09-14T09:51:39.353+0000] {subprocess.py:93} INFO - 경고: JSON의 '싼타페 Hybrid'에 해당하는 차종을 DB에서 찾을 수 없어 리뷰를 건너뜁니다.
[2025-09-14T09:51:39.353+0000] {subprocess.py:93} INFO - 경고: JSON의 '싼타페 Hybrid'에 해당하는 차종을 DB에서 찾을 수 없어 리뷰를 건너뜁니다.
[2025-09-14T09:51:39.365+0000] {subprocess.py:93} INFO - 경고: JSON의 '싼타페 Hybrid'에 해당하는 차종을 DB에서 찾을 수 없어 리뷰를 건너뜁니다.
[2025-09-14T09:51:39.366+0000] {subprocess.py:93} INFO - 경고: JSON의 '싼타페 Hybrid'에 해당하는 차종을 DB에서 찾을 수 없어 리뷰를 건너뜁니다.
[2025-09-14T09:51:39.366+0000] {subprocess.py:93} INFO - 경고: JSON의 '싼타페 Hybrid'에 해당하는 차종을 DB에서 찾을 수 없어 리뷰를 건너뜁니다.
[2025-09-14T09:51:39.397+0000] {subprocess.py:93} INFO - 경고: JSON의 '싼타페 Hybrid'에 해당하는 차종을 DB에서 찾을 수 없어 리뷰를 건너뜁니다.
[2025-09-14T09:51:39.401+0000] {subprocess.py:93} INFO - 경고: JSON의 '포터 II'에 해당하는 차종을 DB에서 찾을 수 없어 리뷰를 건너뜁니다.
[2025-09-14T09:51:39.401+0000] {subprocess.py:93} INFO - 경고: JSON의 '포터 II Electric 특장차'에 해당하는 차종을 DB에서 찾을 수 없어 리뷰를 건너뜁니다.
[2025-09-14T09:51:39.416+0000] {subprocess.py:93} INFO - 경고: JSON의 '싼타페'에 해당하는 차종을 DB에서 찾을 수 없어 리뷰를 건너뜁니다.
[2025-09-14T09:51:39.447+0000] {subprocess.py:93} INFO - 경고: JSON의 '싼타페 Hybrid'에 해당하는 차종을 DB에서 찾을 수 없어 리뷰를 건너뜁니다.
[2025-09-14T09:51:39.464+0000] {subprocess.py:93} INFO - 경고: JSON의 '싼타페 Hybrid'에 해당하는 차종을 DB에서 찾을 수 없어 리뷰를 건너뜁니다.
[2025-09-14T09:51:39.469+0000] {subprocess.py:93} INFO - 경고: JSON의 '싼타페 Hybrid'에 해당하는 차종을 DB에서 찾을 수 없어 리뷰를 건너뜁니다.
[2025-09-14T09:51:39.485+0000] {subprocess.py:93} INFO - 경고: JSON의 '싼타페 Hybrid'에 해당하는 차종을 DB에서 찾을 수 없어 리뷰를 건너뜁니다.
[2025-09-14T09:51:39.494+0000] {subprocess.py:93} INFO - 경고: JSON의 '싼타페'에 해당하는 차종을 DB에서 찾을 수 없어 리뷰를 건너뜁니다.
[2025-09-14T09:51:39.502+0000] {subprocess.py:93} INFO - 경고: JSON의 '싼타페 Hybrid'에 해당하는 차종을 DB에서 찾을 수 없어 리뷰를 건너뜁니다.
[2025-09-14T09:51:39.529+0000] {subprocess.py:93} INFO - 경고: JSON의 '싼타페 Hybrid'에 해당하는 차종을 DB에서 찾을 수 없어 리뷰를 건너뜁니다.
[2025-09-14T09:51:39.541+0000] {subprocess.py:93} INFO - 경고: JSON의 '싼타페 Hybrid'에 해당하는 차종을 DB에서 찾을 수 없어 리뷰를 건너뜁니다.
[2025-09-14T09:51:39.542+0000] {subprocess.py:93} INFO - 경고: JSON의 '싼타페 Hybrid'에 해당하는 차종을 DB에서 찾을 수 없어 리뷰를 건너뜁니다.
[2025-09-14T09:51:39.550+0000] {subprocess.py:93} INFO - 경고: JSON의 '싼타페 Hybrid'에 해당하는 차종을 DB에서 찾을 수 없어 리뷰를 건너뜁니다.
[2025-09-14T09:51:39.554+0000] {subprocess.py:93} INFO - 경고: JSON의 '싼타페'에 해당하는 차종을 DB에서 찾을 수 없어 리뷰를 건너뜁니다.
[2025-09-14T09:51:39.582+0000] {subprocess.py:93} INFO - 경고: JSON의 '싼타페 Hybrid'에 해당하는 차종을 DB에서 찾을 수 없어 리뷰를 건너뜁니다.
[2025-09-14T09:51:39.583+0000] {subprocess.py:93} INFO - 경고: JSON의 '싼타페 Hybrid'에 해당하는 차종을 DB에서 찾을 수 없어 리뷰를 건너뜁니다.
[2025-09-14T09:51:39.595+0000] {subprocess.py:93} INFO - 경고: JSON의 '싼타페 Hybrid'에 해당하는 차종을 DB에서 찾을 수 없어 리뷰를 건너뜁니다.
[2025-09-14T09:51:39.603+0000] {subprocess.py:93} INFO - 경고: JSON의 '싼타페 Hybrid'에 해당하는 차종을 DB에서 찾을 수 없어 리뷰를 건너뜁니다.
[2025-09-14T09:51:39.604+0000] {subprocess.py:93} INFO - 경고: JSON의 '싼타페 Hybrid'에 해당하는 차종을 DB에서 찾을 수 없어 리뷰를 건너뜁니다.
[2025-09-14T09:51:39.622+0000] {subprocess.py:93} INFO - 경고: JSON의 '싼타페'에 해당하는 차종을 DB에서 찾을 수 없어 리뷰를 건너뜁니다.
[2025-09-14T09:51:39.629+0000] {subprocess.py:93} INFO - 경고: JSON의 '싼타페 Hybrid'에 해당하는 차종을 DB에서 찾을 수 없어 리뷰를 건너뜁니다.
[2025-09-14T09:51:39.633+0000] {subprocess.py:93} INFO - 경고: JSON의 '싼타페 Hybrid'에 해당하는 차종을 DB에서 찾을 수 없어 리뷰를 건너뜁니다.
[2025-09-14T09:51:39.637+0000] {subprocess.py:93} INFO - 경고: JSON의 '싼타페 Hybrid'에 해당하는 차종을 DB에서 찾을 수 없어 리뷰를 건너뜁니다.
[2025-09-14T09:51:39.637+0000] {subprocess.py:93} INFO - 경고: JSON의 '싼타페 Hybrid'에 해당하는 차종을 DB에서 찾을 수 없어 리뷰를 건너뜁니다.
[2025-09-14T09:51:39.655+0000] {subprocess.py:93} INFO - 경고: JSON의 '싼타페'에 해당하는 차종을 DB에서 찾을 수 없어 리뷰를 건너뜁니다.
[2025-09-14T09:51:39.677+0000] {subprocess.py:93} INFO - 경고: JSON의 '포터 II'에 해당하는 차종을 DB에서 찾을 수 없어 리뷰를 건너뜁니다.
[2025-09-14T09:51:39.687+0000] {subprocess.py:93} INFO - 경고: JSON의 '싼타페 Hybrid'에 해당하는 차종을 DB에서 찾을 수 없어 리뷰를 건너뜁니다.
[2025-09-14T09:51:39.704+0000] {subprocess.py:93} INFO - 경고: JSON의 '싼타페 Hybrid'에 해당하는 차종을 DB에서 찾을 수 없어 리뷰를 건너뜁니다.
[2025-09-14T09:51:39.704+0000] {subprocess.py:93} INFO - 경고: JSON의 '싼타페 Hybrid'에 해당하는 차종을 DB에서 찾을 수 없어 리뷰를 건너뜁니다.
[2025-09-14T09:51:39.721+0000] {subprocess.py:93} INFO - 경고: JSON의 '싼타페 Hybrid'에 해당하는 차종을 DB에서 찾을 수 없어 리뷰를 건너뜁니다.
[2025-09-14T09:51:39.738+0000] {subprocess.py:93} INFO - 경고: JSON의 '싼타페 Hybrid'에 해당하는 차종을 DB에서 찾을 수 없어 리뷰를 건너뜁니다.
[2025-09-14T09:51:39.739+0000] {subprocess.py:93} INFO - 경고: JSON의 '싼타페 Hybrid'에 해당하는 차종을 DB에서 찾을 수 없어 리뷰를 건너뜁니다.
[2025-09-14T09:51:39.762+0000] {subprocess.py:93} INFO - 경고: JSON의 '싼타페 Hybrid'에 해당하는 차종을 DB에서 찾을 수 없어 리뷰를 건너뜁니다.
[2025-09-14T09:51:39.769+0000] {subprocess.py:93} INFO - 경고: JSON의 '싼타페 Hybrid'에 해당하는 차종을 DB에서 찾을 수 없어 리뷰를 건너뜁니다.
[2025-09-14T09:51:39.772+0000] {subprocess.py:93} INFO - 경고: JSON의 '싼타페 Hybrid'에 해당하는 차종을 DB에서 찾을 수 없어 리뷰를 건너뜁니다.
[2025-09-14T09:51:39.791+0000] {subprocess.py:93} INFO - 경고: JSON의 '쏘나타 택시'에 해당하는 차종을 DB에서 찾을 수 없어 리뷰를 건너뜁니다.
[2025-09-14T09:51:39.792+0000] {subprocess.py:93} INFO - 경고: JSON의 '싼타페 Hybrid'에 해당하는 차종을 DB에서 찾을 수 없어 리뷰를 건너뜁니다.
[2025-09-14T09:51:39.822+0000] {subprocess.py:93} INFO - 경고: JSON의 '싼타페 Hybrid'에 해당하는 차종을 DB에서 찾을 수 없어 리뷰를 건너뜁니다.
[2025-09-14T09:51:39.843+0000] {subprocess.py:93} INFO - 경고: JSON의 '싼타페'에 해당하는 차종을 DB에서 찾을 수 없어 리뷰를 건너뜁니다.
[2025-09-14T09:51:39.907+0000] {subprocess.py:93} INFO - 경고: JSON의 '포터 II'에 해당하는 차종을 DB에서 찾을 수 없어 리뷰를 건너뜁니다.
[2025-09-14T09:51:39.907+0000] {subprocess.py:93} INFO - 경고: JSON의 '싼타페 Hybrid'에 해당하는 차종을 DB에서 찾을 수 없어 리뷰를 건너뜁니다.
[2025-09-14T09:51:39.921+0000] {subprocess.py:93} INFO - 경고: JSON의 '포터 II 특장차'에 해당하는 차종을 DB에서 찾을 수 없어 리뷰를 건너뜁니다.
[2025-09-14T09:51:39.922+0000] {subprocess.py:93} INFO - 경고: JSON의 '싼타페'에 해당하는 차종을 DB에서 찾을 수 없어 리뷰를 건너뜁니다.
[2025-09-14T09:51:39.922+0000] {subprocess.py:93} INFO - 경고: JSON의 '싼타페 Hybrid'에 해당하는 차종을 DB에서 찾을 수 없어 리뷰를 건너뜁니다.
[2025-09-14T09:51:39.922+0000] {subprocess.py:93} INFO - 경고: JSON의 '포터 II Electric'에 해당하는 차종을 DB에서 찾을 수 없어 리뷰를 건너뜁니다.
[2025-09-14T09:51:39.925+0000] {subprocess.py:93} INFO - 경고: JSON의 '싼타페 Hybrid'에 해당하는 차종을 DB에서 찾을 수 없어 리뷰를 건너뜁니다.
[2025-09-14T09:51:39.940+0000] {subprocess.py:93} INFO - 경고: JSON의 '싼타페 Hybrid'에 해당하는 차종을 DB에서 찾을 수 없어 리뷰를 건너뜁니다.
[2025-09-14T09:51:39.950+0000] {subprocess.py:93} INFO - 경고: JSON의 '싼타페 Hybrid'에 해당하는 차종을 DB에서 찾을 수 없어 리뷰를 건너뜁니다.
[2025-09-14T09:51:39.951+0000] {subprocess.py:93} INFO - 경고: JSON의 '싼타페 Hybrid'에 해당하는 차종을 DB에서 찾을 수 없어 리뷰를 건너뜁니다.
[2025-09-14T09:51:39.960+0000] {subprocess.py:93} INFO - 경고: JSON의 '포터 II Electric'에 해당하는 차종을 DB에서 찾을 수 없어 리뷰를 건너뜁니다.
[2025-09-14T09:51:40.007+0000] {subprocess.py:93} INFO - 경고: JSON의 '싼타페'에 해당하는 차종을 DB에서 찾을 수 없어 리뷰를 건너뜁니다.
[2025-09-14T09:51:40.061+0000] {subprocess.py:93} INFO - 경고: JSON의 '싼타페'에 해당하는 차종을 DB에서 찾을 수 없어 리뷰를 건너뜁니다.
[2025-09-14T09:51:40.076+0000] {subprocess.py:93} INFO - 경고: JSON의 '포터 II'에 해당하는 차종을 DB에서 찾을 수 없어 리뷰를 건너뜁니다.
[2025-09-14T09:51:40.097+0000] {subprocess.py:93} INFO - 경고: JSON의 '싼타페 Hybrid'에 해당하는 차종을 DB에서 찾을 수 없어 리뷰를 건너뜁니다.
[2025-09-14T09:51:40.097+0000] {subprocess.py:93} INFO - 경고: JSON의 '싼타페 Hybrid'에 해당하는 차종을 DB에서 찾을 수 없어 리뷰를 건너뜁니다.
[2025-09-14T09:51:40.106+0000] {subprocess.py:93} INFO - 경고: JSON의 '싼타페 Hybrid'에 해당하는 차종을 DB에서 찾을 수 없어 리뷰를 건너뜁니다.
[2025-09-14T09:51:40.121+0000] {subprocess.py:93} INFO - 경고: JSON의 '포터 II 특장차'에 해당하는 차종을 DB에서 찾을 수 없어 리뷰를 건너뜁니다.
[2025-09-14T09:51:40.122+0000] {subprocess.py:93} INFO - 경고: JSON의 '싼타페 Hybrid'에 해당하는 차종을 DB에서 찾을 수 없어 리뷰를 건너뜁니다.
[2025-09-14T09:51:40.129+0000] {subprocess.py:93} INFO - 경고: JSON의 '포터 II'에 해당하는 차종을 DB에서 찾을 수 없어 리뷰를 건너뜁니다.
[2025-09-14T09:51:40.129+0000] {subprocess.py:93} INFO - 경고: JSON의 '싼타페 Hybrid'에 해당하는 차종을 DB에서 찾을 수 없어 리뷰를 건너뜁니다.
[2025-09-14T09:51:40.151+0000] {subprocess.py:93} INFO - 경고: JSON의 '싼타페 Hybrid'에 해당하는 차종을 DB에서 찾을 수 없어 리뷰를 건너뜁니다.
[2025-09-14T09:51:40.151+0000] {subprocess.py:93} INFO - 경고: JSON의 '싼타페 Hybrid'에 해당하는 차종을 DB에서 찾을 수 없어 리뷰를 건너뜁니다.
[2025-09-14T09:51:40.158+0000] {subprocess.py:93} INFO - 경고: JSON의 '싼타페 Hybrid'에 해당하는 차종을 DB에서 찾을 수 없어 리뷰를 건너뜁니다.
[2025-09-14T09:51:40.159+0000] {subprocess.py:93} INFO - 경고: JSON의 '싼타페'에 해당하는 차종을 DB에서 찾을 수 없어 리뷰를 건너뜁니다.
[2025-09-14T09:51:40.176+0000] {subprocess.py:93} INFO - 경고: JSON의 '싼타페 Hybrid'에 해당하는 차종을 DB에서 찾을 수 없어 리뷰를 건너뜁니다.
[2025-09-14T09:51:40.176+0000] {subprocess.py:93} INFO - 경고: JSON의 '싼타페 Hybrid'에 해당하는 차종을 DB에서 찾을 수 없어 리뷰를 건너뜁니다.
[2025-09-14T09:51:40.183+0000] {subprocess.py:93} INFO - 경고: JSON의 '싼타페 Hybrid'에 해당하는 차종을 DB에서 찾을 수 없어 리뷰를 건너뜁니다.
[2025-09-14T09:51:40.186+0000] {subprocess.py:93} INFO - 경고: JSON의 '싼타페 Hybrid'에 해당하는 차종을 DB에서 찾을 수 없어 리뷰를 건너뜁니다.
[2025-09-14T09:51:40.214+0000] {subprocess.py:93} INFO - 경고: JSON의 '싼타페 Hybrid'에 해당하는 차종을 DB에서 찾을 수 없어 리뷰를 건너뜁니다.
[2025-09-14T09:51:40.214+0000] {subprocess.py:93} INFO - 경고: JSON의 '싼타페 Hybrid'에 해당하는 차종을 DB에서 찾을 수 없어 리뷰를 건너뜁니다.
[2025-09-14T09:51:40.215+0000] {subprocess.py:93} INFO - 경고: JSON의 '싼타페 Hybrid'에 해당하는 차종을 DB에서 찾을 수 없어 리뷰를 건너뜁니다.
[2025-09-14T09:51:40.221+0000] {subprocess.py:93} INFO - 경고: JSON의 '싼타페 Hybrid'에 해당하는 차종을 DB에서 찾을 수 없어 리뷰를 건너뜁니다.
[2025-09-14T09:51:40.224+0000] {subprocess.py:93} INFO - 경고: JSON의 '쏘나타 택시'에 해당하는 차종을 DB에서 찾을 수 없어 리뷰를 건너뜁니다.
[2025-09-14T09:51:40.227+0000] {subprocess.py:93} INFO - 경고: JSON의 '싼타페'에 해당하는 차종을 DB에서 찾을 수 없어 리뷰를 건너뜁니다.
[2025-09-14T09:51:40.228+0000] {subprocess.py:93} INFO - 경고: JSON의 '싼타페 Hybrid'에 해당하는 차종을 DB에서 찾을 수 없어 리뷰를 건너뜁니다.
[2025-09-14T09:51:40.231+0000] {subprocess.py:93} INFO - 경고: JSON의 '포터 II'에 해당하는 차종을 DB에서 찾을 수 없어 리뷰를 건너뜁니다.
[2025-09-14T09:51:40.246+0000] {subprocess.py:93} INFO - 경고: JSON의 '싼타페 Hybrid'에 해당하는 차종을 DB에서 찾을 수 없어 리뷰를 건너뜁니다.
[2025-09-14T09:51:40.247+0000] {subprocess.py:93} INFO - 경고: JSON의 '싼타페 Hybrid'에 해당하는 차종을 DB에서 찾을 수 없어 리뷰를 건너뜁니다.
[2025-09-14T09:51:40.250+0000] {subprocess.py:93} INFO - 경고: JSON의 '싼타페 Hybrid'에 해당하는 차종을 DB에서 찾을 수 없어 리뷰를 건너뜁니다.
[2025-09-14T09:51:40.271+0000] {subprocess.py:93} INFO - 경고: JSON의 '싼타페 Hybrid'에 해당하는 차종을 DB에서 찾을 수 없어 리뷰를 건너뜁니다.
[2025-09-14T09:51:40.281+0000] {subprocess.py:93} INFO - 경고: JSON의 '싼타페'에 해당하는 차종을 DB에서 찾을 수 없어 리뷰를 건너뜁니다.
[2025-09-14T09:51:40.282+0000] {subprocess.py:93} INFO - 경고: JSON의 '싼타페'에 해당하는 차종을 DB에서 찾을 수 없어 리뷰를 건너뜁니다.
[2025-09-14T09:51:40.285+0000] {subprocess.py:93} INFO - 경고: JSON의 '싼타페'에 해당하는 차종을 DB에서 찾을 수 없어 리뷰를 건너뜁니다.
[2025-09-14T09:51:40.312+0000] {subprocess.py:93} INFO - 경고: JSON의 '싼타페 Hybrid'에 해당하는 차종을 DB에서 찾을 수 없어 리뷰를 건너뜁니다.
[2025-09-14T09:51:40.313+0000] {subprocess.py:93} INFO - 경고: JSON의 '싼타페 Hybrid'에 해당하는 차종을 DB에서 찾을 수 없어 리뷰를 건너뜁니다.
[2025-09-14T09:51:40.378+0000] {subprocess.py:93} INFO - 경고: JSON의 '싼타페 Hybrid'에 해당하는 차종을 DB에서 찾을 수 없어 리뷰를 건너뜁니다.
[2025-09-14T09:51:40.414+0000] {subprocess.py:93} INFO - 경고: JSON의 '싼타페 Hybrid'에 해당하는 차종을 DB에서 찾을 수 없어 리뷰를 건너뜁니다.
[2025-09-14T09:51:40.418+0000] {subprocess.py:93} INFO - 경고: JSON의 '포터 II 특장차'에 해당하는 차종을 DB에서 찾을 수 없어 리뷰를 건너뜁니다.
[2025-09-14T09:51:40.422+0000] {subprocess.py:93} INFO - 경고: JSON의 '싼타페 Hybrid'에 해당하는 차종을 DB에서 찾을 수 없어 리뷰를 건너뜁니다.
[2025-09-14T09:51:40.444+0000] {subprocess.py:93} INFO - 경고: JSON의 '싼타페 Hybrid'에 해당하는 차종을 DB에서 찾을 수 없어 리뷰를 건너뜁니다.
[2025-09-14T09:51:40.452+0000] {subprocess.py:93} INFO - 경고: JSON의 '싼타페'에 해당하는 차종을 DB에서 찾을 수 없어 리뷰를 건너뜁니다.
[2025-09-14T09:51:40.456+0000] {subprocess.py:93} INFO - 경고: JSON의 '싼타페 Hybrid'에 해당하는 차종을 DB에서 찾을 수 없어 리뷰를 건너뜁니다.
[2025-09-14T09:51:40.486+0000] {subprocess.py:93} INFO - 경고: JSON의 '쏘나타 택시'에 해당하는 차종을 DB에서 찾을 수 없어 리뷰를 건너뜁니다.
[2025-09-14T09:51:40.505+0000] {subprocess.py:93} INFO - 경고: JSON의 '싼타페 Hybrid'에 해당하는 차종을 DB에서 찾을 수 없어 리뷰를 건너뜁니다.
[2025-09-14T09:51:40.505+0000] {subprocess.py:93} INFO - 경고: JSON의 '싼타페 Hybrid'에 해당하는 차종을 DB에서 찾을 수 없어 리뷰를 건너뜁니다.
[2025-09-14T09:51:40.505+0000] {subprocess.py:93} INFO - 경고: JSON의 '싼타페 Hybrid'에 해당하는 차종을 DB에서 찾을 수 없어 리뷰를 건너뜁니다.
[2025-09-14T09:51:40.530+0000] {subprocess.py:93} INFO - 경고: JSON의 '싼타페 Hybrid'에 해당하는 차종을 DB에서 찾을 수 없어 리뷰를 건너뜁니다.
[2025-09-14T09:51:40.548+0000] {subprocess.py:93} INFO - 경고: JSON의 '싼타페 Hybrid'에 해당하는 차종을 DB에서 찾을 수 없어 리뷰를 건너뜁니다.
[2025-09-14T09:51:40.556+0000] {subprocess.py:93} INFO - 경고: JSON의 '쏘나타 택시'에 해당하는 차종을 DB에서 찾을 수 없어 리뷰를 건너뜁니다.
[2025-09-14T09:51:40.560+0000] {subprocess.py:93} INFO - 경고: JSON의 '싼타페 Hybrid'에 해당하는 차종을 DB에서 찾을 수 없어 리뷰를 건너뜁니다.
[2025-09-14T09:51:40.564+0000] {subprocess.py:93} INFO - 경고: JSON의 '싼타페 Hybrid'에 해당하는 차종을 DB에서 찾을 수 없어 리뷰를 건너뜁니다.
[2025-09-14T09:51:40.569+0000] {subprocess.py:93} INFO - 경고: JSON의 '싼타페 Hybrid'에 해당하는 차종을 DB에서 찾을 수 없어 리뷰를 건너뜁니다.
[2025-09-14T09:51:40.589+0000] {subprocess.py:93} INFO - 경고: JSON의 '싼타페 Hybrid'에 해당하는 차종을 DB에서 찾을 수 없어 리뷰를 건너뜁니다.
[2025-09-14T09:51:40.609+0000] {subprocess.py:93} INFO - 경고: JSON의 '싼타페 Hybrid'에 해당하는 차종을 DB에서 찾을 수 없어 리뷰를 건너뜁니다.
[2025-09-14T09:51:40.629+0000] {subprocess.py:93} INFO - 경고: JSON의 '싼타페 Hybrid'에 해당하는 차종을 DB에서 찾을 수 없어 리뷰를 건너뜁니다.
[2025-09-14T09:51:40.636+0000] {subprocess.py:93} INFO - 경고: JSON의 '포터 II'에 해당하는 차종을 DB에서 찾을 수 없어 리뷰를 건너뜁니다.
[2025-09-14T09:51:40.637+0000] {subprocess.py:93} INFO - 경고: JSON의 '포터 II Electric 특장차'에 해당하는 차종을 DB에서 찾을 수 없어 리뷰를 건너뜁니다.
[2025-09-14T09:51:40.637+0000] {subprocess.py:93} INFO - 경고: JSON의 '싼타페 Hybrid'에 해당하는 차종을 DB에서 찾을 수 없어 리뷰를 건너뜁니다.
[2025-09-14T09:51:40.647+0000] {subprocess.py:93} INFO - 경고: JSON의 '싼타페'에 해당하는 차종을 DB에서 찾을 수 없어 리뷰를 건너뜁니다.
[2025-09-14T09:51:40.655+0000] {subprocess.py:93} INFO - 경고: JSON의 '싼타페 Hybrid'에 해당하는 차종을 DB에서 찾을 수 없어 리뷰를 건너뜁니다.
[2025-09-14T09:51:40.655+0000] {subprocess.py:93} INFO - 경고: JSON의 '싼타페 Hybrid'에 해당하는 차종을 DB에서 찾을 수 없어 리뷰를 건너뜁니다.
[2025-09-14T09:51:40.671+0000] {subprocess.py:93} INFO - 경고: JSON의 '싼타페'에 해당하는 차종을 DB에서 찾을 수 없어 리뷰를 건너뜁니다.
[2025-09-14T09:51:40.691+0000] {subprocess.py:93} INFO - 경고: JSON의 '싼타페 Hybrid'에 해당하는 차종을 DB에서 찾을 수 없어 리뷰를 건너뜁니다.
[2025-09-14T09:51:40.698+0000] {subprocess.py:93} INFO - 경고: JSON의 '싼타페'에 해당하는 차종을 DB에서 찾을 수 없어 리뷰를 건너뜁니다.
[2025-09-14T09:51:40.715+0000] {subprocess.py:93} INFO - 경고: JSON의 '쏘나타 택시'에 해당하는 차종을 DB에서 찾을 수 없어 리뷰를 건너뜁니다.
[2025-09-14T09:51:40.739+0000] {subprocess.py:93} INFO - 경고: JSON의 '싼타페 Hybrid'에 해당하는 차종을 DB에서 찾을 수 없어 리뷰를 건너뜁니다.
[2025-09-14T09:51:40.746+0000] {subprocess.py:93} INFO - 경고: JSON의 '포터 II'에 해당하는 차종을 DB에서 찾을 수 없어 리뷰를 건너뜁니다.
[2025-09-14T09:51:40.757+0000] {subprocess.py:93} INFO - 경고: JSON의 '싼타페 Hybrid'에 해당하는 차종을 DB에서 찾을 수 없어 리뷰를 건너뜁니다.
[2025-09-14T09:51:40.782+0000] {subprocess.py:93} INFO - 경고: JSON의 '포터 II'에 해당하는 차종을 DB에서 찾을 수 없어 리뷰를 건너뜁니다.
[2025-09-14T09:51:40.799+0000] {subprocess.py:93} INFO - 경고: JSON의 '싼타페 Hybrid'에 해당하는 차종을 DB에서 찾을 수 없어 리뷰를 건너뜁니다.
[2025-09-14T09:51:40.800+0000] {subprocess.py:93} INFO - 경고: JSON의 '싼타페 Hybrid'에 해당하는 차종을 DB에서 찾을 수 없어 리뷰를 건너뜁니다.
[2025-09-14T09:51:40.809+0000] {subprocess.py:93} INFO - 경고: JSON의 '싼타페 Hybrid'에 해당하는 차종을 DB에서 찾을 수 없어 리뷰를 건너뜁니다.
[2025-09-14T09:51:40.812+0000] {subprocess.py:93} INFO - 경고: JSON의 '포터 II Electric'에 해당하는 차종을 DB에서 찾을 수 없어 리뷰를 건너뜁니다.
[2025-09-14T09:51:40.812+0000] {subprocess.py:93} INFO - 경고: JSON의 '싼타페'에 해당하는 차종을 DB에서 찾을 수 없어 리뷰를 건너뜁니다.
[2025-09-14T09:51:40.828+0000] {subprocess.py:93} INFO - 경고: JSON의 '싼타페 Hybrid'에 해당하는 차종을 DB에서 찾을 수 없어 리뷰를 건너뜁니다.
[2025-09-14T09:51:40.831+0000] {subprocess.py:93} INFO - 경고: JSON의 '싼타페 Hybrid'에 해당하는 차종을 DB에서 찾을 수 없어 리뷰를 건너뜁니다.
[2025-09-14T09:51:40.835+0000] {subprocess.py:93} INFO - 경고: JSON의 '싼타페 Hybrid'에 해당하는 차종을 DB에서 찾을 수 없어 리뷰를 건너뜁니다.
[2025-09-14T09:51:40.847+0000] {subprocess.py:93} INFO - 경고: JSON의 '싼타페 Hybrid'에 해당하는 차종을 DB에서 찾을 수 없어 리뷰를 건너뜁니다.
[2025-09-14T09:51:40.869+0000] {subprocess.py:93} INFO - 경고: JSON의 '싼타페 Hybrid'에 해당하는 차종을 DB에서 찾을 수 없어 리뷰를 건너뜁니다.
[2025-09-14T09:51:40.870+0000] {subprocess.py:93} INFO - 경고: JSON의 '싼타페 Hybrid'에 해당하는 차종을 DB에서 찾을 수 없어 리뷰를 건너뜁니다.
[2025-09-14T09:51:40.870+0000] {subprocess.py:93} INFO - 경고: JSON의 '싼타페 Hybrid'에 해당하는 차종을 DB에서 찾을 수 없어 리뷰를 건너뜁니다.
[2025-09-14T09:51:40.870+0000] {subprocess.py:93} INFO - 경고: JSON의 '포터 II'에 해당하는 차종을 DB에서 찾을 수 없어 리뷰를 건너뜁니다.
[2025-09-14T09:51:40.872+0000] {subprocess.py:93} INFO - 경고: JSON의 '싼타페'에 해당하는 차종을 DB에서 찾을 수 없어 리뷰를 건너뜁니다.
[2025-09-14T09:51:40.876+0000] {subprocess.py:93} INFO - 경고: JSON의 '싼타페 Hybrid'에 해당하는 차종을 DB에서 찾을 수 없어 리뷰를 건너뜁니다.
[2025-09-14T09:51:40.880+0000] {subprocess.py:93} INFO - 경고: JSON의 '싼타페 Hybrid'에 해당하는 차종을 DB에서 찾을 수 없어 리뷰를 건너뜁니다.
[2025-09-14T09:51:40.880+0000] {subprocess.py:93} INFO - 경고: JSON의 '싼타페 Hybrid'에 해당하는 차종을 DB에서 찾을 수 없어 리뷰를 건너뜁니다.
[2025-09-14T09:51:40.899+0000] {subprocess.py:93} INFO - 경고: JSON의 '싼타페 Hybrid'에 해당하는 차종을 DB에서 찾을 수 없어 리뷰를 건너뜁니다.
[2025-09-14T09:51:40.902+0000] {subprocess.py:93} INFO - 경고: JSON의 '쏘나타 택시'에 해당하는 차종을 DB에서 찾을 수 없어 리뷰를 건너뜁니다.
[2025-09-14T09:51:40.909+0000] {subprocess.py:93} INFO - 경고: JSON의 '싼타페 Hybrid'에 해당하는 차종을 DB에서 찾을 수 없어 리뷰를 건너뜁니다.
[2025-09-14T09:51:40.923+0000] {subprocess.py:93} INFO - 경고: JSON의 '싼타페 Hybrid'에 해당하는 차종을 DB에서 찾을 수 없어 리뷰를 건너뜁니다.
[2025-09-14T09:51:40.943+0000] {subprocess.py:93} INFO - 경고: JSON의 '싼타페 Hybrid'에 해당하는 차종을 DB에서 찾을 수 없어 리뷰를 건너뜁니다.
[2025-09-14T09:51:40.951+0000] {subprocess.py:93} INFO - 경고: JSON의 '싼타페 Hybrid'에 해당하는 차종을 DB에서 찾을 수 없어 리뷰를 건너뜁니다.
[2025-09-14T09:51:40.951+0000] {subprocess.py:93} INFO - 경고: JSON의 '싼타페 Hybrid'에 해당하는 차종을 DB에서 찾을 수 없어 리뷰를 건너뜁니다.
[2025-09-14T09:51:40.951+0000] {subprocess.py:93} INFO - 경고: JSON의 '싼타페 Hybrid'에 해당하는 차종을 DB에서 찾을 수 없어 리뷰를 건너뜁니다.
[2025-09-14T09:51:40.954+0000] {subprocess.py:93} INFO - 경고: JSON의 '싼타페 Hybrid'에 해당하는 차종을 DB에서 찾을 수 없어 리뷰를 건너뜁니다.
[2025-09-14T09:51:40.955+0000] {subprocess.py:93} INFO - 경고: JSON의 '싼타페 Hybrid'에 해당하는 차종을 DB에서 찾을 수 없어 리뷰를 건너뜁니다.
[2025-09-14T09:51:40.961+0000] {subprocess.py:93} INFO - 경고: JSON의 '싼타페 Hybrid'에 해당하는 차종을 DB에서 찾을 수 없어 리뷰를 건너뜁니다.
[2025-09-14T09:51:40.980+0000] {subprocess.py:93} INFO - 경고: JSON의 '싼타페 Hybrid'에 해당하는 차종을 DB에서 찾을 수 없어 리뷰를 건너뜁니다.
[2025-09-14T09:51:41.001+0000] {subprocess.py:93} INFO - 경고: JSON의 '싼타페'에 해당하는 차종을 DB에서 찾을 수 없어 리뷰를 건너뜁니다.
[2025-09-14T09:51:41.001+0000] {subprocess.py:93} INFO - 경고: JSON의 '싼타페 Hybrid'에 해당하는 차종을 DB에서 찾을 수 없어 리뷰를 건너뜁니다.
[2025-09-14T09:51:41.020+0000] {subprocess.py:93} INFO - 경고: JSON의 '싼타페 Hybrid'에 해당하는 차종을 DB에서 찾을 수 없어 리뷰를 건너뜁니다.
[2025-09-14T09:51:41.027+0000] {subprocess.py:93} INFO - 경고: JSON의 '싼타페 Hybrid'에 해당하는 차종을 DB에서 찾을 수 없어 리뷰를 건너뜁니다.
[2025-09-14T09:51:41.027+0000] {subprocess.py:93} INFO - 경고: JSON의 '싼타페 Hybrid'에 해당하는 차종을 DB에서 찾을 수 없어 리뷰를 건너뜁니다.
[2025-09-14T09:51:41.073+0000] {subprocess.py:93} INFO - 경고: JSON의 '싼타페 Hybrid'에 해당하는 차종을 DB에서 찾을 수 없어 리뷰를 건너뜁니다.
[2025-09-14T09:51:41.081+0000] {subprocess.py:93} INFO - 경고: JSON의 '싼타페 Hybrid'에 해당하는 차종을 DB에서 찾을 수 없어 리뷰를 건너뜁니다.
[2025-09-14T09:51:41.088+0000] {subprocess.py:93} INFO - 경고: JSON의 '싼타페 Hybrid'에 해당하는 차종을 DB에서 찾을 수 없어 리뷰를 건너뜁니다.
[2025-09-14T09:51:41.089+0000] {subprocess.py:93} INFO - 경고: JSON의 '싼타페 Hybrid'에 해당하는 차종을 DB에서 찾을 수 없어 리뷰를 건너뜁니다.
[2025-09-14T09:51:41.089+0000] {subprocess.py:93} INFO - 경고: JSON의 '싼타페'에 해당하는 차종을 DB에서 찾을 수 없어 리뷰를 건너뜁니다.
[2025-09-14T09:51:41.109+0000] {subprocess.py:93} INFO - 경고: JSON의 '싼타페'에 해당하는 차종을 DB에서 찾을 수 없어 리뷰를 건너뜁니다.
[2025-09-14T09:51:41.126+0000] {subprocess.py:93} INFO - 경고: JSON의 '싼타페 Hybrid'에 해당하는 차종을 DB에서 찾을 수 없어 리뷰를 건너뜁니다.
[2025-09-14T09:51:41.127+0000] {subprocess.py:93} INFO - 경고: JSON의 '포터 II Electric'에 해당하는 차종을 DB에서 찾을 수 없어 리뷰를 건너뜁니다.
[2025-09-14T09:51:41.130+0000] {subprocess.py:93} INFO - 경고: JSON의 '싼타페'에 해당하는 차종을 DB에서 찾을 수 없어 리뷰를 건너뜁니다.
[2025-09-14T09:51:41.130+0000] {subprocess.py:93} INFO - 경고: JSON의 '싼타페 Hybrid'에 해당하는 차종을 DB에서 찾을 수 없어 리뷰를 건너뜁니다.
[2025-09-14T09:51:41.137+0000] {subprocess.py:93} INFO - 경고: JSON의 '싼타페'에 해당하는 차종을 DB에서 찾을 수 없어 리뷰를 건너뜁니다.
[2025-09-14T09:51:41.140+0000] {subprocess.py:93} INFO - 경고: JSON의 '싼타페 Hybrid'에 해당하는 차종을 DB에서 찾을 수 없어 리뷰를 건너뜁니다.
[2025-09-14T09:51:41.140+0000] {subprocess.py:93} INFO - 경고: JSON의 '포터 II'에 해당하는 차종을 DB에서 찾을 수 없어 리뷰를 건너뜁니다.
[2025-09-14T09:51:41.143+0000] {subprocess.py:93} INFO - 경고: JSON의 '포터 II Electric 특장차'에 해당하는 차종을 DB에서 찾을 수 없어 리뷰를 건너뜁니다.
[2025-09-14T09:51:41.144+0000] {subprocess.py:93} INFO - 경고: JSON의 '싼타페 Hybrid'에 해당하는 차종을 DB에서 찾을 수 없어 리뷰를 건너뜁니다.
[2025-09-14T09:51:41.147+0000] {subprocess.py:93} INFO - 경고: JSON의 '싼타페'에 해당하는 차종을 DB에서 찾을 수 없어 리뷰를 건너뜁니다.
[2025-09-14T09:51:41.148+0000] {subprocess.py:93} INFO - 경고: JSON의 '포터 II Electric'에 해당하는 차종을 DB에서 찾을 수 없어 리뷰를 건너뜁니다.
[2025-09-14T09:51:41.151+0000] {subprocess.py:93} INFO - 경고: JSON의 '싼타페 Hybrid'에 해당하는 차종을 DB에서 찾을 수 없어 리뷰를 건너뜁니다.
[2025-09-14T09:51:41.162+0000] {subprocess.py:93} INFO - 경고: JSON의 '싼타페 Hybrid'에 해당하는 차종을 DB에서 찾을 수 없어 리뷰를 건너뜁니다.
[2025-09-14T09:51:41.163+0000] {subprocess.py:93} INFO - 경고: JSON의 '싼타페'에 해당하는 차종을 DB에서 찾을 수 없어 리뷰를 건너뜁니다.
[2025-09-14T09:51:41.163+0000] {subprocess.py:93} INFO - 경고: JSON의 '싼타페 Hybrid'에 해당하는 차종을 DB에서 찾을 수 없어 리뷰를 건너뜁니다.
[2025-09-14T09:51:41.163+0000] {subprocess.py:93} INFO - 경고: JSON의 '싼타페 Hybrid'에 해당하는 차종을 DB에서 찾을 수 없어 리뷰를 건너뜁니다.
[2025-09-14T09:51:41.166+0000] {subprocess.py:93} INFO - 경고: JSON의 '싼타페 Hybrid'에 해당하는 차종을 DB에서 찾을 수 없어 리뷰를 건너뜁니다.
[2025-09-14T09:51:41.170+0000] {subprocess.py:93} INFO - 경고: JSON의 '싼타페 Hybrid'에 해당하는 차종을 DB에서 찾을 수 없어 리뷰를 건너뜁니다.
[2025-09-14T09:51:41.174+0000] {subprocess.py:93} INFO - 경고: JSON의 '싼타페 Hybrid'에 해당하는 차종을 DB에서 찾을 수 없어 리뷰를 건너뜁니다.
[2025-09-14T09:51:41.174+0000] {subprocess.py:93} INFO - 경고: JSON의 '싼타페'에 해당하는 차종을 DB에서 찾을 수 없어 리뷰를 건너뜁니다.
[2025-09-14T09:51:41.174+0000] {subprocess.py:93} INFO - 경고: JSON의 '포터 II Electric'에 해당하는 차종을 DB에서 찾을 수 없어 리뷰를 건너뜁니다.
[2025-09-14T09:51:41.175+0000] {subprocess.py:93} INFO - 경고: JSON의 '싼타페 Hybrid'에 해당하는 차종을 DB에서 찾을 수 없어 리뷰를 건너뜁니다.
[2025-09-14T09:51:41.178+0000] {subprocess.py:93} INFO - 경고: JSON의 '싼타페 Hybrid'에 해당하는 차종을 DB에서 찾을 수 없어 리뷰를 건너뜁니다.
[2025-09-14T09:51:41.178+0000] {subprocess.py:93} INFO - 경고: JSON의 '싼타페 Hybrid'에 해당하는 차종을 DB에서 찾을 수 없어 리뷰를 건너뜁니다.
[2025-09-14T09:51:41.186+0000] {subprocess.py:93} INFO - 경고: JSON의 '싼타페 Hybrid'에 해당하는 차종을 DB에서 찾을 수 없어 리뷰를 건너뜁니다.
[2025-09-14T09:51:41.186+0000] {subprocess.py:93} INFO - 경고: JSON의 '싼타페'에 해당하는 차종을 DB에서 찾을 수 없어 리뷰를 건너뜁니다.
[2025-09-14T09:51:41.223+0000] {subprocess.py:93} INFO - 경고: JSON의 '싼타페 Hybrid'에 해당하는 차종을 DB에서 찾을 수 없어 리뷰를 건너뜁니다.
[2025-09-14T09:51:41.224+0000] {subprocess.py:93} INFO - 경고: JSON의 '싼타페 Hybrid'에 해당하는 차종을 DB에서 찾을 수 없어 리뷰를 건너뜁니다.
[2025-09-14T09:51:41.249+0000] {subprocess.py:93} INFO - 경고: JSON의 '포터 II Electric'에 해당하는 차종을 DB에서 찾을 수 없어 리뷰를 건너뜁니다.
[2025-09-14T09:51:41.300+0000] {subprocess.py:93} INFO - 경고: JSON의 '싼타페 Hybrid'에 해당하는 차종을 DB에서 찾을 수 없어 리뷰를 건너뜁니다.
[2025-09-14T09:51:41.300+0000] {subprocess.py:93} INFO - 경고: JSON의 '싼타페'에 해당하는 차종을 DB에서 찾을 수 없어 리뷰를 건너뜁니다.
[2025-09-14T09:51:41.304+0000] {subprocess.py:93} INFO - 경고: JSON의 '싼타페 Hybrid'에 해당하는 차종을 DB에서 찾을 수 없어 리뷰를 건너뜁니다.
[2025-09-14T09:51:41.321+0000] {subprocess.py:93} INFO - 경고: JSON의 '싼타페 Hybrid'에 해당하는 차종을 DB에서 찾을 수 없어 리뷰를 건너뜁니다.
[2025-09-14T09:51:41.329+0000] {subprocess.py:93} INFO - 경고: JSON의 '포터 II'에 해당하는 차종을 DB에서 찾을 수 없어 리뷰를 건너뜁니다.
[2025-09-14T09:51:41.337+0000] {subprocess.py:93} INFO - 경고: JSON의 '싼타페 Hybrid'에 해당하는 차종을 DB에서 찾을 수 없어 리뷰를 건너뜁니다.
[2025-09-14T09:51:41.349+0000] {subprocess.py:93} INFO - 경고: JSON의 '싼타페'에 해당하는 차종을 DB에서 찾을 수 없어 리뷰를 건너뜁니다.
[2025-09-14T09:51:41.349+0000] {subprocess.py:93} INFO - 경고: JSON의 '싼타페 Hybrid'에 해당하는 차종을 DB에서 찾을 수 없어 리뷰를 건너뜁니다.
[2025-09-14T09:51:41.357+0000] {subprocess.py:93} INFO - 경고: JSON의 '싼타페 Hybrid'에 해당하는 차종을 DB에서 찾을 수 없어 리뷰를 건너뜁니다.
[2025-09-14T09:51:41.357+0000] {subprocess.py:93} INFO - 경고: JSON의 '포터 II'에 해당하는 차종을 DB에서 찾을 수 없어 리뷰를 건너뜁니다.
[2025-09-14T09:51:41.358+0000] {subprocess.py:93} INFO - 경고: JSON의 '싼타페 Hybrid'에 해당하는 차종을 DB에서 찾을 수 없어 리뷰를 건너뜁니다.
[2025-09-14T09:51:41.358+0000] {subprocess.py:93} INFO - 경고: JSON의 '싼타페 Hybrid'에 해당하는 차종을 DB에서 찾을 수 없어 리뷰를 건너뜁니다.
[2025-09-14T09:51:41.365+0000] {subprocess.py:93} INFO - 경고: JSON의 '싼타페 Hybrid'에 해당하는 차종을 DB에서 찾을 수 없어 리뷰를 건너뜁니다.
[2025-09-14T09:51:41.374+0000] {subprocess.py:93} INFO - 경고: JSON의 '싼타페 Hybrid'에 해당하는 차종을 DB에서 찾을 수 없어 리뷰를 건너뜁니다.
[2025-09-14T09:51:41.377+0000] {subprocess.py:93} INFO - 경고: JSON의 '싼타페 Hybrid'에 해당하는 차종을 DB에서 찾을 수 없어 리뷰를 건너뜁니다.
[2025-09-14T09:51:41.378+0000] {subprocess.py:93} INFO - 경고: JSON의 '싼타페 Hybrid'에 해당하는 차종을 DB에서 찾을 수 없어 리뷰를 건너뜁니다.
[2025-09-14T09:51:41.386+0000] {subprocess.py:93} INFO - 경고: JSON의 '싼타페 Hybrid'에 해당하는 차종을 DB에서 찾을 수 없어 리뷰를 건너뜁니다.
[2025-09-14T09:51:41.399+0000] {subprocess.py:93} INFO - 경고: JSON의 '싼타페 Hybrid'에 해당하는 차종을 DB에서 찾을 수 없어 리뷰를 건너뜁니다.
[2025-09-14T09:51:41.411+0000] {subprocess.py:93} INFO - 경고: JSON의 '싼타페 Hybrid'에 해당하는 차종을 DB에서 찾을 수 없어 리뷰를 건너뜁니다.
[2025-09-14T09:51:41.420+0000] {subprocess.py:93} INFO - 경고: JSON의 '싼타페 Hybrid'에 해당하는 차종을 DB에서 찾을 수 없어 리뷰를 건너뜁니다.
[2025-09-14T09:51:41.420+0000] {subprocess.py:93} INFO - 경고: JSON의 '쏘나타 택시'에 해당하는 차종을 DB에서 찾을 수 없어 리뷰를 건너뜁니다.
[2025-09-14T09:51:41.458+0000] {subprocess.py:93} INFO - 경고: JSON의 '싼타페 Hybrid'에 해당하는 차종을 DB에서 찾을 수 없어 리뷰를 건너뜁니다.
[2025-09-14T09:51:41.468+0000] {subprocess.py:93} INFO - 경고: JSON의 '싼타페 Hybrid'에 해당하는 차종을 DB에서 찾을 수 없어 리뷰를 건너뜁니다.
[2025-09-14T09:51:41.469+0000] {subprocess.py:93} INFO - 경고: JSON의 '싼타페 Hybrid'에 해당하는 차종을 DB에서 찾을 수 없어 리뷰를 건너뜁니다.
[2025-09-14T09:51:41.469+0000] {subprocess.py:93} INFO - 경고: JSON의 '싼타페 Hybrid'에 해당하는 차종을 DB에서 찾을 수 없어 리뷰를 건너뜁니다.
[2025-09-14T09:51:41.476+0000] {subprocess.py:93} INFO - 경고: JSON의 '싼타페 Hybrid'에 해당하는 차종을 DB에서 찾을 수 없어 리뷰를 건너뜁니다.
[2025-09-14T09:51:41.490+0000] {subprocess.py:93} INFO - 경고: JSON의 '싼타페 Hybrid'에 해당하는 차종을 DB에서 찾을 수 없어 리뷰를 건너뜁니다.
[2025-09-14T09:51:41.493+0000] {subprocess.py:93} INFO - 경고: JSON의 '싼타페 Hybrid'에 해당하는 차종을 DB에서 찾을 수 없어 리뷰를 건너뜁니다.
[2025-09-14T09:51:41.500+0000] {subprocess.py:93} INFO - 경고: JSON의 '싼타페 Hybrid'에 해당하는 차종을 DB에서 찾을 수 없어 리뷰를 건너뜁니다.
[2025-09-14T09:51:41.516+0000] {subprocess.py:93} INFO - 경고: JSON의 '싼타페 Hybrid'에 해당하는 차종을 DB에서 찾을 수 없어 리뷰를 건너뜁니다.
[2025-09-14T09:51:41.526+0000] {subprocess.py:93} INFO - 경고: JSON의 '싼타페 Hybrid'에 해당하는 차종을 DB에서 찾을 수 없어 리뷰를 건너뜁니다.
[2025-09-14T09:51:41.530+0000] {subprocess.py:93} INFO - 경고: JSON의 '싼타페 Hybrid'에 해당하는 차종을 DB에서 찾을 수 없어 리뷰를 건너뜁니다.
[2025-09-14T09:51:41.530+0000] {subprocess.py:93} INFO - 경고: JSON의 '싼타페 Hybrid'에 해당하는 차종을 DB에서 찾을 수 없어 리뷰를 건너뜁니다.
[2025-09-14T09:51:41.543+0000] {subprocess.py:93} INFO - 경고: JSON의 '싼타페 Hybrid'에 해당하는 차종을 DB에서 찾을 수 없어 리뷰를 건너뜁니다.
[2025-09-14T09:51:41.550+0000] {subprocess.py:93} INFO - 경고: JSON의 '쏘나타 택시'에 해당하는 차종을 DB에서 찾을 수 없어 리뷰를 건너뜁니다.
[2025-09-14T09:51:41.554+0000] {subprocess.py:93} INFO - 경고: JSON의 '싼타페 Hybrid'에 해당하는 차종을 DB에서 찾을 수 없어 리뷰를 건너뜁니다.
[2025-09-14T09:51:41.555+0000] {subprocess.py:93} INFO - 경고: JSON의 '싼타페 Hybrid'에 해당하는 차종을 DB에서 찾을 수 없어 리뷰를 건너뜁니다.
[2025-09-14T09:51:41.555+0000] {subprocess.py:93} INFO - 경고: JSON의 '싼타페'에 해당하는 차종을 DB에서 찾을 수 없어 리뷰를 건너뜁니다.
[2025-09-14T09:51:41.564+0000] {subprocess.py:93} INFO - 경고: JSON의 '싼타페 Hybrid'에 해당하는 차종을 DB에서 찾을 수 없어 리뷰를 건너뜁니다.
[2025-09-14T09:51:41.571+0000] {subprocess.py:93} INFO - 경고: JSON의 '싼타페 Hybrid'에 해당하는 차종을 DB에서 찾을 수 없어 리뷰를 건너뜁니다.
[2025-09-14T09:51:41.585+0000] {subprocess.py:93} INFO - 경고: JSON의 '싼타페 Hybrid'에 해당하는 차종을 DB에서 찾을 수 없어 리뷰를 건너뜁니다.
[2025-09-14T09:51:41.586+0000] {subprocess.py:93} INFO - 경고: JSON의 '싼타페 Hybrid'에 해당하는 차종을 DB에서 찾을 수 없어 리뷰를 건너뜁니다.
[2025-09-14T09:51:41.612+0000] {subprocess.py:93} INFO - 경고: JSON의 '싼타페 Hybrid'에 해당하는 차종을 DB에서 찾을 수 없어 리뷰를 건너뜁니다.
[2025-09-14T09:51:41.613+0000] {subprocess.py:93} INFO - 경고: JSON의 '싼타페'에 해당하는 차종을 DB에서 찾을 수 없어 리뷰를 건너뜁니다.
[2025-09-14T09:51:41.622+0000] {subprocess.py:93} INFO - 경고: JSON의 '싼타페 Hybrid'에 해당하는 차종을 DB에서 찾을 수 없어 리뷰를 건너뜁니다.
[2025-09-14T09:51:41.654+0000] {subprocess.py:93} INFO - 경고: JSON의 '싼타페 Hybrid'에 해당하는 차종을 DB에서 찾을 수 없어 리뷰를 건너뜁니다.
[2025-09-14T09:51:41.690+0000] {subprocess.py:93} INFO - 경고: JSON의 '싼타페 Hybrid'에 해당하는 차종을 DB에서 찾을 수 없어 리뷰를 건너뜁니다.
[2025-09-14T09:51:41.694+0000] {subprocess.py:93} INFO - 경고: JSON의 '싼타페 Hybrid'에 해당하는 차종을 DB에서 찾을 수 없어 리뷰를 건너뜁니다.
[2025-09-14T09:51:41.695+0000] {subprocess.py:93} INFO - 경고: JSON의 '싼타페 Hybrid'에 해당하는 차종을 DB에서 찾을 수 없어 리뷰를 건너뜁니다.
[2025-09-14T09:51:41.695+0000] {subprocess.py:93} INFO - 경고: JSON의 '포터 II Electric'에 해당하는 차종을 DB에서 찾을 수 없어 리뷰를 건너뜁니다.
[2025-09-14T09:51:41.703+0000] {subprocess.py:93} INFO - 경고: JSON의 '싼타페 Hybrid'에 해당하는 차종을 DB에서 찾을 수 없어 리뷰를 건너뜁니다.
[2025-09-14T09:51:41.703+0000] {subprocess.py:93} INFO - 경고: JSON의 '싼타페 Hybrid'에 해당하는 차종을 DB에서 찾을 수 없어 리뷰를 건너뜁니다.
[2025-09-14T09:51:41.711+0000] {subprocess.py:93} INFO - 경고: JSON의 '싼타페 Hybrid'에 해당하는 차종을 DB에서 찾을 수 없어 리뷰를 건너뜁니다.
[2025-09-14T09:51:41.736+0000] {subprocess.py:93} INFO - 경고: JSON의 '싼타페'에 해당하는 차종을 DB에서 찾을 수 없어 리뷰를 건너뜁니다.
[2025-09-14T09:51:41.736+0000] {subprocess.py:93} INFO - 경고: JSON의 '싼타페'에 해당하는 차종을 DB에서 찾을 수 없어 리뷰를 건너뜁니다.
[2025-09-14T09:51:41.740+0000] {subprocess.py:93} INFO - 경고: JSON의 '싼타페 Hybrid'에 해당하는 차종을 DB에서 찾을 수 없어 리뷰를 건너뜁니다.
[2025-09-14T09:51:41.741+0000] {subprocess.py:93} INFO - 경고: JSON의 '싼타페'에 해당하는 차종을 DB에서 찾을 수 없어 리뷰를 건너뜁니다.
[2025-09-14T09:51:41.748+0000] {subprocess.py:93} INFO - 경고: JSON의 '싼타페 Hybrid'에 해당하는 차종을 DB에서 찾을 수 없어 리뷰를 건너뜁니다.
[2025-09-14T09:51:41.769+0000] {subprocess.py:93} INFO - 경고: JSON의 '싼타페'에 해당하는 차종을 DB에서 찾을 수 없어 리뷰를 건너뜁니다.
[2025-09-14T09:51:41.782+0000] {subprocess.py:93} INFO - 경고: JSON의 '싼타페 Hybrid'에 해당하는 차종을 DB에서 찾을 수 없어 리뷰를 건너뜁니다.
[2025-09-14T09:51:41.790+0000] {subprocess.py:93} INFO - 경고: JSON의 '싼타페 Hybrid'에 해당하는 차종을 DB에서 찾을 수 없어 리뷰를 건너뜁니다.
[2025-09-14T09:51:41.791+0000] {subprocess.py:93} INFO - 경고: JSON의 '싼타페 Hybrid'에 해당하는 차종을 DB에서 찾을 수 없어 리뷰를 건너뜁니다.
[2025-09-14T09:51:41.837+0000] {subprocess.py:93} INFO - 경고: JSON의 '싼타페 Hybrid'에 해당하는 차종을 DB에서 찾을 수 없어 리뷰를 건너뜁니다.
[2025-09-14T09:51:41.842+0000] {subprocess.py:93} INFO - 경고: JSON의 '싼타페 Hybrid'에 해당하는 차종을 DB에서 찾을 수 없어 리뷰를 건너뜁니다.
[2025-09-14T09:51:41.869+0000] {subprocess.py:93} INFO - 경고: JSON의 '싼타페 Hybrid'에 해당하는 차종을 DB에서 찾을 수 없어 리뷰를 건너뜁니다.
[2025-09-14T09:51:41.874+0000] {subprocess.py:93} INFO - 경고: JSON의 '싼타페 Hybrid'에 해당하는 차종을 DB에서 찾을 수 없어 리뷰를 건너뜁니다.
[2025-09-14T09:51:41.874+0000] {subprocess.py:93} INFO - 경고: JSON의 '싼타페 Hybrid'에 해당하는 차종을 DB에서 찾을 수 없어 리뷰를 건너뜁니다.
[2025-09-14T09:51:41.878+0000] {subprocess.py:93} INFO - 경고: JSON의 '싼타페 Hybrid'에 해당하는 차종을 DB에서 찾을 수 없어 리뷰를 건너뜁니다.
[2025-09-14T09:51:41.882+0000] {subprocess.py:93} INFO - 경고: JSON의 '싼타페'에 해당하는 차종을 DB에서 찾을 수 없어 리뷰를 건너뜁니다.
[2025-09-14T09:51:41.883+0000] {subprocess.py:93} INFO - 경고: JSON의 '싼타페 Hybrid'에 해당하는 차종을 DB에서 찾을 수 없어 리뷰를 건너뜁니다.
[2025-09-14T09:51:41.898+0000] {subprocess.py:93} INFO - 경고: JSON의 '포터 II 특장차'에 해당하는 차종을 DB에서 찾을 수 없어 리뷰를 건너뜁니다.
[2025-09-14T09:51:41.898+0000] {subprocess.py:93} INFO - 경고: JSON의 '싼타페 Hybrid'에 해당하는 차종을 DB에서 찾을 수 없어 리뷰를 건너뜁니다.
[2025-09-14T09:51:41.924+0000] {subprocess.py:93} INFO - 경고: JSON의 '싼타페 Hybrid'에 해당하는 차종을 DB에서 찾을 수 없어 리뷰를 건너뜁니다.
[2025-09-14T09:51:41.928+0000] {subprocess.py:93} INFO - 경고: JSON의 '싼타페 Hybrid'에 해당하는 차종을 DB에서 찾을 수 없어 리뷰를 건너뜁니다.
[2025-09-14T09:51:41.939+0000] {subprocess.py:93} INFO - 경고: JSON의 '싼타페 Hybrid'에 해당하는 차종을 DB에서 찾을 수 없어 리뷰를 건너뜁니다.
[2025-09-14T09:51:41.959+0000] {subprocess.py:93} INFO - 경고: JSON의 '싼타페 Hybrid'에 해당하는 차종을 DB에서 찾을 수 없어 리뷰를 건너뜁니다.
[2025-09-14T09:51:41.963+0000] {subprocess.py:93} INFO - 경고: JSON의 '싼타페 Hybrid'에 해당하는 차종을 DB에서 찾을 수 없어 리뷰를 건너뜁니다.
[2025-09-14T09:51:41.967+0000] {subprocess.py:93} INFO - 경고: JSON의 '싼타페 Hybrid'에 해당하는 차종을 DB에서 찾을 수 없어 리뷰를 건너뜁니다.
[2025-09-14T09:51:41.975+0000] {subprocess.py:93} INFO - 경고: JSON의 '싼타페 Hybrid'에 해당하는 차종을 DB에서 찾을 수 없어 리뷰를 건너뜁니다.
[2025-09-14T09:51:41.987+0000] {subprocess.py:93} INFO - 경고: JSON의 '포터 II Electric'에 해당하는 차종을 DB에서 찾을 수 없어 리뷰를 건너뜁니다.
[2025-09-14T09:51:42.017+0000] {subprocess.py:93} INFO - 경고: JSON의 '싼타페'에 해당하는 차종을 DB에서 찾을 수 없어 리뷰를 건너뜁니다.
[2025-09-14T09:51:42.026+0000] {subprocess.py:93} INFO - 경고: JSON의 '싼타페'에 해당하는 차종을 DB에서 찾을 수 없어 리뷰를 건너뜁니다.
[2025-09-14T09:51:42.049+0000] {subprocess.py:93} INFO - 경고: JSON의 '싼타페 Hybrid'에 해당하는 차종을 DB에서 찾을 수 없어 리뷰를 건너뜁니다.
[2025-09-14T09:51:42.050+0000] {subprocess.py:93} INFO - 경고: JSON의 '싼타페 Hybrid'에 해당하는 차종을 DB에서 찾을 수 없어 리뷰를 건너뜁니다.
[2025-09-14T09:51:42.071+0000] {subprocess.py:93} INFO - 경고: JSON의 '싼타페 Hybrid'에 해당하는 차종을 DB에서 찾을 수 없어 리뷰를 건너뜁니다.
[2025-09-14T09:51:42.071+0000] {subprocess.py:93} INFO - 경고: JSON의 '싼타페 Hybrid'에 해당하는 차종을 DB에서 찾을 수 없어 리뷰를 건너뜁니다.
[2025-09-14T09:51:42.090+0000] {subprocess.py:93} INFO - 경고: JSON의 '싼타페'에 해당하는 차종을 DB에서 찾을 수 없어 리뷰를 건너뜁니다.
[2025-09-14T09:51:42.090+0000] {subprocess.py:93} INFO - 경고: JSON의 '싼타페 Hybrid'에 해당하는 차종을 DB에서 찾을 수 없어 리뷰를 건너뜁니다.
[2025-09-14T09:51:42.105+0000] {subprocess.py:93} INFO - 경고: JSON의 '싼타페 Hybrid'에 해당하는 차종을 DB에서 찾을 수 없어 리뷰를 건너뜁니다.
[2025-09-14T09:51:42.124+0000] {subprocess.py:93} INFO - 경고: JSON의 '포터 II'에 해당하는 차종을 DB에서 찾을 수 없어 리뷰를 건너뜁니다.
[2025-09-14T09:51:42.137+0000] {subprocess.py:93} INFO - 경고: JSON의 '싼타페 Hybrid'에 해당하는 차종을 DB에서 찾을 수 없어 리뷰를 건너뜁니다.
[2025-09-14T09:51:42.138+0000] {subprocess.py:93} INFO - 경고: JSON의 '싼타페 Hybrid'에 해당하는 차종을 DB에서 찾을 수 없어 리뷰를 건너뜁니다.
[2025-09-14T09:51:42.176+0000] {subprocess.py:93} INFO - 경고: JSON의 '싼타페 Hybrid'에 해당하는 차종을 DB에서 찾을 수 없어 리뷰를 건너뜁니다.
[2025-09-14T09:51:42.177+0000] {subprocess.py:93} INFO - 경고: JSON의 '싼타페 Hybrid'에 해당하는 차종을 DB에서 찾을 수 없어 리뷰를 건너뜁니다.
[2025-09-14T09:51:42.177+0000] {subprocess.py:93} INFO - 경고: JSON의 '포터 II Electric 특장차'에 해당하는 차종을 DB에서 찾을 수 없어 리뷰를 건너뜁니다.
[2025-09-14T09:51:42.187+0000] {subprocess.py:93} INFO - 경고: JSON의 '싼타페 Hybrid'에 해당하는 차종을 DB에서 찾을 수 없어 리뷰를 건너뜁니다.
[2025-09-14T09:51:42.191+0000] {subprocess.py:93} INFO - 경고: JSON의 '쏘나타 택시'에 해당하는 차종을 DB에서 찾을 수 없어 리뷰를 건너뜁니다.
[2025-09-14T09:51:42.195+0000] {subprocess.py:93} INFO - 경고: JSON의 '싼타페 Hybrid'에 해당하는 차종을 DB에서 찾을 수 없어 리뷰를 건너뜁니다.
[2025-09-14T09:51:42.196+0000] {subprocess.py:93} INFO - 경고: JSON의 '싼타페'에 해당하는 차종을 DB에서 찾을 수 없어 리뷰를 건너뜁니다.
[2025-09-14T09:51:42.200+0000] {subprocess.py:93} INFO - 경고: JSON의 '싼타페 Hybrid'에 해당하는 차종을 DB에서 찾을 수 없어 리뷰를 건너뜁니다.
[2025-09-14T09:51:42.200+0000] {subprocess.py:93} INFO - 경고: JSON의 '싼타페 Hybrid'에 해당하는 차종을 DB에서 찾을 수 없어 리뷰를 건너뜁니다.
[2025-09-14T09:51:42.201+0000] {subprocess.py:93} INFO - 경고: JSON의 '싼타페'에 해당하는 차종을 DB에서 찾을 수 없어 리뷰를 건너뜁니다.
[2025-09-14T09:51:42.268+0000] {subprocess.py:93} INFO - 경고: JSON의 '싼타페 Hybrid'에 해당하는 차종을 DB에서 찾을 수 없어 리뷰를 건너뜁니다.
[2025-09-14T09:51:42.268+0000] {subprocess.py:93} INFO - 경고: JSON의 '싼타페 Hybrid'에 해당하는 차종을 DB에서 찾을 수 없어 리뷰를 건너뜁니다.
[2025-09-14T09:51:42.272+0000] {subprocess.py:93} INFO - 경고: JSON의 '싼타페 Hybrid'에 해당하는 차종을 DB에서 찾을 수 없어 리뷰를 건너뜁니다.
[2025-09-14T09:51:42.281+0000] {subprocess.py:93} INFO - 경고: JSON의 '포터 II Electric 특장차'에 해당하는 차종을 DB에서 찾을 수 없어 리뷰를 건너뜁니다.
[2025-09-14T09:51:42.282+0000] {subprocess.py:93} INFO - 경고: JSON의 '싼타페 Hybrid'에 해당하는 차종을 DB에서 찾을 수 없어 리뷰를 건너뜁니다.
[2025-09-14T09:51:42.318+0000] {subprocess.py:93} INFO - 경고: JSON의 '싼타페 Hybrid'에 해당하는 차종을 DB에서 찾을 수 없어 리뷰를 건너뜁니다.
[2025-09-14T09:51:42.318+0000] {subprocess.py:93} INFO - 경고: JSON의 '싼타페'에 해당하는 차종을 DB에서 찾을 수 없어 리뷰를 건너뜁니다.
[2025-09-14T09:51:42.334+0000] {subprocess.py:93} INFO - 경고: JSON의 '싼타페 Hybrid'에 해당하는 차종을 DB에서 찾을 수 없어 리뷰를 건너뜁니다.
[2025-09-14T09:51:42.355+0000] {subprocess.py:93} INFO - 경고: JSON의 '포터 II'에 해당하는 차종을 DB에서 찾을 수 없어 리뷰를 건너뜁니다.
[2025-09-14T09:51:42.359+0000] {subprocess.py:93} INFO - 경고: JSON의 '싼타페 Hybrid'에 해당하는 차종을 DB에서 찾을 수 없어 리뷰를 건너뜁니다.
[2025-09-14T09:51:42.367+0000] {subprocess.py:93} INFO - 경고: JSON의 '싼타페 Hybrid'에 해당하는 차종을 DB에서 찾을 수 없어 리뷰를 건너뜁니다.
[2025-09-14T09:51:42.368+0000] {subprocess.py:93} INFO - 경고: JSON의 '싼타페 Hybrid'에 해당하는 차종을 DB에서 찾을 수 없어 리뷰를 건너뜁니다.
[2025-09-14T09:51:42.380+0000] {subprocess.py:93} INFO - 경고: JSON의 '싼타페 Hybrid'에 해당하는 차종을 DB에서 찾을 수 없어 리뷰를 건너뜁니다.
[2025-09-14T09:51:42.393+0000] {subprocess.py:93} INFO - 경고: JSON의 '싼타페 Hybrid'에 해당하는 차종을 DB에서 찾을 수 없어 리뷰를 건너뜁니다.
[2025-09-14T09:51:42.403+0000] {subprocess.py:93} INFO - 경고: JSON의 '싼타페 Hybrid'에 해당하는 차종을 DB에서 찾을 수 없어 리뷰를 건너뜁니다.
[2025-09-14T09:51:42.404+0000] {subprocess.py:93} INFO - 경고: JSON의 '싼타페 Hybrid'에 해당하는 차종을 DB에서 찾을 수 없어 리뷰를 건너뜁니다.
[2025-09-14T09:51:42.408+0000] {subprocess.py:93} INFO - 경고: JSON의 '싼타페'에 해당하는 차종을 DB에서 찾을 수 없어 리뷰를 건너뜁니다.
[2025-09-14T09:51:42.409+0000] {subprocess.py:93} INFO - 경고: JSON의 '싼타페 Hybrid'에 해당하는 차종을 DB에서 찾을 수 없어 리뷰를 건너뜁니다.
[2025-09-14T09:51:42.413+0000] {subprocess.py:93} INFO - 경고: JSON의 '싼타페 Hybrid'에 해당하는 차종을 DB에서 찾을 수 없어 리뷰를 건너뜁니다.
[2025-09-14T09:51:42.413+0000] {subprocess.py:93} INFO - 경고: JSON의 '싼타페 Hybrid'에 해당하는 차종을 DB에서 찾을 수 없어 리뷰를 건너뜁니다.
[2025-09-14T09:51:42.426+0000] {subprocess.py:93} INFO - 경고: JSON의 '싼타페 Hybrid'에 해당하는 차종을 DB에서 찾을 수 없어 리뷰를 건너뜁니다.
[2025-09-14T09:51:42.438+0000] {subprocess.py:93} INFO - 경고: JSON의 '싼타페 Hybrid'에 해당하는 차종을 DB에서 찾을 수 없어 리뷰를 건너뜁니다.
[2025-09-14T09:51:42.455+0000] {subprocess.py:93} INFO - 경고: JSON의 '싼타페 Hybrid'에 해당하는 차종을 DB에서 찾을 수 없어 리뷰를 건너뜁니다.
[2025-09-14T09:51:42.455+0000] {subprocess.py:93} INFO - 경고: JSON의 '싼타페 Hybrid'에 해당하는 차종을 DB에서 찾을 수 없어 리뷰를 건너뜁니다.
[2025-09-14T09:51:42.463+0000] {subprocess.py:93} INFO - 경고: JSON의 '싼타페'에 해당하는 차종을 DB에서 찾을 수 없어 리뷰를 건너뜁니다.
[2025-09-14T09:51:42.464+0000] {subprocess.py:93} INFO - 경고: JSON의 '싼타페 Hybrid'에 해당하는 차종을 DB에서 찾을 수 없어 리뷰를 건너뜁니다.
[2025-09-14T09:51:42.464+0000] {subprocess.py:93} INFO - 경고: JSON의 '싼타페 Hybrid'에 해당하는 차종을 DB에서 찾을 수 없어 리뷰를 건너뜁니다.
[2025-09-14T09:51:42.475+0000] {subprocess.py:93} INFO - 경고: JSON의 '싼타페 Hybrid'에 해당하는 차종을 DB에서 찾을 수 없어 리뷰를 건너뜁니다.
[2025-09-14T09:51:42.489+0000] {subprocess.py:93} INFO - 경고: JSON의 '싼타페 Hybrid'에 해당하는 차종을 DB에서 찾을 수 없어 리뷰를 건너뜁니다.
[2025-09-14T09:51:42.539+0000] {subprocess.py:93} INFO - 경고: JSON의 '싼타페 Hybrid'에 해당하는 차종을 DB에서 찾을 수 없어 리뷰를 건너뜁니다.
[2025-09-14T09:51:42.547+0000] {subprocess.py:93} INFO - 경고: JSON의 '포터 II'에 해당하는 차종을 DB에서 찾을 수 없어 리뷰를 건너뜁니다.
[2025-09-14T09:51:42.555+0000] {subprocess.py:93} INFO - 경고: JSON의 '싼타페'에 해당하는 차종을 DB에서 찾을 수 없어 리뷰를 건너뜁니다.
[2025-09-14T09:51:42.583+0000] {subprocess.py:93} INFO - 경고: JSON의 '싼타페 Hybrid'에 해당하는 차종을 DB에서 찾을 수 없어 리뷰를 건너뜁니다.
[2025-09-14T09:51:42.601+0000] {subprocess.py:93} INFO - 경고: JSON의 '싼타페 Hybrid'에 해당하는 차종을 DB에서 찾을 수 없어 리뷰를 건너뜁니다.
[2025-09-14T09:51:42.649+0000] {subprocess.py:93} INFO - 경고: JSON의 '싼타페'에 해당하는 차종을 DB에서 찾을 수 없어 리뷰를 건너뜁니다.
[2025-09-14T09:51:42.658+0000] {subprocess.py:93} INFO - 경고: JSON의 '포터 II 특장차'에 해당하는 차종을 DB에서 찾을 수 없어 리뷰를 건너뜁니다.
[2025-09-14T09:51:42.658+0000] {subprocess.py:93} INFO - 경고: JSON의 '싼타페 Hybrid'에 해당하는 차종을 DB에서 찾을 수 없어 리뷰를 건너뜁니다.
[2025-09-14T09:51:42.688+0000] {subprocess.py:93} INFO - 경고: JSON의 '싼타페 Hybrid'에 해당하는 차종을 DB에서 찾을 수 없어 리뷰를 건너뜁니다.
[2025-09-14T09:51:42.700+0000] {subprocess.py:93} INFO - 경고: JSON의 '싼타페 Hybrid'에 해당하는 차종을 DB에서 찾을 수 없어 리뷰를 건너뜁니다.
[2025-09-14T09:51:42.716+0000] {subprocess.py:93} INFO - 경고: JSON의 '포터 II Electric'에 해당하는 차종을 DB에서 찾을 수 없어 리뷰를 건너뜁니다.
[2025-09-14T09:51:42.758+0000] {subprocess.py:93} INFO - 경고: JSON의 '싼타페 Hybrid'에 해당하는 차종을 DB에서 찾을 수 없어 리뷰를 건너뜁니다.
[2025-09-14T09:51:42.758+0000] {subprocess.py:93} INFO - 경고: JSON의 '싼타페 Hybrid'에 해당하는 차종을 DB에서 찾을 수 없어 리뷰를 건너뜁니다.
[2025-09-14T09:51:42.771+0000] {subprocess.py:93} INFO - 경고: JSON의 '싼타페 Hybrid'에 해당하는 차종을 DB에서 찾을 수 없어 리뷰를 건너뜁니다.
[2025-09-14T09:51:42.779+0000] {subprocess.py:93} INFO - 경고: JSON의 '싼타페 Hybrid'에 해당하는 차종을 DB에서 찾을 수 없어 리뷰를 건너뜁니다.
[2025-09-14T09:51:42.788+0000] {subprocess.py:93} INFO - 경고: JSON의 '싼타페 Hybrid'에 해당하는 차종을 DB에서 찾을 수 없어 리뷰를 건너뜁니다.
[2025-09-14T09:51:42.789+0000] {subprocess.py:93} INFO - 경고: JSON의 '싼타페 Hybrid'에 해당하는 차종을 DB에서 찾을 수 없어 리뷰를 건너뜁니다.
[2025-09-14T09:51:42.792+0000] {subprocess.py:93} INFO - 경고: JSON의 '싼타페 Hybrid'에 해당하는 차종을 DB에서 찾을 수 없어 리뷰를 건너뜁니다.
[2025-09-14T09:51:42.805+0000] {subprocess.py:93} INFO - 경고: JSON의 '싼타페 Hybrid'에 해당하는 차종을 DB에서 찾을 수 없어 리뷰를 건너뜁니다.
[2025-09-14T09:51:42.809+0000] {subprocess.py:93} INFO - 경고: JSON의 '싼타페 Hybrid'에 해당하는 차종을 DB에서 찾을 수 없어 리뷰를 건너뜁니다.
[2025-09-14T09:51:42.817+0000] {subprocess.py:93} INFO - 경고: JSON의 '싼타페 Hybrid'에 해당하는 차종을 DB에서 찾을 수 없어 리뷰를 건너뜁니다.
[2025-09-14T09:51:42.826+0000] {subprocess.py:93} INFO - 경고: JSON의 '싼타페'에 해당하는 차종을 DB에서 찾을 수 없어 리뷰를 건너뜁니다.
[2025-09-14T09:51:42.827+0000] {subprocess.py:93} INFO - 경고: JSON의 '싼타페'에 해당하는 차종을 DB에서 찾을 수 없어 리뷰를 건너뜁니다.
[2025-09-14T09:51:42.848+0000] {subprocess.py:93} INFO - 경고: JSON의 '포터 II'에 해당하는 차종을 DB에서 찾을 수 없어 리뷰를 건너뜁니다.
[2025-09-14T09:51:42.849+0000] {subprocess.py:93} INFO - 경고: JSON의 '싼타페 Hybrid'에 해당하는 차종을 DB에서 찾을 수 없어 리뷰를 건너뜁니다.
[2025-09-14T09:51:42.849+0000] {subprocess.py:93} INFO - 경고: JSON의 '싼타페'에 해당하는 차종을 DB에서 찾을 수 없어 리뷰를 건너뜁니다.
[2025-09-14T09:51:42.850+0000] {subprocess.py:93} INFO - 경고: JSON의 '싼타페'에 해당하는 차종을 DB에서 찾을 수 없어 리뷰를 건너뜁니다.
[2025-09-14T09:51:42.850+0000] {subprocess.py:93} INFO - 경고: JSON의 '싼타페 Hybrid'에 해당하는 차종을 DB에서 찾을 수 없어 리뷰를 건너뜁니다.
[2025-09-14T09:51:42.850+0000] {subprocess.py:93} INFO - 경고: JSON의 '싼타페'에 해당하는 차종을 DB에서 찾을 수 없어 리뷰를 건너뜁니다.
[2025-09-14T09:51:42.857+0000] {subprocess.py:93} INFO - 경고: JSON의 '싼타페'에 해당하는 차종을 DB에서 찾을 수 없어 리뷰를 건너뜁니다.
[2025-09-14T09:51:42.881+0000] {subprocess.py:93} INFO - 경고: JSON의 '싼타페 Hybrid'에 해당하는 차종을 DB에서 찾을 수 없어 리뷰를 건너뜁니다.
[2025-09-14T09:51:42.882+0000] {subprocess.py:93} INFO - 경고: JSON의 '싼타페 Hybrid'에 해당하는 차종을 DB에서 찾을 수 없어 리뷰를 건너뜁니다.
[2025-09-14T09:51:42.885+0000] {subprocess.py:93} INFO - 경고: JSON의 '싼타페 Hybrid'에 해당하는 차종을 DB에서 찾을 수 없어 리뷰를 건너뜁니다.
[2025-09-14T09:51:42.886+0000] {subprocess.py:93} INFO - 경고: JSON의 '싼타페 Hybrid'에 해당하는 차종을 DB에서 찾을 수 없어 리뷰를 건너뜁니다.
[2025-09-14T09:51:42.886+0000] {subprocess.py:93} INFO - 경고: JSON의 '싼타페 Hybrid'에 해당하는 차종을 DB에서 찾을 수 없어 리뷰를 건너뜁니다.
[2025-09-14T09:51:42.886+0000] {subprocess.py:93} INFO - 경고: JSON의 '싼타페 Hybrid'에 해당하는 차종을 DB에서 찾을 수 없어 리뷰를 건너뜁니다.
[2025-09-14T09:51:42.890+0000] {subprocess.py:93} INFO - 경고: JSON의 '싼타페 Hybrid'에 해당하는 차종을 DB에서 찾을 수 없어 리뷰를 건너뜁니다.
[2025-09-14T09:51:42.890+0000] {subprocess.py:93} INFO - 경고: JSON의 '싼타페 Hybrid'에 해당하는 차종을 DB에서 찾을 수 없어 리뷰를 건너뜁니다.
[2025-09-14T09:51:42.932+0000] {subprocess.py:93} INFO - 경고: JSON의 '싼타페 Hybrid'에 해당하는 차종을 DB에서 찾을 수 없어 리뷰를 건너뜁니다.
[2025-09-14T09:51:42.936+0000] {subprocess.py:93} INFO - 경고: JSON의 '포터 II Electric'에 해당하는 차종을 DB에서 찾을 수 없어 리뷰를 건너뜁니다.
[2025-09-14T09:51:42.940+0000] {subprocess.py:93} INFO - 경고: JSON의 '포터 II Electric'에 해당하는 차종을 DB에서 찾을 수 없어 리뷰를 건너뜁니다.
[2025-09-14T09:51:42.941+0000] {subprocess.py:93} INFO - 경고: JSON의 '포터 II'에 해당하는 차종을 DB에서 찾을 수 없어 리뷰를 건너뜁니다.
[2025-09-14T09:51:42.945+0000] {subprocess.py:93} INFO - 경고: JSON의 '싼타페'에 해당하는 차종을 DB에서 찾을 수 없어 리뷰를 건너뜁니다.
[2025-09-14T09:51:42.956+0000] {subprocess.py:93} INFO - 경고: JSON의 '싼타페 Hybrid'에 해당하는 차종을 DB에서 찾을 수 없어 리뷰를 건너뜁니다.
[2025-09-14T09:51:43.009+0000] {subprocess.py:93} INFO - 경고: JSON의 '싼타페 Hybrid'에 해당하는 차종을 DB에서 찾을 수 없어 리뷰를 건너뜁니다.
[2025-09-14T09:51:43.023+0000] {subprocess.py:93} INFO - 경고: JSON의 '싼타페 Hybrid'에 해당하는 차종을 DB에서 찾을 수 없어 리뷰를 건너뜁니다.
[2025-09-14T09:51:43.058+0000] {subprocess.py:93} INFO - 경고: JSON의 '싼타페 Hybrid'에 해당하는 차종을 DB에서 찾을 수 없어 리뷰를 건너뜁니다.
[2025-09-14T09:51:43.072+0000] {subprocess.py:93} INFO - 경고: JSON의 '싼타페 Hybrid'에 해당하는 차종을 DB에서 찾을 수 없어 리뷰를 건너뜁니다.
[2025-09-14T09:51:43.072+0000] {subprocess.py:93} INFO - 경고: JSON의 '싼타페 Hybrid'에 해당하는 차종을 DB에서 찾을 수 없어 리뷰를 건너뜁니다.
[2025-09-14T09:51:43.081+0000] {subprocess.py:93} INFO - 경고: JSON의 '싼타페'에 해당하는 차종을 DB에서 찾을 수 없어 리뷰를 건너뜁니다.
[2025-09-14T09:51:43.081+0000] {subprocess.py:93} INFO - 경고: JSON의 '싼타페'에 해당하는 차종을 DB에서 찾을 수 없어 리뷰를 건너뜁니다.
[2025-09-14T09:51:43.111+0000] {subprocess.py:93} INFO - 경고: JSON의 '싼타페 Hybrid'에 해당하는 차종을 DB에서 찾을 수 없어 리뷰를 건너뜁니다.
[2025-09-14T09:51:43.111+0000] {subprocess.py:93} INFO - 경고: JSON의 '쏘나타 택시'에 해당하는 차종을 DB에서 찾을 수 없어 리뷰를 건너뜁니다.
[2025-09-14T09:51:43.123+0000] {subprocess.py:93} INFO - 경고: JSON의 '싼타페 Hybrid'에 해당하는 차종을 DB에서 찾을 수 없어 리뷰를 건너뜁니다.
[2025-09-14T09:51:43.137+0000] {subprocess.py:93} INFO - 경고: JSON의 '싼타페'에 해당하는 차종을 DB에서 찾을 수 없어 리뷰를 건너뜁니다.
[2025-09-14T09:51:43.168+0000] {subprocess.py:93} INFO - 경고: JSON의 '싼타페 Hybrid'에 해당하는 차종을 DB에서 찾을 수 없어 리뷰를 건너뜁니다.
[2025-09-14T09:51:43.168+0000] {subprocess.py:93} INFO - 경고: JSON의 '싼타페 Hybrid'에 해당하는 차종을 DB에서 찾을 수 없어 리뷰를 건너뜁니다.
[2025-09-14T09:51:43.168+0000] {subprocess.py:93} INFO - 경고: JSON의 '싼타페 Hybrid'에 해당하는 차종을 DB에서 찾을 수 없어 리뷰를 건너뜁니다.
[2025-09-14T09:51:43.169+0000] {subprocess.py:93} INFO - 경고: JSON의 '싼타페 Hybrid'에 해당하는 차종을 DB에서 찾을 수 없어 리뷰를 건너뜁니다.
[2025-09-14T09:51:43.198+0000] {subprocess.py:93} INFO - 경고: JSON의 '싼타페'에 해당하는 차종을 DB에서 찾을 수 없어 리뷰를 건너뜁니다.
[2025-09-14T09:51:43.202+0000] {subprocess.py:93} INFO - 경고: JSON의 '싼타페'에 해당하는 차종을 DB에서 찾을 수 없어 리뷰를 건너뜁니다.
[2025-09-14T09:51:43.215+0000] {subprocess.py:93} INFO - 경고: JSON의 '싼타페 Hybrid'에 해당하는 차종을 DB에서 찾을 수 없어 리뷰를 건너뜁니다.
[2025-09-14T09:51:43.215+0000] {subprocess.py:93} INFO - 경고: JSON의 '싼타페 Hybrid'에 해당하는 차종을 DB에서 찾을 수 없어 리뷰를 건너뜁니다.
[2025-09-14T09:51:43.224+0000] {subprocess.py:93} INFO - 경고: JSON의 '싼타페 Hybrid'에 해당하는 차종을 DB에서 찾을 수 없어 리뷰를 건너뜁니다.
[2025-09-14T09:51:43.224+0000] {subprocess.py:93} INFO - 경고: JSON의 '포터 II Electric'에 해당하는 차종을 DB에서 찾을 수 없어 리뷰를 건너뜁니다.
[2025-09-14T09:51:43.253+0000] {subprocess.py:93} INFO - 경고: JSON의 '포터 II'에 해당하는 차종을 DB에서 찾을 수 없어 리뷰를 건너뜁니다.
[2025-09-14T09:51:43.285+0000] {subprocess.py:93} INFO - 경고: JSON의 '싼타페 Hybrid'에 해당하는 차종을 DB에서 찾을 수 없어 리뷰를 건너뜁니다.
[2025-09-14T09:51:43.298+0000] {subprocess.py:93} INFO - 경고: JSON의 '싼타페 Hybrid'에 해당하는 차종을 DB에서 찾을 수 없어 리뷰를 건너뜁니다.
[2025-09-14T09:51:43.306+0000] {subprocess.py:93} INFO - 경고: JSON의 '싼타페 Hybrid'에 해당하는 차종을 DB에서 찾을 수 없어 리뷰를 건너뜁니다.
[2025-09-14T09:51:43.324+0000] {subprocess.py:93} INFO - 경고: JSON의 '싼타페 Hybrid'에 해당하는 차종을 DB에서 찾을 수 없어 리뷰를 건너뜁니다.
[2025-09-14T09:51:43.327+0000] {subprocess.py:93} INFO - 경고: JSON의 '싼타페 Hybrid'에 해당하는 차종을 DB에서 찾을 수 없어 리뷰를 건너뜁니다.
[2025-09-14T09:51:43.341+0000] {subprocess.py:93} INFO - 경고: JSON의 '싼타페 Hybrid'에 해당하는 차종을 DB에서 찾을 수 없어 리뷰를 건너뜁니다.
[2025-09-14T09:51:43.359+0000] {subprocess.py:93} INFO - 경고: JSON의 '싼타페 Hybrid'에 해당하는 차종을 DB에서 찾을 수 없어 리뷰를 건너뜁니다.
[2025-09-14T09:51:43.360+0000] {subprocess.py:93} INFO - 경고: JSON의 '싼타페 Hybrid'에 해당하는 차종을 DB에서 찾을 수 없어 리뷰를 건너뜁니다.
[2025-09-14T09:51:43.368+0000] {subprocess.py:93} INFO - 경고: JSON의 '싼타페 Hybrid'에 해당하는 차종을 DB에서 찾을 수 없어 리뷰를 건너뜁니다.
[2025-09-14T09:51:43.375+0000] {subprocess.py:93} INFO - 경고: JSON의 '싼타페 Hybrid'에 해당하는 차종을 DB에서 찾을 수 없어 리뷰를 건너뜁니다.
[2025-09-14T09:51:43.405+0000] {subprocess.py:93} INFO - 경고: JSON의 '싼타페 Hybrid'에 해당하는 차종을 DB에서 찾을 수 없어 리뷰를 건너뜁니다.
[2025-09-14T09:51:43.413+0000] {subprocess.py:93} INFO - 경고: JSON의 '싼타페 Hybrid'에 해당하는 차종을 DB에서 찾을 수 없어 리뷰를 건너뜁니다.
[2025-09-14T09:51:43.417+0000] {subprocess.py:93} INFO - 경고: JSON의 '싼타페 Hybrid'에 해당하는 차종을 DB에서 찾을 수 없어 리뷰를 건너뜁니다.
[2025-09-14T09:51:43.442+0000] {subprocess.py:93} INFO - 경고: JSON의 '싼타페 Hybrid'에 해당하는 차종을 DB에서 찾을 수 없어 리뷰를 건너뜁니다.
[2025-09-14T09:51:43.442+0000] {subprocess.py:93} INFO - 경고: JSON의 '싼타페 Hybrid'에 해당하는 차종을 DB에서 찾을 수 없어 리뷰를 건너뜁니다.
[2025-09-14T09:51:43.443+0000] {subprocess.py:93} INFO - 경고: JSON의 '싼타페'에 해당하는 차종을 DB에서 찾을 수 없어 리뷰를 건너뜁니다.
[2025-09-14T09:51:43.447+0000] {subprocess.py:93} INFO - 경고: JSON의 '싼타페 Hybrid'에 해당하는 차종을 DB에서 찾을 수 없어 리뷰를 건너뜁니다.
[2025-09-14T09:51:43.448+0000] {subprocess.py:93} INFO - 경고: JSON의 '싼타페'에 해당하는 차종을 DB에서 찾을 수 없어 리뷰를 건너뜁니다.
[2025-09-14T09:51:43.448+0000] {subprocess.py:93} INFO - 경고: JSON의 '싼타페 Hybrid'에 해당하는 차종을 DB에서 찾을 수 없어 리뷰를 건너뜁니다.
[2025-09-14T09:51:43.448+0000] {subprocess.py:93} INFO - 경고: JSON의 '싼타페 Hybrid'에 해당하는 차종을 DB에서 찾을 수 없어 리뷰를 건너뜁니다.
[2025-09-14T09:51:43.448+0000] {subprocess.py:93} INFO - 경고: JSON의 '싼타페 Hybrid'에 해당하는 차종을 DB에서 찾을 수 없어 리뷰를 건너뜁니다.
[2025-09-14T09:51:43.459+0000] {subprocess.py:93} INFO - 경고: JSON의 '싼타페 Hybrid'에 해당하는 차종을 DB에서 찾을 수 없어 리뷰를 건너뜁니다.
[2025-09-14T09:51:43.459+0000] {subprocess.py:93} INFO - 경고: JSON의 '싼타페 Hybrid'에 해당하는 차종을 DB에서 찾을 수 없어 리뷰를 건너뜁니다.
[2025-09-14T09:51:43.479+0000] {subprocess.py:93} INFO - 경고: JSON의 '싼타페 Hybrid'에 해당하는 차종을 DB에서 찾을 수 없어 리뷰를 건너뜁니다.
[2025-09-14T09:51:43.520+0000] {subprocess.py:93} INFO - 경고: JSON의 '싼타페 Hybrid'에 해당하는 차종을 DB에서 찾을 수 없어 리뷰를 건너뜁니다.
[2025-09-14T09:51:43.524+0000] {subprocess.py:93} INFO - 경고: JSON의 '싼타페'에 해당하는 차종을 DB에서 찾을 수 없어 리뷰를 건너뜁니다.
[2025-09-14T09:51:43.532+0000] {subprocess.py:93} INFO - 경고: JSON의 '싼타페 Hybrid'에 해당하는 차종을 DB에서 찾을 수 없어 리뷰를 건너뜁니다.
[2025-09-14T09:51:43.545+0000] {subprocess.py:93} INFO - 경고: JSON의 '싼타페 Hybrid'에 해당하는 차종을 DB에서 찾을 수 없어 리뷰를 건너뜁니다.
[2025-09-14T09:51:43.558+0000] {subprocess.py:93} INFO - 경고: JSON의 '싼타페 Hybrid'에 해당하는 차종을 DB에서 찾을 수 없어 리뷰를 건너뜁니다.
[2025-09-14T09:51:43.558+0000] {subprocess.py:93} INFO - 경고: JSON의 '싼타페'에 해당하는 차종을 DB에서 찾을 수 없어 리뷰를 건너뜁니다.
[2025-09-14T09:51:43.563+0000] {subprocess.py:93} INFO - 경고: JSON의 '싼타페'에 해당하는 차종을 DB에서 찾을 수 없어 리뷰를 건너뜁니다.
[2025-09-14T09:51:43.564+0000] {subprocess.py:93} INFO - 경고: JSON의 '싼타페 Hybrid'에 해당하는 차종을 DB에서 찾을 수 없어 리뷰를 건너뜁니다.
[2025-09-14T09:51:43.568+0000] {subprocess.py:93} INFO - 경고: JSON의 '포터 II'에 해당하는 차종을 DB에서 찾을 수 없어 리뷰를 건너뜁니다.
[2025-09-14T09:51:43.604+0000] {subprocess.py:93} INFO - 경고: JSON의 '싼타페'에 해당하는 차종을 DB에서 찾을 수 없어 리뷰를 건너뜁니다.
[2025-09-14T09:51:43.604+0000] {subprocess.py:93} INFO - 경고: JSON의 '싼타페 Hybrid'에 해당하는 차종을 DB에서 찾을 수 없어 리뷰를 건너뜁니다.
[2025-09-14T09:51:43.608+0000] {subprocess.py:93} INFO - 경고: JSON의 '싼타페 Hybrid'에 해당하는 차종을 DB에서 찾을 수 없어 리뷰를 건너뜁니다.
[2025-09-14T09:51:43.624+0000] {subprocess.py:93} INFO - 경고: JSON의 '싼타페 Hybrid'에 해당하는 차종을 DB에서 찾을 수 없어 리뷰를 건너뜁니다.
[2025-09-14T09:51:43.635+0000] {subprocess.py:93} INFO - 경고: JSON의 '싼타페 Hybrid'에 해당하는 차종을 DB에서 찾을 수 없어 리뷰를 건너뜁니다.
[2025-09-14T09:51:43.667+0000] {subprocess.py:93} INFO - 경고: JSON의 '싼타페 Hybrid'에 해당하는 차종을 DB에서 찾을 수 없어 리뷰를 건너뜁니다.
[2025-09-14T09:51:43.668+0000] {subprocess.py:93} INFO - 경고: JSON의 '싼타페'에 해당하는 차종을 DB에서 찾을 수 없어 리뷰를 건너뜁니다.
[2025-09-14T09:51:43.703+0000] {subprocess.py:93} INFO - 경고: JSON의 '싼타페 Hybrid'에 해당하는 차종을 DB에서 찾을 수 없어 리뷰를 건너뜁니다.
[2025-09-14T09:51:43.711+0000] {subprocess.py:93} INFO - 경고: JSON의 '싼타페 Hybrid'에 해당하는 차종을 DB에서 찾을 수 없어 리뷰를 건너뜁니다.
[2025-09-14T09:51:43.716+0000] {subprocess.py:93} INFO - 경고: JSON의 '포터 II Electric'에 해당하는 차종을 DB에서 찾을 수 없어 리뷰를 건너뜁니다.
[2025-09-14T09:51:43.740+0000] {subprocess.py:93} INFO - 경고: JSON의 '싼타페'에 해당하는 차종을 DB에서 찾을 수 없어 리뷰를 건너뜁니다.
[2025-09-14T09:51:43.747+0000] {subprocess.py:93} INFO - 경고: JSON의 '포터 II Electric 특장차'에 해당하는 차종을 DB에서 찾을 수 없어 리뷰를 건너뜁니다.
[2025-09-14T09:51:43.748+0000] {subprocess.py:93} INFO - 경고: JSON의 '싼타페 Hybrid'에 해당하는 차종을 DB에서 찾을 수 없어 리뷰를 건너뜁니다.
[2025-09-14T09:51:43.756+0000] {subprocess.py:93} INFO - 경고: JSON의 '싼타페 Hybrid'에 해당하는 차종을 DB에서 찾을 수 없어 리뷰를 건너뜁니다.
[2025-09-14T09:51:43.795+0000] {subprocess.py:93} INFO - 경고: JSON의 '쏘나타 택시'에 해당하는 차종을 DB에서 찾을 수 없어 리뷰를 건너뜁니다.
[2025-09-14T09:51:43.796+0000] {subprocess.py:93} INFO - 경고: JSON의 '싼타페 Hybrid'에 해당하는 차종을 DB에서 찾을 수 없어 리뷰를 건너뜁니다.
[2025-09-14T09:51:43.819+0000] {subprocess.py:93} INFO - 경고: JSON의 '싼타페'에 해당하는 차종을 DB에서 찾을 수 없어 리뷰를 건너뜁니다.
[2025-09-14T09:51:43.831+0000] {subprocess.py:93} INFO - 경고: JSON의 '싼타페 Hybrid'에 해당하는 차종을 DB에서 찾을 수 없어 리뷰를 건너뜁니다.
[2025-09-14T09:51:43.832+0000] {subprocess.py:93} INFO - 경고: JSON의 '싼타페'에 해당하는 차종을 DB에서 찾을 수 없어 리뷰를 건너뜁니다.
[2025-09-14T09:51:43.844+0000] {subprocess.py:93} INFO - 경고: JSON의 '싼타페 Hybrid'에 해당하는 차종을 DB에서 찾을 수 없어 리뷰를 건너뜁니다.
[2025-09-14T09:51:43.852+0000] {subprocess.py:93} INFO - 경고: JSON의 '싼타페 Hybrid'에 해당하는 차종을 DB에서 찾을 수 없어 리뷰를 건너뜁니다.
[2025-09-14T09:51:43.852+0000] {subprocess.py:93} INFO - 경고: JSON의 '싼타페 Hybrid'에 해당하는 차종을 DB에서 찾을 수 없어 리뷰를 건너뜁니다.
[2025-09-14T09:51:43.852+0000] {subprocess.py:93} INFO - 경고: JSON의 '싼타페 Hybrid'에 해당하는 차종을 DB에서 찾을 수 없어 리뷰를 건너뜁니다.
[2025-09-14T09:51:43.863+0000] {subprocess.py:93} INFO - 경고: JSON의 '포터 II'에 해당하는 차종을 DB에서 찾을 수 없어 리뷰를 건너뜁니다.
[2025-09-14T09:51:43.867+0000] {subprocess.py:93} INFO - 경고: JSON의 '싼타페 Hybrid'에 해당하는 차종을 DB에서 찾을 수 없어 리뷰를 건너뜁니다.
[2025-09-14T09:51:43.890+0000] {subprocess.py:93} INFO - 경고: JSON의 '싼타페 Hybrid'에 해당하는 차종을 DB에서 찾을 수 없어 리뷰를 건너뜁니다.
[2025-09-14T09:51:43.924+0000] {subprocess.py:93} INFO - 경고: JSON의 '싼타페'에 해당하는 차종을 DB에서 찾을 수 없어 리뷰를 건너뜁니다.
[2025-09-14T09:51:43.946+0000] {subprocess.py:93} INFO - 경고: JSON의 '포터 II'에 해당하는 차종을 DB에서 찾을 수 없어 리뷰를 건너뜁니다.
[2025-09-14T09:51:43.961+0000] {subprocess.py:93} INFO - 경고: JSON의 '싼타페 Hybrid'에 해당하는 차종을 DB에서 찾을 수 없어 리뷰를 건너뜁니다.
[2025-09-14T09:51:43.965+0000] {subprocess.py:93} INFO - 경고: JSON의 '싼타페'에 해당하는 차종을 DB에서 찾을 수 없어 리뷰를 건너뜁니다.
[2025-09-14T09:51:43.969+0000] {subprocess.py:93} INFO - 경고: JSON의 '싼타페'에 해당하는 차종을 DB에서 찾을 수 없어 리뷰를 건너뜁니다.
[2025-09-14T09:51:43.969+0000] {subprocess.py:93} INFO - 경고: JSON의 '싼타페 Hybrid'에 해당하는 차종을 DB에서 찾을 수 없어 리뷰를 건너뜁니다.
[2025-09-14T09:51:43.970+0000] {subprocess.py:93} INFO - 경고: JSON의 '싼타페 Hybrid'에 해당하는 차종을 DB에서 찾을 수 없어 리뷰를 건너뜁니다.
[2025-09-14T09:51:43.970+0000] {subprocess.py:93} INFO - 경고: JSON의 '싼타페 Hybrid'에 해당하는 차종을 DB에서 찾을 수 없어 리뷰를 건너뜁니다.
[2025-09-14T09:51:43.977+0000] {subprocess.py:93} INFO - 경고: JSON의 '싼타페 Hybrid'에 해당하는 차종을 DB에서 찾을 수 없어 리뷰를 건너뜁니다.
[2025-09-14T09:51:43.978+0000] {subprocess.py:93} INFO - 경고: JSON의 '싼타페'에 해당하는 차종을 DB에서 찾을 수 없어 리뷰를 건너뜁니다.
[2025-09-14T09:51:43.981+0000] {subprocess.py:93} INFO - 경고: JSON의 '싼타페 Hybrid'에 해당하는 차종을 DB에서 찾을 수 없어 리뷰를 건너뜁니다.
[2025-09-14T09:51:43.985+0000] {subprocess.py:93} INFO - 경고: JSON의 '싼타페 Hybrid'에 해당하는 차종을 DB에서 찾을 수 없어 리뷰를 건너뜁니다.
[2025-09-14T09:51:43.994+0000] {subprocess.py:93} INFO - 경고: JSON의 '싼타페 Hybrid'에 해당하는 차종을 DB에서 찾을 수 없어 리뷰를 건너뜁니다.
[2025-09-14T09:51:44.019+0000] {subprocess.py:93} INFO - 경고: JSON의 '포터 II Electric 특장차'에 해당하는 차종을 DB에서 찾을 수 없어 리뷰를 건너뜁니다.
[2025-09-14T09:51:44.019+0000] {subprocess.py:93} INFO - 경고: JSON의 '싼타페 Hybrid'에 해당하는 차종을 DB에서 찾을 수 없어 리뷰를 건너뜁니다.
[2025-09-14T09:51:44.035+0000] {subprocess.py:93} INFO - 경고: JSON의 '싼타페'에 해당하는 차종을 DB에서 찾을 수 없어 리뷰를 건너뜁니다.
[2025-09-14T09:51:44.039+0000] {subprocess.py:93} INFO - 경고: JSON의 '싼타페 Hybrid'에 해당하는 차종을 DB에서 찾을 수 없어 리뷰를 건너뜁니다.
[2025-09-14T09:51:44.064+0000] {subprocess.py:93} INFO - 경고: JSON의 '쏘나타 택시'에 해당하는 차종을 DB에서 찾을 수 없어 리뷰를 건너뜁니다.
[2025-09-14T09:51:44.102+0000] {subprocess.py:93} INFO - 경고: JSON의 '싼타페 Hybrid'에 해당하는 차종을 DB에서 찾을 수 없어 리뷰를 건너뜁니다.
[2025-09-14T09:51:44.121+0000] {subprocess.py:93} INFO - 경고: JSON의 '포터 II'에 해당하는 차종을 DB에서 찾을 수 없어 리뷰를 건너뜁니다.
[2025-09-14T09:51:44.148+0000] {subprocess.py:93} INFO - 경고: JSON의 '싼타페 Hybrid'에 해당하는 차종을 DB에서 찾을 수 없어 리뷰를 건너뜁니다.
[2025-09-14T09:51:44.156+0000] {subprocess.py:93} INFO - 경고: JSON의 '싼타페 Hybrid'에 해당하는 차종을 DB에서 찾을 수 없어 리뷰를 건너뜁니다.
[2025-09-14T09:51:44.168+0000] {subprocess.py:93} INFO - 경고: JSON의 '싼타페 Hybrid'에 해당하는 차종을 DB에서 찾을 수 없어 리뷰를 건너뜁니다.
[2025-09-14T09:51:44.193+0000] {subprocess.py:93} INFO - 경고: JSON의 '싼타페'에 해당하는 차종을 DB에서 찾을 수 없어 리뷰를 건너뜁니다.
[2025-09-14T09:51:44.197+0000] {subprocess.py:93} INFO - 경고: JSON의 '포터 II'에 해당하는 차종을 DB에서 찾을 수 없어 리뷰를 건너뜁니다.
[2025-09-14T09:51:44.209+0000] {subprocess.py:93} INFO - 경고: JSON의 '포터 II Electric'에 해당하는 차종을 DB에서 찾을 수 없어 리뷰를 건너뜁니다.
[2025-09-14T09:51:44.217+0000] {subprocess.py:93} INFO - 경고: JSON의 '싼타페 Hybrid'에 해당하는 차종을 DB에서 찾을 수 없어 리뷰를 건너뜁니다.
[2025-09-14T09:51:44.225+0000] {subprocess.py:93} INFO - 경고: JSON의 '싼타페 Hybrid'에 해당하는 차종을 DB에서 찾을 수 없어 리뷰를 건너뜁니다.
[2025-09-14T09:51:44.226+0000] {subprocess.py:93} INFO - 경고: JSON의 '싼타페 Hybrid'에 해당하는 차종을 DB에서 찾을 수 없어 리뷰를 건너뜁니다.
[2025-09-14T09:51:44.230+0000] {subprocess.py:93} INFO - 경고: JSON의 '싼타페'에 해당하는 차종을 DB에서 찾을 수 없어 리뷰를 건너뜁니다.
[2025-09-14T09:51:44.259+0000] {subprocess.py:93} INFO - 경고: JSON의 '싼타페'에 해당하는 차종을 DB에서 찾을 수 없어 리뷰를 건너뜁니다.
[2025-09-14T09:51:44.267+0000] {subprocess.py:93} INFO - 경고: JSON의 '싼타페 Hybrid'에 해당하는 차종을 DB에서 찾을 수 없어 리뷰를 건너뜁니다.
[2025-09-14T09:51:44.318+0000] {subprocess.py:93} INFO - 경고: JSON의 '싼타페 Hybrid'에 해당하는 차종을 DB에서 찾을 수 없어 리뷰를 건너뜁니다.
[2025-09-14T09:51:44.319+0000] {subprocess.py:93} INFO - 경고: JSON의 '싼타페 Hybrid'에 해당하는 차종을 DB에서 찾을 수 없어 리뷰를 건너뜁니다.
[2025-09-14T09:51:44.335+0000] {subprocess.py:93} INFO - 경고: JSON의 '싼타페 Hybrid'에 해당하는 차종을 DB에서 찾을 수 없어 리뷰를 건너뜁니다.
[2025-09-14T09:51:44.335+0000] {subprocess.py:93} INFO - 경고: JSON의 '싼타페 Hybrid'에 해당하는 차종을 DB에서 찾을 수 없어 리뷰를 건너뜁니다.
[2025-09-14T09:51:44.376+0000] {subprocess.py:93} INFO - 경고: JSON의 '쏘나타 택시'에 해당하는 차종을 DB에서 찾을 수 없어 리뷰를 건너뜁니다.
[2025-09-14T09:51:44.423+0000] {subprocess.py:93} INFO - 경고: JSON의 '싼타페 Hybrid'에 해당하는 차종을 DB에서 찾을 수 없어 리뷰를 건너뜁니다.
[2025-09-14T09:51:44.436+0000] {subprocess.py:93} INFO - 경고: JSON의 '싼타페 Hybrid'에 해당하는 차종을 DB에서 찾을 수 없어 리뷰를 건너뜁니다.
[2025-09-14T09:51:44.447+0000] {subprocess.py:93} INFO - 경고: JSON의 '싼타페 Hybrid'에 해당하는 차종을 DB에서 찾을 수 없어 리뷰를 건너뜁니다.
[2025-09-14T09:51:44.452+0000] {subprocess.py:93} INFO - 경고: JSON의 '싼타페 Hybrid'에 해당하는 차종을 DB에서 찾을 수 없어 리뷰를 건너뜁니다.
[2025-09-14T09:51:44.460+0000] {subprocess.py:93} INFO - 경고: JSON의 '싼타페'에 해당하는 차종을 DB에서 찾을 수 없어 리뷰를 건너뜁니다.
[2025-09-14T09:51:44.465+0000] {subprocess.py:93} INFO - 경고: JSON의 '싼타페 Hybrid'에 해당하는 차종을 DB에서 찾을 수 없어 리뷰를 건너뜁니다.
[2025-09-14T09:51:44.482+0000] {subprocess.py:93} INFO - 경고: JSON의 '싼타페 Hybrid'에 해당하는 차종을 DB에서 찾을 수 없어 리뷰를 건너뜁니다.
[2025-09-14T09:51:44.516+0000] {subprocess.py:93} INFO - 경고: JSON의 '싼타페 Hybrid'에 해당하는 차종을 DB에서 찾을 수 없어 리뷰를 건너뜁니다.
[2025-09-14T09:51:44.517+0000] {subprocess.py:93} INFO - 경고: JSON의 '싼타페 Hybrid'에 해당하는 차종을 DB에서 찾을 수 없어 리뷰를 건너뜁니다.
[2025-09-14T09:51:44.538+0000] {subprocess.py:93} INFO - 경고: JSON의 '싼타페 Hybrid'에 해당하는 차종을 DB에서 찾을 수 없어 리뷰를 건너뜁니다.
[2025-09-14T09:51:44.539+0000] {subprocess.py:93} INFO - 경고: JSON의 '싼타페'에 해당하는 차종을 DB에서 찾을 수 없어 리뷰를 건너뜁니다.
[2025-09-14T09:51:44.548+0000] {subprocess.py:93} INFO - 경고: JSON의 '싼타페 Hybrid'에 해당하는 차종을 DB에서 찾을 수 없어 리뷰를 건너뜁니다.
[2025-09-14T09:51:44.549+0000] {subprocess.py:93} INFO - 경고: JSON의 '포터 II Electric'에 해당하는 차종을 DB에서 찾을 수 없어 리뷰를 건너뜁니다.
[2025-09-14T09:51:44.549+0000] {subprocess.py:93} INFO - 경고: JSON의 '싼타페 Hybrid'에 해당하는 차종을 DB에서 찾을 수 없어 리뷰를 건너뜁니다.
[2025-09-14T09:51:44.558+0000] {subprocess.py:93} INFO - 경고: JSON의 '싼타페 Hybrid'에 해당하는 차종을 DB에서 찾을 수 없어 리뷰를 건너뜁니다.
[2025-09-14T09:51:44.566+0000] {subprocess.py:93} INFO - 경고: JSON의 '싼타페 Hybrid'에 해당하는 차종을 DB에서 찾을 수 없어 리뷰를 건너뜁니다.
[2025-09-14T09:51:44.571+0000] {subprocess.py:93} INFO - 경고: JSON의 '포터 II'에 해당하는 차종을 DB에서 찾을 수 없어 리뷰를 건너뜁니다.
[2025-09-14T09:51:44.576+0000] {subprocess.py:93} INFO - 경고: JSON의 '쏘나타 택시'에 해당하는 차종을 DB에서 찾을 수 없어 리뷰를 건너뜁니다.
[2025-09-14T09:51:44.576+0000] {subprocess.py:93} INFO - 경고: JSON의 '싼타페 Hybrid'에 해당하는 차종을 DB에서 찾을 수 없어 리뷰를 건너뜁니다.
[2025-09-14T09:51:44.576+0000] {subprocess.py:93} INFO - 경고: JSON의 '싼타페 Hybrid'에 해당하는 차종을 DB에서 찾을 수 없어 리뷰를 건너뜁니다.
[2025-09-14T09:51:44.577+0000] {subprocess.py:93} INFO - 경고: JSON의 '싼타페'에 해당하는 차종을 DB에서 찾을 수 없어 리뷰를 건너뜁니다.
[2025-09-14T09:51:44.610+0000] {subprocess.py:93} INFO - 경고: JSON의 '싼타페 Hybrid'에 해당하는 차종을 DB에서 찾을 수 없어 리뷰를 건너뜁니다.
[2025-09-14T09:51:44.611+0000] {subprocess.py:93} INFO - 경고: JSON의 '싼타페 Hybrid'에 해당하는 차종을 DB에서 찾을 수 없어 리뷰를 건너뜁니다.
[2025-09-14T09:51:44.623+0000] {subprocess.py:93} INFO - 경고: JSON의 '싼타페 Hybrid'에 해당하는 차종을 DB에서 찾을 수 없어 리뷰를 건너뜁니다.
[2025-09-14T09:51:44.627+0000] {subprocess.py:93} INFO - 경고: JSON의 '싼타페 Hybrid'에 해당하는 차종을 DB에서 찾을 수 없어 리뷰를 건너뜁니다.
[2025-09-14T09:51:44.628+0000] {subprocess.py:93} INFO - 경고: JSON의 '싼타페 Hybrid'에 해당하는 차종을 DB에서 찾을 수 없어 리뷰를 건너뜁니다.
[2025-09-14T09:51:44.632+0000] {subprocess.py:93} INFO - 경고: JSON의 '싼타페 Hybrid'에 해당하는 차종을 DB에서 찾을 수 없어 리뷰를 건너뜁니다.
[2025-09-14T09:51:44.644+0000] {subprocess.py:93} INFO - 경고: JSON의 '싼타페'에 해당하는 차종을 DB에서 찾을 수 없어 리뷰를 건너뜁니다.
[2025-09-14T09:51:44.685+0000] {subprocess.py:93} INFO - 경고: JSON의 '싼타페'에 해당하는 차종을 DB에서 찾을 수 없어 리뷰를 건너뜁니다.
[2025-09-14T09:51:44.698+0000] {subprocess.py:93} INFO - 경고: JSON의 '싼타페'에 해당하는 차종을 DB에서 찾을 수 없어 리뷰를 건너뜁니다.
[2025-09-14T09:51:44.702+0000] {subprocess.py:93} INFO - 경고: JSON의 '싼타페 Hybrid'에 해당하는 차종을 DB에서 찾을 수 없어 리뷰를 건너뜁니다.
[2025-09-14T09:51:44.703+0000] {subprocess.py:93} INFO - 경고: JSON의 '싼타페 Hybrid'에 해당하는 차종을 DB에서 찾을 수 없어 리뷰를 건너뜁니다.
[2025-09-14T09:51:44.706+0000] {subprocess.py:93} INFO - 경고: JSON의 '싼타페 Hybrid'에 해당하는 차종을 DB에서 찾을 수 없어 리뷰를 건너뜁니다.
[2025-09-14T09:51:44.714+0000] {subprocess.py:93} INFO - 경고: JSON의 '포터 II Electric'에 해당하는 차종을 DB에서 찾을 수 없어 리뷰를 건너뜁니다.
[2025-09-14T09:51:44.723+0000] {subprocess.py:93} INFO - 경고: JSON의 '싼타페 Hybrid'에 해당하는 차종을 DB에서 찾을 수 없어 리뷰를 건너뜁니다.
[2025-09-14T09:51:44.728+0000] {subprocess.py:93} INFO - 경고: JSON의 '싼타페 Hybrid'에 해당하는 차종을 DB에서 찾을 수 없어 리뷰를 건너뜁니다.
[2025-09-14T09:51:44.732+0000] {subprocess.py:93} INFO - 경고: JSON의 '싼타페 Hybrid'에 해당하는 차종을 DB에서 찾을 수 없어 리뷰를 건너뜁니다.
[2025-09-14T09:51:44.733+0000] {subprocess.py:93} INFO - 경고: JSON의 '싼타페 Hybrid'에 해당하는 차종을 DB에서 찾을 수 없어 리뷰를 건너뜁니다.
[2025-09-14T09:51:44.733+0000] {subprocess.py:93} INFO - 경고: JSON의 '싼타페'에 해당하는 차종을 DB에서 찾을 수 없어 리뷰를 건너뜁니다.
[2025-09-14T09:51:44.733+0000] {subprocess.py:93} INFO - 경고: JSON의 '싼타페'에 해당하는 차종을 DB에서 찾을 수 없어 리뷰를 건너뜁니다.
[2025-09-14T09:51:44.758+0000] {subprocess.py:93} INFO - 경고: JSON의 '싼타페 Hybrid'에 해당하는 차종을 DB에서 찾을 수 없어 리뷰를 건너뜁니다.
[2025-09-14T09:51:44.766+0000] {subprocess.py:93} INFO - 경고: JSON의 '싼타페 Hybrid'에 해당하는 차종을 DB에서 찾을 수 없어 리뷰를 건너뜁니다.
[2025-09-14T09:51:44.766+0000] {subprocess.py:93} INFO - 경고: JSON의 '싼타페 Hybrid'에 해당하는 차종을 DB에서 찾을 수 없어 리뷰를 건너뜁니다.
[2025-09-14T09:51:44.767+0000] {subprocess.py:93} INFO - 경고: JSON의 '싼타페 Hybrid'에 해당하는 차종을 DB에서 찾을 수 없어 리뷰를 건너뜁니다.
[2025-09-14T09:51:44.774+0000] {subprocess.py:93} INFO - 경고: JSON의 '싼타페 Hybrid'에 해당하는 차종을 DB에서 찾을 수 없어 리뷰를 건너뜁니다.
[2025-09-14T09:51:44.799+0000] {subprocess.py:93} INFO - 경고: JSON의 '싼타페 Hybrid'에 해당하는 차종을 DB에서 찾을 수 없어 리뷰를 건너뜁니다.
[2025-09-14T09:51:44.800+0000] {subprocess.py:93} INFO - 경고: JSON의 '싼타페 Hybrid'에 해당하는 차종을 DB에서 찾을 수 없어 리뷰를 건너뜁니다.
[2025-09-14T09:51:44.800+0000] {subprocess.py:93} INFO - 경고: JSON의 '싼타페 Hybrid'에 해당하는 차종을 DB에서 찾을 수 없어 리뷰를 건너뜁니다.
[2025-09-14T09:51:44.800+0000] {subprocess.py:93} INFO - 경고: JSON의 '싼타페 Hybrid'에 해당하는 차종을 DB에서 찾을 수 없어 리뷰를 건너뜁니다.
[2025-09-14T09:51:44.801+0000] {subprocess.py:93} INFO - 경고: JSON의 '싼타페'에 해당하는 차종을 DB에서 찾을 수 없어 리뷰를 건너뜁니다.
[2025-09-14T09:51:44.801+0000] {subprocess.py:93} INFO - 경고: JSON의 '싼타페'에 해당하는 차종을 DB에서 찾을 수 없어 리뷰를 건너뜁니다.
[2025-09-14T09:51:44.804+0000] {subprocess.py:93} INFO - 경고: JSON의 '싼타페 Hybrid'에 해당하는 차종을 DB에서 찾을 수 없어 리뷰를 건너뜁니다.
[2025-09-14T09:51:44.809+0000] {subprocess.py:93} INFO - 경고: JSON의 '싼타페 Hybrid'에 해당하는 차종을 DB에서 찾을 수 없어 리뷰를 건너뜁니다.
[2025-09-14T09:51:44.826+0000] {subprocess.py:93} INFO - 경고: JSON의 '싼타페 Hybrid'에 해당하는 차종을 DB에서 찾을 수 없어 리뷰를 건너뜁니다.
[2025-09-14T09:51:44.826+0000] {subprocess.py:93} INFO - 경고: JSON의 '싼타페 Hybrid'에 해당하는 차종을 DB에서 찾을 수 없어 리뷰를 건너뜁니다.
[2025-09-14T09:51:44.835+0000] {subprocess.py:93} INFO - 경고: JSON의 '싼타페 Hybrid'에 해당하는 차종을 DB에서 찾을 수 없어 리뷰를 건너뜁니다.
[2025-09-14T09:51:44.843+0000] {subprocess.py:93} INFO - 경고: JSON의 '싼타페 Hybrid'에 해당하는 차종을 DB에서 찾을 수 없어 리뷰를 건너뜁니다.
[2025-09-14T09:51:44.848+0000] {subprocess.py:93} INFO - 경고: JSON의 '싼타페 Hybrid'에 해당하는 차종을 DB에서 찾을 수 없어 리뷰를 건너뜁니다.
[2025-09-14T09:51:44.897+0000] {subprocess.py:93} INFO - 경고: JSON의 '싼타페 Hybrid'에 해당하는 차종을 DB에서 찾을 수 없어 리뷰를 건너뜁니다.
[2025-09-14T09:51:44.918+0000] {subprocess.py:93} INFO - 경고: JSON의 '싼타페 Hybrid'에 해당하는 차종을 DB에서 찾을 수 없어 리뷰를 건너뜁니다.
[2025-09-14T09:51:44.936+0000] {subprocess.py:93} INFO - 경고: JSON의 '싼타페 Hybrid'에 해당하는 차종을 DB에서 찾을 수 없어 리뷰를 건너뜁니다.
[2025-09-14T09:51:44.937+0000] {subprocess.py:93} INFO - 경고: JSON의 '싼타페 Hybrid'에 해당하는 차종을 DB에서 찾을 수 없어 리뷰를 건너뜁니다.
[2025-09-14T09:51:44.937+0000] {subprocess.py:93} INFO - 경고: JSON의 '싼타페 Hybrid'에 해당하는 차종을 DB에서 찾을 수 없어 리뷰를 건너뜁니다.
[2025-09-14T09:51:44.937+0000] {subprocess.py:93} INFO - 경고: JSON의 '싼타페 Hybrid'에 해당하는 차종을 DB에서 찾을 수 없어 리뷰를 건너뜁니다.
[2025-09-14T09:51:44.944+0000] {subprocess.py:93} INFO - 경고: JSON의 '싼타페 Hybrid'에 해당하는 차종을 DB에서 찾을 수 없어 리뷰를 건너뜁니다.
[2025-09-14T09:51:44.959+0000] {subprocess.py:93} INFO - 경고: JSON의 '싼타페 Hybrid'에 해당하는 차종을 DB에서 찾을 수 없어 리뷰를 건너뜁니다.
[2025-09-14T09:51:44.971+0000] {subprocess.py:93} INFO - 경고: JSON의 '싼타페 Hybrid'에 해당하는 차종을 DB에서 찾을 수 없어 리뷰를 건너뜁니다.
[2025-09-14T09:51:44.972+0000] {subprocess.py:93} INFO - 경고: JSON의 '싼타페 Hybrid'에 해당하는 차종을 DB에서 찾을 수 없어 리뷰를 건너뜁니다.
[2025-09-14T09:51:44.987+0000] {subprocess.py:93} INFO - 경고: JSON의 '싼타페 Hybrid'에 해당하는 차종을 DB에서 찾을 수 없어 리뷰를 건너뜁니다.
[2025-09-14T09:51:44.991+0000] {subprocess.py:93} INFO - 경고: JSON의 '싼타페 Hybrid'에 해당하는 차종을 DB에서 찾을 수 없어 리뷰를 건너뜁니다.
[2025-09-14T09:51:44.992+0000] {subprocess.py:93} INFO - 경고: JSON의 '포터 II 특장차'에 해당하는 차종을 DB에서 찾을 수 없어 리뷰를 건너뜁니다.
[2025-09-14T09:51:45.000+0000] {subprocess.py:93} INFO - 경고: JSON의 '싼타페 Hybrid'에 해당하는 차종을 DB에서 찾을 수 없어 리뷰를 건너뜁니다.
[2025-09-14T09:51:45.021+0000] {subprocess.py:93} INFO - 경고: JSON의 '싼타페 Hybrid'에 해당하는 차종을 DB에서 찾을 수 없어 리뷰를 건너뜁니다.
[2025-09-14T09:51:45.026+0000] {subprocess.py:93} INFO - 경고: JSON의 '싼타페 Hybrid'에 해당하는 차종을 DB에서 찾을 수 없어 리뷰를 건너뜁니다.
[2025-09-14T09:51:45.039+0000] {subprocess.py:93} INFO - 경고: JSON의 '싼타페 Hybrid'에 해당하는 차종을 DB에서 찾을 수 없어 리뷰를 건너뜁니다.
[2025-09-14T09:51:45.039+0000] {subprocess.py:93} INFO - 경고: JSON의 '싼타페 Hybrid'에 해당하는 차종을 DB에서 찾을 수 없어 리뷰를 건너뜁니다.
[2025-09-14T09:51:45.044+0000] {subprocess.py:93} INFO - 경고: JSON의 '싼타페 Hybrid'에 해당하는 차종을 DB에서 찾을 수 없어 리뷰를 건너뜁니다.
[2025-09-14T09:51:45.045+0000] {subprocess.py:93} INFO - 경고: JSON의 '싼타페 Hybrid'에 해당하는 차종을 DB에서 찾을 수 없어 리뷰를 건너뜁니다.
[2025-09-14T09:51:45.060+0000] {subprocess.py:93} INFO - 경고: JSON의 '포터 II'에 해당하는 차종을 DB에서 찾을 수 없어 리뷰를 건너뜁니다.
[2025-09-14T09:51:45.087+0000] {subprocess.py:93} INFO - 경고: JSON의 '싼타페 Hybrid'에 해당하는 차종을 DB에서 찾을 수 없어 리뷰를 건너뜁니다.
[2025-09-14T09:51:45.153+0000] {subprocess.py:93} INFO - 경고: JSON의 '싼타페 Hybrid'에 해당하는 차종을 DB에서 찾을 수 없어 리뷰를 건너뜁니다.
[2025-09-14T09:51:45.189+0000] {subprocess.py:93} INFO - 경고: JSON의 '싼타페 Hybrid'에 해당하는 차종을 DB에서 찾을 수 없어 리뷰를 건너뜁니다.
[2025-09-14T09:51:45.190+0000] {subprocess.py:93} INFO - 경고: JSON의 '싼타페 Hybrid'에 해당하는 차종을 DB에서 찾을 수 없어 리뷰를 건너뜁니다.
[2025-09-14T09:51:45.190+0000] {subprocess.py:93} INFO - 경고: JSON의 '싼타페 Hybrid'에 해당하는 차종을 DB에서 찾을 수 없어 리뷰를 건너뜁니다.
[2025-09-14T09:51:45.190+0000] {subprocess.py:93} INFO - 경고: JSON의 '싼타페'에 해당하는 차종을 DB에서 찾을 수 없어 리뷰를 건너뜁니다.
[2025-09-14T09:51:45.198+0000] {subprocess.py:93} INFO - 경고: JSON의 '싼타페 Hybrid'에 해당하는 차종을 DB에서 찾을 수 없어 리뷰를 건너뜁니다.
[2025-09-14T09:51:45.230+0000] {subprocess.py:93} INFO - 경고: JSON의 '싼타페 Hybrid'에 해당하는 차종을 DB에서 찾을 수 없어 리뷰를 건너뜁니다.
[2025-09-14T09:51:45.231+0000] {subprocess.py:93} INFO - 경고: JSON의 '싼타페 Hybrid'에 해당하는 차종을 DB에서 찾을 수 없어 리뷰를 건너뜁니다.
[2025-09-14T09:51:45.231+0000] {subprocess.py:93} INFO - 경고: JSON의 '싼타페 Hybrid'에 해당하는 차종을 DB에서 찾을 수 없어 리뷰를 건너뜁니다.
[2025-09-14T09:51:45.252+0000] {subprocess.py:93} INFO - 경고: JSON의 '싼타페 Hybrid'에 해당하는 차종을 DB에서 찾을 수 없어 리뷰를 건너뜁니다.
[2025-09-14T09:51:45.261+0000] {subprocess.py:93} INFO - 경고: JSON의 '싼타페'에 해당하는 차종을 DB에서 찾을 수 없어 리뷰를 건너뜁니다.
[2025-09-14T09:51:45.261+0000] {subprocess.py:93} INFO - 경고: JSON의 '싼타페 Hybrid'에 해당하는 차종을 DB에서 찾을 수 없어 리뷰를 건너뜁니다.
[2025-09-14T09:51:45.262+0000] {subprocess.py:93} INFO - 경고: JSON의 '싼타페 Hybrid'에 해당하는 차종을 DB에서 찾을 수 없어 리뷰를 건너뜁니다.
[2025-09-14T09:51:45.262+0000] {subprocess.py:93} INFO - 경고: JSON의 '싼타페 Hybrid'에 해당하는 차종을 DB에서 찾을 수 없어 리뷰를 건너뜁니다.
[2025-09-14T09:51:45.265+0000] {subprocess.py:93} INFO - 경고: JSON의 '싼타페 Hybrid'에 해당하는 차종을 DB에서 찾을 수 없어 리뷰를 건너뜁니다.
[2025-09-14T09:51:45.266+0000] {subprocess.py:93} INFO - 경고: JSON의 '싼타페 Hybrid'에 해당하는 차종을 DB에서 찾을 수 없어 리뷰를 건너뜁니다.
[2025-09-14T09:51:45.278+0000] {subprocess.py:93} INFO - 경고: JSON의 '싼타페 Hybrid'에 해당하는 차종을 DB에서 찾을 수 없어 리뷰를 건너뜁니다.
[2025-09-14T09:51:45.282+0000] {subprocess.py:93} INFO - 경고: JSON의 '싼타페'에 해당하는 차종을 DB에서 찾을 수 없어 리뷰를 건너뜁니다.
[2025-09-14T09:51:45.317+0000] {subprocess.py:93} INFO - 경고: JSON의 '싼타페 Hybrid'에 해당하는 차종을 DB에서 찾을 수 없어 리뷰를 건너뜁니다.
[2025-09-14T09:51:45.325+0000] {subprocess.py:93} INFO - 경고: JSON의 '싼타페'에 해당하는 차종을 DB에서 찾을 수 없어 리뷰를 건너뜁니다.
[2025-09-14T09:51:45.346+0000] {subprocess.py:93} INFO - 경고: JSON의 '싼타페'에 해당하는 차종을 DB에서 찾을 수 없어 리뷰를 건너뜁니다.
[2025-09-14T09:51:45.346+0000] {subprocess.py:93} INFO - 경고: JSON의 '싼타페 Hybrid'에 해당하는 차종을 DB에서 찾을 수 없어 리뷰를 건너뜁니다.
[2025-09-14T09:51:45.354+0000] {subprocess.py:93} INFO - 경고: JSON의 '싼타페 Hybrid'에 해당하는 차종을 DB에서 찾을 수 없어 리뷰를 건너뜁니다.
[2025-09-14T09:51:45.366+0000] {subprocess.py:93} INFO - 경고: JSON의 '싼타페 Hybrid'에 해당하는 차종을 DB에서 찾을 수 없어 리뷰를 건너뜁니다.
[2025-09-14T09:51:45.378+0000] {subprocess.py:93} INFO - 경고: JSON의 '싼타페 Hybrid'에 해당하는 차종을 DB에서 찾을 수 없어 리뷰를 건너뜁니다.
[2025-09-14T09:51:45.379+0000] {subprocess.py:93} INFO - 경고: JSON의 '싼타페 Hybrid'에 해당하는 차종을 DB에서 찾을 수 없어 리뷰를 건너뜁니다.
[2025-09-14T09:51:45.391+0000] {subprocess.py:93} INFO - 경고: JSON의 '싼타페 Hybrid'에 해당하는 차종을 DB에서 찾을 수 없어 리뷰를 건너뜁니다.
[2025-09-14T09:51:45.404+0000] {subprocess.py:93} INFO - 경고: JSON의 '싼타페 Hybrid'에 해당하는 차종을 DB에서 찾을 수 없어 리뷰를 건너뜁니다.
[2025-09-14T09:51:45.416+0000] {subprocess.py:93} INFO - 경고: JSON의 '싼타페'에 해당하는 차종을 DB에서 찾을 수 없어 리뷰를 건너뜁니다.
[2025-09-14T09:51:45.425+0000] {subprocess.py:93} INFO - 경고: JSON의 '싼타페 Hybrid'에 해당하는 차종을 DB에서 찾을 수 없어 리뷰를 건너뜁니다.
[2025-09-14T09:51:45.429+0000] {subprocess.py:93} INFO - 경고: JSON의 '싼타페 Hybrid'에 해당하는 차종을 DB에서 찾을 수 없어 리뷰를 건너뜁니다.
[2025-09-14T09:51:45.448+0000] {subprocess.py:93} INFO - 경고: JSON의 '싼타페'에 해당하는 차종을 DB에서 찾을 수 없어 리뷰를 건너뜁니다.
[2025-09-14T09:51:45.493+0000] {subprocess.py:93} INFO - 경고: JSON의 '싼타페 Hybrid'에 해당하는 차종을 DB에서 찾을 수 없어 리뷰를 건너뜁니다.
[2025-09-14T09:51:45.499+0000] {subprocess.py:93} INFO - 경고: JSON의 '싼타페'에 해당하는 차종을 DB에서 찾을 수 없어 리뷰를 건너뜁니다.
[2025-09-14T09:51:45.519+0000] {subprocess.py:93} INFO - 경고: JSON의 '싼타페 Hybrid'에 해당하는 차종을 DB에서 찾을 수 없어 리뷰를 건너뜁니다.
[2025-09-14T09:51:45.520+0000] {subprocess.py:93} INFO - 경고: JSON의 '싼타페 Hybrid'에 해당하는 차종을 DB에서 찾을 수 없어 리뷰를 건너뜁니다.
[2025-09-14T09:51:45.520+0000] {subprocess.py:93} INFO - 경고: JSON의 '싼타페 Hybrid'에 해당하는 차종을 DB에서 찾을 수 없어 리뷰를 건너뜁니다.
[2025-09-14T09:51:45.524+0000] {subprocess.py:93} INFO - 경고: JSON의 '싼타페'에 해당하는 차종을 DB에서 찾을 수 없어 리뷰를 건너뜁니다.
[2025-09-14T09:51:45.539+0000] {subprocess.py:93} INFO - 경고: JSON의 '싼타페 Hybrid'에 해당하는 차종을 DB에서 찾을 수 없어 리뷰를 건너뜁니다.
[2025-09-14T09:51:45.539+0000] {subprocess.py:93} INFO - 경고: JSON의 '싼타페'에 해당하는 차종을 DB에서 찾을 수 없어 리뷰를 건너뜁니다.
[2025-09-14T09:51:45.540+0000] {subprocess.py:93} INFO - 경고: JSON의 '싼타페 Hybrid'에 해당하는 차종을 DB에서 찾을 수 없어 리뷰를 건너뜁니다.
[2025-09-14T09:51:45.554+0000] {subprocess.py:93} INFO - 경고: JSON의 '싼타페'에 해당하는 차종을 DB에서 찾을 수 없어 리뷰를 건너뜁니다.
[2025-09-14T09:51:45.582+0000] {subprocess.py:93} INFO - 경고: JSON의 '싼타페 Hybrid'에 해당하는 차종을 DB에서 찾을 수 없어 리뷰를 건너뜁니다.
[2025-09-14T09:51:45.583+0000] {subprocess.py:93} INFO - 경고: JSON의 '싼타페 Hybrid'에 해당하는 차종을 DB에서 찾을 수 없어 리뷰를 건너뜁니다.
[2025-09-14T09:51:45.583+0000] {subprocess.py:93} INFO - 경고: JSON의 '싼타페'에 해당하는 차종을 DB에서 찾을 수 없어 리뷰를 건너뜁니다.
[2025-09-14T09:51:45.599+0000] {subprocess.py:93} INFO - 경고: JSON의 '싼타페 Hybrid'에 해당하는 차종을 DB에서 찾을 수 없어 리뷰를 건너뜁니다.
[2025-09-14T09:51:45.600+0000] {subprocess.py:93} INFO - 경고: JSON의 '싼타페 Hybrid'에 해당하는 차종을 DB에서 찾을 수 없어 리뷰를 건너뜁니다.
[2025-09-14T09:51:45.600+0000] {subprocess.py:93} INFO - 경고: JSON의 '싼타페'에 해당하는 차종을 DB에서 찾을 수 없어 리뷰를 건너뜁니다.
[2025-09-14T09:51:45.601+0000] {subprocess.py:93} INFO - 경고: JSON의 '싼타페'에 해당하는 차종을 DB에서 찾을 수 없어 리뷰를 건너뜁니다.
[2025-09-14T09:51:45.604+0000] {subprocess.py:93} INFO - 경고: JSON의 '싼타페 Hybrid'에 해당하는 차종을 DB에서 찾을 수 없어 리뷰를 건너뜁니다.
[2025-09-14T09:51:45.604+0000] {subprocess.py:93} INFO - 경고: JSON의 '싼타페'에 해당하는 차종을 DB에서 찾을 수 없어 리뷰를 건너뜁니다.
[2025-09-14T09:51:45.605+0000] {subprocess.py:93} INFO - 경고: JSON의 '싼타페'에 해당하는 차종을 DB에서 찾을 수 없어 리뷰를 건너뜁니다.
[2025-09-14T09:51:45.613+0000] {subprocess.py:93} INFO - 경고: JSON의 '싼타페 Hybrid'에 해당하는 차종을 DB에서 찾을 수 없어 리뷰를 건너뜁니다.
[2025-09-14T09:51:45.613+0000] {subprocess.py:93} INFO - 경고: JSON의 '싼타페 Hybrid'에 해당하는 차종을 DB에서 찾을 수 없어 리뷰를 건너뜁니다.
[2025-09-14T09:51:45.617+0000] {subprocess.py:93} INFO - 경고: JSON의 '싼타페 Hybrid'에 해당하는 차종을 DB에서 찾을 수 없어 리뷰를 건너뜁니다.
[2025-09-14T09:51:45.625+0000] {subprocess.py:93} INFO - 경고: JSON의 '싼타페 Hybrid'에 해당하는 차종을 DB에서 찾을 수 없어 리뷰를 건너뜁니다.
[2025-09-14T09:51:45.625+0000] {subprocess.py:93} INFO - 경고: JSON의 '싼타페 Hybrid'에 해당하는 차종을 DB에서 찾을 수 없어 리뷰를 건너뜁니다.
[2025-09-14T09:51:45.635+0000] {subprocess.py:93} INFO - 경고: JSON의 '싼타페 Hybrid'에 해당하는 차종을 DB에서 찾을 수 없어 리뷰를 건너뜁니다.
[2025-09-14T09:51:45.645+0000] {subprocess.py:93} INFO - 경고: JSON의 '싼타페 Hybrid'에 해당하는 차종을 DB에서 찾을 수 없어 리뷰를 건너뜁니다.
[2025-09-14T09:51:45.663+0000] {subprocess.py:93} INFO - 경고: JSON의 '싼타페 Hybrid'에 해당하는 차종을 DB에서 찾을 수 없어 리뷰를 건너뜁니다.
[2025-09-14T09:51:45.663+0000] {subprocess.py:93} INFO - 경고: JSON의 '싼타페 Hybrid'에 해당하는 차종을 DB에서 찾을 수 없어 리뷰를 건너뜁니다.
[2025-09-14T09:51:45.681+0000] {subprocess.py:93} INFO - 경고: JSON의 '싼타페 Hybrid'에 해당하는 차종을 DB에서 찾을 수 없어 리뷰를 건너뜁니다.
[2025-09-14T09:51:45.687+0000] {subprocess.py:93} INFO - 경고: JSON의 '포터 II Electric'에 해당하는 차종을 DB에서 찾을 수 없어 리뷰를 건너뜁니다.
[2025-09-14T09:51:45.711+0000] {subprocess.py:93} INFO - 경고: JSON의 '포터 II'에 해당하는 차종을 DB에서 찾을 수 없어 리뷰를 건너뜁니다.
[2025-09-14T09:51:45.724+0000] {subprocess.py:93} INFO - 경고: JSON의 '포터 II'에 해당하는 차종을 DB에서 찾을 수 없어 리뷰를 건너뜁니다.
[2025-09-14T09:51:45.724+0000] {subprocess.py:93} INFO - 경고: JSON의 '싼타페 Hybrid'에 해당하는 차종을 DB에서 찾을 수 없어 리뷰를 건너뜁니다.
[2025-09-14T09:51:45.815+0000] {subprocess.py:93} INFO - 경고: JSON의 '싼타페 Hybrid'에 해당하는 차종을 DB에서 찾을 수 없어 리뷰를 건너뜁니다.
[2025-09-14T09:51:45.823+0000] {subprocess.py:93} INFO - 경고: JSON의 '싼타페'에 해당하는 차종을 DB에서 찾을 수 없어 리뷰를 건너뜁니다.
[2025-09-14T09:51:45.828+0000] {subprocess.py:93} INFO - 경고: JSON의 '싼타페 Hybrid'에 해당하는 차종을 DB에서 찾을 수 없어 리뷰를 건너뜁니다.
[2025-09-14T09:51:45.840+0000] {subprocess.py:93} INFO - 경고: JSON의 '쏘나타 택시'에 해당하는 차종을 DB에서 찾을 수 없어 리뷰를 건너뜁니다.
[2025-09-14T09:51:45.863+0000] {subprocess.py:93} INFO - 경고: JSON의 '싼타페'에 해당하는 차종을 DB에서 찾을 수 없어 리뷰를 건너뜁니다.
[2025-09-14T09:51:45.872+0000] {subprocess.py:93} INFO - 경고: JSON의 '싼타페 Hybrid'에 해당하는 차종을 DB에서 찾을 수 없어 리뷰를 건너뜁니다.
[2025-09-14T09:51:45.930+0000] {subprocess.py:93} INFO - 경고: JSON의 '싼타페 Hybrid'에 해당하는 차종을 DB에서 찾을 수 없어 리뷰를 건너뜁니다.
[2025-09-14T09:51:45.937+0000] {subprocess.py:93} INFO - 경고: JSON의 '싼타페 Hybrid'에 해당하는 차종을 DB에서 찾을 수 없어 리뷰를 건너뜁니다.
[2025-09-14T09:51:45.938+0000] {subprocess.py:93} INFO - 경고: JSON의 '싼타페 Hybrid'에 해당하는 차종을 DB에서 찾을 수 없어 리뷰를 건너뜁니다.
[2025-09-14T09:51:45.954+0000] {subprocess.py:93} INFO - 경고: JSON의 '싼타페 Hybrid'에 해당하는 차종을 DB에서 찾을 수 없어 리뷰를 건너뜁니다.
[2025-09-14T09:51:45.962+0000] {subprocess.py:93} INFO - 경고: JSON의 '싼타페'에 해당하는 차종을 DB에서 찾을 수 없어 리뷰를 건너뜁니다.
[2025-09-14T09:51:45.975+0000] {subprocess.py:93} INFO - 경고: JSON의 '싼타페 Hybrid'에 해당하는 차종을 DB에서 찾을 수 없어 리뷰를 건너뜁니다.
[2025-09-14T09:51:45.975+0000] {subprocess.py:93} INFO - 경고: JSON의 '싼타페 Hybrid'에 해당하는 차종을 DB에서 찾을 수 없어 리뷰를 건너뜁니다.
[2025-09-14T09:51:45.983+0000] {subprocess.py:93} INFO - 경고: JSON의 '싼타페 Hybrid'에 해당하는 차종을 DB에서 찾을 수 없어 리뷰를 건너뜁니다.
[2025-09-14T09:51:45.984+0000] {subprocess.py:93} INFO - 경고: JSON의 '포터 II Electric'에 해당하는 차종을 DB에서 찾을 수 없어 리뷰를 건너뜁니다.
[2025-09-14T09:51:45.991+0000] {subprocess.py:93} INFO - 경고: JSON의 '싼타페 Hybrid'에 해당하는 차종을 DB에서 찾을 수 없어 리뷰를 건너뜁니다.
[2025-09-14T09:51:46.021+0000] {subprocess.py:93} INFO - 경고: JSON의 '싼타페 Hybrid'에 해당하는 차종을 DB에서 찾을 수 없어 리뷰를 건너뜁니다.
[2025-09-14T09:51:46.037+0000] {subprocess.py:93} INFO - 경고: JSON의 '싼타페 Hybrid'에 해당하는 차종을 DB에서 찾을 수 없어 리뷰를 건너뜁니다.
[2025-09-14T09:51:46.089+0000] {subprocess.py:93} INFO - 경고: JSON의 '포터 II'에 해당하는 차종을 DB에서 찾을 수 없어 리뷰를 건너뜁니다.
[2025-09-14T09:51:46.089+0000] {subprocess.py:93} INFO - 경고: JSON의 '싼타페 Hybrid'에 해당하는 차종을 DB에서 찾을 수 없어 리뷰를 건너뜁니다.
[2025-09-14T09:51:46.093+0000] {subprocess.py:93} INFO - 경고: JSON의 '싼타페 Hybrid'에 해당하는 차종을 DB에서 찾을 수 없어 리뷰를 건너뜁니다.
[2025-09-14T09:51:46.094+0000] {subprocess.py:93} INFO - 경고: JSON의 '싼타페 Hybrid'에 해당하는 차종을 DB에서 찾을 수 없어 리뷰를 건너뜁니다.
[2025-09-14T09:51:46.100+0000] {subprocess.py:93} INFO - 경고: JSON의 '싼타페'에 해당하는 차종을 DB에서 찾을 수 없어 리뷰를 건너뜁니다.
[2025-09-14T09:51:46.120+0000] {subprocess.py:93} INFO - 경고: JSON의 '포터 II'에 해당하는 차종을 DB에서 찾을 수 없어 리뷰를 건너뜁니다.
[2025-09-14T09:51:46.132+0000] {subprocess.py:93} INFO - 경고: JSON의 '싼타페'에 해당하는 차종을 DB에서 찾을 수 없어 리뷰를 건너뜁니다.
[2025-09-14T09:51:46.155+0000] {subprocess.py:93} INFO - 경고: JSON의 '쏘나타 택시'에 해당하는 차종을 DB에서 찾을 수 없어 리뷰를 건너뜁니다.
[2025-09-14T09:51:46.205+0000] {subprocess.py:93} INFO - 경고: JSON의 '싼타페'에 해당하는 차종을 DB에서 찾을 수 없어 리뷰를 건너뜁니다.
[2025-09-14T09:51:46.213+0000] {subprocess.py:93} INFO - 경고: JSON의 '싼타페 Hybrid'에 해당하는 차종을 DB에서 찾을 수 없어 리뷰를 건너뜁니다.
[2025-09-14T09:51:46.214+0000] {subprocess.py:93} INFO - 경고: JSON의 '싼타페 Hybrid'에 해당하는 차종을 DB에서 찾을 수 없어 리뷰를 건너뜁니다.
[2025-09-14T09:51:46.226+0000] {subprocess.py:93} INFO - 경고: JSON의 '포터 II'에 해당하는 차종을 DB에서 찾을 수 없어 리뷰를 건너뜁니다.
[2025-09-14T09:51:46.264+0000] {subprocess.py:93} INFO - 경고: JSON의 '싼타페 Hybrid'에 해당하는 차종을 DB에서 찾을 수 없어 리뷰를 건너뜁니다.
[2025-09-14T09:51:46.320+0000] {subprocess.py:93} INFO - 경고: JSON의 '싼타페 Hybrid'에 해당하는 차종을 DB에서 찾을 수 없어 리뷰를 건너뜁니다.
[2025-09-14T09:51:46.328+0000] {subprocess.py:93} INFO - 경고: JSON의 '싼타페'에 해당하는 차종을 DB에서 찾을 수 없어 리뷰를 건너뜁니다.
[2025-09-14T09:51:46.332+0000] {subprocess.py:93} INFO - 경고: JSON의 '싼타페 Hybrid'에 해당하는 차종을 DB에서 찾을 수 없어 리뷰를 건너뜁니다.
[2025-09-14T09:51:46.352+0000] {subprocess.py:93} INFO - 경고: JSON의 '싼타페 Hybrid'에 해당하는 차종을 DB에서 찾을 수 없어 리뷰를 건너뜁니다.
[2025-09-14T09:51:46.360+0000] {subprocess.py:93} INFO - 경고: JSON의 '싼타페 Hybrid'에 해당하는 차종을 DB에서 찾을 수 없어 리뷰를 건너뜁니다.
[2025-09-14T09:51:46.372+0000] {subprocess.py:93} INFO - 경고: JSON의 '싼타페 Hybrid'에 해당하는 차종을 DB에서 찾을 수 없어 리뷰를 건너뜁니다.
[2025-09-14T09:51:46.373+0000] {subprocess.py:93} INFO - 경고: JSON의 '싼타페 Hybrid'에 해당하는 차종을 DB에서 찾을 수 없어 리뷰를 건너뜁니다.
[2025-09-14T09:51:46.393+0000] {subprocess.py:93} INFO - 경고: JSON의 '싼타페 Hybrid'에 해당하는 차종을 DB에서 찾을 수 없어 리뷰를 건너뜁니다.
[2025-09-14T09:51:46.401+0000] {subprocess.py:93} INFO - 경고: JSON의 '싼타페 Hybrid'에 해당하는 차종을 DB에서 찾을 수 없어 리뷰를 건너뜁니다.
[2025-09-14T09:51:46.409+0000] {subprocess.py:93} INFO - 경고: JSON의 '싼타페 Hybrid'에 해당하는 차종을 DB에서 찾을 수 없어 리뷰를 건너뜁니다.
[2025-09-14T09:51:46.414+0000] {subprocess.py:93} INFO - 경고: JSON의 '싼타페 Hybrid'에 해당하는 차종을 DB에서 찾을 수 없어 리뷰를 건너뜁니다.
[2025-09-14T09:51:46.418+0000] {subprocess.py:93} INFO - 경고: JSON의 '싼타페 Hybrid'에 해당하는 차종을 DB에서 찾을 수 없어 리뷰를 건너뜁니다.
[2025-09-14T09:51:46.422+0000] {subprocess.py:93} INFO - 경고: JSON의 '싼타페 Hybrid'에 해당하는 차종을 DB에서 찾을 수 없어 리뷰를 건너뜁니다.
[2025-09-14T09:51:46.422+0000] {subprocess.py:93} INFO - 경고: JSON의 '싼타페 Hybrid'에 해당하는 차종을 DB에서 찾을 수 없어 리뷰를 건너뜁니다.
[2025-09-14T09:51:46.442+0000] {subprocess.py:93} INFO - 경고: JSON의 '포터 II'에 해당하는 차종을 DB에서 찾을 수 없어 리뷰를 건너뜁니다.
[2025-09-14T09:51:46.481+0000] {subprocess.py:93} INFO - 경고: JSON의 '포터 II'에 해당하는 차종을 DB에서 찾을 수 없어 리뷰를 건너뜁니다.
[2025-09-14T09:51:46.495+0000] {subprocess.py:93} INFO - 경고: JSON의 '싼타페 Hybrid'에 해당하는 차종을 DB에서 찾을 수 없어 리뷰를 건너뜁니다.
[2025-09-14T09:51:46.548+0000] {subprocess.py:93} INFO - 경고: JSON의 '싼타페'에 해당하는 차종을 DB에서 찾을 수 없어 리뷰를 건너뜁니다.
[2025-09-14T09:51:46.552+0000] {subprocess.py:93} INFO - 경고: JSON의 '싼타페'에 해당하는 차종을 DB에서 찾을 수 없어 리뷰를 건너뜁니다.
[2025-09-14T09:51:46.557+0000] {subprocess.py:93} INFO - 경고: JSON의 '싼타페 Hybrid'에 해당하는 차종을 DB에서 찾을 수 없어 리뷰를 건너뜁니다.
[2025-09-14T09:51:46.566+0000] {subprocess.py:93} INFO - 경고: JSON의 '쏘나타 택시'에 해당하는 차종을 DB에서 찾을 수 없어 리뷰를 건너뜁니다.
[2025-09-14T09:51:46.579+0000] {subprocess.py:93} INFO - 경고: JSON의 '싼타페'에 해당하는 차종을 DB에서 찾을 수 없어 리뷰를 건너뜁니다.
[2025-09-14T09:51:46.579+0000] {subprocess.py:93} INFO - 경고: JSON의 '싼타페 Hybrid'에 해당하는 차종을 DB에서 찾을 수 없어 리뷰를 건너뜁니다.
[2025-09-14T09:51:46.623+0000] {subprocess.py:93} INFO - 경고: JSON의 '싼타페 Hybrid'에 해당하는 차종을 DB에서 찾을 수 없어 리뷰를 건너뜁니다.
[2025-09-14T09:51:46.656+0000] {subprocess.py:93} INFO - 경고: JSON의 '싼타페 Hybrid'에 해당하는 차종을 DB에서 찾을 수 없어 리뷰를 건너뜁니다.
[2025-09-14T09:51:46.691+0000] {subprocess.py:93} INFO - 경고: JSON의 '쏘나타 택시'에 해당하는 차종을 DB에서 찾을 수 없어 리뷰를 건너뜁니다.
[2025-09-14T09:51:46.699+0000] {subprocess.py:93} INFO - 경고: JSON의 '싼타페 Hybrid'에 해당하는 차종을 DB에서 찾을 수 없어 리뷰를 건너뜁니다.
[2025-09-14T09:51:46.700+0000] {subprocess.py:93} INFO - 경고: JSON의 '싼타페 Hybrid'에 해당하는 차종을 DB에서 찾을 수 없어 리뷰를 건너뜁니다.
[2025-09-14T09:51:46.720+0000] {subprocess.py:93} INFO - 경고: JSON의 '싼타페'에 해당하는 차종을 DB에서 찾을 수 없어 리뷰를 건너뜁니다.
[2025-09-14T09:51:46.734+0000] {subprocess.py:93} INFO - 경고: JSON의 '싼타페 Hybrid'에 해당하는 차종을 DB에서 찾을 수 없어 리뷰를 건너뜁니다.
[2025-09-14T09:51:46.739+0000] {subprocess.py:93} INFO - 경고: JSON의 '싼타페 Hybrid'에 해당하는 차종을 DB에서 찾을 수 없어 리뷰를 건너뜁니다.
[2025-09-14T09:51:46.759+0000] {subprocess.py:93} INFO - 경고: JSON의 '싼타페 Hybrid'에 해당하는 차종을 DB에서 찾을 수 없어 리뷰를 건너뜁니다.
[2025-09-14T09:51:46.768+0000] {subprocess.py:93} INFO - 경고: JSON의 '싼타페 Hybrid'에 해당하는 차종을 DB에서 찾을 수 없어 리뷰를 건너뜁니다.
[2025-09-14T09:51:46.787+0000] {subprocess.py:93} INFO - 경고: JSON의 '싼타페 Hybrid'에 해당하는 차종을 DB에서 찾을 수 없어 리뷰를 건너뜁니다.
[2025-09-14T09:51:46.798+0000] {subprocess.py:93} INFO - 경고: JSON의 '싼타페 Hybrid'에 해당하는 차종을 DB에서 찾을 수 없어 리뷰를 건너뜁니다.
[2025-09-14T09:51:46.805+0000] {subprocess.py:93} INFO - 경고: JSON의 '포터 II'에 해당하는 차종을 DB에서 찾을 수 없어 리뷰를 건너뜁니다.
[2025-09-14T09:51:46.831+0000] {subprocess.py:93} INFO - 경고: JSON의 '포터 II Electric'에 해당하는 차종을 DB에서 찾을 수 없어 리뷰를 건너뜁니다.
[2025-09-14T09:51:46.831+0000] {subprocess.py:93} INFO - 경고: JSON의 '쏘나타 택시'에 해당하는 차종을 DB에서 찾을 수 없어 리뷰를 건너뜁니다.
[2025-09-14T09:51:46.838+0000] {subprocess.py:93} INFO - 경고: JSON의 '쏘나타 택시'에 해당하는 차종을 DB에서 찾을 수 없어 리뷰를 건너뜁니다.
[2025-09-14T09:51:46.887+0000] {subprocess.py:93} INFO - 경고: JSON의 '싼타페 Hybrid'에 해당하는 차종을 DB에서 찾을 수 없어 리뷰를 건너뜁니다.
[2025-09-14T09:51:46.915+0000] {subprocess.py:93} INFO - 경고: JSON의 '싼타페 Hybrid'에 해당하는 차종을 DB에서 찾을 수 없어 리뷰를 건너뜁니다.
[2025-09-14T09:51:46.939+0000] {subprocess.py:93} INFO - 경고: JSON의 '싼타페 Hybrid'에 해당하는 차종을 DB에서 찾을 수 없어 리뷰를 건너뜁니다.
[2025-09-14T09:51:46.968+0000] {subprocess.py:93} INFO - 경고: JSON의 '싼타페'에 해당하는 차종을 DB에서 찾을 수 없어 리뷰를 건너뜁니다.
[2025-09-14T09:51:46.968+0000] {subprocess.py:93} INFO - 경고: JSON의 '싼타페 Hybrid'에 해당하는 차종을 DB에서 찾을 수 없어 리뷰를 건너뜁니다.
[2025-09-14T09:51:46.980+0000] {subprocess.py:93} INFO - 
[2025-09-14T09:51:46.980+0000] {subprocess.py:93} INFO - 총 0개의 새로운 리뷰가 추가되었습니다.
[2025-09-14T09:51:46.980+0000] {subprocess.py:93} INFO - 총 4481개의 리뷰가 업데이트되었습니다.
[2025-09-14T09:51:46.980+0000] {subprocess.py:93} INFO - 총 1389개의 리뷰를 건너뛰었습니다.
[2025-09-14T09:51:46.980+0000] {subprocess.py:93} INFO - 리뷰 임포트가 완료되었습니다.
[2025-09-14T09:51:46.981+0000] {subprocess.py:93} INFO - 3. '/app/text_data/DB/hyundai_car_history.json'에서 차량 역사 데이터 임포트를 시작합니다...
[2025-09-14T09:51:46.985+0000] {subprocess.py:93} INFO - 경고: JSON의 '포니(110) (1975~1985)'에 해당하는 차종을 DB에서 찾을 수 없어 히스토리를 건너뜁니다.
[2025-09-14T09:51:46.985+0000] {subprocess.py:93} INFO - 경고: JSON의 '포니2(110) (1982~1988)'에 해당하는 차종을 DB에서 찾을 수 없어 히스토리를 건너뜁니다.
[2025-09-14T09:51:46.985+0000] {subprocess.py:93} INFO - 경고: JSON의 '엑셀(X) (1985~1989)'에 해당하는 차종을 DB에서 찾을 수 없어 히스토리를 건너뜁니다.
[2025-09-14T09:51:46.985+0000] {subprocess.py:93} INFO - 경고: JSON의 '엑센트(X3) (1994~1997)'에 해당하는 차종을 DB에서 찾을 수 없어 히스토리를 건너뜁니다.
[2025-09-14T09:51:46.986+0000] {subprocess.py:93} INFO - 경고: JSON의 '엑센트(X3) F/L (1997~1999)'에 해당하는 차종을 DB에서 찾을 수 없어 히스토리를 건너뜁니다.
[2025-09-14T09:51:46.986+0000] {subprocess.py:93} INFO - 경고: JSON의 '베르나(LC) (1999~2002)'에 해당하는 차종을 DB에서 찾을 수 없어 히스토리를 건너뜁니다.
[2025-09-14T09:51:46.986+0000] {subprocess.py:93} INFO - 경고: JSON의 '뉴 베르나(LC) (2002~2005)'에 해당하는 차종을 DB에서 찾을 수 없어 히스토리를 건너뜁니다.
[2025-09-14T09:51:46.986+0000] {subprocess.py:93} INFO - 경고: JSON의 '베르나(MC) (2005~2009)'에 해당하는 차종을 DB에서 찾을 수 없어 히스토리를 건너뜁니다.
[2025-09-14T09:51:46.986+0000] {subprocess.py:93} INFO - 경고: JSON의 '베르나 트랜스폼(MC) (2009~2010)'에 해당하는 차종을 DB에서 찾을 수 없어 히스토리를 건너뜁니다.
[2025-09-14T09:51:46.986+0000] {subprocess.py:93} INFO - 경고: JSON의 '엑센트(RB) (2010~2019)'에 해당하는 차종을 DB에서 찾을 수 없어 히스토리를 건너뜁니다.
[2025-09-14T09:51:46.986+0000] {subprocess.py:93} INFO - 경고: JSON의 '클릭(TB) (2002~2005)'에 해당하는 차종을 DB에서 찾을 수 없어 히스토리를 건너뜁니다.
[2025-09-14T09:51:46.987+0000] {subprocess.py:93} INFO - 경고: JSON의 '클릭(TB) F/L (2005~2011)'에 해당하는 차종을 DB에서 찾을 수 없어 히스토리를 건너뜁니다.
[2025-09-14T09:51:46.987+0000] {subprocess.py:93} INFO - 경고: JSON의 '2026 캐스퍼 일렉트릭 (2024.07~)'에 해당하는 차종을 DB에서 찾을 수 없어 히스토리를 건너뜁니다.
[2025-09-14T09:51:46.987+0000] {subprocess.py:93} INFO - 경고: JSON의 'i30(FD) (2007~2011)'에 해당하는 차종을 DB에서 찾을 수 없어 히스토리를 건너뜁니다.
[2025-09-14T09:51:46.987+0000] {subprocess.py:93} INFO - 경고: JSON의 'i30(GD) (2011~2015)'에 해당하는 차종을 DB에서 찾을 수 없어 히스토리를 건너뜁니다.
[2025-09-14T09:51:46.987+0000] {subprocess.py:93} INFO - 경고: JSON의 '더 뉴 i30(GD) (2015~2016)'에 해당하는 차종을 DB에서 찾을 수 없어 히스토리를 건너뜁니다.
[2025-09-14T09:51:46.987+0000] {subprocess.py:93} INFO - 경고: JSON의 'i30(PD) (2016~2020)'에 해당하는 차종을 DB에서 찾을 수 없어 히스토리를 건너뜁니다.
[2025-09-14T09:51:46.987+0000] {subprocess.py:93} INFO - 경고: JSON의 '벨로스터(FS) (2011~2015)'에 해당하는 차종을 DB에서 찾을 수 없어 히스토리를 건너뜁니다.
[2025-09-14T09:51:46.988+0000] {subprocess.py:93} INFO - 경고: JSON의 '더 뉴 벨로스터(FS) (2015~2017)'에 해당하는 차종을 DB에서 찾을 수 없어 히스토리를 건너뜁니다.
[2025-09-14T09:51:46.988+0000] {subprocess.py:93} INFO - 경고: JSON의 '벨로스터(JS) (2018~2020)'에 해당하는 차종을 DB에서 찾을 수 없어 히스토리를 건너뜁니다.
[2025-09-14T09:51:46.988+0000] {subprocess.py:93} INFO - 경고: JSON의 '벨로스터 N(JS) (2018~2022)'에 해당하는 차종을 DB에서 찾을 수 없어 히스토리를 건너뜁니다.
[2025-09-14T09:51:46.988+0000] {subprocess.py:93} INFO - 경고: JSON의 '엘란트라(J) (1990~1993)'에 해당하는 차종을 DB에서 찾을 수 없어 히스토리를 건너뜁니다.
[2025-09-14T09:51:46.988+0000] {subprocess.py:93} INFO - 경고: JSON의 '엘란트라(J) F/L (1993~1996)'에 해당하는 차종을 DB에서 찾을 수 없어 히스토리를 건너뜁니다.
[2025-09-14T09:51:47.043+0000] {subprocess.py:93} INFO - 경고: JSON의 '아이오닉 HEV(AE) (2016~2019)'에 해당하는 차종을 DB에서 찾을 수 없어 히스토리를 건너뜁니다.
[2025-09-14T09:51:47.043+0000] {subprocess.py:93} INFO - 경고: JSON의 '아이오닉 EV(AE) (2016~2019)'에 해당하는 차종을 DB에서 찾을 수 없어 히스토리를 건너뜁니다.
[2025-09-14T09:51:47.044+0000] {subprocess.py:93} INFO - 경고: JSON의 '아이오닉 PHEV(AE) (2017~2019)'에 해당하는 차종을 DB에서 찾을 수 없어 히스토리를 건너뜁니다.
[2025-09-14T09:51:47.044+0000] {subprocess.py:93} INFO - 경고: JSON의 '아이오닉(AE) F/L (2019~2021)'에 해당하는 차종을 DB에서 찾을 수 없어 히스토리를 건너뜁니다.
[2025-09-14T09:51:47.045+0000] {subprocess.py:93} INFO - 경고: JSON의 '아이오닉 EV(AE) F/L (2019~2021)'에 해당하는 차종을 DB에서 찾을 수 없어 히스토리를 건너뜁니다.
[2025-09-14T09:51:47.045+0000] {subprocess.py:93} INFO - 경고: JSON의 'i40(VF) (2011~2015)'에 해당하는 차종을 DB에서 찾을 수 없어 히스토리를 건너뜁니다.
[2025-09-14T09:51:47.045+0000] {subprocess.py:93} INFO - 경고: JSON의 '더 뉴 i40(VF) (2015~2019)'에 해당하는 차종을 DB에서 찾을 수 없어 히스토리를 건너뜁니다.
[2025-09-14T09:51:47.045+0000] {subprocess.py:93} INFO - 경고: JSON의 '스텔라(Y) (1983~1997)'에 해당하는 차종을 DB에서 찾을 수 없어 히스토리를 건너뜁니다.
[2025-09-14T09:51:47.046+0000] {subprocess.py:93} INFO - 경고: JSON의 '쏘나타 (1985~1993)'에 해당하는 차종을 DB에서 찾을 수 없어 히스토리를 건너뜁니다.
[2025-09-14T09:51:47.046+0000] {subprocess.py:93} INFO - 경고: JSON의 '쏘나타2 (1993~1996)'에 해당하는 차종을 DB에서 찾을 수 없어 히스토리를 건너뜁니다.
[2025-09-14T09:51:47.046+0000] {subprocess.py:93} INFO - 경고: JSON의 '쏘나타3 (1996~1998)'에 해당하는 차종을 DB에서 찾을 수 없어 히스토리를 건너뜁니다.
[2025-09-14T09:51:47.046+0000] {subprocess.py:93} INFO - 경고: JSON의 'EF쏘나타 (1998~2001)'에 해당하는 차종을 DB에서 찾을 수 없어 히스토리를 건너뜁니다.
[2025-09-14T09:51:47.046+0000] {subprocess.py:93} INFO - 경고: JSON의 '뉴 EF쏘나타 (2001~2004)'에 해당하는 차종을 DB에서 찾을 수 없어 히스토리를 건너뜁니다.
[2025-09-14T09:51:47.047+0000] {subprocess.py:93} INFO - 경고: JSON의 'NF쏘나타 (2004~2007)'에 해당하는 차종을 DB에서 찾을 수 없어 히스토리를 건너뜁니다.
[2025-09-14T09:51:47.047+0000] {subprocess.py:93} INFO - 경고: JSON의 'NF쏘나타 트랜스폼 (2007~2009)'에 해당하는 차종을 DB에서 찾을 수 없어 히스토리를 건너뜁니다.
[2025-09-14T09:51:47.047+0000] {subprocess.py:93} INFO - 경고: JSON의 'YF쏘나타 (2009~2014)'에 해당하는 차종을 DB에서 찾을 수 없어 히스토리를 건너뜁니다.
[2025-09-14T09:51:47.047+0000] {subprocess.py:93} INFO - 경고: JSON의 'YF쏘나타 HEV (2011~2014)'에 해당하는 차종을 DB에서 찾을 수 없어 히스토리를 건너뜁니다.
[2025-09-14T09:51:47.048+0000] {subprocess.py:93} INFO - 경고: JSON의 'LF쏘나타 (2014~2017)'에 해당하는 차종을 DB에서 찾을 수 없어 히스토리를 건너뜁니다.
[2025-09-14T09:51:47.048+0000] {subprocess.py:93} INFO - 경고: JSON의 'LF쏘나타 HEV (2014~2017)'에 해당하는 차종을 DB에서 찾을 수 없어 히스토리를 건너뜁니다.
[2025-09-14T09:51:47.048+0000] {subprocess.py:93} INFO - 경고: JSON의 'LF쏘나타 PHEV (2015~2017)'에 해당하는 차종을 DB에서 찾을 수 없어 히스토리를 건너뜁니다.
[2025-09-14T09:51:47.048+0000] {subprocess.py:93} INFO - 경고: JSON의 'LF쏘나타 뉴 라이즈 (2017.03~)'에 해당하는 차종을 DB에서 찾을 수 없어 히스토리를 건너뜁니다.
[2025-09-14T09:51:47.049+0000] {subprocess.py:93} INFO - 경고: JSON의 'LF쏘나타 뉴 라이즈 HEV (2017~2019)'에 해당하는 차종을 DB에서 찾을 수 없어 히스토리를 건너뜁니다.
[2025-09-14T09:51:47.049+0000] {subprocess.py:93} INFO - 경고: JSON의 'LF쏘나타 뉴 라이즈PHEV (2017~2019)'에 해당하는 차종을 DB에서 찾을 수 없어 히스토리를 건너뜁니다.
[2025-09-14T09:51:47.049+0000] {subprocess.py:93} INFO - 경고: JSON의 '쏘나타(DN8) (2019~2023)'에 해당하는 차종을 DB에서 찾을 수 없어 히스토리를 건너뜁니다.
[2025-09-14T09:51:47.049+0000] {subprocess.py:93} INFO - 경고: JSON의 '쏘나타(DN8) F/L (2023.05~)'에 해당하는 차종을 DB에서 찾을 수 없어 히스토리를 건너뜁니다.
[2025-09-14T09:51:47.102+0000] {subprocess.py:93} INFO - 경고: JSON의 '마르샤(H) (1995~1998)'에 해당하는 차종을 DB에서 찾을 수 없어 히스토리를 건너뜁니다.
[2025-09-14T09:51:47.102+0000] {subprocess.py:93} INFO - 경고: JSON의 '아슬란(AG) (2014~2018)'에 해당하는 차종을 DB에서 찾을 수 없어 히스토리를 건너뜁니다.
[2025-09-14T09:51:47.103+0000] {subprocess.py:93} INFO - 경고: JSON의 '다이너스티(LX) (1996~2005)'에 해당하는 차종을 DB에서 찾을 수 없어 히스토리를 건너뜁니다.
[2025-09-14T09:51:47.103+0000] {subprocess.py:93} INFO - 경고: JSON의 '에쿠스(LZ) (1999~2009)'에 해당하는 차종을 DB에서 찾을 수 없어 히스토리를 건너뜁니다.
[2025-09-14T09:51:47.103+0000] {subprocess.py:93} INFO - 경고: JSON의 '에쿠스(VI) (2009~2015)'에 해당하는 차종을 DB에서 찾을 수 없어 히스토리를 건너뜁니다.
[2025-09-14T09:51:47.103+0000] {subprocess.py:93} INFO - 경고: JSON의 '제네시스(BH) (2008~2013)'에 해당하는 차종을 DB에서 찾을 수 없어 히스토리를 건너뜁니다.
[2025-09-14T09:51:47.103+0000] {subprocess.py:93} INFO - 경고: JSON의 '제네시스(DH) (2013~2016)'에 해당하는 차종을 DB에서 찾을 수 없어 히스토리를 건너뜁니다.
[2025-09-14T09:51:47.104+0000] {subprocess.py:93} INFO - 경고: JSON의 '아토스(MX) (1997~2002)'에 해당하는 차종을 DB에서 찾을 수 없어 히스토리를 건너뜁니다.
[2025-09-14T09:51:47.104+0000] {subprocess.py:93} INFO - 경고: JSON의 '2026 캐스퍼 (2021.09~)'에 해당하는 차종을 DB에서 찾을 수 없어 히스토리를 건너뜁니다.
[2025-09-14T09:51:47.104+0000] {subprocess.py:93} INFO - 경고: JSON의 '2026 캐스퍼 (2024.10~)'에 해당하는 차종을 DB에서 찾을 수 없어 히스토리를 건너뜁니다.
[2025-09-14T09:51:47.104+0000] {subprocess.py:93} INFO - 경고: JSON의 '스쿠프(SLC) (1990~1995)'에 해당하는 차종을 DB에서 찾을 수 없어 히스토리를 건너뜁니다.
[2025-09-14T09:51:47.104+0000] {subprocess.py:93} INFO - 경고: JSON의 '티뷰론(RD) (1996~2001)'에 해당하는 차종을 DB에서 찾을 수 없어 히스토리를 건너뜁니다.
[2025-09-14T09:51:47.104+0000] {subprocess.py:93} INFO - 경고: JSON의 '투스카니(GK) (2001~2006)'에 해당하는 차종을 DB에서 찾을 수 없어 히스토리를 건너뜁니다.
[2025-09-14T09:51:47.104+0000] {subprocess.py:93} INFO - 경고: JSON의 '투스카니(GK) F/L (2006~2008)'에 해당하는 차종을 DB에서 찾을 수 없어 히스토리를 건너뜁니다.
[2025-09-14T09:51:47.104+0000] {subprocess.py:93} INFO - 경고: JSON의 '제네시스 쿠페(BK) (2008~2011)'에 해당하는 차종을 DB에서 찾을 수 없어 히스토리를 건너뜁니다.
[2025-09-14T09:51:47.105+0000] {subprocess.py:93} INFO - 경고: JSON의 '더 뉴 제네시스 쿠페(BK) (2011~2016)'에 해당하는 차종을 DB에서 찾을 수 없어 히스토리를 건너뜁니다.
[2025-09-14T09:51:47.105+0000] {subprocess.py:93} INFO - 
[2025-09-14T09:51:47.105+0000] {subprocess.py:93} INFO - 총 0개의 새로운 차량 역사가 추가되었습니다.
[2025-09-14T09:51:47.105+0000] {subprocess.py:93} INFO - 총 30개의 차량 역사가 업데이트되었습니다.
[2025-09-14T09:51:47.105+0000] {subprocess.py:93} INFO - 총 64개의 차량 역사를 건너뛰었습니다.
[2025-09-14T09:51:47.105+0000] {subprocess.py:93} INFO - 차량 역사 임포트가 완료되었습니다.
[2025-09-14T09:51:47.105+0000] {subprocess.py:93} INFO - 4. 차량별 집계 통계를 계산합니다...
[2025-09-14T09:51:47.116+0000] {subprocess.py:93} INFO -   아이오닉 5: 평균 평점 4.9
[2025-09-14T09:51:47.118+0000] {subprocess.py:93} INFO -     공간: "뒷좌석이 넓어요" (116회, 47.9%)
[2025-09-14T09:51:47.118+0000] {subprocess.py:93} INFO -     성능: "주행감이 훌륭해요" (98회, 40.5%)
[2025-09-14T09:51:47.118+0000] {subprocess.py:93} INFO -     디자인: "마음에 쏙 들어요" (120회, 49.6%)
[2025-09-14T09:51:47.118+0000] {subprocess.py:93} INFO -     승차감: "운전이 즐거워요" (216회, 89.3%)
[2025-09-14T09:51:47.134+0000] {subprocess.py:93} INFO -   쏘나타 디 엣지: 평균 평점 4.9
[2025-09-14T09:51:47.136+0000] {subprocess.py:93} INFO -     공간: "공간이 적당해요" (290회, 64.6%)
[2025-09-14T09:51:47.137+0000] {subprocess.py:93} INFO -     성능: "편의기능이 다양해요" (221회, 49.2%)
[2025-09-14T09:51:47.137+0000] {subprocess.py:93} INFO -     디자인: "마음에 쏙 들어요" (276회, 61.5%)
[2025-09-14T09:51:47.137+0000] {subprocess.py:93} INFO -     승차감: "운전이 즐거워요" (403회, 89.8%)
[2025-09-14T09:51:47.143+0000] {subprocess.py:93} INFO -   스타리아: 평균 평점 4.85
[2025-09-14T09:51:47.144+0000] {subprocess.py:93} INFO -     공간: "공간이 적당해요" (57회, 39.9%)
[2025-09-14T09:51:47.145+0000] {subprocess.py:93} INFO -     성능: "편의기능이 다양해요" (82회, 57.3%)
[2025-09-14T09:51:47.145+0000] {subprocess.py:93} INFO -     디자인: "마음에 쏙 들어요" (79회, 55.2%)
[2025-09-14T09:51:47.145+0000] {subprocess.py:93} INFO -     승차감: "운전이 즐거워요" (116회, 81.1%)
[2025-09-14T09:51:47.147+0000] {subprocess.py:93} INFO -   디 올 뉴 넥쏘: 평균 평점 4.83
[2025-09-14T09:51:47.148+0000] {subprocess.py:93} INFO -     공간: "공간이 적당해요" (16회, 80.0%)
[2025-09-14T09:51:47.148+0000] {subprocess.py:93} INFO -     성능: "편의기능이 다양해요" (7회, 35.0%)
[2025-09-14T09:51:47.148+0000] {subprocess.py:93} INFO -     디자인: "마음에 쏙 들어요" (9회, 45.0%)
[2025-09-14T09:51:47.148+0000] {subprocess.py:93} INFO -     승차감: "운전이 즐거워요" (16회, 80.0%)
[2025-09-14T09:51:47.149+0000] {subprocess.py:93} INFO -   아이오닉 5 N: 평균 평점 5.0
[2025-09-14T09:51:47.150+0000] {subprocess.py:93} INFO -     공간: "뒷좌석이 넓어요" (4회, 66.7%)
[2025-09-14T09:51:47.151+0000] {subprocess.py:93} INFO -     성능: "주행감이 훌륭해요" (5회, 83.3%)
[2025-09-14T09:51:47.151+0000] {subprocess.py:93} INFO -     디자인: "매력적이에요" (4회, 66.7%)
[2025-09-14T09:51:47.151+0000] {subprocess.py:93} INFO -     승차감: "운전이 즐거워요" (4회, 66.7%)
[2025-09-14T09:51:47.172+0000] {subprocess.py:93} INFO -   디 올 뉴 팰리세이드: 평균 평점 4.88
[2025-09-14T09:51:47.174+0000] {subprocess.py:93} INFO -     공간: "많은 짐도 거뜬해요" (355회, 42.1%)
[2025-09-14T09:51:47.175+0000] {subprocess.py:93} INFO -     성능: "편의기능이 다양해요" (378회, 44.8%)
[2025-09-14T09:51:47.175+0000] {subprocess.py:93} INFO -     디자인: "마음에 쏙 들어요" (521회, 61.8%)
[2025-09-14T09:51:47.175+0000] {subprocess.py:93} INFO -     승차감: "운전이 즐거워요" (691회, 82.0%)
[2025-09-14T09:51:47.192+0000] {subprocess.py:93} INFO -   투싼: 평균 평점 4.86
[2025-09-14T09:51:47.195+0000] {subprocess.py:93} INFO -     공간: "공간이 적당해요" (284회, 44.7%)
[2025-09-14T09:51:47.195+0000] {subprocess.py:93} INFO -     성능: "편의기능이 다양해요" (265회, 41.7%)
[2025-09-14T09:51:47.195+0000] {subprocess.py:93} INFO -     디자인: "마음에 쏙 들어요" (419회, 66.0%)
[2025-09-14T09:51:47.195+0000] {subprocess.py:93} INFO -     승차감: "운전이 즐거워요" (572회, 90.1%)
[2025-09-14T09:51:47.200+0000] {subprocess.py:93} INFO -   아이오닉 9: 평균 평점 4.88
[2025-09-14T09:51:47.202+0000] {subprocess.py:93} INFO -     공간: "뒷좌석이 넓어요" (69회, 50.4%)
[2025-09-14T09:51:47.202+0000] {subprocess.py:93} INFO -     성능: "주행감이 훌륭해요" (83회, 60.6%)
[2025-09-14T09:51:47.202+0000] {subprocess.py:93} INFO -     디자인: "매력적이에요" (72회, 52.6%)
[2025-09-14T09:51:47.202+0000] {subprocess.py:93} INFO -     승차감: "운전이 즐거워요" (109회, 79.6%)
[2025-09-14T09:51:47.219+0000] {subprocess.py:93} INFO -   아반떼 N: 평균 평점 4.89
[2025-09-14T09:51:47.222+0000] {subprocess.py:93} INFO -     공간: "공간이 적당해요" (474회, 68.4%)
[2025-09-14T09:51:47.222+0000] {subprocess.py:93} INFO -     성능: "연비가 좋아요" (278회, 40.1%)
[2025-09-14T09:51:47.222+0000] {subprocess.py:93} INFO -     디자인: "마음에 쏙 들어요" (415회, 59.9%)
[2025-09-14T09:51:47.222+0000] {subprocess.py:93} INFO -     승차감: "운전이 즐거워요" (610회, 88.0%)
[2025-09-14T09:51:47.227+0000] {subprocess.py:93} INFO -   베뉴: 평균 평점 4.95
[2025-09-14T09:51:47.229+0000] {subprocess.py:93} INFO -     공간: "공간이 적당해요" (115회, 89.1%)
[2025-09-14T09:51:47.229+0000] {subprocess.py:93} INFO -     성능: "연비가 좋아요" (47회, 36.4%)
[2025-09-14T09:51:47.230+0000] {subprocess.py:93} INFO -     디자인: "마음에 쏙 들어요" (97회, 75.2%)
[2025-09-14T09:51:47.230+0000] {subprocess.py:93} INFO -     승차감: "운전이 즐거워요" (122회, 94.6%)
[2025-09-14T09:51:47.247+0000] {subprocess.py:93} INFO -   그랜저: 평균 평점 4.9
[2025-09-14T09:51:47.250+0000] {subprocess.py:93} INFO -     공간: "뒷좌석이 넓어요" (395회, 56.3%)
[2025-09-14T09:51:47.250+0000] {subprocess.py:93} INFO -     성능: "편의기능이 다양해요" (275회, 39.2%)
[2025-09-14T09:51:47.250+0000] {subprocess.py:93} INFO -     디자인: "마음에 쏙 들어요" (401회, 57.1%)
[2025-09-14T09:51:47.250+0000] {subprocess.py:93} INFO -     승차감: "운전이 즐거워요" (593회, 84.5%)
[2025-09-14T09:51:47.253+0000] {subprocess.py:93} INFO -   ST1: 평균 평점 5.0
[2025-09-14T09:51:47.254+0000] {subprocess.py:93} INFO -     공간: "많은 짐도 거뜬해요" (8회, 53.3%)
[2025-09-14T09:51:47.255+0000] {subprocess.py:93} INFO -     성능: "주행감이 훌륭해요" (7회, 46.7%)
[2025-09-14T09:51:47.255+0000] {subprocess.py:93} INFO -     디자인: "마음에 쏙 들어요" (11회, 73.3%)
[2025-09-14T09:51:47.255+0000] {subprocess.py:93} INFO -     승차감: "운전이 즐거워요" (15회, 100.0%)
[2025-09-14T09:51:47.264+0000] {subprocess.py:93} INFO -   코나: 평균 평점 4.93
[2025-09-14T09:51:47.267+0000] {subprocess.py:93} INFO -     공간: "공간이 적당해요" (254회, 72.0%)
[2025-09-14T09:51:47.267+0000] {subprocess.py:93} INFO -     성능: "편의기능이 다양해요" (170회, 48.2%)
[2025-09-14T09:51:47.267+0000] {subprocess.py:93} INFO -     디자인: "마음에 쏙 들어요" (226회, 64.0%)
[2025-09-14T09:51:47.267+0000] {subprocess.py:93} INFO -     승차감: "운전이 즐거워요" (329회, 93.2%)
[2025-09-14T09:51:47.272+0000] {subprocess.py:93} INFO -   더 뉴 아이오닉 6: 평균 평점 4.86
[2025-09-14T09:51:47.273+0000] {subprocess.py:93} INFO -     공간: "뒷좌석이 넓어요" (70회, 61.4%)
[2025-09-14T09:51:47.274+0000] {subprocess.py:93} INFO -     성능: "주행감이 훌륭해요" (63회, 55.3%)
[2025-09-14T09:51:47.274+0000] {subprocess.py:93} INFO -     디자인: "매력적이에요" (55회, 48.2%)
[2025-09-14T09:51:47.274+0000] {subprocess.py:93} INFO -     승차감: "운전이 즐거워요" (103회, 90.4%)
[2025-09-14T09:51:47.275+0000] {subprocess.py:93} INFO - 집계 통계 계산이 완료되었습니다.
[2025-09-14T09:51:47.275+0000] {subprocess.py:93} INFO - 
[2025-09-14T09:51:47.276+0000] {subprocess.py:93} INFO - 모든 데이터 임포트 작업이 완료되었습니다.
[2025-09-14T09:51:50.160+0000] {subprocess.py:97} INFO - Command exited with return code 0
[2025-09-14T09:51:50.210+0000] {taskinstance.py:1138} INFO - Marking task as SUCCESS. dag_id=update_car_data, task_id=import_car_data, execution_date=20250912T150000, start_date=20250914T095119, end_date=20250914T095150
[2025-09-14T09:51:50.268+0000] {local_task_job_runner.py:234} INFO - Task exited with return code 0
[2025-09-14T09:51:50.293+0000] {taskinstance.py:3280} INFO - 0 downstream tasks scheduled from follow-on schedule check
