[2025-09-11T07:34:32.779+0000] {taskinstance.py:1956} INFO - Dependencies all met for dep_context=non-requeueable deps ti=<TaskInstance: update_car_data.import_car_data manual__2025-09-11T07:34:08.779686+00:00 [queued]>
[2025-09-11T07:34:32.790+0000] {taskinstance.py:1956} INFO - Dependencies all met for dep_context=requeueable deps ti=<TaskInstance: update_car_data.import_car_data manual__2025-09-11T07:34:08.779686+00:00 [queued]>
[2025-09-11T07:34:32.791+0000] {taskinstance.py:2170} INFO - Starting attempt 1 of 1
[2025-09-11T07:34:32.807+0000] {taskinstance.py:2191} INFO - Executing <Task(BashOperator): import_car_data> on 2025-09-11 07:34:08.779686+00:00
[2025-09-11T07:34:32.814+0000] {standard_task_runner.py:60} INFO - Started process 456 to run task
[2025-09-11T07:34:32.818+0000] {standard_task_runner.py:87} INFO - Running: ['airflow', 'tasks', 'run', 'update_car_data', 'import_car_data', 'manual__2025-09-11T07:34:08.779686+00:00', '--job-id', '33', '--raw', '--subdir', 'DAGS_FOLDER/update_car_data_dag.py', '--cfg-path', '/tmp/tmphht2uqrj']
[2025-09-11T07:34:32.820+0000] {standard_task_runner.py:88} INFO - Job 33: Subtask import_car_data
[2025-09-11T07:34:32.902+0000] {task_command.py:423} INFO - Running <TaskInstance: update_car_data.import_car_data manual__2025-09-11T07:34:08.779686+00:00 [running]> on host 4db40192d480
[2025-09-11T07:34:33.040+0000] {taskinstance.py:2480} INFO - Exporting env vars: AIRFLOW_CTX_DAG_OWNER='airflow' AIRFLOW_CTX_DAG_ID='update_car_data' AIRFLOW_CTX_TASK_ID='import_car_data' AIRFLOW_CTX_EXECUTION_DATE='2025-09-11T07:34:08.779686+00:00' AIRFLOW_CTX_TRY_NUMBER='1' AIRFLOW_CTX_DAG_RUN_ID='manual__2025-09-11T07:34:08.779686+00:00'
[2025-09-11T07:34:33.041+0000] {subprocess.py:63} INFO - Tmp dir root location: /tmp
[2025-09-11T07:34:33.042+0000] {subprocess.py:75} INFO - Running command: ['/usr/bin/bash', '-c', 'docker exec babsim_django_gunicorn_1 python manage.py import_data']
[2025-09-11T07:34:33.057+0000] {subprocess.py:86} INFO - Output:
[2025-09-11T07:34:38.340+0000] {subprocess.py:93} INFO - App 'JJACKLETTE' ready (no heavy init).
[2025-09-11T07:34:40.042+0000] {subprocess.py:93} INFO - 1. '/app/text_data/DB/car_specs'에서 CSV 스펙 데이터 임포트를 시작합니다...
[2025-09-11T07:34:40.046+0000] {subprocess.py:93} INFO - CSV에서 26개의 차량을 찾았습니다.
[2025-09-11T07:34:40.072+0000] {subprocess.py:93} INFO -   > '쏠라티' 스펙을 직접 CSV에서 로드했습니다.
[2025-09-11T07:34:40.079+0000] {subprocess.py:93} INFO -   > 'GV70' 스펙을 직접 CSV에서 로드했습니다.
[2025-09-11T07:34:40.085+0000] {subprocess.py:93} INFO -   > 'G80' 스펙을 직접 CSV에서 로드했습니다.
[2025-09-11T07:34:40.092+0000] {subprocess.py:93} INFO -   > '카운티 일렉트릭' 스펙을 직접 CSV에서 로드했습니다.
[2025-09-11T07:34:40.097+0000] {subprocess.py:93} INFO -   > 'Electrified G80' 스펙을 직접 CSV에서 로드했습니다.
[2025-09-11T07:34:40.103+0000] {subprocess.py:93} INFO -   > '디 올 뉴 넥쏘' 스펙을 직접 CSV에서 로드했습니다.
[2025-09-11T07:34:40.109+0000] {subprocess.py:93} INFO -   > 'Electrified GV70' 스펙을 직접 CSV에서 로드했습니다.
[2025-09-11T07:34:40.115+0000] {subprocess.py:93} INFO -   > '스타리아' 스펙을 직접 CSV에서 로드했습니다.
[2025-09-11T07:34:40.121+0000] {subprocess.py:93} INFO -   > '아이오닉 5' 스펙을 직접 CSV에서 로드했습니다.
[2025-09-11T07:34:40.128+0000] {subprocess.py:93} INFO -   > '디 올 뉴 팰리세이드' 스펙을 직접 CSV에서 로드했습니다.
[2025-09-11T07:34:40.134+0000] {subprocess.py:93} INFO -   > '카운티' 스펙을 직접 CSV에서 로드했습니다.
[2025-09-11T07:34:40.140+0000] {subprocess.py:93} INFO -   > '그랜저' 스펙을 직접 CSV에서 로드했습니다.
[2025-09-11T07:34:40.146+0000] {subprocess.py:93} INFO -   > '쏘나타 디 엣지' 스펙을 직접 CSV에서 로드했습니다.
[2025-09-11T07:34:40.153+0000] {subprocess.py:93} INFO -   > 'ST1' 스펙을 직접 CSV에서 로드했습니다.
[2025-09-11T07:34:40.158+0000] {subprocess.py:93} INFO -   > 'GV80' 스펙을 직접 CSV에서 로드했습니다.
[2025-09-11T07:34:40.164+0000] {subprocess.py:93} INFO -   > '아이오닉 9' 스펙을 직접 CSV에서 로드했습니다.
[2025-09-11T07:34:40.170+0000] {subprocess.py:93} INFO -   > 'G90' 스펙을 직접 CSV에서 로드했습니다.
[2025-09-11T07:34:40.177+0000] {subprocess.py:93} INFO -   > '베뉴' 스펙을 직접 CSV에서 로드했습니다.
[2025-09-11T07:34:40.182+0000] {subprocess.py:93} INFO -   > '아이오닉 5 N' 스펙을 직접 CSV에서 로드했습니다.
[2025-09-11T07:34:40.188+0000] {subprocess.py:93} INFO -   > 'G70' 스펙을 직접 CSV에서 로드했습니다.
[2025-09-11T07:34:40.194+0000] {subprocess.py:93} INFO -   > '아반떼 N' 스펙을 직접 CSV에서 로드했습니다.
[2025-09-11T07:34:40.200+0000] {subprocess.py:93} INFO -   > 'New GV60' 스펙을 직접 CSV에서 로드했습니다.
[2025-09-11T07:34:40.205+0000] {subprocess.py:93} INFO -   > '아반떼' 스펙을 직접 CSV에서 로드했습니다.
[2025-09-11T07:34:40.211+0000] {subprocess.py:93} INFO -   > '코나' 스펙을 직접 CSV에서 로드했습니다.
[2025-09-11T07:34:40.217+0000] {subprocess.py:93} INFO -   > '투싼' 스펙을 직접 CSV에서 로드했습니다.
[2025-09-11T07:34:40.222+0000] {subprocess.py:93} INFO -   > '더 뉴 아이오닉 6' 스펙을 직접 CSV에서 로드했습니다.
[2025-09-11T07:34:40.226+0000] {subprocess.py:93} INFO - 
[2025-09-11T07:34:40.226+0000] {subprocess.py:93} INFO - 총 0개의 새로운 차종이 추가되었습니다.
[2025-09-11T07:34:40.226+0000] {subprocess.py:93} INFO - 총 0개의 엔지니어링 스펙이 추가/업데이트되었습니다.
[2025-09-11T07:34:40.227+0000] {subprocess.py:93} INFO - CSV 스펙 임포트가 완료되었습니다.
[2025-09-11T07:34:40.227+0000] {subprocess.py:93} INFO - 2. '/app/text_data/DB/hyundai_car_reviews.json'에서 리뷰 데이터 임포트를 시작합니다...
[2025-09-11T07:34:40.323+0000] {subprocess.py:93} INFO - 경고: JSON의 '싼타페'에 해당하는 차종을 DB에서 찾을 수 없어 리뷰를 건너뜁니다.
[2025-09-11T07:34:40.330+0000] {subprocess.py:93} INFO - 경고: JSON의 '싼타페'에 해당하는 차종을 DB에서 찾을 수 없어 리뷰를 건너뜁니다.
[2025-09-11T07:34:40.344+0000] {subprocess.py:93} INFO - 경고: JSON의 '싼타페 Hybrid'에 해당하는 차종을 DB에서 찾을 수 없어 리뷰를 건너뜁니다.
[2025-09-11T07:34:40.345+0000] {subprocess.py:93} INFO - 경고: JSON의 '포터 II Electric'에 해당하는 차종을 DB에서 찾을 수 없어 리뷰를 건너뜁니다.
[2025-09-11T07:34:40.383+0000] {subprocess.py:93} INFO - 경고: JSON의 '싼타페 Hybrid'에 해당하는 차종을 DB에서 찾을 수 없어 리뷰를 건너뜁니다.
[2025-09-11T07:34:40.384+0000] {subprocess.py:93} INFO - 경고: JSON의 '싼타페'에 해당하는 차종을 DB에서 찾을 수 없어 리뷰를 건너뜁니다.
[2025-09-11T07:34:40.399+0000] {subprocess.py:93} INFO - 경고: JSON의 '싼타페'에 해당하는 차종을 DB에서 찾을 수 없어 리뷰를 건너뜁니다.
[2025-09-11T07:34:40.411+0000] {subprocess.py:93} INFO - 경고: JSON의 '싼타페 Hybrid'에 해당하는 차종을 DB에서 찾을 수 없어 리뷰를 건너뜁니다.
[2025-09-11T07:34:40.422+0000] {subprocess.py:93} INFO - 경고: JSON의 '싼타페'에 해당하는 차종을 DB에서 찾을 수 없어 리뷰를 건너뜁니다.
[2025-09-11T07:34:40.458+0000] {subprocess.py:93} INFO - 경고: JSON의 '싼타페 Hybrid'에 해당하는 차종을 DB에서 찾을 수 없어 리뷰를 건너뜁니다.
[2025-09-11T07:34:40.480+0000] {subprocess.py:93} INFO - 경고: JSON의 '싼타페'에 해당하는 차종을 DB에서 찾을 수 없어 리뷰를 건너뜁니다.
[2025-09-11T07:34:40.481+0000] {subprocess.py:93} INFO - 경고: JSON의 '싼타페 Hybrid'에 해당하는 차종을 DB에서 찾을 수 없어 리뷰를 건너뜁니다.
[2025-09-11T07:34:40.510+0000] {subprocess.py:93} INFO - 경고: JSON의 '싼타페 Hybrid'에 해당하는 차종을 DB에서 찾을 수 없어 리뷰를 건너뜁니다.
[2025-09-11T07:34:40.524+0000] {subprocess.py:93} INFO - 경고: JSON의 '싼타페 Hybrid'에 해당하는 차종을 DB에서 찾을 수 없어 리뷰를 건너뜁니다.
[2025-09-11T07:34:40.541+0000] {subprocess.py:93} INFO - 경고: JSON의 '싼타페 Hybrid'에 해당하는 차종을 DB에서 찾을 수 없어 리뷰를 건너뜁니다.
[2025-09-11T07:34:40.568+0000] {subprocess.py:93} INFO - 경고: JSON의 '싼타페 Hybrid'에 해당하는 차종을 DB에서 찾을 수 없어 리뷰를 건너뜁니다.
[2025-09-11T07:34:40.588+0000] {subprocess.py:93} INFO - 경고: JSON의 '싼타페 Hybrid'에 해당하는 차종을 DB에서 찾을 수 없어 리뷰를 건너뜁니다.
[2025-09-11T07:34:40.589+0000] {subprocess.py:93} INFO - 경고: JSON의 '싼타페'에 해당하는 차종을 DB에서 찾을 수 없어 리뷰를 건너뜁니다.
[2025-09-11T07:34:40.632+0000] {subprocess.py:93} INFO - 경고: JSON의 '싼타페 Hybrid'에 해당하는 차종을 DB에서 찾을 수 없어 리뷰를 건너뜁니다.
[2025-09-11T07:34:40.636+0000] {subprocess.py:93} INFO - 경고: JSON의 '싼타페 Hybrid'에 해당하는 차종을 DB에서 찾을 수 없어 리뷰를 건너뜁니다.
[2025-09-11T07:34:40.639+0000] {subprocess.py:93} INFO - 경고: JSON의 '싼타페 Hybrid'에 해당하는 차종을 DB에서 찾을 수 없어 리뷰를 건너뜁니다.
[2025-09-11T07:34:40.650+0000] {subprocess.py:93} INFO - 경고: JSON의 '싼타페'에 해당하는 차종을 DB에서 찾을 수 없어 리뷰를 건너뜁니다.
[2025-09-11T07:34:40.670+0000] {subprocess.py:93} INFO - 경고: JSON의 '싼타페 Hybrid'에 해당하는 차종을 DB에서 찾을 수 없어 리뷰를 건너뜁니다.
[2025-09-11T07:34:40.693+0000] {subprocess.py:93} INFO - 경고: JSON의 '싼타페 Hybrid'에 해당하는 차종을 DB에서 찾을 수 없어 리뷰를 건너뜁니다.
[2025-09-11T07:34:40.693+0000] {subprocess.py:93} INFO - 경고: JSON의 '싼타페'에 해당하는 차종을 DB에서 찾을 수 없어 리뷰를 건너뜁니다.
[2025-09-11T07:34:40.704+0000] {subprocess.py:93} INFO - 경고: JSON의 '싼타페 Hybrid'에 해당하는 차종을 DB에서 찾을 수 없어 리뷰를 건너뜁니다.
[2025-09-11T07:34:40.705+0000] {subprocess.py:93} INFO - 경고: JSON의 '포터 II Electric 특장차'에 해당하는 차종을 DB에서 찾을 수 없어 리뷰를 건너뜁니다.
[2025-09-11T07:34:40.713+0000] {subprocess.py:93} INFO - 경고: JSON의 '싼타페 Hybrid'에 해당하는 차종을 DB에서 찾을 수 없어 리뷰를 건너뜁니다.
[2025-09-11T07:34:40.713+0000] {subprocess.py:93} INFO - 경고: JSON의 '싼타페'에 해당하는 차종을 DB에서 찾을 수 없어 리뷰를 건너뜁니다.
[2025-09-11T07:34:40.737+0000] {subprocess.py:93} INFO - 경고: JSON의 '싼타페 Hybrid'에 해당하는 차종을 DB에서 찾을 수 없어 리뷰를 건너뜁니다.
[2025-09-11T07:34:40.745+0000] {subprocess.py:93} INFO - 경고: JSON의 '싼타페 Hybrid'에 해당하는 차종을 DB에서 찾을 수 없어 리뷰를 건너뜁니다.
[2025-09-11T07:34:40.752+0000] {subprocess.py:93} INFO - 경고: JSON의 '싼타페'에 해당하는 차종을 DB에서 찾을 수 없어 리뷰를 건너뜁니다.
[2025-09-11T07:34:40.773+0000] {subprocess.py:93} INFO - 경고: JSON의 '싼타페 Hybrid'에 해당하는 차종을 DB에서 찾을 수 없어 리뷰를 건너뜁니다.
[2025-09-11T07:34:40.821+0000] {subprocess.py:93} INFO - 경고: JSON의 '싼타페 Hybrid'에 해당하는 차종을 DB에서 찾을 수 없어 리뷰를 건너뜁니다.
[2025-09-11T07:34:40.828+0000] {subprocess.py:93} INFO - 경고: JSON의 '포터 II'에 해당하는 차종을 DB에서 찾을 수 없어 리뷰를 건너뜁니다.
[2025-09-11T07:34:40.829+0000] {subprocess.py:93} INFO - 경고: JSON의 '싼타페'에 해당하는 차종을 DB에서 찾을 수 없어 리뷰를 건너뜁니다.
[2025-09-11T07:34:40.836+0000] {subprocess.py:93} INFO - 경고: JSON의 '싼타페'에 해당하는 차종을 DB에서 찾을 수 없어 리뷰를 건너뜁니다.
[2025-09-11T07:34:40.856+0000] {subprocess.py:93} INFO - 경고: JSON의 '싼타페 Hybrid'에 해당하는 차종을 DB에서 찾을 수 없어 리뷰를 건너뜁니다.
[2025-09-11T07:34:40.863+0000] {subprocess.py:93} INFO - 경고: JSON의 '싼타페 Hybrid'에 해당하는 차종을 DB에서 찾을 수 없어 리뷰를 건너뜁니다.
[2025-09-11T07:34:40.870+0000] {subprocess.py:93} INFO - 경고: JSON의 '싼타페 Hybrid'에 해당하는 차종을 DB에서 찾을 수 없어 리뷰를 건너뜁니다.
[2025-09-11T07:34:40.890+0000] {subprocess.py:93} INFO - 경고: JSON의 '싼타페 Hybrid'에 해당하는 차종을 DB에서 찾을 수 없어 리뷰를 건너뜁니다.
[2025-09-11T07:34:40.902+0000] {subprocess.py:93} INFO - 경고: JSON의 '싼타페 Hybrid'에 해당하는 차종을 DB에서 찾을 수 없어 리뷰를 건너뜁니다.
[2025-09-11T07:34:40.902+0000] {subprocess.py:93} INFO - 경고: JSON의 '싼타페 Hybrid'에 해당하는 차종을 DB에서 찾을 수 없어 리뷰를 건너뜁니다.
[2025-09-11T07:34:40.961+0000] {subprocess.py:93} INFO - 경고: JSON의 '포터 II'에 해당하는 차종을 DB에서 찾을 수 없어 리뷰를 건너뜁니다.
[2025-09-11T07:34:41.016+0000] {subprocess.py:93} INFO - 경고: JSON의 '쏘나타 택시'에 해당하는 차종을 DB에서 찾을 수 없어 리뷰를 건너뜁니다.
[2025-09-11T07:34:41.016+0000] {subprocess.py:93} INFO - 경고: JSON의 '싼타페 Hybrid'에 해당하는 차종을 DB에서 찾을 수 없어 리뷰를 건너뜁니다.
[2025-09-11T07:34:41.042+0000] {subprocess.py:93} INFO - 경고: JSON의 '포터 II'에 해당하는 차종을 DB에서 찾을 수 없어 리뷰를 건너뜁니다.
[2025-09-11T07:34:41.047+0000] {subprocess.py:93} INFO - 경고: JSON의 '포터 II 특장차'에 해당하는 차종을 DB에서 찾을 수 없어 리뷰를 건너뜁니다.
[2025-09-11T07:34:41.048+0000] {subprocess.py:93} INFO - 경고: JSON의 '싼타페 Hybrid'에 해당하는 차종을 DB에서 찾을 수 없어 리뷰를 건너뜁니다.
[2025-09-11T07:34:41.065+0000] {subprocess.py:93} INFO - 경고: JSON의 '싼타페 Hybrid'에 해당하는 차종을 DB에서 찾을 수 없어 리뷰를 건너뜁니다.
[2025-09-11T07:34:41.069+0000] {subprocess.py:93} INFO - 경고: JSON의 '싼타페 Hybrid'에 해당하는 차종을 DB에서 찾을 수 없어 리뷰를 건너뜁니다.
[2025-09-11T07:34:41.077+0000] {subprocess.py:93} INFO - 경고: JSON의 '싼타페'에 해당하는 차종을 DB에서 찾을 수 없어 리뷰를 건너뜁니다.
[2025-09-11T07:34:41.082+0000] {subprocess.py:93} INFO - 경고: JSON의 '싼타페'에 해당하는 차종을 DB에서 찾을 수 없어 리뷰를 건너뜁니다.
[2025-09-11T07:34:41.090+0000] {subprocess.py:93} INFO - 경고: JSON의 '포터 II'에 해당하는 차종을 DB에서 찾을 수 없어 리뷰를 건너뜁니다.
[2025-09-11T07:34:41.090+0000] {subprocess.py:93} INFO - 경고: JSON의 '싼타페'에 해당하는 차종을 DB에서 찾을 수 없어 리뷰를 건너뜁니다.
[2025-09-11T07:34:41.098+0000] {subprocess.py:93} INFO - 경고: JSON의 '포터 II'에 해당하는 차종을 DB에서 찾을 수 없어 리뷰를 건너뜁니다.
[2025-09-11T07:34:41.120+0000] {subprocess.py:93} INFO - 경고: JSON의 '싼타페 Hybrid'에 해당하는 차종을 DB에서 찾을 수 없어 리뷰를 건너뜁니다.
[2025-09-11T07:34:41.124+0000] {subprocess.py:93} INFO - 경고: JSON의 '싼타페 Hybrid'에 해당하는 차종을 DB에서 찾을 수 없어 리뷰를 건너뜁니다.
[2025-09-11T07:34:41.132+0000] {subprocess.py:93} INFO - 경고: JSON의 '포터 II'에 해당하는 차종을 DB에서 찾을 수 없어 리뷰를 건너뜁니다.
[2025-09-11T07:34:41.133+0000] {subprocess.py:93} INFO - 경고: JSON의 '싼타페 Hybrid'에 해당하는 차종을 DB에서 찾을 수 없어 리뷰를 건너뜁니다.
[2025-09-11T07:34:41.136+0000] {subprocess.py:93} INFO - 경고: JSON의 '싼타페 Hybrid'에 해당하는 차종을 DB에서 찾을 수 없어 리뷰를 건너뜁니다.
[2025-09-11T07:34:41.137+0000] {subprocess.py:93} INFO - 경고: JSON의 '싼타페'에 해당하는 차종을 DB에서 찾을 수 없어 리뷰를 건너뜁니다.
[2025-09-11T07:34:41.140+0000] {subprocess.py:93} INFO - 경고: JSON의 '싼타페 Hybrid'에 해당하는 차종을 DB에서 찾을 수 없어 리뷰를 건너뜁니다.
[2025-09-11T07:34:41.162+0000] {subprocess.py:93} INFO - 경고: JSON의 '싼타페 Hybrid'에 해당하는 차종을 DB에서 찾을 수 없어 리뷰를 건너뜁니다.
[2025-09-11T07:34:41.166+0000] {subprocess.py:93} INFO - 경고: JSON의 '싼타페'에 해당하는 차종을 DB에서 찾을 수 없어 리뷰를 건너뜁니다.
[2025-09-11T07:34:41.170+0000] {subprocess.py:93} INFO - 경고: JSON의 '싼타페'에 해당하는 차종을 DB에서 찾을 수 없어 리뷰를 건너뜁니다.
[2025-09-11T07:34:41.171+0000] {subprocess.py:93} INFO - 경고: JSON의 '싼타페 Hybrid'에 해당하는 차종을 DB에서 찾을 수 없어 리뷰를 건너뜁니다.
[2025-09-11T07:34:41.208+0000] {subprocess.py:93} INFO - 경고: JSON의 '싼타페 Hybrid'에 해당하는 차종을 DB에서 찾을 수 없어 리뷰를 건너뜁니다.
[2025-09-11T07:34:41.212+0000] {subprocess.py:93} INFO - 경고: JSON의 '싼타페'에 해당하는 차종을 DB에서 찾을 수 없어 리뷰를 건너뜁니다.
[2025-09-11T07:34:41.216+0000] {subprocess.py:93} INFO - 경고: JSON의 '싼타페'에 해당하는 차종을 DB에서 찾을 수 없어 리뷰를 건너뜁니다.
[2025-09-11T07:34:41.246+0000] {subprocess.py:93} INFO - 경고: JSON의 '포터 II'에 해당하는 차종을 DB에서 찾을 수 없어 리뷰를 건너뜁니다.
[2025-09-11T07:34:41.247+0000] {subprocess.py:93} INFO - 경고: JSON의 '싼타페 Hybrid'에 해당하는 차종을 DB에서 찾을 수 없어 리뷰를 건너뜁니다.
[2025-09-11T07:34:41.254+0000] {subprocess.py:93} INFO - 경고: JSON의 '싼타페 Hybrid'에 해당하는 차종을 DB에서 찾을 수 없어 리뷰를 건너뜁니다.
[2025-09-11T07:34:41.254+0000] {subprocess.py:93} INFO - 경고: JSON의 '싼타페 Hybrid'에 해당하는 차종을 DB에서 찾을 수 없어 리뷰를 건너뜁니다.
[2025-09-11T07:34:41.264+0000] {subprocess.py:93} INFO - 경고: JSON의 '쏘나타 택시'에 해당하는 차종을 DB에서 찾을 수 없어 리뷰를 건너뜁니다.
[2025-09-11T07:34:41.265+0000] {subprocess.py:93} INFO - 경고: JSON의 '싼타페 Hybrid'에 해당하는 차종을 DB에서 찾을 수 없어 리뷰를 건너뜁니다.
[2025-09-11T07:34:41.265+0000] {subprocess.py:93} INFO - 경고: JSON의 '싼타페 Hybrid'에 해당하는 차종을 DB에서 찾을 수 없어 리뷰를 건너뜁니다.
[2025-09-11T07:34:41.265+0000] {subprocess.py:93} INFO - 경고: JSON의 '쏘나타 택시'에 해당하는 차종을 DB에서 찾을 수 없어 리뷰를 건너뜁니다.
[2025-09-11T07:34:41.266+0000] {subprocess.py:93} INFO - 경고: JSON의 '싼타페 Hybrid'에 해당하는 차종을 DB에서 찾을 수 없어 리뷰를 건너뜁니다.
[2025-09-11T07:34:41.292+0000] {subprocess.py:93} INFO - 경고: JSON의 '포터 II Electric'에 해당하는 차종을 DB에서 찾을 수 없어 리뷰를 건너뜁니다.
[2025-09-11T07:34:41.293+0000] {subprocess.py:93} INFO - 경고: JSON의 '포터 II Electric'에 해당하는 차종을 DB에서 찾을 수 없어 리뷰를 건너뜁니다.
[2025-09-11T07:34:41.323+0000] {subprocess.py:93} INFO - 경고: JSON의 '쏘나타 택시'에 해당하는 차종을 DB에서 찾을 수 없어 리뷰를 건너뜁니다.
[2025-09-11T07:34:41.326+0000] {subprocess.py:93} INFO - 경고: JSON의 '싼타페 Hybrid'에 해당하는 차종을 DB에서 찾을 수 없어 리뷰를 건너뜁니다.
[2025-09-11T07:34:41.344+0000] {subprocess.py:93} INFO - 경고: JSON의 '싼타페 Hybrid'에 해당하는 차종을 DB에서 찾을 수 없어 리뷰를 건너뜁니다.
[2025-09-11T07:34:41.355+0000] {subprocess.py:93} INFO - 경고: JSON의 '포터 II'에 해당하는 차종을 DB에서 찾을 수 없어 리뷰를 건너뜁니다.
[2025-09-11T07:34:41.355+0000] {subprocess.py:93} INFO - 경고: JSON의 '싼타페 Hybrid'에 해당하는 차종을 DB에서 찾을 수 없어 리뷰를 건너뜁니다.
[2025-09-11T07:34:41.356+0000] {subprocess.py:93} INFO - 경고: JSON의 '싼타페 Hybrid'에 해당하는 차종을 DB에서 찾을 수 없어 리뷰를 건너뜁니다.
[2025-09-11T07:34:41.403+0000] {subprocess.py:93} INFO - 경고: JSON의 '싼타페 Hybrid'에 해당하는 차종을 DB에서 찾을 수 없어 리뷰를 건너뜁니다.
[2025-09-11T07:34:41.413+0000] {subprocess.py:93} INFO - 경고: JSON의 '포터 II 특장차'에 해당하는 차종을 DB에서 찾을 수 없어 리뷰를 건너뜁니다.
[2025-09-11T07:34:41.420+0000] {subprocess.py:93} INFO - 경고: JSON의 '싼타페'에 해당하는 차종을 DB에서 찾을 수 없어 리뷰를 건너뜁니다.
[2025-09-11T07:34:41.444+0000] {subprocess.py:93} INFO - 경고: JSON의 '포터 II Electric'에 해당하는 차종을 DB에서 찾을 수 없어 리뷰를 건너뜁니다.
[2025-09-11T07:34:41.447+0000] {subprocess.py:93} INFO - 경고: JSON의 '싼타페'에 해당하는 차종을 DB에서 찾을 수 없어 리뷰를 건너뜁니다.
[2025-09-11T07:34:41.454+0000] {subprocess.py:93} INFO - 경고: JSON의 '싼타페 Hybrid'에 해당하는 차종을 DB에서 찾을 수 없어 리뷰를 건너뜁니다.
[2025-09-11T07:34:41.501+0000] {subprocess.py:93} INFO - 경고: JSON의 '쏘나타 택시'에 해당하는 차종을 DB에서 찾을 수 없어 리뷰를 건너뜁니다.
[2025-09-11T07:34:41.515+0000] {subprocess.py:93} INFO - 경고: JSON의 '포터 II'에 해당하는 차종을 DB에서 찾을 수 없어 리뷰를 건너뜁니다.
[2025-09-11T07:34:41.515+0000] {subprocess.py:93} INFO - 경고: JSON의 '싼타페'에 해당하는 차종을 DB에서 찾을 수 없어 리뷰를 건너뜁니다.
[2025-09-11T07:34:41.528+0000] {subprocess.py:93} INFO - 경고: JSON의 '포터 II 특장차'에 해당하는 차종을 DB에서 찾을 수 없어 리뷰를 건너뜁니다.
[2025-09-11T07:34:41.545+0000] {subprocess.py:93} INFO - 경고: JSON의 '싼타페 Hybrid'에 해당하는 차종을 DB에서 찾을 수 없어 리뷰를 건너뜁니다.
[2025-09-11T07:34:41.556+0000] {subprocess.py:93} INFO - 경고: JSON의 '포터 II'에 해당하는 차종을 DB에서 찾을 수 없어 리뷰를 건너뜁니다.
[2025-09-11T07:34:41.574+0000] {subprocess.py:93} INFO - 경고: JSON의 '포터 II'에 해당하는 차종을 DB에서 찾을 수 없어 리뷰를 건너뜁니다.
[2025-09-11T07:34:41.575+0000] {subprocess.py:93} INFO - 경고: JSON의 '싼타페 Hybrid'에 해당하는 차종을 DB에서 찾을 수 없어 리뷰를 건너뜁니다.
[2025-09-11T07:34:41.578+0000] {subprocess.py:93} INFO - 경고: JSON의 '싼타페 Hybrid'에 해당하는 차종을 DB에서 찾을 수 없어 리뷰를 건너뜁니다.
[2025-09-11T07:34:41.578+0000] {subprocess.py:93} INFO - 경고: JSON의 '쏘나타 택시'에 해당하는 차종을 DB에서 찾을 수 없어 리뷰를 건너뜁니다.
[2025-09-11T07:34:41.579+0000] {subprocess.py:93} INFO - 경고: JSON의 '싼타페 Hybrid'에 해당하는 차종을 DB에서 찾을 수 없어 리뷰를 건너뜁니다.
[2025-09-11T07:34:41.582+0000] {subprocess.py:93} INFO - 경고: JSON의 '싼타페 Hybrid'에 해당하는 차종을 DB에서 찾을 수 없어 리뷰를 건너뜁니다.
[2025-09-11T07:34:41.603+0000] {subprocess.py:93} INFO - 경고: JSON의 '싼타페 Hybrid'에 해당하는 차종을 DB에서 찾을 수 없어 리뷰를 건너뜁니다.
[2025-09-11T07:34:41.603+0000] {subprocess.py:93} INFO - 경고: JSON의 '싼타페 Hybrid'에 해당하는 차종을 DB에서 찾을 수 없어 리뷰를 건너뜁니다.
[2025-09-11T07:34:41.638+0000] {subprocess.py:93} INFO - 경고: JSON의 '싼타페 Hybrid'에 해당하는 차종을 DB에서 찾을 수 없어 리뷰를 건너뜁니다.
[2025-09-11T07:34:41.652+0000] {subprocess.py:93} INFO - 경고: JSON의 '싼타페'에 해당하는 차종을 DB에서 찾을 수 없어 리뷰를 건너뜁니다.
[2025-09-11T07:34:41.653+0000] {subprocess.py:93} INFO - 경고: JSON의 '싼타페 Hybrid'에 해당하는 차종을 DB에서 찾을 수 없어 리뷰를 건너뜁니다.
[2025-09-11T07:34:41.653+0000] {subprocess.py:93} INFO - 경고: JSON의 '싼타페'에 해당하는 차종을 DB에서 찾을 수 없어 리뷰를 건너뜁니다.
[2025-09-11T07:34:41.653+0000] {subprocess.py:93} INFO - 경고: JSON의 '싼타페'에 해당하는 차종을 DB에서 찾을 수 없어 리뷰를 건너뜁니다.
[2025-09-11T07:34:41.677+0000] {subprocess.py:93} INFO - 경고: JSON의 '포터 II Electric'에 해당하는 차종을 DB에서 찾을 수 없어 리뷰를 건너뜁니다.
[2025-09-11T07:34:41.738+0000] {subprocess.py:93} INFO - 경고: JSON의 '싼타페 Hybrid'에 해당하는 차종을 DB에서 찾을 수 없어 리뷰를 건너뜁니다.
[2025-09-11T07:34:41.745+0000] {subprocess.py:93} INFO - 경고: JSON의 '싼타페 Hybrid'에 해당하는 차종을 DB에서 찾을 수 없어 리뷰를 건너뜁니다.
[2025-09-11T07:34:41.788+0000] {subprocess.py:93} INFO - 경고: JSON의 '싼타페 Hybrid'에 해당하는 차종을 DB에서 찾을 수 없어 리뷰를 건너뜁니다.
[2025-09-11T07:34:41.805+0000] {subprocess.py:93} INFO - 경고: JSON의 '싼타페'에 해당하는 차종을 DB에서 찾을 수 없어 리뷰를 건너뜁니다.
[2025-09-11T07:34:41.816+0000] {subprocess.py:93} INFO - 경고: JSON의 '싼타페 Hybrid'에 해당하는 차종을 DB에서 찾을 수 없어 리뷰를 건너뜁니다.
[2025-09-11T07:34:41.816+0000] {subprocess.py:93} INFO - 경고: JSON의 '싼타페'에 해당하는 차종을 DB에서 찾을 수 없어 리뷰를 건너뜁니다.
[2025-09-11T07:34:41.816+0000] {subprocess.py:93} INFO - 경고: JSON의 '포터 II 특장차'에 해당하는 차종을 DB에서 찾을 수 없어 리뷰를 건너뜁니다.
[2025-09-11T07:34:41.823+0000] {subprocess.py:93} INFO - 경고: JSON의 '싼타페 Hybrid'에 해당하는 차종을 DB에서 찾을 수 없어 리뷰를 건너뜁니다.
[2025-09-11T07:34:41.824+0000] {subprocess.py:93} INFO - 경고: JSON의 '싼타페 Hybrid'에 해당하는 차종을 DB에서 찾을 수 없어 리뷰를 건너뜁니다.
[2025-09-11T07:34:41.827+0000] {subprocess.py:93} INFO - 경고: JSON의 '싼타페 Hybrid'에 해당하는 차종을 DB에서 찾을 수 없어 리뷰를 건너뜁니다.
[2025-09-11T07:34:41.844+0000] {subprocess.py:93} INFO - 경고: JSON의 '싼타페'에 해당하는 차종을 DB에서 찾을 수 없어 리뷰를 건너뜁니다.
[2025-09-11T07:34:41.861+0000] {subprocess.py:93} INFO - 경고: JSON의 '싼타페 Hybrid'에 해당하는 차종을 DB에서 찾을 수 없어 리뷰를 건너뜁니다.
[2025-09-11T07:34:41.885+0000] {subprocess.py:93} INFO - 경고: JSON의 '포터 II Electric'에 해당하는 차종을 DB에서 찾을 수 없어 리뷰를 건너뜁니다.
[2025-09-11T07:34:41.919+0000] {subprocess.py:93} INFO - 경고: JSON의 '싼타페 Hybrid'에 해당하는 차종을 DB에서 찾을 수 없어 리뷰를 건너뜁니다.
[2025-09-11T07:34:41.929+0000] {subprocess.py:93} INFO - 경고: JSON의 '싼타페 Hybrid'에 해당하는 차종을 DB에서 찾을 수 없어 리뷰를 건너뜁니다.
[2025-09-11T07:34:41.948+0000] {subprocess.py:93} INFO - 경고: JSON의 '싼타페 Hybrid'에 해당하는 차종을 DB에서 찾을 수 없어 리뷰를 건너뜁니다.
[2025-09-11T07:34:41.972+0000] {subprocess.py:93} INFO - 경고: JSON의 '포터 II 특장차'에 해당하는 차종을 DB에서 찾을 수 없어 리뷰를 건너뜁니다.
[2025-09-11T07:34:41.980+0000] {subprocess.py:93} INFO - 경고: JSON의 '싼타페'에 해당하는 차종을 DB에서 찾을 수 없어 리뷰를 건너뜁니다.
[2025-09-11T07:34:41.980+0000] {subprocess.py:93} INFO - 경고: JSON의 '싼타페'에 해당하는 차종을 DB에서 찾을 수 없어 리뷰를 건너뜁니다.
[2025-09-11T07:34:41.990+0000] {subprocess.py:93} INFO - 경고: JSON의 '싼타페 Hybrid'에 해당하는 차종을 DB에서 찾을 수 없어 리뷰를 건너뜁니다.
[2025-09-11T07:34:41.997+0000] {subprocess.py:93} INFO - 경고: JSON의 '포터 II Electric'에 해당하는 차종을 DB에서 찾을 수 없어 리뷰를 건너뜁니다.
[2025-09-11T07:34:42.001+0000] {subprocess.py:93} INFO - 경고: JSON의 '포터 II 특장차'에 해당하는 차종을 DB에서 찾을 수 없어 리뷰를 건너뜁니다.
[2025-09-11T07:34:42.005+0000] {subprocess.py:93} INFO - 경고: JSON의 '싼타페 Hybrid'에 해당하는 차종을 DB에서 찾을 수 없어 리뷰를 건너뜁니다.
[2025-09-11T07:34:42.028+0000] {subprocess.py:93} INFO - 경고: JSON의 '싼타페 Hybrid'에 해당하는 차종을 DB에서 찾을 수 없어 리뷰를 건너뜁니다.
[2025-09-11T07:34:42.028+0000] {subprocess.py:93} INFO - 경고: JSON의 '싼타페 Hybrid'에 해당하는 차종을 DB에서 찾을 수 없어 리뷰를 건너뜁니다.
[2025-09-11T07:34:42.050+0000] {subprocess.py:93} INFO - 경고: JSON의 '싼타페 Hybrid'에 해당하는 차종을 DB에서 찾을 수 없어 리뷰를 건너뜁니다.
[2025-09-11T07:34:42.122+0000] {subprocess.py:93} INFO - 경고: JSON의 '싼타페'에 해당하는 차종을 DB에서 찾을 수 없어 리뷰를 건너뜁니다.
[2025-09-11T07:34:42.122+0000] {subprocess.py:93} INFO - 경고: JSON의 '싼타페 Hybrid'에 해당하는 차종을 DB에서 찾을 수 없어 리뷰를 건너뜁니다.
[2025-09-11T07:34:42.126+0000] {subprocess.py:93} INFO - 경고: JSON의 '싼타페'에 해당하는 차종을 DB에서 찾을 수 없어 리뷰를 건너뜁니다.
[2025-09-11T07:34:42.129+0000] {subprocess.py:93} INFO - 경고: JSON의 '싼타페 Hybrid'에 해당하는 차종을 DB에서 찾을 수 없어 리뷰를 건너뜁니다.
[2025-09-11T07:34:42.135+0000] {subprocess.py:93} INFO - 경고: JSON의 '싼타페 Hybrid'에 해당하는 차종을 DB에서 찾을 수 없어 리뷰를 건너뜁니다.
[2025-09-11T07:34:42.151+0000] {subprocess.py:93} INFO - 경고: JSON의 '포터 II'에 해당하는 차종을 DB에서 찾을 수 없어 리뷰를 건너뜁니다.
[2025-09-11T07:34:42.151+0000] {subprocess.py:93} INFO - 경고: JSON의 '싼타페'에 해당하는 차종을 DB에서 찾을 수 없어 리뷰를 건너뜁니다.
[2025-09-11T07:34:42.175+0000] {subprocess.py:93} INFO - 경고: JSON의 '포터 II Electric'에 해당하는 차종을 DB에서 찾을 수 없어 리뷰를 건너뜁니다.
[2025-09-11T07:34:42.183+0000] {subprocess.py:93} INFO - 경고: JSON의 '싼타페 Hybrid'에 해당하는 차종을 DB에서 찾을 수 없어 리뷰를 건너뜁니다.
[2025-09-11T07:34:42.192+0000] {subprocess.py:93} INFO - 경고: JSON의 '싼타페'에 해당하는 차종을 DB에서 찾을 수 없어 리뷰를 건너뜁니다.
[2025-09-11T07:34:42.193+0000] {subprocess.py:93} INFO - 경고: JSON의 '싼타페 Hybrid'에 해당하는 차종을 DB에서 찾을 수 없어 리뷰를 건너뜁니다.
[2025-09-11T07:34:42.243+0000] {subprocess.py:93} INFO - 경고: JSON의 '싼타페 Hybrid'에 해당하는 차종을 DB에서 찾을 수 없어 리뷰를 건너뜁니다.
[2025-09-11T07:34:42.261+0000] {subprocess.py:93} INFO - 경고: JSON의 '싼타페 Hybrid'에 해당하는 차종을 DB에서 찾을 수 없어 리뷰를 건너뜁니다.
[2025-09-11T07:34:42.268+0000] {subprocess.py:93} INFO - 경고: JSON의 '싼타페 Hybrid'에 해당하는 차종을 DB에서 찾을 수 없어 리뷰를 건너뜁니다.
[2025-09-11T07:34:42.269+0000] {subprocess.py:93} INFO - 경고: JSON의 '싼타페 Hybrid'에 해당하는 차종을 DB에서 찾을 수 없어 리뷰를 건너뜁니다.
[2025-09-11T07:34:42.269+0000] {subprocess.py:93} INFO - 경고: JSON의 '싼타페 Hybrid'에 해당하는 차종을 DB에서 찾을 수 없어 리뷰를 건너뜁니다.
[2025-09-11T07:34:42.280+0000] {subprocess.py:93} INFO - 경고: JSON의 '싼타페 Hybrid'에 해당하는 차종을 DB에서 찾을 수 없어 리뷰를 건너뜁니다.
[2025-09-11T07:34:42.284+0000] {subprocess.py:93} INFO - 경고: JSON의 '싼타페'에 해당하는 차종을 DB에서 찾을 수 없어 리뷰를 건너뜁니다.
[2025-09-11T07:34:42.313+0000] {subprocess.py:93} INFO - 경고: JSON의 '싼타페'에 해당하는 차종을 DB에서 찾을 수 없어 리뷰를 건너뜁니다.
[2025-09-11T07:34:42.325+0000] {subprocess.py:93} INFO - 경고: JSON의 '싼타페'에 해당하는 차종을 DB에서 찾을 수 없어 리뷰를 건너뜁니다.
[2025-09-11T07:34:42.330+0000] {subprocess.py:93} INFO - 경고: JSON의 '쏘나타 택시'에 해당하는 차종을 DB에서 찾을 수 없어 리뷰를 건너뜁니다.
[2025-09-11T07:34:42.345+0000] {subprocess.py:93} INFO - 경고: JSON의 '포터 II Electric'에 해당하는 차종을 DB에서 찾을 수 없어 리뷰를 건너뜁니다.
[2025-09-11T07:34:42.352+0000] {subprocess.py:93} INFO - 경고: JSON의 '싼타페'에 해당하는 차종을 DB에서 찾을 수 없어 리뷰를 건너뜁니다.
[2025-09-11T07:34:42.356+0000] {subprocess.py:93} INFO - 경고: JSON의 '쏘나타 택시'에 해당하는 차종을 DB에서 찾을 수 없어 리뷰를 건너뜁니다.
[2025-09-11T07:34:42.360+0000] {subprocess.py:93} INFO - 경고: JSON의 '싼타페 Hybrid'에 해당하는 차종을 DB에서 찾을 수 없어 리뷰를 건너뜁니다.
[2025-09-11T07:34:42.383+0000] {subprocess.py:93} INFO - 경고: JSON의 '싼타페 Hybrid'에 해당하는 차종을 DB에서 찾을 수 없어 리뷰를 건너뜁니다.
[2025-09-11T07:34:42.408+0000] {subprocess.py:93} INFO - 경고: JSON의 '포터 II 특장차'에 해당하는 차종을 DB에서 찾을 수 없어 리뷰를 건너뜁니다.
[2025-09-11T07:34:42.408+0000] {subprocess.py:93} INFO - 경고: JSON의 '쏘나타 택시'에 해당하는 차종을 DB에서 찾을 수 없어 리뷰를 건너뜁니다.
[2025-09-11T07:34:42.409+0000] {subprocess.py:93} INFO - 경고: JSON의 '싼타페'에 해당하는 차종을 DB에서 찾을 수 없어 리뷰를 건너뜁니다.
[2025-09-11T07:34:42.425+0000] {subprocess.py:93} INFO - 경고: JSON의 '싼타페'에 해당하는 차종을 DB에서 찾을 수 없어 리뷰를 건너뜁니다.
[2025-09-11T07:34:42.429+0000] {subprocess.py:93} INFO - 경고: JSON의 '싼타페 Hybrid'에 해당하는 차종을 DB에서 찾을 수 없어 리뷰를 건너뜁니다.
[2025-09-11T07:34:42.446+0000] {subprocess.py:93} INFO - 경고: JSON의 '싼타페 Hybrid'에 해당하는 차종을 DB에서 찾을 수 없어 리뷰를 건너뜁니다.
[2025-09-11T07:34:42.464+0000] {subprocess.py:93} INFO - 경고: JSON의 '싼타페 Hybrid'에 해당하는 차종을 DB에서 찾을 수 없어 리뷰를 건너뜁니다.
[2025-09-11T07:34:42.484+0000] {subprocess.py:93} INFO - 경고: JSON의 '싼타페 Hybrid'에 해당하는 차종을 DB에서 찾을 수 없어 리뷰를 건너뜁니다.
[2025-09-11T07:34:42.491+0000] {subprocess.py:93} INFO - 경고: JSON의 '싼타페'에 해당하는 차종을 DB에서 찾을 수 없어 리뷰를 건너뜁니다.
[2025-09-11T07:34:42.509+0000] {subprocess.py:93} INFO - 경고: JSON의 '싼타페 Hybrid'에 해당하는 차종을 DB에서 찾을 수 없어 리뷰를 건너뜁니다.
[2025-09-11T07:34:42.509+0000] {subprocess.py:93} INFO - 경고: JSON의 '싼타페 Hybrid'에 해당하는 차종을 DB에서 찾을 수 없어 리뷰를 건너뜁니다.
[2025-09-11T07:34:42.523+0000] {subprocess.py:93} INFO - 경고: JSON의 '싼타페'에 해당하는 차종을 DB에서 찾을 수 없어 리뷰를 건너뜁니다.
[2025-09-11T07:34:42.527+0000] {subprocess.py:93} INFO - 경고: JSON의 '싼타페 Hybrid'에 해당하는 차종을 DB에서 찾을 수 없어 리뷰를 건너뜁니다.
[2025-09-11T07:34:42.542+0000] {subprocess.py:93} INFO - 경고: JSON의 '싼타페'에 해당하는 차종을 DB에서 찾을 수 없어 리뷰를 건너뜁니다.
[2025-09-11T07:34:42.588+0000] {subprocess.py:93} INFO - 경고: JSON의 '싼타페 Hybrid'에 해당하는 차종을 DB에서 찾을 수 없어 리뷰를 건너뜁니다.
[2025-09-11T07:34:42.602+0000] {subprocess.py:93} INFO - 경고: JSON의 '포터 II 특장차'에 해당하는 차종을 DB에서 찾을 수 없어 리뷰를 건너뜁니다.
[2025-09-11T07:34:42.610+0000] {subprocess.py:93} INFO - 경고: JSON의 '싼타페 Hybrid'에 해당하는 차종을 DB에서 찾을 수 없어 리뷰를 건너뜁니다.
[2025-09-11T07:34:42.617+0000] {subprocess.py:93} INFO - 경고: JSON의 '싼타페 Hybrid'에 해당하는 차종을 DB에서 찾을 수 없어 리뷰를 건너뜁니다.
[2025-09-11T07:34:42.617+0000] {subprocess.py:93} INFO - 경고: JSON의 '포터 II Electric'에 해당하는 차종을 DB에서 찾을 수 없어 리뷰를 건너뜁니다.
[2025-09-11T07:34:42.629+0000] {subprocess.py:93} INFO - 경고: JSON의 '포터 II 특장차'에 해당하는 차종을 DB에서 찾을 수 없어 리뷰를 건너뜁니다.
[2025-09-11T07:34:42.632+0000] {subprocess.py:93} INFO - 경고: JSON의 '싼타페'에 해당하는 차종을 DB에서 찾을 수 없어 리뷰를 건너뜁니다.
[2025-09-11T07:34:42.647+0000] {subprocess.py:93} INFO - 경고: JSON의 '싼타페 Hybrid'에 해당하는 차종을 DB에서 찾을 수 없어 리뷰를 건너뜁니다.
[2025-09-11T07:34:42.669+0000] {subprocess.py:93} INFO - 경고: JSON의 '쏘나타 택시'에 해당하는 차종을 DB에서 찾을 수 없어 리뷰를 건너뜁니다.
[2025-09-11T07:34:42.679+0000] {subprocess.py:93} INFO - 경고: JSON의 '싼타페 Hybrid'에 해당하는 차종을 DB에서 찾을 수 없어 리뷰를 건너뜁니다.
[2025-09-11T07:34:42.683+0000] {subprocess.py:93} INFO - 경고: JSON의 '싼타페 Hybrid'에 해당하는 차종을 DB에서 찾을 수 없어 리뷰를 건너뜁니다.
[2025-09-11T07:34:42.690+0000] {subprocess.py:93} INFO - 경고: JSON의 '싼타페 Hybrid'에 해당하는 차종을 DB에서 찾을 수 없어 리뷰를 건너뜁니다.
[2025-09-11T07:34:42.709+0000] {subprocess.py:93} INFO - 경고: JSON의 '싼타페'에 해당하는 차종을 DB에서 찾을 수 없어 리뷰를 건너뜁니다.
[2025-09-11T07:34:42.750+0000] {subprocess.py:93} INFO - 경고: JSON의 '포터 II'에 해당하는 차종을 DB에서 찾을 수 없어 리뷰를 건너뜁니다.
[2025-09-11T07:34:42.758+0000] {subprocess.py:93} INFO - 경고: JSON의 '싼타페 Hybrid'에 해당하는 차종을 DB에서 찾을 수 없어 리뷰를 건너뜁니다.
[2025-09-11T07:34:42.761+0000] {subprocess.py:93} INFO - 경고: JSON의 '싼타페 Hybrid'에 해당하는 차종을 DB에서 찾을 수 없어 리뷰를 건너뜁니다.
[2025-09-11T07:34:42.762+0000] {subprocess.py:93} INFO - 경고: JSON의 '싼타페'에 해당하는 차종을 DB에서 찾을 수 없어 리뷰를 건너뜁니다.
[2025-09-11T07:34:42.768+0000] {subprocess.py:93} INFO - 경고: JSON의 '싼타페 Hybrid'에 해당하는 차종을 DB에서 찾을 수 없어 리뷰를 건너뜁니다.
[2025-09-11T07:34:42.775+0000] {subprocess.py:93} INFO - 경고: JSON의 '싼타페 Hybrid'에 해당하는 차종을 DB에서 찾을 수 없어 리뷰를 건너뜁니다.
[2025-09-11T07:34:42.809+0000] {subprocess.py:93} INFO - 경고: JSON의 '싼타페 Hybrid'에 해당하는 차종을 DB에서 찾을 수 없어 리뷰를 건너뜁니다.
[2025-09-11T07:34:42.809+0000] {subprocess.py:93} INFO - 경고: JSON의 '싼타페 Hybrid'에 해당하는 차종을 DB에서 찾을 수 없어 리뷰를 건너뜁니다.
[2025-09-11T07:34:42.834+0000] {subprocess.py:93} INFO - 경고: JSON의 '싼타페'에 해당하는 차종을 DB에서 찾을 수 없어 리뷰를 건너뜁니다.
[2025-09-11T07:34:42.852+0000] {subprocess.py:93} INFO - 경고: JSON의 '싼타페 Hybrid'에 해당하는 차종을 DB에서 찾을 수 없어 리뷰를 건너뜁니다.
[2025-09-11T07:34:42.863+0000] {subprocess.py:93} INFO - 경고: JSON의 '싼타페 Hybrid'에 해당하는 차종을 DB에서 찾을 수 없어 리뷰를 건너뜁니다.
[2025-09-11T07:34:42.877+0000] {subprocess.py:93} INFO - 경고: JSON의 '싼타페'에 해당하는 차종을 DB에서 찾을 수 없어 리뷰를 건너뜁니다.
[2025-09-11T07:34:42.888+0000] {subprocess.py:93} INFO - 경고: JSON의 '싼타페'에 해당하는 차종을 DB에서 찾을 수 없어 리뷰를 건너뜁니다.
[2025-09-11T07:34:42.889+0000] {subprocess.py:93} INFO - 경고: JSON의 '싼타페'에 해당하는 차종을 DB에서 찾을 수 없어 리뷰를 건너뜁니다.
[2025-09-11T07:34:42.924+0000] {subprocess.py:93} INFO - 경고: JSON의 '싼타페 Hybrid'에 해당하는 차종을 DB에서 찾을 수 없어 리뷰를 건너뜁니다.
[2025-09-11T07:34:42.931+0000] {subprocess.py:93} INFO - 경고: JSON의 '싼타페 Hybrid'에 해당하는 차종을 DB에서 찾을 수 없어 리뷰를 건너뜁니다.
[2025-09-11T07:34:42.940+0000] {subprocess.py:93} INFO - 경고: JSON의 '싼타페 Hybrid'에 해당하는 차종을 DB에서 찾을 수 없어 리뷰를 건너뜁니다.
[2025-09-11T07:34:42.950+0000] {subprocess.py:93} INFO - 경고: JSON의 '싼타페'에 해당하는 차종을 DB에서 찾을 수 없어 리뷰를 건너뜁니다.
[2025-09-11T07:34:42.977+0000] {subprocess.py:93} INFO - 경고: JSON의 '싼타페 Hybrid'에 해당하는 차종을 DB에서 찾을 수 없어 리뷰를 건너뜁니다.
[2025-09-11T07:34:42.978+0000] {subprocess.py:93} INFO - 경고: JSON의 '포터 II Electric'에 해당하는 차종을 DB에서 찾을 수 없어 리뷰를 건너뜁니다.
[2025-09-11T07:34:42.989+0000] {subprocess.py:93} INFO - 경고: JSON의 '싼타페'에 해당하는 차종을 DB에서 찾을 수 없어 리뷰를 건너뜁니다.
[2025-09-11T07:34:43.000+0000] {subprocess.py:93} INFO - 경고: JSON의 '싼타페 Hybrid'에 해당하는 차종을 DB에서 찾을 수 없어 리뷰를 건너뜁니다.
[2025-09-11T07:34:43.014+0000] {subprocess.py:93} INFO - 경고: JSON의 '싼타페 Hybrid'에 해당하는 차종을 DB에서 찾을 수 없어 리뷰를 건너뜁니다.
[2025-09-11T07:34:43.027+0000] {subprocess.py:93} INFO - 경고: JSON의 '포터 II Electric'에 해당하는 차종을 DB에서 찾을 수 없어 리뷰를 건너뜁니다.
[2025-09-11T07:34:43.032+0000] {subprocess.py:93} INFO - 경고: JSON의 '싼타페 Hybrid'에 해당하는 차종을 DB에서 찾을 수 없어 리뷰를 건너뜁니다.
[2025-09-11T07:34:43.036+0000] {subprocess.py:93} INFO - 경고: JSON의 '싼타페 Hybrid'에 해당하는 차종을 DB에서 찾을 수 없어 리뷰를 건너뜁니다.
[2025-09-11T07:34:43.096+0000] {subprocess.py:93} INFO - 경고: JSON의 '포터 II'에 해당하는 차종을 DB에서 찾을 수 없어 리뷰를 건너뜁니다.
[2025-09-11T07:34:43.100+0000] {subprocess.py:93} INFO - 경고: JSON의 '싼타페 Hybrid'에 해당하는 차종을 DB에서 찾을 수 없어 리뷰를 건너뜁니다.
[2025-09-11T07:34:43.126+0000] {subprocess.py:93} INFO - 경고: JSON의 '싼타페 Hybrid'에 해당하는 차종을 DB에서 찾을 수 없어 리뷰를 건너뜁니다.
[2025-09-11T07:34:43.143+0000] {subprocess.py:93} INFO - 경고: JSON의 '싼타페 Hybrid'에 해당하는 차종을 DB에서 찾을 수 없어 리뷰를 건너뜁니다.
[2025-09-11T07:34:43.143+0000] {subprocess.py:93} INFO - 경고: JSON의 '싼타페'에 해당하는 차종을 DB에서 찾을 수 없어 리뷰를 건너뜁니다.
[2025-09-11T07:34:43.155+0000] {subprocess.py:93} INFO - 경고: JSON의 '포터 II 특장차'에 해당하는 차종을 DB에서 찾을 수 없어 리뷰를 건너뜁니다.
[2025-09-11T07:34:43.182+0000] {subprocess.py:93} INFO - 경고: JSON의 '싼타페'에 해당하는 차종을 DB에서 찾을 수 없어 리뷰를 건너뜁니다.
[2025-09-11T07:34:43.189+0000] {subprocess.py:93} INFO - 경고: JSON의 '싼타페 Hybrid'에 해당하는 차종을 DB에서 찾을 수 없어 리뷰를 건너뜁니다.
[2025-09-11T07:34:43.193+0000] {subprocess.py:93} INFO - 경고: JSON의 '싼타페 Hybrid'에 해당하는 차종을 DB에서 찾을 수 없어 리뷰를 건너뜁니다.
[2025-09-11T07:34:43.193+0000] {subprocess.py:93} INFO - 경고: JSON의 '싼타페 Hybrid'에 해당하는 차종을 DB에서 찾을 수 없어 리뷰를 건너뜁니다.
[2025-09-11T07:34:43.216+0000] {subprocess.py:93} INFO - 경고: JSON의 '싼타페 Hybrid'에 해당하는 차종을 DB에서 찾을 수 없어 리뷰를 건너뜁니다.
[2025-09-11T07:34:43.219+0000] {subprocess.py:93} INFO - 경고: JSON의 '싼타페'에 해당하는 차종을 DB에서 찾을 수 없어 리뷰를 건너뜁니다.
[2025-09-11T07:34:43.227+0000] {subprocess.py:93} INFO - 경고: JSON의 '싼타페 Hybrid'에 해당하는 차종을 DB에서 찾을 수 없어 리뷰를 건너뜁니다.
[2025-09-11T07:34:43.231+0000] {subprocess.py:93} INFO - 경고: JSON의 '싼타페 Hybrid'에 해당하는 차종을 DB에서 찾을 수 없어 리뷰를 건너뜁니다.
[2025-09-11T07:34:43.232+0000] {subprocess.py:93} INFO - 경고: JSON의 '싼타페'에 해당하는 차종을 DB에서 찾을 수 없어 리뷰를 건너뜁니다.
[2025-09-11T07:34:43.238+0000] {subprocess.py:93} INFO - 경고: JSON의 '싼타페'에 해당하는 차종을 DB에서 찾을 수 없어 리뷰를 건너뜁니다.
[2025-09-11T07:34:43.260+0000] {subprocess.py:93} INFO - 경고: JSON의 '싼타페 Hybrid'에 해당하는 차종을 DB에서 찾을 수 없어 리뷰를 건너뜁니다.
[2025-09-11T07:34:43.268+0000] {subprocess.py:93} INFO - 경고: JSON의 '싼타페'에 해당하는 차종을 DB에서 찾을 수 없어 리뷰를 건너뜁니다.
[2025-09-11T07:34:43.300+0000] {subprocess.py:93} INFO - 경고: JSON의 '싼타페 Hybrid'에 해당하는 차종을 DB에서 찾을 수 없어 리뷰를 건너뜁니다.
[2025-09-11T07:34:43.335+0000] {subprocess.py:93} INFO - 경고: JSON의 '포터 II'에 해당하는 차종을 DB에서 찾을 수 없어 리뷰를 건너뜁니다.
[2025-09-11T07:34:43.339+0000] {subprocess.py:93} INFO - 경고: JSON의 '싼타페 Hybrid'에 해당하는 차종을 DB에서 찾을 수 없어 리뷰를 건너뜁니다.
[2025-09-11T07:34:43.342+0000] {subprocess.py:93} INFO - 경고: JSON의 '포터 II'에 해당하는 차종을 DB에서 찾을 수 없어 리뷰를 건너뜁니다.
[2025-09-11T07:34:43.343+0000] {subprocess.py:93} INFO - 경고: JSON의 '싼타페 Hybrid'에 해당하는 차종을 DB에서 찾을 수 없어 리뷰를 건너뜁니다.
[2025-09-11T07:34:43.363+0000] {subprocess.py:93} INFO - 경고: JSON의 '싼타페 Hybrid'에 해당하는 차종을 DB에서 찾을 수 없어 리뷰를 건너뜁니다.
[2025-09-11T07:34:43.377+0000] {subprocess.py:93} INFO - 경고: JSON의 '싼타페 Hybrid'에 해당하는 차종을 DB에서 찾을 수 없어 리뷰를 건너뜁니다.
[2025-09-11T07:34:43.432+0000] {subprocess.py:93} INFO - 경고: JSON의 '포터 II'에 해당하는 차종을 DB에서 찾을 수 없어 리뷰를 건너뜁니다.
[2025-09-11T07:34:43.476+0000] {subprocess.py:93} INFO - 경고: JSON의 '싼타페'에 해당하는 차종을 DB에서 찾을 수 없어 리뷰를 건너뜁니다.
[2025-09-11T07:34:43.504+0000] {subprocess.py:93} INFO - 경고: JSON의 '포터 II'에 해당하는 차종을 DB에서 찾을 수 없어 리뷰를 건너뜁니다.
[2025-09-11T07:34:43.508+0000] {subprocess.py:93} INFO - 경고: JSON의 '싼타페 Hybrid'에 해당하는 차종을 DB에서 찾을 수 없어 리뷰를 건너뜁니다.
[2025-09-11T07:34:43.517+0000] {subprocess.py:93} INFO - 경고: JSON의 '싼타페 Hybrid'에 해당하는 차종을 DB에서 찾을 수 없어 리뷰를 건너뜁니다.
[2025-09-11T07:34:43.544+0000] {subprocess.py:93} INFO - 경고: JSON의 '싼타페 Hybrid'에 해당하는 차종을 DB에서 찾을 수 없어 리뷰를 건너뜁니다.
[2025-09-11T07:34:43.584+0000] {subprocess.py:93} INFO - 경고: JSON의 '싼타페'에 해당하는 차종을 DB에서 찾을 수 없어 리뷰를 건너뜁니다.
[2025-09-11T07:34:43.644+0000] {subprocess.py:93} INFO - 경고: JSON의 '싼타페 Hybrid'에 해당하는 차종을 DB에서 찾을 수 없어 리뷰를 건너뜁니다.
[2025-09-11T07:34:43.676+0000] {subprocess.py:93} INFO - 경고: JSON의 '싼타페'에 해당하는 차종을 DB에서 찾을 수 없어 리뷰를 건너뜁니다.
[2025-09-11T07:34:43.709+0000] {subprocess.py:93} INFO - 경고: JSON의 '싼타페'에 해당하는 차종을 DB에서 찾을 수 없어 리뷰를 건너뜁니다.
[2025-09-11T07:34:43.717+0000] {subprocess.py:93} INFO - 경고: JSON의 '싼타페 Hybrid'에 해당하는 차종을 DB에서 찾을 수 없어 리뷰를 건너뜁니다.
[2025-09-11T07:34:43.717+0000] {subprocess.py:93} INFO - 경고: JSON의 '싼타페 Hybrid'에 해당하는 차종을 DB에서 찾을 수 없어 리뷰를 건너뜁니다.
[2025-09-11T07:34:43.760+0000] {subprocess.py:93} INFO - 경고: JSON의 '싼타페'에 해당하는 차종을 DB에서 찾을 수 없어 리뷰를 건너뜁니다.
[2025-09-11T07:34:43.812+0000] {subprocess.py:93} INFO - 경고: JSON의 '싼타페 Hybrid'에 해당하는 차종을 DB에서 찾을 수 없어 리뷰를 건너뜁니다.
[2025-09-11T07:34:43.842+0000] {subprocess.py:93} INFO - 경고: JSON의 '싼타페 Hybrid'에 해당하는 차종을 DB에서 찾을 수 없어 리뷰를 건너뜁니다.
[2025-09-11T07:34:43.864+0000] {subprocess.py:93} INFO - 경고: JSON의 '싼타페 Hybrid'에 해당하는 차종을 DB에서 찾을 수 없어 리뷰를 건너뜁니다.
[2025-09-11T07:34:43.864+0000] {subprocess.py:93} INFO - 경고: JSON의 '싼타페'에 해당하는 차종을 DB에서 찾을 수 없어 리뷰를 건너뜁니다.
[2025-09-11T07:34:43.865+0000] {subprocess.py:93} INFO - 경고: JSON의 '싼타페'에 해당하는 차종을 DB에서 찾을 수 없어 리뷰를 건너뜁니다.
[2025-09-11T07:34:43.868+0000] {subprocess.py:93} INFO - 경고: JSON의 '싼타페 Hybrid'에 해당하는 차종을 DB에서 찾을 수 없어 리뷰를 건너뜁니다.
[2025-09-11T07:34:43.876+0000] {subprocess.py:93} INFO - 경고: JSON의 '싼타페 Hybrid'에 해당하는 차종을 DB에서 찾을 수 없어 리뷰를 건너뜁니다.
[2025-09-11T07:34:43.880+0000] {subprocess.py:93} INFO - 경고: JSON의 '싼타페 Hybrid'에 해당하는 차종을 DB에서 찾을 수 없어 리뷰를 건너뜁니다.
[2025-09-11T07:34:43.891+0000] {subprocess.py:93} INFO - 경고: JSON의 '포터 II 특장차'에 해당하는 차종을 DB에서 찾을 수 없어 리뷰를 건너뜁니다.
[2025-09-11T07:34:43.899+0000] {subprocess.py:93} INFO - 경고: JSON의 '싼타페 Hybrid'에 해당하는 차종을 DB에서 찾을 수 없어 리뷰를 건너뜁니다.
[2025-09-11T07:34:43.907+0000] {subprocess.py:93} INFO - 경고: JSON의 '싼타페 Hybrid'에 해당하는 차종을 DB에서 찾을 수 없어 리뷰를 건너뜁니다.
[2025-09-11T07:34:43.911+0000] {subprocess.py:93} INFO - 경고: JSON의 '싼타페 Hybrid'에 해당하는 차종을 DB에서 찾을 수 없어 리뷰를 건너뜁니다.
[2025-09-11T07:34:43.928+0000] {subprocess.py:93} INFO - 경고: JSON의 '싼타페 Hybrid'에 해당하는 차종을 DB에서 찾을 수 없어 리뷰를 건너뜁니다.
[2025-09-11T07:34:43.936+0000] {subprocess.py:93} INFO - 경고: JSON의 '싼타페'에 해당하는 차종을 DB에서 찾을 수 없어 리뷰를 건너뜁니다.
[2025-09-11T07:34:44.003+0000] {subprocess.py:93} INFO - 경고: JSON의 '싼타페 Hybrid'에 해당하는 차종을 DB에서 찾을 수 없어 리뷰를 건너뜁니다.
[2025-09-11T07:34:44.007+0000] {subprocess.py:93} INFO - 경고: JSON의 '싼타페'에 해당하는 차종을 DB에서 찾을 수 없어 리뷰를 건너뜁니다.
[2025-09-11T07:34:44.018+0000] {subprocess.py:93} INFO - 경고: JSON의 '싼타페'에 해당하는 차종을 DB에서 찾을 수 없어 리뷰를 건너뜁니다.
[2025-09-11T07:34:44.029+0000] {subprocess.py:93} INFO - 경고: JSON의 '싼타페 Hybrid'에 해당하는 차종을 DB에서 찾을 수 없어 리뷰를 건너뜁니다.
[2025-09-11T07:34:44.033+0000] {subprocess.py:93} INFO - 경고: JSON의 '싼타페 Hybrid'에 해당하는 차종을 DB에서 찾을 수 없어 리뷰를 건너뜁니다.
[2025-09-11T07:34:44.085+0000] {subprocess.py:93} INFO - 경고: JSON의 '싼타페 Hybrid'에 해당하는 차종을 DB에서 찾을 수 없어 리뷰를 건너뜁니다.
[2025-09-11T07:34:44.126+0000] {subprocess.py:93} INFO - 경고: JSON의 '싼타페 Hybrid'에 해당하는 차종을 DB에서 찾을 수 없어 리뷰를 건너뜁니다.
[2025-09-11T07:34:44.135+0000] {subprocess.py:93} INFO - 경고: JSON의 '싼타페 Hybrid'에 해당하는 차종을 DB에서 찾을 수 없어 리뷰를 건너뜁니다.
[2025-09-11T07:34:44.136+0000] {subprocess.py:93} INFO - 경고: JSON의 '싼타페 Hybrid'에 해당하는 차종을 DB에서 찾을 수 없어 리뷰를 건너뜁니다.
[2025-09-11T07:34:44.146+0000] {subprocess.py:93} INFO - 경고: JSON의 '싼타페'에 해당하는 차종을 DB에서 찾을 수 없어 리뷰를 건너뜁니다.
[2025-09-11T07:34:44.150+0000] {subprocess.py:93} INFO - 경고: JSON의 '포터 II'에 해당하는 차종을 DB에서 찾을 수 없어 리뷰를 건너뜁니다.
[2025-09-11T07:34:44.150+0000] {subprocess.py:93} INFO - 경고: JSON의 '쏘나타 택시'에 해당하는 차종을 DB에서 찾을 수 없어 리뷰를 건너뜁니다.
[2025-09-11T07:34:44.161+0000] {subprocess.py:93} INFO - 경고: JSON의 '싼타페'에 해당하는 차종을 DB에서 찾을 수 없어 리뷰를 건너뜁니다.
[2025-09-11T07:34:44.171+0000] {subprocess.py:93} INFO - 경고: JSON의 '싼타페 Hybrid'에 해당하는 차종을 DB에서 찾을 수 없어 리뷰를 건너뜁니다.
[2025-09-11T07:34:44.177+0000] {subprocess.py:93} INFO - 경고: JSON의 '싼타페 Hybrid'에 해당하는 차종을 DB에서 찾을 수 없어 리뷰를 건너뜁니다.
[2025-09-11T07:34:44.178+0000] {subprocess.py:93} INFO - 경고: JSON의 '싼타페 Hybrid'에 해당하는 차종을 DB에서 찾을 수 없어 리뷰를 건너뜁니다.
[2025-09-11T07:34:44.203+0000] {subprocess.py:93} INFO - 경고: JSON의 '싼타페 Hybrid'에 해당하는 차종을 DB에서 찾을 수 없어 리뷰를 건너뜁니다.
[2025-09-11T07:34:44.203+0000] {subprocess.py:93} INFO - 경고: JSON의 '싼타페'에 해당하는 차종을 DB에서 찾을 수 없어 리뷰를 건너뜁니다.
[2025-09-11T07:34:44.209+0000] {subprocess.py:93} INFO - 경고: JSON의 '싼타페 Hybrid'에 해당하는 차종을 DB에서 찾을 수 없어 리뷰를 건너뜁니다.
[2025-09-11T07:34:44.226+0000] {subprocess.py:93} INFO - 경고: JSON의 '싼타페 Hybrid'에 해당하는 차종을 DB에서 찾을 수 없어 리뷰를 건너뜁니다.
[2025-09-11T07:34:44.229+0000] {subprocess.py:93} INFO - 경고: JSON의 '싼타페 Hybrid'에 해당하는 차종을 DB에서 찾을 수 없어 리뷰를 건너뜁니다.
[2025-09-11T07:34:44.235+0000] {subprocess.py:93} INFO - 경고: JSON의 '싼타페 Hybrid'에 해당하는 차종을 DB에서 찾을 수 없어 리뷰를 건너뜁니다.
[2025-09-11T07:34:44.236+0000] {subprocess.py:93} INFO - 경고: JSON의 '싼타페 Hybrid'에 해당하는 차종을 DB에서 찾을 수 없어 리뷰를 건너뜁니다.
[2025-09-11T07:34:44.239+0000] {subprocess.py:93} INFO - 경고: JSON의 '싼타페 Hybrid'에 해당하는 차종을 DB에서 찾을 수 없어 리뷰를 건너뜁니다.
[2025-09-11T07:34:44.268+0000] {subprocess.py:93} INFO - 경고: JSON의 '싼타페 Hybrid'에 해당하는 차종을 DB에서 찾을 수 없어 리뷰를 건너뜁니다.
[2025-09-11T07:34:44.274+0000] {subprocess.py:93} INFO - 경고: JSON의 '쏘나타 택시'에 해당하는 차종을 DB에서 찾을 수 없어 리뷰를 건너뜁니다.
[2025-09-11T07:34:44.277+0000] {subprocess.py:93} INFO - 경고: JSON의 '싼타페'에 해당하는 차종을 DB에서 찾을 수 없어 리뷰를 건너뜁니다.
[2025-09-11T07:34:44.278+0000] {subprocess.py:93} INFO - 경고: JSON의 '싼타페 Hybrid'에 해당하는 차종을 DB에서 찾을 수 없어 리뷰를 건너뜁니다.
[2025-09-11T07:34:44.306+0000] {subprocess.py:93} INFO - 경고: JSON의 '싼타페 Hybrid'에 해당하는 차종을 DB에서 찾을 수 없어 리뷰를 건너뜁니다.
[2025-09-11T07:34:44.319+0000] {subprocess.py:93} INFO - 경고: JSON의 '싼타페 Hybrid'에 해당하는 차종을 DB에서 찾을 수 없어 리뷰를 건너뜁니다.
[2025-09-11T07:34:44.320+0000] {subprocess.py:93} INFO - 경고: JSON의 '싼타페 Hybrid'에 해당하는 차종을 DB에서 찾을 수 없어 리뷰를 건너뜁니다.
[2025-09-11T07:34:44.320+0000] {subprocess.py:93} INFO - 경고: JSON의 '싼타페 Hybrid'에 해당하는 차종을 DB에서 찾을 수 없어 리뷰를 건너뜁니다.
[2025-09-11T07:34:44.323+0000] {subprocess.py:93} INFO - 경고: JSON의 '싼타페 Hybrid'에 해당하는 차종을 DB에서 찾을 수 없어 리뷰를 건너뜁니다.
[2025-09-11T07:34:44.330+0000] {subprocess.py:93} INFO - 경고: JSON의 '싼타페 Hybrid'에 해당하는 차종을 DB에서 찾을 수 없어 리뷰를 건너뜁니다.
[2025-09-11T07:34:44.333+0000] {subprocess.py:93} INFO - 경고: JSON의 '싼타페'에 해당하는 차종을 DB에서 찾을 수 없어 리뷰를 건너뜁니다.
[2025-09-11T07:34:44.337+0000] {subprocess.py:93} INFO - 경고: JSON의 '싼타페 Hybrid'에 해당하는 차종을 DB에서 찾을 수 없어 리뷰를 건너뜁니다.
[2025-09-11T07:34:44.340+0000] {subprocess.py:93} INFO - 경고: JSON의 '싼타페 Hybrid'에 해당하는 차종을 DB에서 찾을 수 없어 리뷰를 건너뜁니다.
[2025-09-11T07:34:44.349+0000] {subprocess.py:93} INFO - 경고: JSON의 '싼타페 Hybrid'에 해당하는 차종을 DB에서 찾을 수 없어 리뷰를 건너뜁니다.
[2025-09-11T07:34:44.353+0000] {subprocess.py:93} INFO - 경고: JSON의 '싼타페 Hybrid'에 해당하는 차종을 DB에서 찾을 수 없어 리뷰를 건너뜁니다.
[2025-09-11T07:34:44.363+0000] {subprocess.py:93} INFO - 경고: JSON의 '싼타페'에 해당하는 차종을 DB에서 찾을 수 없어 리뷰를 건너뜁니다.
[2025-09-11T07:34:44.364+0000] {subprocess.py:93} INFO - 경고: JSON의 '싼타페 Hybrid'에 해당하는 차종을 DB에서 찾을 수 없어 리뷰를 건너뜁니다.
[2025-09-11T07:34:44.378+0000] {subprocess.py:93} INFO - 경고: JSON의 '싼타페 Hybrid'에 해당하는 차종을 DB에서 찾을 수 없어 리뷰를 건너뜁니다.
[2025-09-11T07:34:44.378+0000] {subprocess.py:93} INFO - 경고: JSON의 '포터 II'에 해당하는 차종을 DB에서 찾을 수 없어 리뷰를 건너뜁니다.
[2025-09-11T07:34:44.407+0000] {subprocess.py:93} INFO - 경고: JSON의 '싼타페 Hybrid'에 해당하는 차종을 DB에서 찾을 수 없어 리뷰를 건너뜁니다.
[2025-09-11T07:34:44.410+0000] {subprocess.py:93} INFO - 경고: JSON의 '싼타페 Hybrid'에 해당하는 차종을 DB에서 찾을 수 없어 리뷰를 건너뜁니다.
[2025-09-11T07:34:44.474+0000] {subprocess.py:93} INFO - 경고: JSON의 '싼타페'에 해당하는 차종을 DB에서 찾을 수 없어 리뷰를 건너뜁니다.
[2025-09-11T07:34:44.478+0000] {subprocess.py:93} INFO - 경고: JSON의 '싼타페 Hybrid'에 해당하는 차종을 DB에서 찾을 수 없어 리뷰를 건너뜁니다.
[2025-09-11T07:34:44.499+0000] {subprocess.py:93} INFO - 경고: JSON의 '싼타페'에 해당하는 차종을 DB에서 찾을 수 없어 리뷰를 건너뜁니다.
[2025-09-11T07:34:44.522+0000] {subprocess.py:93} INFO - 경고: JSON의 '싼타페'에 해당하는 차종을 DB에서 찾을 수 없어 리뷰를 건너뜁니다.
[2025-09-11T07:34:44.523+0000] {subprocess.py:93} INFO - 경고: JSON의 '싼타페'에 해당하는 차종을 DB에서 찾을 수 없어 리뷰를 건너뜁니다.
[2025-09-11T07:34:44.529+0000] {subprocess.py:93} INFO - 경고: JSON의 '싼타페 Hybrid'에 해당하는 차종을 DB에서 찾을 수 없어 리뷰를 건너뜁니다.
[2025-09-11T07:34:44.536+0000] {subprocess.py:93} INFO - 경고: JSON의 '포터 II Electric'에 해당하는 차종을 DB에서 찾을 수 없어 리뷰를 건너뜁니다.
[2025-09-11T07:34:44.537+0000] {subprocess.py:93} INFO - 경고: JSON의 '싼타페'에 해당하는 차종을 DB에서 찾을 수 없어 리뷰를 건너뜁니다.
[2025-09-11T07:34:44.563+0000] {subprocess.py:93} INFO - 경고: JSON의 '포터 II'에 해당하는 차종을 DB에서 찾을 수 없어 리뷰를 건너뜁니다.
[2025-09-11T07:34:44.570+0000] {subprocess.py:93} INFO - 경고: JSON의 '포터 II'에 해당하는 차종을 DB에서 찾을 수 없어 리뷰를 건너뜁니다.
[2025-09-11T07:34:44.571+0000] {subprocess.py:93} INFO - 경고: JSON의 '싼타페 Hybrid'에 해당하는 차종을 DB에서 찾을 수 없어 리뷰를 건너뜁니다.
[2025-09-11T07:34:44.578+0000] {subprocess.py:93} INFO - 경고: JSON의 '포터 II'에 해당하는 차종을 DB에서 찾을 수 없어 리뷰를 건너뜁니다.
[2025-09-11T07:34:44.592+0000] {subprocess.py:93} INFO - 경고: JSON의 '싼타페 Hybrid'에 해당하는 차종을 DB에서 찾을 수 없어 리뷰를 건너뜁니다.
[2025-09-11T07:34:44.638+0000] {subprocess.py:93} INFO - 경고: JSON의 '싼타페'에 해당하는 차종을 DB에서 찾을 수 없어 리뷰를 건너뜁니다.
[2025-09-11T07:34:44.655+0000] {subprocess.py:93} INFO - 경고: JSON의 '싼타페 Hybrid'에 해당하는 차종을 DB에서 찾을 수 없어 리뷰를 건너뜁니다.
[2025-09-11T07:34:44.716+0000] {subprocess.py:93} INFO - 경고: JSON의 '싼타페 Hybrid'에 해당하는 차종을 DB에서 찾을 수 없어 리뷰를 건너뜁니다.
[2025-09-11T07:34:44.749+0000] {subprocess.py:93} INFO - 경고: JSON의 '싼타페 Hybrid'에 해당하는 차종을 DB에서 찾을 수 없어 리뷰를 건너뜁니다.
[2025-09-11T07:34:44.765+0000] {subprocess.py:93} INFO - 경고: JSON의 '싼타페 Hybrid'에 해당하는 차종을 DB에서 찾을 수 없어 리뷰를 건너뜁니다.
[2025-09-11T07:34:44.784+0000] {subprocess.py:93} INFO - 경고: JSON의 '싼타페'에 해당하는 차종을 DB에서 찾을 수 없어 리뷰를 건너뜁니다.
[2025-09-11T07:34:44.798+0000] {subprocess.py:93} INFO - 경고: JSON의 '싼타페 Hybrid'에 해당하는 차종을 DB에서 찾을 수 없어 리뷰를 건너뜁니다.
[2025-09-11T07:34:44.907+0000] {subprocess.py:93} INFO - 경고: JSON의 '싼타페 Hybrid'에 해당하는 차종을 DB에서 찾을 수 없어 리뷰를 건너뜁니다.
[2025-09-11T07:34:44.920+0000] {subprocess.py:93} INFO - 경고: JSON의 '싼타페 Hybrid'에 해당하는 차종을 DB에서 찾을 수 없어 리뷰를 건너뜁니다.
[2025-09-11T07:34:44.934+0000] {subprocess.py:93} INFO - 경고: JSON의 '싼타페 Hybrid'에 해당하는 차종을 DB에서 찾을 수 없어 리뷰를 건너뜁니다.
[2025-09-11T07:34:44.952+0000] {subprocess.py:93} INFO - 경고: JSON의 '싼타페'에 해당하는 차종을 DB에서 찾을 수 없어 리뷰를 건너뜁니다.
[2025-09-11T07:34:44.952+0000] {subprocess.py:93} INFO - 경고: JSON의 '싼타페 Hybrid'에 해당하는 차종을 DB에서 찾을 수 없어 리뷰를 건너뜁니다.
[2025-09-11T07:34:44.995+0000] {subprocess.py:93} INFO - 경고: JSON의 '포터 II'에 해당하는 차종을 DB에서 찾을 수 없어 리뷰를 건너뜁니다.
[2025-09-11T07:34:44.999+0000] {subprocess.py:93} INFO - 경고: JSON의 '포터 II'에 해당하는 차종을 DB에서 찾을 수 없어 리뷰를 건너뜁니다.
[2025-09-11T07:34:45.036+0000] {subprocess.py:93} INFO - 경고: JSON의 '싼타페 Hybrid'에 해당하는 차종을 DB에서 찾을 수 없어 리뷰를 건너뜁니다.
[2025-09-11T07:34:45.040+0000] {subprocess.py:93} INFO - 경고: JSON의 '싼타페 Hybrid'에 해당하는 차종을 DB에서 찾을 수 없어 리뷰를 건너뜁니다.
[2025-09-11T07:34:45.041+0000] {subprocess.py:93} INFO - 경고: JSON의 '싼타페 Hybrid'에 해당하는 차종을 DB에서 찾을 수 없어 리뷰를 건너뜁니다.
[2025-09-11T07:34:45.055+0000] {subprocess.py:93} INFO - 경고: JSON의 '포터 II Electric'에 해당하는 차종을 DB에서 찾을 수 없어 리뷰를 건너뜁니다.
[2025-09-11T07:34:45.060+0000] {subprocess.py:93} INFO - 경고: JSON의 '싼타페 Hybrid'에 해당하는 차종을 DB에서 찾을 수 없어 리뷰를 건너뜁니다.
[2025-09-11T07:34:45.115+0000] {subprocess.py:93} INFO - 경고: JSON의 '싼타페 Hybrid'에 해당하는 차종을 DB에서 찾을 수 없어 리뷰를 건너뜁니다.
[2025-09-11T07:34:45.132+0000] {subprocess.py:93} INFO - 경고: JSON의 '포터 II'에 해당하는 차종을 DB에서 찾을 수 없어 리뷰를 건너뜁니다.
[2025-09-11T07:34:45.136+0000] {subprocess.py:93} INFO - 경고: JSON의 '싼타페 Hybrid'에 해당하는 차종을 DB에서 찾을 수 없어 리뷰를 건너뜁니다.
[2025-09-11T07:34:45.159+0000] {subprocess.py:93} INFO - 경고: JSON의 '싼타페 Hybrid'에 해당하는 차종을 DB에서 찾을 수 없어 리뷰를 건너뜁니다.
[2025-09-11T07:34:45.159+0000] {subprocess.py:93} INFO - 경고: JSON의 '싼타페 Hybrid'에 해당하는 차종을 DB에서 찾을 수 없어 리뷰를 건너뜁니다.
[2025-09-11T07:34:45.195+0000] {subprocess.py:93} INFO - 경고: JSON의 '싼타페'에 해당하는 차종을 DB에서 찾을 수 없어 리뷰를 건너뜁니다.
[2025-09-11T07:34:45.228+0000] {subprocess.py:93} INFO - 경고: JSON의 '싼타페'에 해당하는 차종을 DB에서 찾을 수 없어 리뷰를 건너뜁니다.
[2025-09-11T07:34:45.231+0000] {subprocess.py:93} INFO - 경고: JSON의 '싼타페'에 해당하는 차종을 DB에서 찾을 수 없어 리뷰를 건너뜁니다.
[2025-09-11T07:34:45.264+0000] {subprocess.py:93} INFO - 경고: JSON의 '싼타페 Hybrid'에 해당하는 차종을 DB에서 찾을 수 없어 리뷰를 건너뜁니다.
[2025-09-11T07:34:45.281+0000] {subprocess.py:93} INFO - 경고: JSON의 '포터 II'에 해당하는 차종을 DB에서 찾을 수 없어 리뷰를 건너뜁니다.
[2025-09-11T07:34:45.292+0000] {subprocess.py:93} INFO - 경고: JSON의 '싼타페 Hybrid'에 해당하는 차종을 DB에서 찾을 수 없어 리뷰를 건너뜁니다.
[2025-09-11T07:34:45.308+0000] {subprocess.py:93} INFO - 경고: JSON의 '싼타페 Hybrid'에 해당하는 차종을 DB에서 찾을 수 없어 리뷰를 건너뜁니다.
[2025-09-11T07:34:45.309+0000] {subprocess.py:93} INFO - 경고: JSON의 '싼타페 Hybrid'에 해당하는 차종을 DB에서 찾을 수 없어 리뷰를 건너뜁니다.
[2025-09-11T07:34:45.365+0000] {subprocess.py:93} INFO - 경고: JSON의 '포터 II 특장차'에 해당하는 차종을 DB에서 찾을 수 없어 리뷰를 건너뜁니다.
[2025-09-11T07:34:45.365+0000] {subprocess.py:93} INFO - 경고: JSON의 '싼타페 Hybrid'에 해당하는 차종을 DB에서 찾을 수 없어 리뷰를 건너뜁니다.
[2025-09-11T07:34:45.375+0000] {subprocess.py:93} INFO - 경고: JSON의 '싼타페 Hybrid'에 해당하는 차종을 DB에서 찾을 수 없어 리뷰를 건너뜁니다.
[2025-09-11T07:34:45.375+0000] {subprocess.py:93} INFO - 경고: JSON의 '싼타페 Hybrid'에 해당하는 차종을 DB에서 찾을 수 없어 리뷰를 건너뜁니다.
[2025-09-11T07:34:45.378+0000] {subprocess.py:93} INFO - 경고: JSON의 '쏘나타 택시'에 해당하는 차종을 DB에서 찾을 수 없어 리뷰를 건너뜁니다.
[2025-09-11T07:34:45.385+0000] {subprocess.py:93} INFO - 경고: JSON의 '쏘나타 택시'에 해당하는 차종을 DB에서 찾을 수 없어 리뷰를 건너뜁니다.
[2025-09-11T07:34:45.385+0000] {subprocess.py:93} INFO - 경고: JSON의 '싼타페'에 해당하는 차종을 DB에서 찾을 수 없어 리뷰를 건너뜁니다.
[2025-09-11T07:34:45.395+0000] {subprocess.py:93} INFO - 경고: JSON의 '싼타페'에 해당하는 차종을 DB에서 찾을 수 없어 리뷰를 건너뜁니다.
[2025-09-11T07:34:45.398+0000] {subprocess.py:93} INFO - 경고: JSON의 '싼타페 Hybrid'에 해당하는 차종을 DB에서 찾을 수 없어 리뷰를 건너뜁니다.
[2025-09-11T07:34:45.405+0000] {subprocess.py:93} INFO - 경고: JSON의 '싼타페'에 해당하는 차종을 DB에서 찾을 수 없어 리뷰를 건너뜁니다.
[2025-09-11T07:34:45.405+0000] {subprocess.py:93} INFO - 경고: JSON의 '포터 II'에 해당하는 차종을 DB에서 찾을 수 없어 리뷰를 건너뜁니다.
[2025-09-11T07:34:45.409+0000] {subprocess.py:93} INFO - 경고: JSON의 '싼타페 Hybrid'에 해당하는 차종을 DB에서 찾을 수 없어 리뷰를 건너뜁니다.
[2025-09-11T07:34:45.425+0000] {subprocess.py:93} INFO - 경고: JSON의 '싼타페 Hybrid'에 해당하는 차종을 DB에서 찾을 수 없어 리뷰를 건너뜁니다.
[2025-09-11T07:34:45.450+0000] {subprocess.py:93} INFO - 경고: JSON의 '쏘나타 택시'에 해당하는 차종을 DB에서 찾을 수 없어 리뷰를 건너뜁니다.
[2025-09-11T07:34:45.453+0000] {subprocess.py:93} INFO - 경고: JSON의 '포터 II Electric'에 해당하는 차종을 DB에서 찾을 수 없어 리뷰를 건너뜁니다.
[2025-09-11T07:34:45.464+0000] {subprocess.py:93} INFO - 경고: JSON의 '싼타페 Hybrid'에 해당하는 차종을 DB에서 찾을 수 없어 리뷰를 건너뜁니다.
[2025-09-11T07:34:45.532+0000] {subprocess.py:93} INFO - 경고: JSON의 '쏘나타 택시'에 해당하는 차종을 DB에서 찾을 수 없어 리뷰를 건너뜁니다.
[2025-09-11T07:34:45.542+0000] {subprocess.py:93} INFO - 경고: JSON의 '싼타페 Hybrid'에 해당하는 차종을 DB에서 찾을 수 없어 리뷰를 건너뜁니다.
[2025-09-11T07:34:45.591+0000] {subprocess.py:93} INFO - 경고: JSON의 '포터 II 특장차'에 해당하는 차종을 DB에서 찾을 수 없어 리뷰를 건너뜁니다.
[2025-09-11T07:34:45.592+0000] {subprocess.py:93} INFO - 경고: JSON의 '포터 II 특장차'에 해당하는 차종을 DB에서 찾을 수 없어 리뷰를 건너뜁니다.
[2025-09-11T07:34:45.592+0000] {subprocess.py:93} INFO - 경고: JSON의 '포터 II 특장차'에 해당하는 차종을 DB에서 찾을 수 없어 리뷰를 건너뜁니다.
[2025-09-11T07:34:45.599+0000] {subprocess.py:93} INFO - 경고: JSON의 '포터 II 특장차'에 해당하는 차종을 DB에서 찾을 수 없어 리뷰를 건너뜁니다.
[2025-09-11T07:34:45.603+0000] {subprocess.py:93} INFO - 경고: JSON의 '싼타페'에 해당하는 차종을 DB에서 찾을 수 없어 리뷰를 건너뜁니다.
[2025-09-11T07:34:45.664+0000] {subprocess.py:93} INFO - 경고: JSON의 '싼타페 Hybrid'에 해당하는 차종을 DB에서 찾을 수 없어 리뷰를 건너뜁니다.
[2025-09-11T07:34:45.696+0000] {subprocess.py:93} INFO - 경고: JSON의 '포터 II Electric 특장차'에 해당하는 차종을 DB에서 찾을 수 없어 리뷰를 건너뜁니다.
[2025-09-11T07:34:45.711+0000] {subprocess.py:93} INFO - 경고: JSON의 '싼타페 Hybrid'에 해당하는 차종을 DB에서 찾을 수 없어 리뷰를 건너뜁니다.
[2025-09-11T07:34:45.719+0000] {subprocess.py:93} INFO - 경고: JSON의 '싼타페 Hybrid'에 해당하는 차종을 DB에서 찾을 수 없어 리뷰를 건너뜁니다.
[2025-09-11T07:34:45.733+0000] {subprocess.py:93} INFO - 경고: JSON의 '싼타페 Hybrid'에 해당하는 차종을 DB에서 찾을 수 없어 리뷰를 건너뜁니다.
[2025-09-11T07:34:45.736+0000] {subprocess.py:93} INFO - 경고: JSON의 '싼타페'에 해당하는 차종을 DB에서 찾을 수 없어 리뷰를 건너뜁니다.
[2025-09-11T07:34:45.757+0000] {subprocess.py:93} INFO - 경고: JSON의 '싼타페 Hybrid'에 해당하는 차종을 DB에서 찾을 수 없어 리뷰를 건너뜁니다.
[2025-09-11T07:34:45.838+0000] {subprocess.py:93} INFO - 경고: JSON의 '싼타페 Hybrid'에 해당하는 차종을 DB에서 찾을 수 없어 리뷰를 건너뜁니다.
[2025-09-11T07:34:45.842+0000] {subprocess.py:93} INFO - 경고: JSON의 '싼타페 Hybrid'에 해당하는 차종을 DB에서 찾을 수 없어 리뷰를 건너뜁니다.
[2025-09-11T07:34:45.917+0000] {subprocess.py:93} INFO - 경고: JSON의 '싼타페'에 해당하는 차종을 DB에서 찾을 수 없어 리뷰를 건너뜁니다.
[2025-09-11T07:34:45.918+0000] {subprocess.py:93} INFO - 경고: JSON의 '싼타페'에 해당하는 차종을 DB에서 찾을 수 없어 리뷰를 건너뜁니다.
[2025-09-11T07:34:45.921+0000] {subprocess.py:93} INFO - 경고: JSON의 '싼타페 Hybrid'에 해당하는 차종을 DB에서 찾을 수 없어 리뷰를 건너뜁니다.
[2025-09-11T07:34:45.942+0000] {subprocess.py:93} INFO - 경고: JSON의 '싼타페 Hybrid'에 해당하는 차종을 DB에서 찾을 수 없어 리뷰를 건너뜁니다.
[2025-09-11T07:34:45.953+0000] {subprocess.py:93} INFO - 경고: JSON의 '싼타페 Hybrid'에 해당하는 차종을 DB에서 찾을 수 없어 리뷰를 건너뜁니다.
[2025-09-11T07:34:45.953+0000] {subprocess.py:93} INFO - 경고: JSON의 '싼타페'에 해당하는 차종을 DB에서 찾을 수 없어 리뷰를 건너뜁니다.
[2025-09-11T07:34:45.957+0000] {subprocess.py:93} INFO - 경고: JSON의 '싼타페 Hybrid'에 해당하는 차종을 DB에서 찾을 수 없어 리뷰를 건너뜁니다.
[2025-09-11T07:34:45.983+0000] {subprocess.py:93} INFO - 경고: JSON의 '싼타페'에 해당하는 차종을 DB에서 찾을 수 없어 리뷰를 건너뜁니다.
[2025-09-11T07:34:46.014+0000] {subprocess.py:93} INFO - 경고: JSON의 '싼타페 Hybrid'에 해당하는 차종을 DB에서 찾을 수 없어 리뷰를 건너뜁니다.
[2025-09-11T07:34:46.050+0000] {subprocess.py:93} INFO - 경고: JSON의 '포터 II'에 해당하는 차종을 DB에서 찾을 수 없어 리뷰를 건너뜁니다.
[2025-09-11T07:34:46.056+0000] {subprocess.py:93} INFO - 경고: JSON의 '싼타페'에 해당하는 차종을 DB에서 찾을 수 없어 리뷰를 건너뜁니다.
[2025-09-11T07:34:46.060+0000] {subprocess.py:93} INFO - 경고: JSON의 '싼타페 Hybrid'에 해당하는 차종을 DB에서 찾을 수 없어 리뷰를 건너뜁니다.
[2025-09-11T07:34:46.065+0000] {subprocess.py:93} INFO - 경고: JSON의 '싼타페'에 해당하는 차종을 DB에서 찾을 수 없어 리뷰를 건너뜁니다.
[2025-09-11T07:34:46.142+0000] {subprocess.py:93} INFO - 경고: JSON의 '싼타페 Hybrid'에 해당하는 차종을 DB에서 찾을 수 없어 리뷰를 건너뜁니다.
[2025-09-11T07:34:46.146+0000] {subprocess.py:93} INFO - 경고: JSON의 '싼타페 Hybrid'에 해당하는 차종을 DB에서 찾을 수 없어 리뷰를 건너뜁니다.
[2025-09-11T07:34:46.176+0000] {subprocess.py:93} INFO - 경고: JSON의 '싼타페'에 해당하는 차종을 DB에서 찾을 수 없어 리뷰를 건너뜁니다.
[2025-09-11T07:34:46.201+0000] {subprocess.py:93} INFO - 경고: JSON의 '싼타페 Hybrid'에 해당하는 차종을 DB에서 찾을 수 없어 리뷰를 건너뜁니다.
[2025-09-11T07:34:46.205+0000] {subprocess.py:93} INFO - 경고: JSON의 '싼타페 Hybrid'에 해당하는 차종을 DB에서 찾을 수 없어 리뷰를 건너뜁니다.
[2025-09-11T07:34:46.237+0000] {subprocess.py:93} INFO - 경고: JSON의 '싼타페'에 해당하는 차종을 DB에서 찾을 수 없어 리뷰를 건너뜁니다.
[2025-09-11T07:34:46.282+0000] {subprocess.py:93} INFO - 경고: JSON의 '싼타페 Hybrid'에 해당하는 차종을 DB에서 찾을 수 없어 리뷰를 건너뜁니다.
[2025-09-11T07:34:46.290+0000] {subprocess.py:93} INFO - 경고: JSON의 '싼타페 Hybrid'에 해당하는 차종을 DB에서 찾을 수 없어 리뷰를 건너뜁니다.
[2025-09-11T07:34:46.297+0000] {subprocess.py:93} INFO - 경고: JSON의 '싼타페'에 해당하는 차종을 DB에서 찾을 수 없어 리뷰를 건너뜁니다.
[2025-09-11T07:34:46.359+0000] {subprocess.py:93} INFO - 경고: JSON의 '싼타페 Hybrid'에 해당하는 차종을 DB에서 찾을 수 없어 리뷰를 건너뜁니다.
[2025-09-11T07:34:46.360+0000] {subprocess.py:93} INFO - 경고: JSON의 '쏘나타 택시'에 해당하는 차종을 DB에서 찾을 수 없어 리뷰를 건너뜁니다.
[2025-09-11T07:34:46.363+0000] {subprocess.py:93} INFO - 경고: JSON의 '쏘나타 택시'에 해당하는 차종을 DB에서 찾을 수 없어 리뷰를 건너뜁니다.
[2025-09-11T07:34:46.373+0000] {subprocess.py:93} INFO - 경고: JSON의 '싼타페'에 해당하는 차종을 DB에서 찾을 수 없어 리뷰를 건너뜁니다.
[2025-09-11T07:34:46.389+0000] {subprocess.py:93} INFO - 경고: JSON의 '싼타페'에 해당하는 차종을 DB에서 찾을 수 없어 리뷰를 건너뜁니다.
[2025-09-11T07:34:46.393+0000] {subprocess.py:93} INFO - 경고: JSON의 '포터 II 특장차'에 해당하는 차종을 DB에서 찾을 수 없어 리뷰를 건너뜁니다.
[2025-09-11T07:34:46.393+0000] {subprocess.py:93} INFO - 경고: JSON의 '싼타페 Hybrid'에 해당하는 차종을 DB에서 찾을 수 없어 리뷰를 건너뜁니다.
[2025-09-11T07:34:46.414+0000] {subprocess.py:93} INFO - 경고: JSON의 '쏘나타 택시'에 해당하는 차종을 DB에서 찾을 수 없어 리뷰를 건너뜁니다.
[2025-09-11T07:34:46.417+0000] {subprocess.py:93} INFO - 경고: JSON의 '싼타페 Hybrid'에 해당하는 차종을 DB에서 찾을 수 없어 리뷰를 건너뜁니다.
[2025-09-11T07:34:46.425+0000] {subprocess.py:93} INFO - 경고: JSON의 '싼타페'에 해당하는 차종을 DB에서 찾을 수 없어 리뷰를 건너뜁니다.
[2025-09-11T07:34:46.459+0000] {subprocess.py:93} INFO - 경고: JSON의 '포터 II'에 해당하는 차종을 DB에서 찾을 수 없어 리뷰를 건너뜁니다.
[2025-09-11T07:34:46.462+0000] {subprocess.py:93} INFO - 경고: JSON의 '쏘나타 택시'에 해당하는 차종을 DB에서 찾을 수 없어 리뷰를 건너뜁니다.
[2025-09-11T07:34:46.514+0000] {subprocess.py:93} INFO - 경고: JSON의 '싼타페'에 해당하는 차종을 DB에서 찾을 수 없어 리뷰를 건너뜁니다.
[2025-09-11T07:34:46.518+0000] {subprocess.py:93} INFO - 경고: JSON의 '싼타페'에 해당하는 차종을 DB에서 찾을 수 없어 리뷰를 건너뜁니다.
[2025-09-11T07:34:46.548+0000] {subprocess.py:93} INFO - 경고: JSON의 '싼타페 Hybrid'에 해당하는 차종을 DB에서 찾을 수 없어 리뷰를 건너뜁니다.
[2025-09-11T07:34:46.568+0000] {subprocess.py:93} INFO - 경고: JSON의 '싼타페'에 해당하는 차종을 DB에서 찾을 수 없어 리뷰를 건너뜁니다.
[2025-09-11T07:34:46.584+0000] {subprocess.py:93} INFO - 경고: JSON의 '싼타페 Hybrid'에 해당하는 차종을 DB에서 찾을 수 없어 리뷰를 건너뜁니다.
[2025-09-11T07:34:46.588+0000] {subprocess.py:93} INFO - 경고: JSON의 '싼타페 Hybrid'에 해당하는 차종을 DB에서 찾을 수 없어 리뷰를 건너뜁니다.
[2025-09-11T07:34:46.605+0000] {subprocess.py:93} INFO - 경고: JSON의 '싼타페 Hybrid'에 해당하는 차종을 DB에서 찾을 수 없어 리뷰를 건너뜁니다.
[2025-09-11T07:34:46.622+0000] {subprocess.py:93} INFO - 경고: JSON의 '싼타페'에 해당하는 차종을 DB에서 찾을 수 없어 리뷰를 건너뜁니다.
[2025-09-11T07:34:46.622+0000] {subprocess.py:93} INFO - 경고: JSON의 '싼타페'에 해당하는 차종을 DB에서 찾을 수 없어 리뷰를 건너뜁니다.
[2025-09-11T07:34:46.633+0000] {subprocess.py:93} INFO - 경고: JSON의 '싼타페 Hybrid'에 해당하는 차종을 DB에서 찾을 수 없어 리뷰를 건너뜁니다.
[2025-09-11T07:34:46.640+0000] {subprocess.py:93} INFO - 경고: JSON의 '싼타페 Hybrid'에 해당하는 차종을 DB에서 찾을 수 없어 리뷰를 건너뜁니다.
[2025-09-11T07:34:46.687+0000] {subprocess.py:93} INFO - 경고: JSON의 '싼타페 Hybrid'에 해당하는 차종을 DB에서 찾을 수 없어 리뷰를 건너뜁니다.
[2025-09-11T07:34:46.691+0000] {subprocess.py:93} INFO - 경고: JSON의 '포터 II Electric'에 해당하는 차종을 DB에서 찾을 수 없어 리뷰를 건너뜁니다.
[2025-09-11T07:34:46.692+0000] {subprocess.py:93} INFO - 경고: JSON의 '싼타페 Hybrid'에 해당하는 차종을 DB에서 찾을 수 없어 리뷰를 건너뜁니다.
[2025-09-11T07:34:46.698+0000] {subprocess.py:93} INFO - 경고: JSON의 '싼타페 Hybrid'에 해당하는 차종을 DB에서 찾을 수 없어 리뷰를 건너뜁니다.
[2025-09-11T07:34:46.732+0000] {subprocess.py:93} INFO - 경고: JSON의 '포터 II'에 해당하는 차종을 DB에서 찾을 수 없어 리뷰를 건너뜁니다.
[2025-09-11T07:34:46.735+0000] {subprocess.py:93} INFO - 경고: JSON의 '싼타페'에 해당하는 차종을 DB에서 찾을 수 없어 리뷰를 건너뜁니다.
[2025-09-11T07:34:46.765+0000] {subprocess.py:93} INFO - 경고: JSON의 '싼타페 Hybrid'에 해당하는 차종을 DB에서 찾을 수 없어 리뷰를 건너뜁니다.
[2025-09-11T07:34:46.811+0000] {subprocess.py:93} INFO - 경고: JSON의 '포터 II 특장차'에 해당하는 차종을 DB에서 찾을 수 없어 리뷰를 건너뜁니다.
[2025-09-11T07:34:46.832+0000] {subprocess.py:93} INFO - 경고: JSON의 '싼타페 Hybrid'에 해당하는 차종을 DB에서 찾을 수 없어 리뷰를 건너뜁니다.
[2025-09-11T07:34:46.839+0000] {subprocess.py:93} INFO - 경고: JSON의 '싼타페 Hybrid'에 해당하는 차종을 DB에서 찾을 수 없어 리뷰를 건너뜁니다.
[2025-09-11T07:34:46.845+0000] {subprocess.py:93} INFO - 경고: JSON의 '포터 II 특장차'에 해당하는 차종을 DB에서 찾을 수 없어 리뷰를 건너뜁니다.
[2025-09-11T07:34:46.852+0000] {subprocess.py:93} INFO - 경고: JSON의 '싼타페 Hybrid'에 해당하는 차종을 DB에서 찾을 수 없어 리뷰를 건너뜁니다.
[2025-09-11T07:34:46.881+0000] {subprocess.py:93} INFO - 경고: JSON의 '싼타페 Hybrid'에 해당하는 차종을 DB에서 찾을 수 없어 리뷰를 건너뜁니다.
[2025-09-11T07:34:46.884+0000] {subprocess.py:93} INFO - 경고: JSON의 '싼타페 Hybrid'에 해당하는 차종을 DB에서 찾을 수 없어 리뷰를 건너뜁니다.
[2025-09-11T07:34:46.894+0000] {subprocess.py:93} INFO - 경고: JSON의 '싼타페 Hybrid'에 해당하는 차종을 DB에서 찾을 수 없어 리뷰를 건너뜁니다.
[2025-09-11T07:34:46.908+0000] {subprocess.py:93} INFO - 경고: JSON의 '싼타페'에 해당하는 차종을 DB에서 찾을 수 없어 리뷰를 건너뜁니다.
[2025-09-11T07:34:46.908+0000] {subprocess.py:93} INFO - 경고: JSON의 '싼타페 Hybrid'에 해당하는 차종을 DB에서 찾을 수 없어 리뷰를 건너뜁니다.
[2025-09-11T07:34:46.918+0000] {subprocess.py:93} INFO - 경고: JSON의 '싼타페 Hybrid'에 해당하는 차종을 DB에서 찾을 수 없어 리뷰를 건너뜁니다.
[2025-09-11T07:34:46.931+0000] {subprocess.py:93} INFO - 경고: JSON의 '포터 II'에 해당하는 차종을 DB에서 찾을 수 없어 리뷰를 건너뜁니다.
[2025-09-11T07:34:46.953+0000] {subprocess.py:93} INFO - 경고: JSON의 '싼타페 Hybrid'에 해당하는 차종을 DB에서 찾을 수 없어 리뷰를 건너뜁니다.
[2025-09-11T07:34:46.968+0000] {subprocess.py:93} INFO - 경고: JSON의 '싼타페 Hybrid'에 해당하는 차종을 DB에서 찾을 수 없어 리뷰를 건너뜁니다.
[2025-09-11T07:34:46.975+0000] {subprocess.py:93} INFO - 경고: JSON의 '싼타페 Hybrid'에 해당하는 차종을 DB에서 찾을 수 없어 리뷰를 건너뜁니다.
[2025-09-11T07:34:46.979+0000] {subprocess.py:93} INFO - 경고: JSON의 '싼타페 Hybrid'에 해당하는 차종을 DB에서 찾을 수 없어 리뷰를 건너뜁니다.
[2025-09-11T07:34:46.979+0000] {subprocess.py:93} INFO - 경고: JSON의 '싼타페 Hybrid'에 해당하는 차종을 DB에서 찾을 수 없어 리뷰를 건너뜁니다.
[2025-09-11T07:34:46.994+0000] {subprocess.py:93} INFO - 경고: JSON의 '싼타페'에 해당하는 차종을 DB에서 찾을 수 없어 리뷰를 건너뜁니다.
[2025-09-11T07:34:46.994+0000] {subprocess.py:93} INFO - 경고: JSON의 '싼타페'에 해당하는 차종을 DB에서 찾을 수 없어 리뷰를 건너뜁니다.
[2025-09-11T07:34:47.000+0000] {subprocess.py:93} INFO - 경고: JSON의 '싼타페 Hybrid'에 해당하는 차종을 DB에서 찾을 수 없어 리뷰를 건너뜁니다.
[2025-09-11T07:34:47.012+0000] {subprocess.py:93} INFO - 경고: JSON의 '싼타페 Hybrid'에 해당하는 차종을 DB에서 찾을 수 없어 리뷰를 건너뜁니다.
[2025-09-11T07:34:47.027+0000] {subprocess.py:93} INFO - 경고: JSON의 '싼타페 Hybrid'에 해당하는 차종을 DB에서 찾을 수 없어 리뷰를 건너뜁니다.
[2025-09-11T07:34:47.097+0000] {subprocess.py:93} INFO - 경고: JSON의 '싼타페'에 해당하는 차종을 DB에서 찾을 수 없어 리뷰를 건너뜁니다.
[2025-09-11T07:34:47.101+0000] {subprocess.py:93} INFO - 경고: JSON의 '포터 II Electric'에 해당하는 차종을 DB에서 찾을 수 없어 리뷰를 건너뜁니다.
[2025-09-11T07:34:47.112+0000] {subprocess.py:93} INFO - 경고: JSON의 '싼타페 Hybrid'에 해당하는 차종을 DB에서 찾을 수 없어 리뷰를 건너뜁니다.
[2025-09-11T07:34:47.113+0000] {subprocess.py:93} INFO - 경고: JSON의 '싼타페 Hybrid'에 해당하는 차종을 DB에서 찾을 수 없어 리뷰를 건너뜁니다.
[2025-09-11T07:34:47.130+0000] {subprocess.py:93} INFO - 경고: JSON의 '싼타페 Hybrid'에 해당하는 차종을 DB에서 찾을 수 없어 리뷰를 건너뜁니다.
[2025-09-11T07:34:47.131+0000] {subprocess.py:93} INFO - 경고: JSON의 '싼타페'에 해당하는 차종을 DB에서 찾을 수 없어 리뷰를 건너뜁니다.
[2025-09-11T07:34:47.159+0000] {subprocess.py:93} INFO - 경고: JSON의 '싼타페'에 해당하는 차종을 DB에서 찾을 수 없어 리뷰를 건너뜁니다.
[2025-09-11T07:34:47.213+0000] {subprocess.py:93} INFO - 경고: JSON의 '싼타페'에 해당하는 차종을 DB에서 찾을 수 없어 리뷰를 건너뜁니다.
[2025-09-11T07:34:47.249+0000] {subprocess.py:93} INFO - 경고: JSON의 '싼타페 Hybrid'에 해당하는 차종을 DB에서 찾을 수 없어 리뷰를 건너뜁니다.
[2025-09-11T07:34:47.294+0000] {subprocess.py:93} INFO - 경고: JSON의 '싼타페 Hybrid'에 해당하는 차종을 DB에서 찾을 수 없어 리뷰를 건너뜁니다.
[2025-09-11T07:34:47.294+0000] {subprocess.py:93} INFO - 경고: JSON의 '포터 II 특장차'에 해당하는 차종을 DB에서 찾을 수 없어 리뷰를 건너뜁니다.
[2025-09-11T07:34:47.304+0000] {subprocess.py:93} INFO - 경고: JSON의 '싼타페 Hybrid'에 해당하는 차종을 DB에서 찾을 수 없어 리뷰를 건너뜁니다.
[2025-09-11T07:34:47.305+0000] {subprocess.py:93} INFO - 경고: JSON의 '싼타페'에 해당하는 차종을 DB에서 찾을 수 없어 리뷰를 건너뜁니다.
[2025-09-11T07:34:47.305+0000] {subprocess.py:93} INFO - 경고: JSON의 '포터 II'에 해당하는 차종을 DB에서 찾을 수 없어 리뷰를 건너뜁니다.
[2025-09-11T07:34:47.308+0000] {subprocess.py:93} INFO - 경고: JSON의 '싼타페'에 해당하는 차종을 DB에서 찾을 수 없어 리뷰를 건너뜁니다.
[2025-09-11T07:34:47.316+0000] {subprocess.py:93} INFO - 경고: JSON의 '싼타페 Hybrid'에 해당하는 차종을 DB에서 찾을 수 없어 리뷰를 건너뜁니다.
[2025-09-11T07:34:47.317+0000] {subprocess.py:93} INFO - 경고: JSON의 '싼타페 Hybrid'에 해당하는 차종을 DB에서 찾을 수 없어 리뷰를 건너뜁니다.
[2025-09-11T07:34:47.317+0000] {subprocess.py:93} INFO - 경고: JSON의 '싼타페 Hybrid'에 해당하는 차종을 DB에서 찾을 수 없어 리뷰를 건너뜁니다.
[2025-09-11T07:34:47.317+0000] {subprocess.py:93} INFO - 경고: JSON의 '쏘나타 택시'에 해당하는 차종을 DB에서 찾을 수 없어 리뷰를 건너뜁니다.
[2025-09-11T07:34:47.320+0000] {subprocess.py:93} INFO - 경고: JSON의 '싼타페'에 해당하는 차종을 DB에서 찾을 수 없어 리뷰를 건너뜁니다.
[2025-09-11T07:34:47.336+0000] {subprocess.py:93} INFO - 경고: JSON의 '싼타페 Hybrid'에 해당하는 차종을 DB에서 찾을 수 없어 리뷰를 건너뜁니다.
[2025-09-11T07:34:47.340+0000] {subprocess.py:93} INFO - 경고: JSON의 '싼타페'에 해당하는 차종을 DB에서 찾을 수 없어 리뷰를 건너뜁니다.
[2025-09-11T07:34:47.355+0000] {subprocess.py:93} INFO - 경고: JSON의 '포터 II Electric'에 해당하는 차종을 DB에서 찾을 수 없어 리뷰를 건너뜁니다.
[2025-09-11T07:34:47.362+0000] {subprocess.py:93} INFO - 경고: JSON의 '싼타페 Hybrid'에 해당하는 차종을 DB에서 찾을 수 없어 리뷰를 건너뜁니다.
[2025-09-11T07:34:47.419+0000] {subprocess.py:93} INFO - 경고: JSON의 '싼타페'에 해당하는 차종을 DB에서 찾을 수 없어 리뷰를 건너뜁니다.
[2025-09-11T07:34:47.423+0000] {subprocess.py:93} INFO - 경고: JSON의 '포터 II'에 해당하는 차종을 DB에서 찾을 수 없어 리뷰를 건너뜁니다.
[2025-09-11T07:34:47.430+0000] {subprocess.py:93} INFO - 경고: JSON의 '포터 II 특장차'에 해당하는 차종을 DB에서 찾을 수 없어 리뷰를 건너뜁니다.
[2025-09-11T07:34:47.431+0000] {subprocess.py:93} INFO - 경고: JSON의 '싼타페 Hybrid'에 해당하는 차종을 DB에서 찾을 수 없어 리뷰를 건너뜁니다.
[2025-09-11T07:34:47.431+0000] {subprocess.py:93} INFO - 경고: JSON의 '포터 II Electric'에 해당하는 차종을 DB에서 찾을 수 없어 리뷰를 건너뜁니다.
[2025-09-11T07:34:47.435+0000] {subprocess.py:93} INFO - 경고: JSON의 '싼타페'에 해당하는 차종을 DB에서 찾을 수 없어 리뷰를 건너뜁니다.
[2025-09-11T07:34:47.435+0000] {subprocess.py:93} INFO - 경고: JSON의 '싼타페 Hybrid'에 해당하는 차종을 DB에서 찾을 수 없어 리뷰를 건너뜁니다.
[2025-09-11T07:34:47.452+0000] {subprocess.py:93} INFO - 경고: JSON의 '싼타페'에 해당하는 차종을 DB에서 찾을 수 없어 리뷰를 건너뜁니다.
[2025-09-11T07:34:47.464+0000] {subprocess.py:93} INFO - 경고: JSON의 '싼타페'에 해당하는 차종을 DB에서 찾을 수 없어 리뷰를 건너뜁니다.
[2025-09-11T07:34:47.534+0000] {subprocess.py:93} INFO - 경고: JSON의 '싼타페'에 해당하는 차종을 DB에서 찾을 수 없어 리뷰를 건너뜁니다.
[2025-09-11T07:34:47.544+0000] {subprocess.py:93} INFO - 경고: JSON의 '싼타페 Hybrid'에 해당하는 차종을 DB에서 찾을 수 없어 리뷰를 건너뜁니다.
[2025-09-11T07:34:47.567+0000] {subprocess.py:93} INFO - 경고: JSON의 '싼타페 Hybrid'에 해당하는 차종을 DB에서 찾을 수 없어 리뷰를 건너뜁니다.
[2025-09-11T07:34:47.605+0000] {subprocess.py:93} INFO - 경고: JSON의 '싼타페 Hybrid'에 해당하는 차종을 DB에서 찾을 수 없어 리뷰를 건너뜁니다.
[2025-09-11T07:34:47.615+0000] {subprocess.py:93} INFO - 경고: JSON의 '싼타페 Hybrid'에 해당하는 차종을 DB에서 찾을 수 없어 리뷰를 건너뜁니다.
[2025-09-11T07:34:47.622+0000] {subprocess.py:93} INFO - 경고: JSON의 '싼타페 Hybrid'에 해당하는 차종을 DB에서 찾을 수 없어 리뷰를 건너뜁니다.
[2025-09-11T07:34:47.622+0000] {subprocess.py:93} INFO - 경고: JSON의 '쏘나타 택시'에 해당하는 차종을 DB에서 찾을 수 없어 리뷰를 건너뜁니다.
[2025-09-11T07:34:47.635+0000] {subprocess.py:93} INFO - 경고: JSON의 '포터 II'에 해당하는 차종을 DB에서 찾을 수 없어 리뷰를 건너뜁니다.
[2025-09-11T07:34:47.666+0000] {subprocess.py:93} INFO - 경고: JSON의 '싼타페 Hybrid'에 해당하는 차종을 DB에서 찾을 수 없어 리뷰를 건너뜁니다.
[2025-09-11T07:34:47.702+0000] {subprocess.py:93} INFO - 경고: JSON의 '싼타페 Hybrid'에 해당하는 차종을 DB에서 찾을 수 없어 리뷰를 건너뜁니다.
[2025-09-11T07:34:47.716+0000] {subprocess.py:93} INFO - 경고: JSON의 '싼타페'에 해당하는 차종을 DB에서 찾을 수 없어 리뷰를 건너뜁니다.
[2025-09-11T07:34:47.716+0000] {subprocess.py:93} INFO - 경고: JSON의 '포터 II'에 해당하는 차종을 DB에서 찾을 수 없어 리뷰를 건너뜁니다.
[2025-09-11T07:34:47.719+0000] {subprocess.py:93} INFO - 경고: JSON의 '포터 II Electric'에 해당하는 차종을 DB에서 찾을 수 없어 리뷰를 건너뜁니다.
[2025-09-11T07:34:47.733+0000] {subprocess.py:93} INFO - 경고: JSON의 '싼타페 Hybrid'에 해당하는 차종을 DB에서 찾을 수 없어 리뷰를 건너뜁니다.
[2025-09-11T07:34:47.743+0000] {subprocess.py:93} INFO - 경고: JSON의 '싼타페 Hybrid'에 해당하는 차종을 DB에서 찾을 수 없어 리뷰를 건너뜁니다.
[2025-09-11T07:34:47.766+0000] {subprocess.py:93} INFO - 경고: JSON의 '포터 II Electric 특장차'에 해당하는 차종을 DB에서 찾을 수 없어 리뷰를 건너뜁니다.
[2025-09-11T07:34:47.787+0000] {subprocess.py:93} INFO - 경고: JSON의 '싼타페 Hybrid'에 해당하는 차종을 DB에서 찾을 수 없어 리뷰를 건너뜁니다.
[2025-09-11T07:34:47.790+0000] {subprocess.py:93} INFO - 경고: JSON의 '싼타페 Hybrid'에 해당하는 차종을 DB에서 찾을 수 없어 리뷰를 건너뜁니다.
[2025-09-11T07:34:47.808+0000] {subprocess.py:93} INFO - 경고: JSON의 '싼타페'에 해당하는 차종을 DB에서 찾을 수 없어 리뷰를 건너뜁니다.
[2025-09-11T07:34:47.827+0000] {subprocess.py:93} INFO - 경고: JSON의 '싼타페'에 해당하는 차종을 DB에서 찾을 수 없어 리뷰를 건너뜁니다.
[2025-09-11T07:34:47.827+0000] {subprocess.py:93} INFO - 경고: JSON의 '포터 II Electric'에 해당하는 차종을 DB에서 찾을 수 없어 리뷰를 건너뜁니다.
[2025-09-11T07:34:47.940+0000] {subprocess.py:93} INFO - 경고: JSON의 '싼타페 Hybrid'에 해당하는 차종을 DB에서 찾을 수 없어 리뷰를 건너뜁니다.
[2025-09-11T07:34:47.961+0000] {subprocess.py:93} INFO - 경고: JSON의 '싼타페'에 해당하는 차종을 DB에서 찾을 수 없어 리뷰를 건너뜁니다.
[2025-09-11T07:34:47.973+0000] {subprocess.py:93} INFO - 경고: JSON의 '싼타페 Hybrid'에 해당하는 차종을 DB에서 찾을 수 없어 리뷰를 건너뜁니다.
[2025-09-11T07:34:48.000+0000] {subprocess.py:93} INFO - 경고: JSON의 '포터 II'에 해당하는 차종을 DB에서 찾을 수 없어 리뷰를 건너뜁니다.
[2025-09-11T07:34:48.087+0000] {subprocess.py:93} INFO - 경고: JSON의 '싼타페 Hybrid'에 해당하는 차종을 DB에서 찾을 수 없어 리뷰를 건너뜁니다.
[2025-09-11T07:34:48.115+0000] {subprocess.py:93} INFO - 경고: JSON의 '싼타페'에 해당하는 차종을 DB에서 찾을 수 없어 리뷰를 건너뜁니다.
[2025-09-11T07:34:48.123+0000] {subprocess.py:93} INFO - 경고: JSON의 '싼타페 Hybrid'에 해당하는 차종을 DB에서 찾을 수 없어 리뷰를 건너뜁니다.
[2025-09-11T07:34:48.152+0000] {subprocess.py:93} INFO - 경고: JSON의 '포터 II Electric'에 해당하는 차종을 DB에서 찾을 수 없어 리뷰를 건너뜁니다.
[2025-09-11T07:34:48.181+0000] {subprocess.py:93} INFO - 경고: JSON의 '싼타페'에 해당하는 차종을 DB에서 찾을 수 없어 리뷰를 건너뜁니다.
[2025-09-11T07:34:48.182+0000] {subprocess.py:93} INFO - 경고: JSON의 '싼타페 Hybrid'에 해당하는 차종을 DB에서 찾을 수 없어 리뷰를 건너뜁니다.
[2025-09-11T07:34:48.212+0000] {subprocess.py:93} INFO - 경고: JSON의 '싼타페 Hybrid'에 해당하는 차종을 DB에서 찾을 수 없어 리뷰를 건너뜁니다.
[2025-09-11T07:34:48.219+0000] {subprocess.py:93} INFO - 경고: JSON의 '싼타페 Hybrid'에 해당하는 차종을 DB에서 찾을 수 없어 리뷰를 건너뜁니다.
[2025-09-11T07:34:48.249+0000] {subprocess.py:93} INFO - 경고: JSON의 '싼타페 Hybrid'에 해당하는 차종을 DB에서 찾을 수 없어 리뷰를 건너뜁니다.
[2025-09-11T07:34:48.253+0000] {subprocess.py:93} INFO - 경고: JSON의 '싼타페 Hybrid'에 해당하는 차종을 DB에서 찾을 수 없어 리뷰를 건너뜁니다.
[2025-09-11T07:34:48.256+0000] {subprocess.py:93} INFO - 경고: JSON의 '싼타페 Hybrid'에 해당하는 차종을 DB에서 찾을 수 없어 리뷰를 건너뜁니다.
[2025-09-11T07:34:48.257+0000] {subprocess.py:93} INFO - 경고: JSON의 '싼타페'에 해당하는 차종을 DB에서 찾을 수 없어 리뷰를 건너뜁니다.
[2025-09-11T07:34:48.284+0000] {subprocess.py:93} INFO - 경고: JSON의 '싼타페 Hybrid'에 해당하는 차종을 DB에서 찾을 수 없어 리뷰를 건너뜁니다.
[2025-09-11T07:34:48.285+0000] {subprocess.py:93} INFO - 경고: JSON의 '싼타페 Hybrid'에 해당하는 차종을 DB에서 찾을 수 없어 리뷰를 건너뜁니다.
[2025-09-11T07:34:48.321+0000] {subprocess.py:93} INFO - 경고: JSON의 '포터 II'에 해당하는 차종을 DB에서 찾을 수 없어 리뷰를 건너뜁니다.
[2025-09-11T07:34:48.322+0000] {subprocess.py:93} INFO - 경고: JSON의 '싼타페 Hybrid'에 해당하는 차종을 DB에서 찾을 수 없어 리뷰를 건너뜁니다.
[2025-09-11T07:34:48.322+0000] {subprocess.py:93} INFO - 경고: JSON의 '쏘나타 택시'에 해당하는 차종을 DB에서 찾을 수 없어 리뷰를 건너뜁니다.
[2025-09-11T07:34:48.322+0000] {subprocess.py:93} INFO - 경고: JSON의 '싼타페 Hybrid'에 해당하는 차종을 DB에서 찾을 수 없어 리뷰를 건너뜁니다.
[2025-09-11T07:34:48.322+0000] {subprocess.py:93} INFO - 경고: JSON의 '쏘나타 택시'에 해당하는 차종을 DB에서 찾을 수 없어 리뷰를 건너뜁니다.
[2025-09-11T07:34:48.322+0000] {subprocess.py:93} INFO - 경고: JSON의 '쏘나타 택시'에 해당하는 차종을 DB에서 찾을 수 없어 리뷰를 건너뜁니다.
[2025-09-11T07:34:48.371+0000] {subprocess.py:93} INFO - 경고: JSON의 '포터 II Electric'에 해당하는 차종을 DB에서 찾을 수 없어 리뷰를 건너뜁니다.
[2025-09-11T07:34:48.384+0000] {subprocess.py:93} INFO - 경고: JSON의 '싼타페'에 해당하는 차종을 DB에서 찾을 수 없어 리뷰를 건너뜁니다.
[2025-09-11T07:34:48.390+0000] {subprocess.py:93} INFO - 경고: JSON의 '싼타페 Hybrid'에 해당하는 차종을 DB에서 찾을 수 없어 리뷰를 건너뜁니다.
[2025-09-11T07:34:48.400+0000] {subprocess.py:93} INFO - 경고: JSON의 '싼타페 Hybrid'에 해당하는 차종을 DB에서 찾을 수 없어 리뷰를 건너뜁니다.
[2025-09-11T07:34:48.406+0000] {subprocess.py:93} INFO - 경고: JSON의 '싼타페 Hybrid'에 해당하는 차종을 DB에서 찾을 수 없어 리뷰를 건너뜁니다.
[2025-09-11T07:34:48.417+0000] {subprocess.py:93} INFO - 경고: JSON의 '포터 II'에 해당하는 차종을 DB에서 찾을 수 없어 리뷰를 건너뜁니다.
[2025-09-11T07:34:48.443+0000] {subprocess.py:93} INFO - 경고: JSON의 '싼타페 Hybrid'에 해당하는 차종을 DB에서 찾을 수 없어 리뷰를 건너뜁니다.
[2025-09-11T07:34:48.443+0000] {subprocess.py:93} INFO - 경고: JSON의 '싼타페 Hybrid'에 해당하는 차종을 DB에서 찾을 수 없어 리뷰를 건너뜁니다.
[2025-09-11T07:34:48.502+0000] {subprocess.py:93} INFO - 경고: JSON의 '싼타페'에 해당하는 차종을 DB에서 찾을 수 없어 리뷰를 건너뜁니다.
[2025-09-11T07:34:48.520+0000] {subprocess.py:93} INFO - 경고: JSON의 '싼타페 Hybrid'에 해당하는 차종을 DB에서 찾을 수 없어 리뷰를 건너뜁니다.
[2025-09-11T07:34:48.520+0000] {subprocess.py:93} INFO - 경고: JSON의 '포터 II'에 해당하는 차종을 DB에서 찾을 수 없어 리뷰를 건너뜁니다.
[2025-09-11T07:34:48.523+0000] {subprocess.py:93} INFO - 경고: JSON의 '싼타페 Hybrid'에 해당하는 차종을 DB에서 찾을 수 없어 리뷰를 건너뜁니다.
[2025-09-11T07:34:48.527+0000] {subprocess.py:93} INFO - 경고: JSON의 '포터 II Electric 특장차'에 해당하는 차종을 DB에서 찾을 수 없어 리뷰를 건너뜁니다.
[2025-09-11T07:34:48.537+0000] {subprocess.py:93} INFO - 경고: JSON의 '포터 II'에 해당하는 차종을 DB에서 찾을 수 없어 리뷰를 건너뜁니다.
[2025-09-11T07:34:48.544+0000] {subprocess.py:93} INFO - 경고: JSON의 '싼타페 Hybrid'에 해당하는 차종을 DB에서 찾을 수 없어 리뷰를 건너뜁니다.
[2025-09-11T07:34:48.565+0000] {subprocess.py:93} INFO - 경고: JSON의 '싼타페 Hybrid'에 해당하는 차종을 DB에서 찾을 수 없어 리뷰를 건너뜁니다.
[2025-09-11T07:34:48.592+0000] {subprocess.py:93} INFO - 경고: JSON의 '싼타페 Hybrid'에 해당하는 차종을 DB에서 찾을 수 없어 리뷰를 건너뜁니다.
[2025-09-11T07:34:48.606+0000] {subprocess.py:93} INFO - 경고: JSON의 '싼타페 Hybrid'에 해당하는 차종을 DB에서 찾을 수 없어 리뷰를 건너뜁니다.
[2025-09-11T07:34:48.606+0000] {subprocess.py:93} INFO - 경고: JSON의 '싼타페 Hybrid'에 해당하는 차종을 DB에서 찾을 수 없어 리뷰를 건너뜁니다.
[2025-09-11T07:34:48.618+0000] {subprocess.py:93} INFO - 경고: JSON의 '포터 II Electric 특장차'에 해당하는 차종을 DB에서 찾을 수 없어 리뷰를 건너뜁니다.
[2025-09-11T07:34:48.621+0000] {subprocess.py:93} INFO - 경고: JSON의 '싼타페 Hybrid'에 해당하는 차종을 DB에서 찾을 수 없어 리뷰를 건너뜁니다.
[2025-09-11T07:34:48.631+0000] {subprocess.py:93} INFO - 경고: JSON의 '포터 II Electric'에 해당하는 차종을 DB에서 찾을 수 없어 리뷰를 건너뜁니다.
[2025-09-11T07:34:48.667+0000] {subprocess.py:93} INFO - 경고: JSON의 '싼타페 Hybrid'에 해당하는 차종을 DB에서 찾을 수 없어 리뷰를 건너뜁니다.
[2025-09-11T07:34:48.670+0000] {subprocess.py:93} INFO - 경고: JSON의 '싼타페 Hybrid'에 해당하는 차종을 DB에서 찾을 수 없어 리뷰를 건너뜁니다.
[2025-09-11T07:34:48.700+0000] {subprocess.py:93} INFO - 경고: JSON의 '싼타페 Hybrid'에 해당하는 차종을 DB에서 찾을 수 없어 리뷰를 건너뜁니다.
[2025-09-11T07:34:48.728+0000] {subprocess.py:93} INFO - 경고: JSON의 '싼타페'에 해당하는 차종을 DB에서 찾을 수 없어 리뷰를 건너뜁니다.
[2025-09-11T07:34:48.766+0000] {subprocess.py:93} INFO - 경고: JSON의 '싼타페 Hybrid'에 해당하는 차종을 DB에서 찾을 수 없어 리뷰를 건너뜁니다.
[2025-09-11T07:34:48.766+0000] {subprocess.py:93} INFO - 경고: JSON의 '싼타페 Hybrid'에 해당하는 차종을 DB에서 찾을 수 없어 리뷰를 건너뜁니다.
[2025-09-11T07:34:48.814+0000] {subprocess.py:93} INFO - 경고: JSON의 '싼타페 Hybrid'에 해당하는 차종을 DB에서 찾을 수 없어 리뷰를 건너뜁니다.
[2025-09-11T07:34:48.832+0000] {subprocess.py:93} INFO - 경고: JSON의 '포터 II Electric'에 해당하는 차종을 DB에서 찾을 수 없어 리뷰를 건너뜁니다.
[2025-09-11T07:34:48.856+0000] {subprocess.py:93} INFO - 경고: JSON의 '포터 II'에 해당하는 차종을 DB에서 찾을 수 없어 리뷰를 건너뜁니다.
[2025-09-11T07:34:48.856+0000] {subprocess.py:93} INFO - 경고: JSON의 '싼타페'에 해당하는 차종을 DB에서 찾을 수 없어 리뷰를 건너뜁니다.
[2025-09-11T07:34:48.859+0000] {subprocess.py:93} INFO - 경고: JSON의 '포터 II'에 해당하는 차종을 DB에서 찾을 수 없어 리뷰를 건너뜁니다.
[2025-09-11T07:34:48.876+0000] {subprocess.py:93} INFO - 경고: JSON의 '포터 II'에 해당하는 차종을 DB에서 찾을 수 없어 리뷰를 건너뜁니다.
[2025-09-11T07:34:48.883+0000] {subprocess.py:93} INFO - 경고: JSON의 '싼타페 Hybrid'에 해당하는 차종을 DB에서 찾을 수 없어 리뷰를 건너뜁니다.
[2025-09-11T07:34:48.890+0000] {subprocess.py:93} INFO - 경고: JSON의 '싼타페'에 해당하는 차종을 DB에서 찾을 수 없어 리뷰를 건너뜁니다.
[2025-09-11T07:34:48.920+0000] {subprocess.py:93} INFO - 경고: JSON의 '싼타페 Hybrid'에 해당하는 차종을 DB에서 찾을 수 없어 리뷰를 건너뜁니다.
[2025-09-11T07:34:48.924+0000] {subprocess.py:93} INFO - 경고: JSON의 '싼타페 Hybrid'에 해당하는 차종을 DB에서 찾을 수 없어 리뷰를 건너뜁니다.
[2025-09-11T07:34:48.924+0000] {subprocess.py:93} INFO - 경고: JSON의 '쏘나타 택시'에 해당하는 차종을 DB에서 찾을 수 없어 리뷰를 건너뜁니다.
[2025-09-11T07:34:48.927+0000] {subprocess.py:93} INFO - 경고: JSON의 '싼타페 Hybrid'에 해당하는 차종을 DB에서 찾을 수 없어 리뷰를 건너뜁니다.
[2025-09-11T07:34:48.951+0000] {subprocess.py:93} INFO - 경고: JSON의 '싼타페 Hybrid'에 해당하는 차종을 DB에서 찾을 수 없어 리뷰를 건너뜁니다.
[2025-09-11T07:34:48.955+0000] {subprocess.py:93} INFO - 경고: JSON의 '싼타페'에 해당하는 차종을 DB에서 찾을 수 없어 리뷰를 건너뜁니다.
[2025-09-11T07:34:48.972+0000] {subprocess.py:93} INFO - 경고: JSON의 '포터 II 특장차'에 해당하는 차종을 DB에서 찾을 수 없어 리뷰를 건너뜁니다.
[2025-09-11T07:34:48.982+0000] {subprocess.py:93} INFO - 경고: JSON의 '싼타페 Hybrid'에 해당하는 차종을 DB에서 찾을 수 없어 리뷰를 건너뜁니다.
[2025-09-11T07:34:48.982+0000] {subprocess.py:93} INFO - 경고: JSON의 '포터 II'에 해당하는 차종을 DB에서 찾을 수 없어 리뷰를 건너뜁니다.
[2025-09-11T07:34:48.986+0000] {subprocess.py:93} INFO - 경고: JSON의 '싼타페'에 해당하는 차종을 DB에서 찾을 수 없어 리뷰를 건너뜁니다.
[2025-09-11T07:34:48.986+0000] {subprocess.py:93} INFO - 경고: JSON의 '싼타페 Hybrid'에 해당하는 차종을 DB에서 찾을 수 없어 리뷰를 건너뜁니다.
[2025-09-11T07:34:48.992+0000] {subprocess.py:93} INFO - 경고: JSON의 '포터 II 특장차'에 해당하는 차종을 DB에서 찾을 수 없어 리뷰를 건너뜁니다.
[2025-09-11T07:34:48.993+0000] {subprocess.py:93} INFO - 경고: JSON의 '싼타페'에 해당하는 차종을 DB에서 찾을 수 없어 리뷰를 건너뜁니다.
[2025-09-11T07:34:49.002+0000] {subprocess.py:93} INFO - 경고: JSON의 '싼타페 Hybrid'에 해당하는 차종을 DB에서 찾을 수 없어 리뷰를 건너뜁니다.
[2025-09-11T07:34:49.012+0000] {subprocess.py:93} INFO - 경고: JSON의 '싼타페 Hybrid'에 해당하는 차종을 DB에서 찾을 수 없어 리뷰를 건너뜁니다.
[2025-09-11T07:34:49.013+0000] {subprocess.py:93} INFO - 경고: JSON의 '싼타페 Hybrid'에 해당하는 차종을 DB에서 찾을 수 없어 리뷰를 건너뜁니다.
[2025-09-11T07:34:49.013+0000] {subprocess.py:93} INFO - 경고: JSON의 '포터 II 특장차'에 해당하는 차종을 DB에서 찾을 수 없어 리뷰를 건너뜁니다.
[2025-09-11T07:34:49.026+0000] {subprocess.py:93} INFO - 경고: JSON의 '싼타페'에 해당하는 차종을 DB에서 찾을 수 없어 리뷰를 건너뜁니다.
[2025-09-11T07:34:49.026+0000] {subprocess.py:93} INFO - 경고: JSON의 '싼타페'에 해당하는 차종을 DB에서 찾을 수 없어 리뷰를 건너뜁니다.
[2025-09-11T07:34:49.048+0000] {subprocess.py:93} INFO - 경고: JSON의 '싼타페'에 해당하는 차종을 DB에서 찾을 수 없어 리뷰를 건너뜁니다.
[2025-09-11T07:34:49.049+0000] {subprocess.py:93} INFO - 경고: JSON의 '포터 II'에 해당하는 차종을 DB에서 찾을 수 없어 리뷰를 건너뜁니다.
[2025-09-11T07:34:49.058+0000] {subprocess.py:93} INFO - 경고: JSON의 '포터 II'에 해당하는 차종을 DB에서 찾을 수 없어 리뷰를 건너뜁니다.
[2025-09-11T07:34:49.062+0000] {subprocess.py:93} INFO - 경고: JSON의 '싼타페 Hybrid'에 해당하는 차종을 DB에서 찾을 수 없어 리뷰를 건너뜁니다.
[2025-09-11T07:34:49.072+0000] {subprocess.py:93} INFO - 경고: JSON의 '싼타페 Hybrid'에 해당하는 차종을 DB에서 찾을 수 없어 리뷰를 건너뜁니다.
[2025-09-11T07:34:49.072+0000] {subprocess.py:93} INFO - 경고: JSON의 '싼타페 Hybrid'에 해당하는 차종을 DB에서 찾을 수 없어 리뷰를 건너뜁니다.
[2025-09-11T07:34:49.088+0000] {subprocess.py:93} INFO - 경고: JSON의 '싼타페 Hybrid'에 해당하는 차종을 DB에서 찾을 수 없어 리뷰를 건너뜁니다.
[2025-09-11T07:34:49.091+0000] {subprocess.py:93} INFO - 경고: JSON의 '싼타페'에 해당하는 차종을 DB에서 찾을 수 없어 리뷰를 건너뜁니다.
[2025-09-11T07:34:49.102+0000] {subprocess.py:93} INFO - 경고: JSON의 '싼타페'에 해당하는 차종을 DB에서 찾을 수 없어 리뷰를 건너뜁니다.
[2025-09-11T07:34:49.111+0000] {subprocess.py:93} INFO - 경고: JSON의 '포터 II Electric'에 해당하는 차종을 DB에서 찾을 수 없어 리뷰를 건너뜁니다.
[2025-09-11T07:34:49.112+0000] {subprocess.py:93} INFO - 경고: JSON의 '싼타페 Hybrid'에 해당하는 차종을 DB에서 찾을 수 없어 리뷰를 건너뜁니다.
[2025-09-11T07:34:49.112+0000] {subprocess.py:93} INFO - 경고: JSON의 '싼타페 Hybrid'에 해당하는 차종을 DB에서 찾을 수 없어 리뷰를 건너뜁니다.
[2025-09-11T07:34:49.122+0000] {subprocess.py:93} INFO - 경고: JSON의 '싼타페'에 해당하는 차종을 DB에서 찾을 수 없어 리뷰를 건너뜁니다.
[2025-09-11T07:34:49.125+0000] {subprocess.py:93} INFO - 경고: JSON의 '싼타페 Hybrid'에 해당하는 차종을 DB에서 찾을 수 없어 리뷰를 건너뜁니다.
[2025-09-11T07:34:49.126+0000] {subprocess.py:93} INFO - 경고: JSON의 '싼타페'에 해당하는 차종을 DB에서 찾을 수 없어 리뷰를 건너뜁니다.
[2025-09-11T07:34:49.129+0000] {subprocess.py:93} INFO - 경고: JSON의 '싼타페 Hybrid'에 해당하는 차종을 DB에서 찾을 수 없어 리뷰를 건너뜁니다.
[2025-09-11T07:34:49.146+0000] {subprocess.py:93} INFO - 경고: JSON의 '싼타페 Hybrid'에 해당하는 차종을 DB에서 찾을 수 없어 리뷰를 건너뜁니다.
[2025-09-11T07:34:49.147+0000] {subprocess.py:93} INFO - 경고: JSON의 '싼타페 Hybrid'에 해당하는 차종을 DB에서 찾을 수 없어 리뷰를 건너뜁니다.
[2025-09-11T07:34:49.150+0000] {subprocess.py:93} INFO - 경고: JSON의 '싼타페 Hybrid'에 해당하는 차종을 DB에서 찾을 수 없어 리뷰를 건너뜁니다.
[2025-09-11T07:34:49.150+0000] {subprocess.py:93} INFO - 경고: JSON의 '싼타페 Hybrid'에 해당하는 차종을 DB에서 찾을 수 없어 리뷰를 건너뜁니다.
[2025-09-11T07:34:49.150+0000] {subprocess.py:93} INFO - 경고: JSON의 '싼타페 Hybrid'에 해당하는 차종을 DB에서 찾을 수 없어 리뷰를 건너뜁니다.
[2025-09-11T07:34:49.161+0000] {subprocess.py:93} INFO - 경고: JSON의 '포터 II'에 해당하는 차종을 DB에서 찾을 수 없어 리뷰를 건너뜁니다.
[2025-09-11T07:34:49.167+0000] {subprocess.py:93} INFO - 경고: JSON의 '포터 II 특장차'에 해당하는 차종을 DB에서 찾을 수 없어 리뷰를 건너뜁니다.
[2025-09-11T07:34:49.171+0000] {subprocess.py:93} INFO - 경고: JSON의 '싼타페 Hybrid'에 해당하는 차종을 DB에서 찾을 수 없어 리뷰를 건너뜁니다.
[2025-09-11T07:34:49.174+0000] {subprocess.py:93} INFO - 경고: JSON의 '싼타페'에 해당하는 차종을 DB에서 찾을 수 없어 리뷰를 건너뜁니다.
[2025-09-11T07:34:49.175+0000] {subprocess.py:93} INFO - 경고: JSON의 '싼타페 Hybrid'에 해당하는 차종을 DB에서 찾을 수 없어 리뷰를 건너뜁니다.
[2025-09-11T07:34:49.178+0000] {subprocess.py:93} INFO - 경고: JSON의 '싼타페 Hybrid'에 해당하는 차종을 DB에서 찾을 수 없어 리뷰를 건너뜁니다.
[2025-09-11T07:34:49.228+0000] {subprocess.py:93} INFO - 경고: JSON의 '싼타페 Hybrid'에 해당하는 차종을 DB에서 찾을 수 없어 리뷰를 건너뜁니다.
[2025-09-11T07:34:49.228+0000] {subprocess.py:93} INFO - 경고: JSON의 '싼타페'에 해당하는 차종을 DB에서 찾을 수 없어 리뷰를 건너뜁니다.
[2025-09-11T07:34:49.228+0000] {subprocess.py:93} INFO - 경고: JSON의 '싼타페 Hybrid'에 해당하는 차종을 DB에서 찾을 수 없어 리뷰를 건너뜁니다.
[2025-09-11T07:34:49.238+0000] {subprocess.py:93} INFO - 경고: JSON의 '포터 II Electric'에 해당하는 차종을 DB에서 찾을 수 없어 리뷰를 건너뜁니다.
[2025-09-11T07:34:49.252+0000] {subprocess.py:93} INFO - 경고: JSON의 '싼타페'에 해당하는 차종을 DB에서 찾을 수 없어 리뷰를 건너뜁니다.
[2025-09-11T07:34:49.273+0000] {subprocess.py:93} INFO - 경고: JSON의 '싼타페 Hybrid'에 해당하는 차종을 DB에서 찾을 수 없어 리뷰를 건너뜁니다.
[2025-09-11T07:34:49.274+0000] {subprocess.py:93} INFO - 경고: JSON의 '싼타페 Hybrid'에 해당하는 차종을 DB에서 찾을 수 없어 리뷰를 건너뜁니다.
[2025-09-11T07:34:49.291+0000] {subprocess.py:93} INFO - 경고: JSON의 '싼타페 Hybrid'에 해당하는 차종을 DB에서 찾을 수 없어 리뷰를 건너뜁니다.
[2025-09-11T07:34:49.292+0000] {subprocess.py:93} INFO - 경고: JSON의 '싼타페 Hybrid'에 해당하는 차종을 DB에서 찾을 수 없어 리뷰를 건너뜁니다.
[2025-09-11T07:34:49.322+0000] {subprocess.py:93} INFO - 경고: JSON의 '싼타페 Hybrid'에 해당하는 차종을 DB에서 찾을 수 없어 리뷰를 건너뜁니다.
[2025-09-11T07:34:49.345+0000] {subprocess.py:93} INFO - 경고: JSON의 '싼타페 Hybrid'에 해당하는 차종을 DB에서 찾을 수 없어 리뷰를 건너뜁니다.
[2025-09-11T07:34:49.366+0000] {subprocess.py:93} INFO - 경고: JSON의 '싼타페 Hybrid'에 해당하는 차종을 DB에서 찾을 수 없어 리뷰를 건너뜁니다.
[2025-09-11T07:34:49.384+0000] {subprocess.py:93} INFO - 경고: JSON의 '싼타페'에 해당하는 차종을 DB에서 찾을 수 없어 리뷰를 건너뜁니다.
[2025-09-11T07:34:49.391+0000] {subprocess.py:93} INFO - 경고: JSON의 '싼타페'에 해당하는 차종을 DB에서 찾을 수 없어 리뷰를 건너뜁니다.
[2025-09-11T07:34:49.406+0000] {subprocess.py:93} INFO - 경고: JSON의 '싼타페'에 해당하는 차종을 DB에서 찾을 수 없어 리뷰를 건너뜁니다.
[2025-09-11T07:34:49.455+0000] {subprocess.py:93} INFO - 경고: JSON의 '포터 II'에 해당하는 차종을 DB에서 찾을 수 없어 리뷰를 건너뜁니다.
[2025-09-11T07:34:49.487+0000] {subprocess.py:93} INFO - 경고: JSON의 '싼타페'에 해당하는 차종을 DB에서 찾을 수 없어 리뷰를 건너뜁니다.
[2025-09-11T07:34:49.511+0000] {subprocess.py:93} INFO - 경고: JSON의 '싼타페 Hybrid'에 해당하는 차종을 DB에서 찾을 수 없어 리뷰를 건너뜁니다.
[2025-09-11T07:34:49.511+0000] {subprocess.py:93} INFO - 경고: JSON의 '싼타페 Hybrid'에 해당하는 차종을 DB에서 찾을 수 없어 리뷰를 건너뜁니다.
[2025-09-11T07:34:49.511+0000] {subprocess.py:93} INFO - 경고: JSON의 '싼타페'에 해당하는 차종을 DB에서 찾을 수 없어 리뷰를 건너뜁니다.
[2025-09-11T07:34:49.518+0000] {subprocess.py:93} INFO - 경고: JSON의 '싼타페 Hybrid'에 해당하는 차종을 DB에서 찾을 수 없어 리뷰를 건너뜁니다.
[2025-09-11T07:34:49.526+0000] {subprocess.py:93} INFO - 경고: JSON의 '싼타페 Hybrid'에 해당하는 차종을 DB에서 찾을 수 없어 리뷰를 건너뜁니다.
[2025-09-11T07:34:49.533+0000] {subprocess.py:93} INFO - 경고: JSON의 '싼타페 Hybrid'에 해당하는 차종을 DB에서 찾을 수 없어 리뷰를 건너뜁니다.
[2025-09-11T07:34:49.534+0000] {subprocess.py:93} INFO - 경고: JSON의 '싼타페'에 해당하는 차종을 DB에서 찾을 수 없어 리뷰를 건너뜁니다.
[2025-09-11T07:34:49.534+0000] {subprocess.py:93} INFO - 경고: JSON의 '싼타페 Hybrid'에 해당하는 차종을 DB에서 찾을 수 없어 리뷰를 건너뜁니다.
[2025-09-11T07:34:49.537+0000] {subprocess.py:93} INFO - 경고: JSON의 '싼타페'에 해당하는 차종을 DB에서 찾을 수 없어 리뷰를 건너뜁니다.
[2025-09-11T07:34:49.537+0000] {subprocess.py:93} INFO - 경고: JSON의 '싼타페 Hybrid'에 해당하는 차종을 DB에서 찾을 수 없어 리뷰를 건너뜁니다.
[2025-09-11T07:34:49.558+0000] {subprocess.py:93} INFO - 경고: JSON의 '싼타페 Hybrid'에 해당하는 차종을 DB에서 찾을 수 없어 리뷰를 건너뜁니다.
[2025-09-11T07:34:49.566+0000] {subprocess.py:93} INFO - 경고: JSON의 '싼타페 Hybrid'에 해당하는 차종을 DB에서 찾을 수 없어 리뷰를 건너뜁니다.
[2025-09-11T07:34:49.566+0000] {subprocess.py:93} INFO - 경고: JSON의 '싼타페 Hybrid'에 해당하는 차종을 DB에서 찾을 수 없어 리뷰를 건너뜁니다.
[2025-09-11T07:34:49.567+0000] {subprocess.py:93} INFO - 경고: JSON의 '싼타페'에 해당하는 차종을 DB에서 찾을 수 없어 리뷰를 건너뜁니다.
[2025-09-11T07:34:49.580+0000] {subprocess.py:93} INFO - 경고: JSON의 '싼타페'에 해당하는 차종을 DB에서 찾을 수 없어 리뷰를 건너뜁니다.
[2025-09-11T07:34:49.581+0000] {subprocess.py:93} INFO - 경고: JSON의 '싼타페 Hybrid'에 해당하는 차종을 DB에서 찾을 수 없어 리뷰를 건너뜁니다.
[2025-09-11T07:34:49.615+0000] {subprocess.py:93} INFO - 경고: JSON의 '싼타페 Hybrid'에 해당하는 차종을 DB에서 찾을 수 없어 리뷰를 건너뜁니다.
[2025-09-11T07:34:49.622+0000] {subprocess.py:93} INFO - 경고: JSON의 '싼타페'에 해당하는 차종을 DB에서 찾을 수 없어 리뷰를 건너뜁니다.
[2025-09-11T07:34:49.638+0000] {subprocess.py:93} INFO - 경고: JSON의 '싼타페 Hybrid'에 해당하는 차종을 DB에서 찾을 수 없어 리뷰를 건너뜁니다.
[2025-09-11T07:34:49.646+0000] {subprocess.py:93} INFO - 경고: JSON의 '싼타페 Hybrid'에 해당하는 차종을 DB에서 찾을 수 없어 리뷰를 건너뜁니다.
[2025-09-11T07:34:49.650+0000] {subprocess.py:93} INFO - 경고: JSON의 '싼타페 Hybrid'에 해당하는 차종을 DB에서 찾을 수 없어 리뷰를 건너뜁니다.
[2025-09-11T07:34:49.661+0000] {subprocess.py:93} INFO - 경고: JSON의 '싼타페 Hybrid'에 해당하는 차종을 DB에서 찾을 수 없어 리뷰를 건너뜁니다.
[2025-09-11T07:34:49.673+0000] {subprocess.py:93} INFO - 경고: JSON의 '싼타페 Hybrid'에 해당하는 차종을 DB에서 찾을 수 없어 리뷰를 건너뜁니다.
[2025-09-11T07:34:49.706+0000] {subprocess.py:93} INFO - 경고: JSON의 '싼타페 Hybrid'에 해당하는 차종을 DB에서 찾을 수 없어 리뷰를 건너뜁니다.
[2025-09-11T07:34:49.713+0000] {subprocess.py:93} INFO - 경고: JSON의 '싼타페 Hybrid'에 해당하는 차종을 DB에서 찾을 수 없어 리뷰를 건너뜁니다.
[2025-09-11T07:34:49.720+0000] {subprocess.py:93} INFO - 경고: JSON의 '싼타페 Hybrid'에 해당하는 차종을 DB에서 찾을 수 없어 리뷰를 건너뜁니다.
[2025-09-11T07:34:49.740+0000] {subprocess.py:93} INFO - 경고: JSON의 '싼타페 Hybrid'에 해당하는 차종을 DB에서 찾을 수 없어 리뷰를 건너뜁니다.
[2025-09-11T07:34:49.766+0000] {subprocess.py:93} INFO - 경고: JSON의 '싼타페 Hybrid'에 해당하는 차종을 DB에서 찾을 수 없어 리뷰를 건너뜁니다.
[2025-09-11T07:34:49.784+0000] {subprocess.py:93} INFO - 경고: JSON의 '싼타페'에 해당하는 차종을 DB에서 찾을 수 없어 리뷰를 건너뜁니다.
[2025-09-11T07:34:49.788+0000] {subprocess.py:93} INFO - 경고: JSON의 '싼타페 Hybrid'에 해당하는 차종을 DB에서 찾을 수 없어 리뷰를 건너뜁니다.
[2025-09-11T07:34:49.788+0000] {subprocess.py:93} INFO - 경고: JSON의 '싼타페 Hybrid'에 해당하는 차종을 DB에서 찾을 수 없어 리뷰를 건너뜁니다.
[2025-09-11T07:34:49.788+0000] {subprocess.py:93} INFO - 경고: JSON의 '싼타페 Hybrid'에 해당하는 차종을 DB에서 찾을 수 없어 리뷰를 건너뜁니다.
[2025-09-11T07:34:49.850+0000] {subprocess.py:93} INFO - 경고: JSON의 '싼타페 Hybrid'에 해당하는 차종을 DB에서 찾을 수 없어 리뷰를 건너뜁니다.
[2025-09-11T07:34:49.874+0000] {subprocess.py:93} INFO - 경고: JSON의 '싼타페 Hybrid'에 해당하는 차종을 DB에서 찾을 수 없어 리뷰를 건너뜁니다.
[2025-09-11T07:34:49.877+0000] {subprocess.py:93} INFO - 경고: JSON의 '싼타페 Hybrid'에 해당하는 차종을 DB에서 찾을 수 없어 리뷰를 건너뜁니다.
[2025-09-11T07:34:49.887+0000] {subprocess.py:93} INFO - 경고: JSON의 '싼타페'에 해당하는 차종을 DB에서 찾을 수 없어 리뷰를 건너뜁니다.
[2025-09-11T07:34:49.888+0000] {subprocess.py:93} INFO - 경고: JSON의 '싼타페 Hybrid'에 해당하는 차종을 DB에서 찾을 수 없어 리뷰를 건너뜁니다.
[2025-09-11T07:34:49.918+0000] {subprocess.py:93} INFO - 경고: JSON의 '싼타페 Hybrid'에 해당하는 차종을 DB에서 찾을 수 없어 리뷰를 건너뜁니다.
[2025-09-11T07:34:49.925+0000] {subprocess.py:93} INFO - 경고: JSON의 '싼타페 Hybrid'에 해당하는 차종을 DB에서 찾을 수 없어 리뷰를 건너뜁니다.
[2025-09-11T07:34:49.926+0000] {subprocess.py:93} INFO - 경고: JSON의 '싼타페 Hybrid'에 해당하는 차종을 DB에서 찾을 수 없어 리뷰를 건너뜁니다.
[2025-09-11T07:34:49.936+0000] {subprocess.py:93} INFO - 경고: JSON의 '싼타페 Hybrid'에 해당하는 차종을 DB에서 찾을 수 없어 리뷰를 건너뜁니다.
[2025-09-11T07:34:49.936+0000] {subprocess.py:93} INFO - 경고: JSON의 '싼타페 Hybrid'에 해당하는 차종을 DB에서 찾을 수 없어 리뷰를 건너뜁니다.
[2025-09-11T07:34:49.936+0000] {subprocess.py:93} INFO - 경고: JSON의 '싼타페 Hybrid'에 해당하는 차종을 DB에서 찾을 수 없어 리뷰를 건너뜁니다.
[2025-09-11T07:34:49.964+0000] {subprocess.py:93} INFO - 경고: JSON의 '싼타페 Hybrid'에 해당하는 차종을 DB에서 찾을 수 없어 리뷰를 건너뜁니다.
[2025-09-11T07:34:49.968+0000] {subprocess.py:93} INFO - 경고: JSON의 '포터 II'에 해당하는 차종을 DB에서 찾을 수 없어 리뷰를 건너뜁니다.
[2025-09-11T07:34:49.968+0000] {subprocess.py:93} INFO - 경고: JSON의 '포터 II Electric 특장차'에 해당하는 차종을 DB에서 찾을 수 없어 리뷰를 건너뜁니다.
[2025-09-11T07:34:49.983+0000] {subprocess.py:93} INFO - 경고: JSON의 '싼타페'에 해당하는 차종을 DB에서 찾을 수 없어 리뷰를 건너뜁니다.
[2025-09-11T07:34:50.015+0000] {subprocess.py:93} INFO - 경고: JSON의 '싼타페 Hybrid'에 해당하는 차종을 DB에서 찾을 수 없어 리뷰를 건너뜁니다.
[2025-09-11T07:34:50.031+0000] {subprocess.py:93} INFO - 경고: JSON의 '싼타페 Hybrid'에 해당하는 차종을 DB에서 찾을 수 없어 리뷰를 건너뜁니다.
[2025-09-11T07:34:50.035+0000] {subprocess.py:93} INFO - 경고: JSON의 '싼타페 Hybrid'에 해당하는 차종을 DB에서 찾을 수 없어 리뷰를 건너뜁니다.
[2025-09-11T07:34:50.050+0000] {subprocess.py:93} INFO - 경고: JSON의 '싼타페 Hybrid'에 해당하는 차종을 DB에서 찾을 수 없어 리뷰를 건너뜁니다.
[2025-09-11T07:34:50.062+0000] {subprocess.py:93} INFO - 경고: JSON의 '싼타페'에 해당하는 차종을 DB에서 찾을 수 없어 리뷰를 건너뜁니다.
[2025-09-11T07:34:50.070+0000] {subprocess.py:93} INFO - 경고: JSON의 '싼타페 Hybrid'에 해당하는 차종을 DB에서 찾을 수 없어 리뷰를 건너뜁니다.
[2025-09-11T07:34:50.101+0000] {subprocess.py:93} INFO - 경고: JSON의 '싼타페 Hybrid'에 해당하는 차종을 DB에서 찾을 수 없어 리뷰를 건너뜁니다.
[2025-09-11T07:34:50.114+0000] {subprocess.py:93} INFO - 경고: JSON의 '싼타페 Hybrid'에 해당하는 차종을 DB에서 찾을 수 없어 리뷰를 건너뜁니다.
[2025-09-11T07:34:50.114+0000] {subprocess.py:93} INFO - 경고: JSON의 '싼타페 Hybrid'에 해당하는 차종을 DB에서 찾을 수 없어 리뷰를 건너뜁니다.
[2025-09-11T07:34:50.122+0000] {subprocess.py:93} INFO - 경고: JSON의 '싼타페 Hybrid'에 해당하는 차종을 DB에서 찾을 수 없어 리뷰를 건너뜁니다.
[2025-09-11T07:34:50.126+0000] {subprocess.py:93} INFO - 경고: JSON의 '싼타페'에 해당하는 차종을 DB에서 찾을 수 없어 리뷰를 건너뜁니다.
[2025-09-11T07:34:50.153+0000] {subprocess.py:93} INFO - 경고: JSON의 '싼타페 Hybrid'에 해당하는 차종을 DB에서 찾을 수 없어 리뷰를 건너뜁니다.
[2025-09-11T07:34:50.153+0000] {subprocess.py:93} INFO - 경고: JSON의 '싼타페 Hybrid'에 해당하는 차종을 DB에서 찾을 수 없어 리뷰를 건너뜁니다.
[2025-09-11T07:34:50.164+0000] {subprocess.py:93} INFO - 경고: JSON의 '싼타페 Hybrid'에 해당하는 차종을 DB에서 찾을 수 없어 리뷰를 건너뜁니다.
[2025-09-11T07:34:50.171+0000] {subprocess.py:93} INFO - 경고: JSON의 '싼타페 Hybrid'에 해당하는 차종을 DB에서 찾을 수 없어 리뷰를 건너뜁니다.
[2025-09-11T07:34:50.172+0000] {subprocess.py:93} INFO - 경고: JSON의 '싼타페 Hybrid'에 해당하는 차종을 DB에서 찾을 수 없어 리뷰를 건너뜁니다.
[2025-09-11T07:34:50.189+0000] {subprocess.py:93} INFO - 경고: JSON의 '싼타페'에 해당하는 차종을 DB에서 찾을 수 없어 리뷰를 건너뜁니다.
[2025-09-11T07:34:50.197+0000] {subprocess.py:93} INFO - 경고: JSON의 '싼타페 Hybrid'에 해당하는 차종을 DB에서 찾을 수 없어 리뷰를 건너뜁니다.
[2025-09-11T07:34:50.200+0000] {subprocess.py:93} INFO - 경고: JSON의 '싼타페 Hybrid'에 해당하는 차종을 DB에서 찾을 수 없어 리뷰를 건너뜁니다.
[2025-09-11T07:34:50.204+0000] {subprocess.py:93} INFO - 경고: JSON의 '싼타페 Hybrid'에 해당하는 차종을 DB에서 찾을 수 없어 리뷰를 건너뜁니다.
[2025-09-11T07:34:50.205+0000] {subprocess.py:93} INFO - 경고: JSON의 '싼타페 Hybrid'에 해당하는 차종을 DB에서 찾을 수 없어 리뷰를 건너뜁니다.
[2025-09-11T07:34:50.222+0000] {subprocess.py:93} INFO - 경고: JSON의 '싼타페'에 해당하는 차종을 DB에서 찾을 수 없어 리뷰를 건너뜁니다.
[2025-09-11T07:34:50.242+0000] {subprocess.py:93} INFO - 경고: JSON의 '포터 II'에 해당하는 차종을 DB에서 찾을 수 없어 리뷰를 건너뜁니다.
[2025-09-11T07:34:50.252+0000] {subprocess.py:93} INFO - 경고: JSON의 '싼타페 Hybrid'에 해당하는 차종을 DB에서 찾을 수 없어 리뷰를 건너뜁니다.
[2025-09-11T07:34:50.269+0000] {subprocess.py:93} INFO - 경고: JSON의 '싼타페 Hybrid'에 해당하는 차종을 DB에서 찾을 수 없어 리뷰를 건너뜁니다.
[2025-09-11T07:34:50.269+0000] {subprocess.py:93} INFO - 경고: JSON의 '싼타페 Hybrid'에 해당하는 차종을 DB에서 찾을 수 없어 리뷰를 건너뜁니다.
[2025-09-11T07:34:50.285+0000] {subprocess.py:93} INFO - 경고: JSON의 '싼타페 Hybrid'에 해당하는 차종을 DB에서 찾을 수 없어 리뷰를 건너뜁니다.
[2025-09-11T07:34:50.299+0000] {subprocess.py:93} INFO - 경고: JSON의 '싼타페 Hybrid'에 해당하는 차종을 DB에서 찾을 수 없어 리뷰를 건너뜁니다.
[2025-09-11T07:34:50.300+0000] {subprocess.py:93} INFO - 경고: JSON의 '싼타페 Hybrid'에 해당하는 차종을 DB에서 찾을 수 없어 리뷰를 건너뜁니다.
[2025-09-11T07:34:50.322+0000] {subprocess.py:93} INFO - 경고: JSON의 '싼타페 Hybrid'에 해당하는 차종을 DB에서 찾을 수 없어 리뷰를 건너뜁니다.
[2025-09-11T07:34:50.329+0000] {subprocess.py:93} INFO - 경고: JSON의 '싼타페 Hybrid'에 해당하는 차종을 DB에서 찾을 수 없어 리뷰를 건너뜁니다.
[2025-09-11T07:34:50.333+0000] {subprocess.py:93} INFO - 경고: JSON의 '싼타페 Hybrid'에 해당하는 차종을 DB에서 찾을 수 없어 리뷰를 건너뜁니다.
[2025-09-11T07:34:50.353+0000] {subprocess.py:93} INFO - 경고: JSON의 '쏘나타 택시'에 해당하는 차종을 DB에서 찾을 수 없어 리뷰를 건너뜁니다.
[2025-09-11T07:34:50.353+0000] {subprocess.py:93} INFO - 경고: JSON의 '싼타페 Hybrid'에 해당하는 차종을 DB에서 찾을 수 없어 리뷰를 건너뜁니다.
[2025-09-11T07:34:50.384+0000] {subprocess.py:93} INFO - 경고: JSON의 '싼타페 Hybrid'에 해당하는 차종을 DB에서 찾을 수 없어 리뷰를 건너뜁니다.
[2025-09-11T07:34:50.406+0000] {subprocess.py:93} INFO - 경고: JSON의 '싼타페'에 해당하는 차종을 DB에서 찾을 수 없어 리뷰를 건너뜁니다.
[2025-09-11T07:34:50.474+0000] {subprocess.py:93} INFO - 경고: JSON의 '포터 II'에 해당하는 차종을 DB에서 찾을 수 없어 리뷰를 건너뜁니다.
[2025-09-11T07:34:50.475+0000] {subprocess.py:93} INFO - 경고: JSON의 '싼타페 Hybrid'에 해당하는 차종을 DB에서 찾을 수 없어 리뷰를 건너뜁니다.
[2025-09-11T07:34:50.489+0000] {subprocess.py:93} INFO - 경고: JSON의 '포터 II 특장차'에 해당하는 차종을 DB에서 찾을 수 없어 리뷰를 건너뜁니다.
[2025-09-11T07:34:50.489+0000] {subprocess.py:93} INFO - 경고: JSON의 '싼타페'에 해당하는 차종을 DB에서 찾을 수 없어 리뷰를 건너뜁니다.
[2025-09-11T07:34:50.489+0000] {subprocess.py:93} INFO - 경고: JSON의 '싼타페 Hybrid'에 해당하는 차종을 DB에서 찾을 수 없어 리뷰를 건너뜁니다.
[2025-09-11T07:34:50.490+0000] {subprocess.py:93} INFO - 경고: JSON의 '포터 II Electric'에 해당하는 차종을 DB에서 찾을 수 없어 리뷰를 건너뜁니다.
[2025-09-11T07:34:50.492+0000] {subprocess.py:93} INFO - 경고: JSON의 '싼타페 Hybrid'에 해당하는 차종을 DB에서 찾을 수 없어 리뷰를 건너뜁니다.
[2025-09-11T07:34:50.509+0000] {subprocess.py:93} INFO - 경고: JSON의 '싼타페 Hybrid'에 해당하는 차종을 DB에서 찾을 수 없어 리뷰를 건너뜁니다.
[2025-09-11T07:34:50.520+0000] {subprocess.py:93} INFO - 경고: JSON의 '싼타페 Hybrid'에 해당하는 차종을 DB에서 찾을 수 없어 리뷰를 건너뜁니다.
[2025-09-11T07:34:50.520+0000] {subprocess.py:93} INFO - 경고: JSON의 '싼타페 Hybrid'에 해당하는 차종을 DB에서 찾을 수 없어 리뷰를 건너뜁니다.
[2025-09-11T07:34:50.531+0000] {subprocess.py:93} INFO - 경고: JSON의 '포터 II Electric'에 해당하는 차종을 DB에서 찾을 수 없어 리뷰를 건너뜁니다.
[2025-09-11T07:34:50.580+0000] {subprocess.py:93} INFO - 경고: JSON의 '싼타페'에 해당하는 차종을 DB에서 찾을 수 없어 리뷰를 건너뜁니다.
[2025-09-11T07:34:50.631+0000] {subprocess.py:93} INFO - 경고: JSON의 '싼타페'에 해당하는 차종을 DB에서 찾을 수 없어 리뷰를 건너뜁니다.
[2025-09-11T07:34:50.647+0000] {subprocess.py:93} INFO - 경고: JSON의 '포터 II'에 해당하는 차종을 DB에서 찾을 수 없어 리뷰를 건너뜁니다.
[2025-09-11T07:34:50.670+0000] {subprocess.py:93} INFO - 경고: JSON의 '싼타페 Hybrid'에 해당하는 차종을 DB에서 찾을 수 없어 리뷰를 건너뜁니다.
[2025-09-11T07:34:50.671+0000] {subprocess.py:93} INFO - 경고: JSON의 '싼타페 Hybrid'에 해당하는 차종을 DB에서 찾을 수 없어 리뷰를 건너뜁니다.
[2025-09-11T07:34:50.683+0000] {subprocess.py:93} INFO - 경고: JSON의 '싼타페 Hybrid'에 해당하는 차종을 DB에서 찾을 수 없어 리뷰를 건너뜁니다.
[2025-09-11T07:34:50.699+0000] {subprocess.py:93} INFO - 경고: JSON의 '포터 II 특장차'에 해당하는 차종을 DB에서 찾을 수 없어 리뷰를 건너뜁니다.
[2025-09-11T07:34:50.699+0000] {subprocess.py:93} INFO - 경고: JSON의 '싼타페 Hybrid'에 해당하는 차종을 DB에서 찾을 수 없어 리뷰를 건너뜁니다.
[2025-09-11T07:34:50.707+0000] {subprocess.py:93} INFO - 경고: JSON의 '포터 II'에 해당하는 차종을 DB에서 찾을 수 없어 리뷰를 건너뜁니다.
[2025-09-11T07:34:50.707+0000] {subprocess.py:93} INFO - 경고: JSON의 '싼타페 Hybrid'에 해당하는 차종을 DB에서 찾을 수 없어 리뷰를 건너뜁니다.
[2025-09-11T07:34:50.729+0000] {subprocess.py:93} INFO - 경고: JSON의 '싼타페 Hybrid'에 해당하는 차종을 DB에서 찾을 수 없어 리뷰를 건너뜁니다.
[2025-09-11T07:34:50.730+0000] {subprocess.py:93} INFO - 경고: JSON의 '싼타페 Hybrid'에 해당하는 차종을 DB에서 찾을 수 없어 리뷰를 건너뜁니다.
[2025-09-11T07:34:50.738+0000] {subprocess.py:93} INFO - 경고: JSON의 '싼타페 Hybrid'에 해당하는 차종을 DB에서 찾을 수 없어 리뷰를 건너뜁니다.
[2025-09-11T07:34:50.738+0000] {subprocess.py:93} INFO - 경고: JSON의 '싼타페'에 해당하는 차종을 DB에서 찾을 수 없어 리뷰를 건너뜁니다.
[2025-09-11T07:34:50.757+0000] {subprocess.py:93} INFO - 경고: JSON의 '싼타페 Hybrid'에 해당하는 차종을 DB에서 찾을 수 없어 리뷰를 건너뜁니다.
[2025-09-11T07:34:50.757+0000] {subprocess.py:93} INFO - 경고: JSON의 '싼타페 Hybrid'에 해당하는 차종을 DB에서 찾을 수 없어 리뷰를 건너뜁니다.
[2025-09-11T07:34:50.765+0000] {subprocess.py:93} INFO - 경고: JSON의 '싼타페 Hybrid'에 해당하는 차종을 DB에서 찾을 수 없어 리뷰를 건너뜁니다.
[2025-09-11T07:34:50.769+0000] {subprocess.py:93} INFO - 경고: JSON의 '싼타페 Hybrid'에 해당하는 차종을 DB에서 찾을 수 없어 리뷰를 건너뜁니다.
[2025-09-11T07:34:50.797+0000] {subprocess.py:93} INFO - 경고: JSON의 '싼타페 Hybrid'에 해당하는 차종을 DB에서 찾을 수 없어 리뷰를 건너뜁니다.
[2025-09-11T07:34:50.797+0000] {subprocess.py:93} INFO - 경고: JSON의 '싼타페 Hybrid'에 해당하는 차종을 DB에서 찾을 수 없어 리뷰를 건너뜁니다.
[2025-09-11T07:34:50.797+0000] {subprocess.py:93} INFO - 경고: JSON의 '싼타페 Hybrid'에 해당하는 차종을 DB에서 찾을 수 없어 리뷰를 건너뜁니다.
[2025-09-11T07:34:50.804+0000] {subprocess.py:93} INFO - 경고: JSON의 '싼타페 Hybrid'에 해당하는 차종을 DB에서 찾을 수 없어 리뷰를 건너뜁니다.
[2025-09-11T07:34:50.807+0000] {subprocess.py:93} INFO - 경고: JSON의 '쏘나타 택시'에 해당하는 차종을 DB에서 찾을 수 없어 리뷰를 건너뜁니다.
[2025-09-11T07:34:50.810+0000] {subprocess.py:93} INFO - 경고: JSON의 '싼타페'에 해당하는 차종을 DB에서 찾을 수 없어 리뷰를 건너뜁니다.
[2025-09-11T07:34:50.811+0000] {subprocess.py:93} INFO - 경고: JSON의 '싼타페 Hybrid'에 해당하는 차종을 DB에서 찾을 수 없어 리뷰를 건너뜁니다.
[2025-09-11T07:34:50.814+0000] {subprocess.py:93} INFO - 경고: JSON의 '포터 II'에 해당하는 차종을 DB에서 찾을 수 없어 리뷰를 건너뜁니다.
[2025-09-11T07:34:50.828+0000] {subprocess.py:93} INFO - 경고: JSON의 '싼타페 Hybrid'에 해당하는 차종을 DB에서 찾을 수 없어 리뷰를 건너뜁니다.
[2025-09-11T07:34:50.829+0000] {subprocess.py:93} INFO - 경고: JSON의 '싼타페 Hybrid'에 해당하는 차종을 DB에서 찾을 수 없어 리뷰를 건너뜁니다.
[2025-09-11T07:34:50.832+0000] {subprocess.py:93} INFO - 경고: JSON의 '싼타페 Hybrid'에 해당하는 차종을 DB에서 찾을 수 없어 리뷰를 건너뜁니다.
[2025-09-11T07:34:50.853+0000] {subprocess.py:93} INFO - 경고: JSON의 '싼타페 Hybrid'에 해당하는 차종을 DB에서 찾을 수 없어 리뷰를 건너뜁니다.
[2025-09-11T07:34:50.863+0000] {subprocess.py:93} INFO - 경고: JSON의 '싼타페'에 해당하는 차종을 DB에서 찾을 수 없어 리뷰를 건너뜁니다.
[2025-09-11T07:34:50.864+0000] {subprocess.py:93} INFO - 경고: JSON의 '싼타페'에 해당하는 차종을 DB에서 찾을 수 없어 리뷰를 건너뜁니다.
[2025-09-11T07:34:50.867+0000] {subprocess.py:93} INFO - 경고: JSON의 '싼타페'에 해당하는 차종을 DB에서 찾을 수 없어 리뷰를 건너뜁니다.
[2025-09-11T07:34:50.895+0000] {subprocess.py:93} INFO - 경고: JSON의 '싼타페 Hybrid'에 해당하는 차종을 DB에서 찾을 수 없어 리뷰를 건너뜁니다.
[2025-09-11T07:34:50.895+0000] {subprocess.py:93} INFO - 경고: JSON의 '싼타페 Hybrid'에 해당하는 차종을 DB에서 찾을 수 없어 리뷰를 건너뜁니다.
[2025-09-11T07:34:50.951+0000] {subprocess.py:93} INFO - 경고: JSON의 '싼타페 Hybrid'에 해당하는 차종을 DB에서 찾을 수 없어 리뷰를 건너뜁니다.
[2025-09-11T07:34:50.984+0000] {subprocess.py:93} INFO - 경고: JSON의 '싼타페 Hybrid'에 해당하는 차종을 DB에서 찾을 수 없어 리뷰를 건너뜁니다.
[2025-09-11T07:34:50.987+0000] {subprocess.py:93} INFO - 경고: JSON의 '포터 II 특장차'에 해당하는 차종을 DB에서 찾을 수 없어 리뷰를 건너뜁니다.
[2025-09-11T07:34:50.991+0000] {subprocess.py:93} INFO - 경고: JSON의 '싼타페 Hybrid'에 해당하는 차종을 DB에서 찾을 수 없어 리뷰를 건너뜁니다.
[2025-09-11T07:34:51.010+0000] {subprocess.py:93} INFO - 경고: JSON의 '싼타페 Hybrid'에 해당하는 차종을 DB에서 찾을 수 없어 리뷰를 건너뜁니다.
[2025-09-11T07:34:51.017+0000] {subprocess.py:93} INFO - 경고: JSON의 '싼타페'에 해당하는 차종을 DB에서 찾을 수 없어 리뷰를 건너뜁니다.
[2025-09-11T07:34:51.021+0000] {subprocess.py:93} INFO - 경고: JSON의 '싼타페 Hybrid'에 해당하는 차종을 DB에서 찾을 수 없어 리뷰를 건너뜁니다.
[2025-09-11T07:34:51.056+0000] {subprocess.py:93} INFO - 경고: JSON의 '쏘나타 택시'에 해당하는 차종을 DB에서 찾을 수 없어 리뷰를 건너뜁니다.
[2025-09-11T07:34:51.071+0000] {subprocess.py:93} INFO - 경고: JSON의 '싼타페 Hybrid'에 해당하는 차종을 DB에서 찾을 수 없어 리뷰를 건너뜁니다.
[2025-09-11T07:34:51.072+0000] {subprocess.py:93} INFO - 경고: JSON의 '싼타페 Hybrid'에 해당하는 차종을 DB에서 찾을 수 없어 리뷰를 건너뜁니다.
[2025-09-11T07:34:51.072+0000] {subprocess.py:93} INFO - 경고: JSON의 '싼타페 Hybrid'에 해당하는 차종을 DB에서 찾을 수 없어 리뷰를 건너뜁니다.
[2025-09-11T07:34:51.097+0000] {subprocess.py:93} INFO - 경고: JSON의 '싼타페 Hybrid'에 해당하는 차종을 DB에서 찾을 수 없어 리뷰를 건너뜁니다.
[2025-09-11T07:34:51.114+0000] {subprocess.py:93} INFO - 경고: JSON의 '싼타페 Hybrid'에 해당하는 차종을 DB에서 찾을 수 없어 리뷰를 건너뜁니다.
[2025-09-11T07:34:51.123+0000] {subprocess.py:93} INFO - 경고: JSON의 '쏘나타 택시'에 해당하는 차종을 DB에서 찾을 수 없어 리뷰를 건너뜁니다.
[2025-09-11T07:34:51.127+0000] {subprocess.py:93} INFO - 경고: JSON의 '싼타페 Hybrid'에 해당하는 차종을 DB에서 찾을 수 없어 리뷰를 건너뜁니다.
[2025-09-11T07:34:51.134+0000] {subprocess.py:93} INFO - 경고: JSON의 '싼타페 Hybrid'에 해당하는 차종을 DB에서 찾을 수 없어 리뷰를 건너뜁니다.
[2025-09-11T07:34:51.138+0000] {subprocess.py:93} INFO - 경고: JSON의 '싼타페 Hybrid'에 해당하는 차종을 DB에서 찾을 수 없어 리뷰를 건너뜁니다.
[2025-09-11T07:34:51.159+0000] {subprocess.py:93} INFO - 경고: JSON의 '싼타페 Hybrid'에 해당하는 차종을 DB에서 찾을 수 없어 리뷰를 건너뜁니다.
[2025-09-11T07:34:51.183+0000] {subprocess.py:93} INFO - 경고: JSON의 '싼타페 Hybrid'에 해당하는 차종을 DB에서 찾을 수 없어 리뷰를 건너뜁니다.
[2025-09-11T07:34:51.207+0000] {subprocess.py:93} INFO - 경고: JSON의 '싼타페 Hybrid'에 해당하는 차종을 DB에서 찾을 수 없어 리뷰를 건너뜁니다.
[2025-09-11T07:34:51.216+0000] {subprocess.py:93} INFO - 경고: JSON의 '포터 II'에 해당하는 차종을 DB에서 찾을 수 없어 리뷰를 건너뜁니다.
[2025-09-11T07:34:51.216+0000] {subprocess.py:93} INFO - 경고: JSON의 '포터 II Electric 특장차'에 해당하는 차종을 DB에서 찾을 수 없어 리뷰를 건너뜁니다.
[2025-09-11T07:34:51.216+0000] {subprocess.py:93} INFO - 경고: JSON의 '싼타페 Hybrid'에 해당하는 차종을 DB에서 찾을 수 없어 리뷰를 건너뜁니다.
[2025-09-11T07:34:51.227+0000] {subprocess.py:93} INFO - 경고: JSON의 '싼타페'에 해당하는 차종을 DB에서 찾을 수 없어 리뷰를 건너뜁니다.
[2025-09-11T07:34:51.235+0000] {subprocess.py:93} INFO - 경고: JSON의 '싼타페 Hybrid'에 해당하는 차종을 DB에서 찾을 수 없어 리뷰를 건너뜁니다.
[2025-09-11T07:34:51.235+0000] {subprocess.py:93} INFO - 경고: JSON의 '싼타페 Hybrid'에 해당하는 차종을 DB에서 찾을 수 없어 리뷰를 건너뜁니다.
[2025-09-11T07:34:51.258+0000] {subprocess.py:93} INFO - 경고: JSON의 '싼타페'에 해당하는 차종을 DB에서 찾을 수 없어 리뷰를 건너뜁니다.
[2025-09-11T07:34:51.281+0000] {subprocess.py:93} INFO - 경고: JSON의 '싼타페 Hybrid'에 해당하는 차종을 DB에서 찾을 수 없어 리뷰를 건너뜁니다.
[2025-09-11T07:34:51.288+0000] {subprocess.py:93} INFO - 경고: JSON의 '싼타페'에 해당하는 차종을 DB에서 찾을 수 없어 리뷰를 건너뜁니다.
[2025-09-11T07:34:51.307+0000] {subprocess.py:93} INFO - 경고: JSON의 '쏘나타 택시'에 해당하는 차종을 DB에서 찾을 수 없어 리뷰를 건너뜁니다.
[2025-09-11T07:34:51.336+0000] {subprocess.py:93} INFO - 경고: JSON의 '싼타페 Hybrid'에 해당하는 차종을 DB에서 찾을 수 없어 리뷰를 건너뜁니다.
[2025-09-11T07:34:51.344+0000] {subprocess.py:93} INFO - 경고: JSON의 '포터 II'에 해당하는 차종을 DB에서 찾을 수 없어 리뷰를 건너뜁니다.
[2025-09-11T07:34:51.355+0000] {subprocess.py:93} INFO - 경고: JSON의 '싼타페 Hybrid'에 해당하는 차종을 DB에서 찾을 수 없어 리뷰를 건너뜁니다.
[2025-09-11T07:34:51.386+0000] {subprocess.py:93} INFO - 경고: JSON의 '포터 II'에 해당하는 차종을 DB에서 찾을 수 없어 리뷰를 건너뜁니다.
[2025-09-11T07:34:51.406+0000] {subprocess.py:93} INFO - 경고: JSON의 '싼타페 Hybrid'에 해당하는 차종을 DB에서 찾을 수 없어 리뷰를 건너뜁니다.
[2025-09-11T07:34:51.406+0000] {subprocess.py:93} INFO - 경고: JSON의 '싼타페 Hybrid'에 해당하는 차종을 DB에서 찾을 수 없어 리뷰를 건너뜁니다.
[2025-09-11T07:34:51.424+0000] {subprocess.py:93} INFO - 경고: JSON의 '싼타페 Hybrid'에 해당하는 차종을 DB에서 찾을 수 없어 리뷰를 건너뜁니다.
[2025-09-11T07:34:51.429+0000] {subprocess.py:93} INFO - 경고: JSON의 '포터 II Electric'에 해당하는 차종을 DB에서 찾을 수 없어 리뷰를 건너뜁니다.
[2025-09-11T07:34:51.429+0000] {subprocess.py:93} INFO - 경고: JSON의 '싼타페'에 해당하는 차종을 DB에서 찾을 수 없어 리뷰를 건너뜁니다.
[2025-09-11T07:34:51.449+0000] {subprocess.py:93} INFO - 경고: JSON의 '싼타페 Hybrid'에 해당하는 차종을 DB에서 찾을 수 없어 리뷰를 건너뜁니다.
[2025-09-11T07:34:51.453+0000] {subprocess.py:93} INFO - 경고: JSON의 '싼타페 Hybrid'에 해당하는 차종을 DB에서 찾을 수 없어 리뷰를 건너뜁니다.
[2025-09-11T07:34:51.457+0000] {subprocess.py:93} INFO - 경고: JSON의 '싼타페 Hybrid'에 해당하는 차종을 DB에서 찾을 수 없어 리뷰를 건너뜁니다.
[2025-09-11T07:34:51.472+0000] {subprocess.py:93} INFO - 경고: JSON의 '싼타페 Hybrid'에 해당하는 차종을 DB에서 찾을 수 없어 리뷰를 건너뜁니다.
[2025-09-11T07:34:51.497+0000] {subprocess.py:93} INFO - 경고: JSON의 '싼타페 Hybrid'에 해당하는 차종을 DB에서 찾을 수 없어 리뷰를 건너뜁니다.
[2025-09-11T07:34:51.498+0000] {subprocess.py:93} INFO - 경고: JSON의 '싼타페 Hybrid'에 해당하는 차종을 DB에서 찾을 수 없어 리뷰를 건너뜁니다.
[2025-09-11T07:34:51.498+0000] {subprocess.py:93} INFO - 경고: JSON의 '싼타페 Hybrid'에 해당하는 차종을 DB에서 찾을 수 없어 리뷰를 건너뜁니다.
[2025-09-11T07:34:51.498+0000] {subprocess.py:93} INFO - 경고: JSON의 '포터 II'에 해당하는 차종을 DB에서 찾을 수 없어 리뷰를 건너뜁니다.
[2025-09-11T07:34:51.501+0000] {subprocess.py:93} INFO - 경고: JSON의 '싼타페'에 해당하는 차종을 DB에서 찾을 수 없어 리뷰를 건너뜁니다.
[2025-09-11T07:34:51.505+0000] {subprocess.py:93} INFO - 경고: JSON의 '싼타페 Hybrid'에 해당하는 차종을 DB에서 찾을 수 없어 리뷰를 건너뜁니다.
[2025-09-11T07:34:51.509+0000] {subprocess.py:93} INFO - 경고: JSON의 '싼타페 Hybrid'에 해당하는 차종을 DB에서 찾을 수 없어 리뷰를 건너뜁니다.
[2025-09-11T07:34:51.510+0000] {subprocess.py:93} INFO - 경고: JSON의 '싼타페 Hybrid'에 해당하는 차종을 DB에서 찾을 수 없어 리뷰를 건너뜁니다.
[2025-09-11T07:34:51.532+0000] {subprocess.py:93} INFO - 경고: JSON의 '싼타페 Hybrid'에 해당하는 차종을 DB에서 찾을 수 없어 리뷰를 건너뜁니다.
[2025-09-11T07:34:51.536+0000] {subprocess.py:93} INFO - 경고: JSON의 '쏘나타 택시'에 해당하는 차종을 DB에서 찾을 수 없어 리뷰를 건너뜁니다.
[2025-09-11T07:34:51.544+0000] {subprocess.py:93} INFO - 경고: JSON의 '싼타페 Hybrid'에 해당하는 차종을 DB에서 찾을 수 없어 리뷰를 건너뜁니다.
[2025-09-11T07:34:51.565+0000] {subprocess.py:93} INFO - 경고: JSON의 '싼타페 Hybrid'에 해당하는 차종을 DB에서 찾을 수 없어 리뷰를 건너뜁니다.
[2025-09-11T07:34:51.587+0000] {subprocess.py:93} INFO - 경고: JSON의 '싼타페 Hybrid'에 해당하는 차종을 DB에서 찾을 수 없어 리뷰를 건너뜁니다.
[2025-09-11T07:34:51.595+0000] {subprocess.py:93} INFO - 경고: JSON의 '싼타페 Hybrid'에 해당하는 차종을 DB에서 찾을 수 없어 리뷰를 건너뜁니다.
[2025-09-11T07:34:51.595+0000] {subprocess.py:93} INFO - 경고: JSON의 '싼타페 Hybrid'에 해당하는 차종을 DB에서 찾을 수 없어 리뷰를 건너뜁니다.
[2025-09-11T07:34:51.595+0000] {subprocess.py:93} INFO - 경고: JSON의 '싼타페 Hybrid'에 해당하는 차종을 DB에서 찾을 수 없어 리뷰를 건너뜁니다.
[2025-09-11T07:34:51.599+0000] {subprocess.py:93} INFO - 경고: JSON의 '싼타페 Hybrid'에 해당하는 차종을 DB에서 찾을 수 없어 리뷰를 건너뜁니다.
[2025-09-11T07:34:51.599+0000] {subprocess.py:93} INFO - 경고: JSON의 '싼타페 Hybrid'에 해당하는 차종을 DB에서 찾을 수 없어 리뷰를 건너뜁니다.
[2025-09-11T07:34:51.610+0000] {subprocess.py:93} INFO - 경고: JSON의 '싼타페 Hybrid'에 해당하는 차종을 DB에서 찾을 수 없어 리뷰를 건너뜁니다.
[2025-09-11T07:34:51.629+0000] {subprocess.py:93} INFO - 경고: JSON의 '싼타페 Hybrid'에 해당하는 차종을 DB에서 찾을 수 없어 리뷰를 건너뜁니다.
[2025-09-11T07:34:51.655+0000] {subprocess.py:93} INFO - 경고: JSON의 '싼타페'에 해당하는 차종을 DB에서 찾을 수 없어 리뷰를 건너뜁니다.
[2025-09-11T07:34:51.655+0000] {subprocess.py:93} INFO - 경고: JSON의 '싼타페 Hybrid'에 해당하는 차종을 DB에서 찾을 수 없어 리뷰를 건너뜁니다.
[2025-09-11T07:34:51.675+0000] {subprocess.py:93} INFO - 경고: JSON의 '싼타페 Hybrid'에 해당하는 차종을 DB에서 찾을 수 없어 리뷰를 건너뜁니다.
[2025-09-11T07:34:51.683+0000] {subprocess.py:93} INFO - 경고: JSON의 '싼타페 Hybrid'에 해당하는 차종을 DB에서 찾을 수 없어 리뷰를 건너뜁니다.
[2025-09-11T07:34:51.683+0000] {subprocess.py:93} INFO - 경고: JSON의 '싼타페 Hybrid'에 해당하는 차종을 DB에서 찾을 수 없어 리뷰를 건너뜁니다.
[2025-09-11T07:34:51.734+0000] {subprocess.py:93} INFO - 경고: JSON의 '싼타페 Hybrid'에 해당하는 차종을 DB에서 찾을 수 없어 리뷰를 건너뜁니다.
[2025-09-11T07:34:51.743+0000] {subprocess.py:93} INFO - 경고: JSON의 '싼타페 Hybrid'에 해당하는 차종을 DB에서 찾을 수 없어 리뷰를 건너뜁니다.
[2025-09-11T07:34:51.751+0000] {subprocess.py:93} INFO - 경고: JSON의 '싼타페 Hybrid'에 해당하는 차종을 DB에서 찾을 수 없어 리뷰를 건너뜁니다.
[2025-09-11T07:34:51.751+0000] {subprocess.py:93} INFO - 경고: JSON의 '싼타페 Hybrid'에 해당하는 차종을 DB에서 찾을 수 없어 리뷰를 건너뜁니다.
[2025-09-11T07:34:51.752+0000] {subprocess.py:93} INFO - 경고: JSON의 '싼타페'에 해당하는 차종을 DB에서 찾을 수 없어 리뷰를 건너뜁니다.
[2025-09-11T07:34:51.775+0000] {subprocess.py:93} INFO - 경고: JSON의 '싼타페'에 해당하는 차종을 DB에서 찾을 수 없어 리뷰를 건너뜁니다.
[2025-09-11T07:34:51.795+0000] {subprocess.py:93} INFO - 경고: JSON의 '싼타페 Hybrid'에 해당하는 차종을 DB에서 찾을 수 없어 리뷰를 건너뜁니다.
[2025-09-11T07:34:51.795+0000] {subprocess.py:93} INFO - 경고: JSON의 '포터 II Electric'에 해당하는 차종을 DB에서 찾을 수 없어 리뷰를 건너뜁니다.
[2025-09-11T07:34:51.799+0000] {subprocess.py:93} INFO - 경고: JSON의 '싼타페'에 해당하는 차종을 DB에서 찾을 수 없어 리뷰를 건너뜁니다.
[2025-09-11T07:34:51.799+0000] {subprocess.py:93} INFO - 경고: JSON의 '싼타페 Hybrid'에 해당하는 차종을 DB에서 찾을 수 없어 리뷰를 건너뜁니다.
[2025-09-11T07:34:51.806+0000] {subprocess.py:93} INFO - 경고: JSON의 '싼타페'에 해당하는 차종을 DB에서 찾을 수 없어 리뷰를 건너뜁니다.
[2025-09-11T07:34:51.807+0000] {subprocess.py:93} INFO - 경고: JSON의 '싼타페 Hybrid'에 해당하는 차종을 DB에서 찾을 수 없어 리뷰를 건너뜁니다.
[2025-09-11T07:34:51.810+0000] {subprocess.py:93} INFO - 경고: JSON의 '포터 II'에 해당하는 차종을 DB에서 찾을 수 없어 리뷰를 건너뜁니다.
[2025-09-11T07:34:51.814+0000] {subprocess.py:93} INFO - 경고: JSON의 '포터 II Electric 특장차'에 해당하는 차종을 DB에서 찾을 수 없어 리뷰를 건너뜁니다.
[2025-09-11T07:34:51.814+0000] {subprocess.py:93} INFO - 경고: JSON의 '싼타페 Hybrid'에 해당하는 차종을 DB에서 찾을 수 없어 리뷰를 건너뜁니다.
[2025-09-11T07:34:51.818+0000] {subprocess.py:93} INFO - 경고: JSON의 '싼타페'에 해당하는 차종을 DB에서 찾을 수 없어 리뷰를 건너뜁니다.
[2025-09-11T07:34:51.818+0000] {subprocess.py:93} INFO - 경고: JSON의 '포터 II Electric'에 해당하는 차종을 DB에서 찾을 수 없어 리뷰를 건너뜁니다.
[2025-09-11T07:34:51.822+0000] {subprocess.py:93} INFO - 경고: JSON의 '싼타페 Hybrid'에 해당하는 차종을 DB에서 찾을 수 없어 리뷰를 건너뜁니다.
[2025-09-11T07:34:51.834+0000] {subprocess.py:93} INFO - 경고: JSON의 '싼타페 Hybrid'에 해당하는 차종을 DB에서 찾을 수 없어 리뷰를 건너뜁니다.
[2025-09-11T07:34:51.835+0000] {subprocess.py:93} INFO - 경고: JSON의 '싼타페'에 해당하는 차종을 DB에서 찾을 수 없어 리뷰를 건너뜁니다.
[2025-09-11T07:34:51.835+0000] {subprocess.py:93} INFO - 경고: JSON의 '싼타페 Hybrid'에 해당하는 차종을 DB에서 찾을 수 없어 리뷰를 건너뜁니다.
[2025-09-11T07:34:51.836+0000] {subprocess.py:93} INFO - 경고: JSON의 '싼타페 Hybrid'에 해당하는 차종을 DB에서 찾을 수 없어 리뷰를 건너뜁니다.
[2025-09-11T07:34:51.839+0000] {subprocess.py:93} INFO - 경고: JSON의 '싼타페 Hybrid'에 해당하는 차종을 DB에서 찾을 수 없어 리뷰를 건너뜁니다.
[2025-09-11T07:34:51.843+0000] {subprocess.py:93} INFO - 경고: JSON의 '싼타페 Hybrid'에 해당하는 차종을 DB에서 찾을 수 없어 리뷰를 건너뜁니다.
[2025-09-11T07:34:51.847+0000] {subprocess.py:93} INFO - 경고: JSON의 '싼타페 Hybrid'에 해당하는 차종을 DB에서 찾을 수 없어 리뷰를 건너뜁니다.
[2025-09-11T07:34:51.847+0000] {subprocess.py:93} INFO - 경고: JSON의 '싼타페'에 해당하는 차종을 DB에서 찾을 수 없어 리뷰를 건너뜁니다.
[2025-09-11T07:34:51.848+0000] {subprocess.py:93} INFO - 경고: JSON의 '포터 II Electric'에 해당하는 차종을 DB에서 찾을 수 없어 리뷰를 건너뜁니다.
[2025-09-11T07:34:51.848+0000] {subprocess.py:93} INFO - 경고: JSON의 '싼타페 Hybrid'에 해당하는 차종을 DB에서 찾을 수 없어 리뷰를 건너뜁니다.
[2025-09-11T07:34:51.851+0000] {subprocess.py:93} INFO - 경고: JSON의 '싼타페 Hybrid'에 해당하는 차종을 DB에서 찾을 수 없어 리뷰를 건너뜁니다.
[2025-09-11T07:34:51.852+0000] {subprocess.py:93} INFO - 경고: JSON의 '싼타페 Hybrid'에 해당하는 차종을 DB에서 찾을 수 없어 리뷰를 건너뜁니다.
[2025-09-11T07:34:51.860+0000] {subprocess.py:93} INFO - 경고: JSON의 '싼타페 Hybrid'에 해당하는 차종을 DB에서 찾을 수 없어 리뷰를 건너뜁니다.
[2025-09-11T07:34:51.860+0000] {subprocess.py:93} INFO - 경고: JSON의 '싼타페'에 해당하는 차종을 DB에서 찾을 수 없어 리뷰를 건너뜁니다.
[2025-09-11T07:34:51.894+0000] {subprocess.py:93} INFO - 경고: JSON의 '싼타페 Hybrid'에 해당하는 차종을 DB에서 찾을 수 없어 리뷰를 건너뜁니다.
[2025-09-11T07:34:51.894+0000] {subprocess.py:93} INFO - 경고: JSON의 '싼타페 Hybrid'에 해당하는 차종을 DB에서 찾을 수 없어 리뷰를 건너뜁니다.
[2025-09-11T07:34:51.914+0000] {subprocess.py:93} INFO - 경고: JSON의 '포터 II Electric'에 해당하는 차종을 DB에서 찾을 수 없어 리뷰를 건너뜁니다.
[2025-09-11T07:34:51.965+0000] {subprocess.py:93} INFO - 경고: JSON의 '싼타페 Hybrid'에 해당하는 차종을 DB에서 찾을 수 없어 리뷰를 건너뜁니다.
[2025-09-11T07:34:51.966+0000] {subprocess.py:93} INFO - 경고: JSON의 '싼타페'에 해당하는 차종을 DB에서 찾을 수 없어 리뷰를 건너뜁니다.
[2025-09-11T07:34:51.969+0000] {subprocess.py:93} INFO - 경고: JSON의 '싼타페 Hybrid'에 해당하는 차종을 DB에서 찾을 수 없어 리뷰를 건너뜁니다.
[2025-09-11T07:34:51.987+0000] {subprocess.py:93} INFO - 경고: JSON의 '싼타페 Hybrid'에 해당하는 차종을 DB에서 찾을 수 없어 리뷰를 건너뜁니다.
[2025-09-11T07:34:51.995+0000] {subprocess.py:93} INFO - 경고: JSON의 '포터 II'에 해당하는 차종을 DB에서 찾을 수 없어 리뷰를 건너뜁니다.
[2025-09-11T07:34:52.006+0000] {subprocess.py:93} INFO - 경고: JSON의 '싼타페 Hybrid'에 해당하는 차종을 DB에서 찾을 수 없어 리뷰를 건너뜁니다.
[2025-09-11T07:34:52.018+0000] {subprocess.py:93} INFO - 경고: JSON의 '싼타페'에 해당하는 차종을 DB에서 찾을 수 없어 리뷰를 건너뜁니다.
[2025-09-11T07:34:52.019+0000] {subprocess.py:93} INFO - 경고: JSON의 '싼타페 Hybrid'에 해당하는 차종을 DB에서 찾을 수 없어 리뷰를 건너뜁니다.
[2025-09-11T07:34:52.027+0000] {subprocess.py:93} INFO - 경고: JSON의 '싼타페 Hybrid'에 해당하는 차종을 DB에서 찾을 수 없어 리뷰를 건너뜁니다.
[2025-09-11T07:34:52.027+0000] {subprocess.py:93} INFO - 경고: JSON의 '포터 II'에 해당하는 차종을 DB에서 찾을 수 없어 리뷰를 건너뜁니다.
[2025-09-11T07:34:52.028+0000] {subprocess.py:93} INFO - 경고: JSON의 '싼타페 Hybrid'에 해당하는 차종을 DB에서 찾을 수 없어 리뷰를 건너뜁니다.
[2025-09-11T07:34:52.028+0000] {subprocess.py:93} INFO - 경고: JSON의 '싼타페 Hybrid'에 해당하는 차종을 DB에서 찾을 수 없어 리뷰를 건너뜁니다.
[2025-09-11T07:34:52.035+0000] {subprocess.py:93} INFO - 경고: JSON의 '싼타페 Hybrid'에 해당하는 차종을 DB에서 찾을 수 없어 리뷰를 건너뜁니다.
[2025-09-11T07:34:52.043+0000] {subprocess.py:93} INFO - 경고: JSON의 '싼타페 Hybrid'에 해당하는 차종을 DB에서 찾을 수 없어 리뷰를 건너뜁니다.
[2025-09-11T07:34:52.047+0000] {subprocess.py:93} INFO - 경고: JSON의 '싼타페 Hybrid'에 해당하는 차종을 DB에서 찾을 수 없어 리뷰를 건너뜁니다.
[2025-09-11T07:34:52.048+0000] {subprocess.py:93} INFO - 경고: JSON의 '싼타페 Hybrid'에 해당하는 차종을 DB에서 찾을 수 없어 리뷰를 건너뜁니다.
[2025-09-11T07:34:52.055+0000] {subprocess.py:93} INFO - 경고: JSON의 '싼타페 Hybrid'에 해당하는 차종을 DB에서 찾을 수 없어 리뷰를 건너뜁니다.
[2025-09-11T07:34:52.066+0000] {subprocess.py:93} INFO - 경고: JSON의 '싼타페 Hybrid'에 해당하는 차종을 DB에서 찾을 수 없어 리뷰를 건너뜁니다.
[2025-09-11T07:34:52.077+0000] {subprocess.py:93} INFO - 경고: JSON의 '싼타페 Hybrid'에 해당하는 차종을 DB에서 찾을 수 없어 리뷰를 건너뜁니다.
[2025-09-11T07:34:52.085+0000] {subprocess.py:93} INFO - 경고: JSON의 '싼타페 Hybrid'에 해당하는 차종을 DB에서 찾을 수 없어 리뷰를 건너뜁니다.
[2025-09-11T07:34:52.085+0000] {subprocess.py:93} INFO - 경고: JSON의 '쏘나타 택시'에 해당하는 차종을 DB에서 찾을 수 없어 리뷰를 건너뜁니다.
[2025-09-11T07:34:52.127+0000] {subprocess.py:93} INFO - 경고: JSON의 '싼타페 Hybrid'에 해당하는 차종을 DB에서 찾을 수 없어 리뷰를 건너뜁니다.
[2025-09-11T07:34:52.139+0000] {subprocess.py:93} INFO - 경고: JSON의 '싼타페 Hybrid'에 해당하는 차종을 DB에서 찾을 수 없어 리뷰를 건너뜁니다.
[2025-09-11T07:34:52.139+0000] {subprocess.py:93} INFO - 경고: JSON의 '싼타페 Hybrid'에 해당하는 차종을 DB에서 찾을 수 없어 리뷰를 건너뜁니다.
[2025-09-11T07:34:52.139+0000] {subprocess.py:93} INFO - 경고: JSON의 '싼타페 Hybrid'에 해당하는 차종을 DB에서 찾을 수 없어 리뷰를 건너뜁니다.
[2025-09-11T07:34:52.147+0000] {subprocess.py:93} INFO - 경고: JSON의 '싼타페 Hybrid'에 해당하는 차종을 DB에서 찾을 수 없어 리뷰를 건너뜁니다.
[2025-09-11T07:34:52.162+0000] {subprocess.py:93} INFO - 경고: JSON의 '싼타페 Hybrid'에 해당하는 차종을 DB에서 찾을 수 없어 리뷰를 건너뜁니다.
[2025-09-11T07:34:52.166+0000] {subprocess.py:93} INFO - 경고: JSON의 '싼타페 Hybrid'에 해당하는 차종을 DB에서 찾을 수 없어 리뷰를 건너뜁니다.
[2025-09-11T07:34:52.174+0000] {subprocess.py:93} INFO - 경고: JSON의 '싼타페 Hybrid'에 해당하는 차종을 DB에서 찾을 수 없어 리뷰를 건너뜁니다.
[2025-09-11T07:34:52.191+0000] {subprocess.py:93} INFO - 경고: JSON의 '싼타페 Hybrid'에 해당하는 차종을 DB에서 찾을 수 없어 리뷰를 건너뜁니다.
[2025-09-11T07:34:52.203+0000] {subprocess.py:93} INFO - 경고: JSON의 '싼타페 Hybrid'에 해당하는 차종을 DB에서 찾을 수 없어 리뷰를 건너뜁니다.
[2025-09-11T07:34:52.207+0000] {subprocess.py:93} INFO - 경고: JSON의 '싼타페 Hybrid'에 해당하는 차종을 DB에서 찾을 수 없어 리뷰를 건너뜁니다.
[2025-09-11T07:34:52.207+0000] {subprocess.py:93} INFO - 경고: JSON의 '싼타페 Hybrid'에 해당하는 차종을 DB에서 찾을 수 없어 리뷰를 건너뜁니다.
[2025-09-11T07:34:52.224+0000] {subprocess.py:93} INFO - 경고: JSON의 '싼타페 Hybrid'에 해당하는 차종을 DB에서 찾을 수 없어 리뷰를 건너뜁니다.
[2025-09-11T07:34:52.232+0000] {subprocess.py:93} INFO - 경고: JSON의 '쏘나타 택시'에 해당하는 차종을 DB에서 찾을 수 없어 리뷰를 건너뜁니다.
[2025-09-11T07:34:52.236+0000] {subprocess.py:93} INFO - 경고: JSON의 '싼타페 Hybrid'에 해당하는 차종을 DB에서 찾을 수 없어 리뷰를 건너뜁니다.
[2025-09-11T07:34:52.236+0000] {subprocess.py:93} INFO - 경고: JSON의 '싼타페 Hybrid'에 해당하는 차종을 DB에서 찾을 수 없어 리뷰를 건너뜁니다.
[2025-09-11T07:34:52.236+0000] {subprocess.py:93} INFO - 경고: JSON의 '싼타페'에 해당하는 차종을 DB에서 찾을 수 없어 리뷰를 건너뜁니다.
[2025-09-11T07:34:52.247+0000] {subprocess.py:93} INFO - 경고: JSON의 '싼타페 Hybrid'에 해당하는 차종을 DB에서 찾을 수 없어 리뷰를 건너뜁니다.
[2025-09-11T07:34:52.254+0000] {subprocess.py:93} INFO - 경고: JSON의 '싼타페 Hybrid'에 해당하는 차종을 DB에서 찾을 수 없어 리뷰를 건너뜁니다.
[2025-09-11T07:34:52.270+0000] {subprocess.py:93} INFO - 경고: JSON의 '싼타페 Hybrid'에 해당하는 차종을 DB에서 찾을 수 없어 리뷰를 건너뜁니다.
[2025-09-11T07:34:52.270+0000] {subprocess.py:93} INFO - 경고: JSON의 '싼타페 Hybrid'에 해당하는 차종을 DB에서 찾을 수 없어 리뷰를 건너뜁니다.
[2025-09-11T07:34:52.299+0000] {subprocess.py:93} INFO - 경고: JSON의 '싼타페 Hybrid'에 해당하는 차종을 DB에서 찾을 수 없어 리뷰를 건너뜁니다.
[2025-09-11T07:34:52.299+0000] {subprocess.py:93} INFO - 경고: JSON의 '싼타페'에 해당하는 차종을 DB에서 찾을 수 없어 리뷰를 건너뜁니다.
[2025-09-11T07:34:52.310+0000] {subprocess.py:93} INFO - 경고: JSON의 '싼타페 Hybrid'에 해당하는 차종을 DB에서 찾을 수 없어 리뷰를 건너뜁니다.
[2025-09-11T07:34:52.341+0000] {subprocess.py:93} INFO - 경고: JSON의 '싼타페 Hybrid'에 해당하는 차종을 DB에서 찾을 수 없어 리뷰를 건너뜁니다.
[2025-09-11T07:34:52.377+0000] {subprocess.py:93} INFO - 경고: JSON의 '싼타페 Hybrid'에 해당하는 차종을 DB에서 찾을 수 없어 리뷰를 건너뜁니다.
[2025-09-11T07:34:52.380+0000] {subprocess.py:93} INFO - 경고: JSON의 '싼타페 Hybrid'에 해당하는 차종을 DB에서 찾을 수 없어 리뷰를 건너뜁니다.
[2025-09-11T07:34:52.381+0000] {subprocess.py:93} INFO - 경고: JSON의 '싼타페 Hybrid'에 해당하는 차종을 DB에서 찾을 수 없어 리뷰를 건너뜁니다.
[2025-09-11T07:34:52.381+0000] {subprocess.py:93} INFO - 경고: JSON의 '포터 II Electric'에 해당하는 차종을 DB에서 찾을 수 없어 리뷰를 건너뜁니다.
[2025-09-11T07:34:52.389+0000] {subprocess.py:93} INFO - 경고: JSON의 '싼타페 Hybrid'에 해당하는 차종을 DB에서 찾을 수 없어 리뷰를 건너뜁니다.
[2025-09-11T07:34:52.389+0000] {subprocess.py:93} INFO - 경고: JSON의 '싼타페 Hybrid'에 해당하는 차종을 DB에서 찾을 수 없어 리뷰를 건너뜁니다.
[2025-09-11T07:34:52.398+0000] {subprocess.py:93} INFO - 경고: JSON의 '싼타페 Hybrid'에 해당하는 차종을 DB에서 찾을 수 없어 리뷰를 건너뜁니다.
[2025-09-11T07:34:52.421+0000] {subprocess.py:93} INFO - 경고: JSON의 '싼타페'에 해당하는 차종을 DB에서 찾을 수 없어 리뷰를 건너뜁니다.
[2025-09-11T07:34:52.421+0000] {subprocess.py:93} INFO - 경고: JSON의 '싼타페'에 해당하는 차종을 DB에서 찾을 수 없어 리뷰를 건너뜁니다.
[2025-09-11T07:34:52.425+0000] {subprocess.py:93} INFO - 경고: JSON의 '싼타페 Hybrid'에 해당하는 차종을 DB에서 찾을 수 없어 리뷰를 건너뜁니다.
[2025-09-11T07:34:52.425+0000] {subprocess.py:93} INFO - 경고: JSON의 '싼타페'에 해당하는 차종을 DB에서 찾을 수 없어 리뷰를 건너뜁니다.
[2025-09-11T07:34:52.432+0000] {subprocess.py:93} INFO - 경고: JSON의 '싼타페 Hybrid'에 해당하는 차종을 DB에서 찾을 수 없어 리뷰를 건너뜁니다.
[2025-09-11T07:34:52.452+0000] {subprocess.py:93} INFO - 경고: JSON의 '싼타페'에 해당하는 차종을 DB에서 찾을 수 없어 리뷰를 건너뜁니다.
[2025-09-11T07:34:52.464+0000] {subprocess.py:93} INFO - 경고: JSON의 '싼타페 Hybrid'에 해당하는 차종을 DB에서 찾을 수 없어 리뷰를 건너뜁니다.
[2025-09-11T07:34:52.473+0000] {subprocess.py:93} INFO - 경고: JSON의 '싼타페 Hybrid'에 해당하는 차종을 DB에서 찾을 수 없어 리뷰를 건너뜁니다.
[2025-09-11T07:34:52.473+0000] {subprocess.py:93} INFO - 경고: JSON의 '싼타페 Hybrid'에 해당하는 차종을 DB에서 찾을 수 없어 리뷰를 건너뜁니다.
[2025-09-11T07:34:52.514+0000] {subprocess.py:93} INFO - 경고: JSON의 '싼타페 Hybrid'에 해당하는 차종을 DB에서 찾을 수 없어 리뷰를 건너뜁니다.
[2025-09-11T07:34:52.518+0000] {subprocess.py:93} INFO - 경고: JSON의 '싼타페 Hybrid'에 해당하는 차종을 DB에서 찾을 수 없어 리뷰를 건너뜁니다.
[2025-09-11T07:34:52.545+0000] {subprocess.py:93} INFO - 경고: JSON의 '싼타페 Hybrid'에 해당하는 차종을 DB에서 찾을 수 없어 리뷰를 건너뜁니다.
[2025-09-11T07:34:52.549+0000] {subprocess.py:93} INFO - 경고: JSON의 '싼타페 Hybrid'에 해당하는 차종을 DB에서 찾을 수 없어 리뷰를 건너뜁니다.
[2025-09-11T07:34:52.549+0000] {subprocess.py:93} INFO - 경고: JSON의 '싼타페 Hybrid'에 해당하는 차종을 DB에서 찾을 수 없어 리뷰를 건너뜁니다.
[2025-09-11T07:34:52.554+0000] {subprocess.py:93} INFO - 경고: JSON의 '싼타페 Hybrid'에 해당하는 차종을 DB에서 찾을 수 없어 리뷰를 건너뜁니다.
[2025-09-11T07:34:52.557+0000] {subprocess.py:93} INFO - 경고: JSON의 '싼타페'에 해당하는 차종을 DB에서 찾을 수 없어 리뷰를 건너뜁니다.
[2025-09-11T07:34:52.558+0000] {subprocess.py:93} INFO - 경고: JSON의 '싼타페 Hybrid'에 해당하는 차종을 DB에서 찾을 수 없어 리뷰를 건너뜁니다.
[2025-09-11T07:34:52.572+0000] {subprocess.py:93} INFO - 경고: JSON의 '포터 II 특장차'에 해당하는 차종을 DB에서 찾을 수 없어 리뷰를 건너뜁니다.
[2025-09-11T07:34:52.572+0000] {subprocess.py:93} INFO - 경고: JSON의 '싼타페 Hybrid'에 해당하는 차종을 DB에서 찾을 수 없어 리뷰를 건너뜁니다.
[2025-09-11T07:34:52.598+0000] {subprocess.py:93} INFO - 경고: JSON의 '싼타페 Hybrid'에 해당하는 차종을 DB에서 찾을 수 없어 리뷰를 건너뜁니다.
[2025-09-11T07:34:52.601+0000] {subprocess.py:93} INFO - 경고: JSON의 '싼타페 Hybrid'에 해당하는 차종을 DB에서 찾을 수 없어 리뷰를 건너뜁니다.
[2025-09-11T07:34:52.612+0000] {subprocess.py:93} INFO - 경고: JSON의 '싼타페 Hybrid'에 해당하는 차종을 DB에서 찾을 수 없어 리뷰를 건너뜁니다.
[2025-09-11T07:34:52.632+0000] {subprocess.py:93} INFO - 경고: JSON의 '싼타페 Hybrid'에 해당하는 차종을 DB에서 찾을 수 없어 리뷰를 건너뜁니다.
[2025-09-11T07:34:52.636+0000] {subprocess.py:93} INFO - 경고: JSON의 '싼타페 Hybrid'에 해당하는 차종을 DB에서 찾을 수 없어 리뷰를 건너뜁니다.
[2025-09-11T07:34:52.640+0000] {subprocess.py:93} INFO - 경고: JSON의 '싼타페 Hybrid'에 해당하는 차종을 DB에서 찾을 수 없어 리뷰를 건너뜁니다.
[2025-09-11T07:34:52.647+0000] {subprocess.py:93} INFO - 경고: JSON의 '싼타페 Hybrid'에 해당하는 차종을 DB에서 찾을 수 없어 리뷰를 건너뜁니다.
[2025-09-11T07:34:52.659+0000] {subprocess.py:93} INFO - 경고: JSON의 '포터 II Electric'에 해당하는 차종을 DB에서 찾을 수 없어 리뷰를 건너뜁니다.
[2025-09-11T07:34:52.689+0000] {subprocess.py:93} INFO - 경고: JSON의 '싼타페'에 해당하는 차종을 DB에서 찾을 수 없어 리뷰를 건너뜁니다.
[2025-09-11T07:34:52.696+0000] {subprocess.py:93} INFO - 경고: JSON의 '싼타페'에 해당하는 차종을 DB에서 찾을 수 없어 리뷰를 건너뜁니다.
[2025-09-11T07:34:52.720+0000] {subprocess.py:93} INFO - 경고: JSON의 '싼타페 Hybrid'에 해당하는 차종을 DB에서 찾을 수 없어 리뷰를 건너뜁니다.
[2025-09-11T07:34:52.720+0000] {subprocess.py:93} INFO - 경고: JSON의 '싼타페 Hybrid'에 해당하는 차종을 DB에서 찾을 수 없어 리뷰를 건너뜁니다.
[2025-09-11T07:34:52.731+0000] {subprocess.py:93} INFO - 경고: JSON의 '싼타페 Hybrid'에 해당하는 차종을 DB에서 찾을 수 없어 리뷰를 건너뜁니다.
[2025-09-11T07:34:52.732+0000] {subprocess.py:93} INFO - 경고: JSON의 '싼타페 Hybrid'에 해당하는 차종을 DB에서 찾을 수 없어 리뷰를 건너뜁니다.
[2025-09-11T07:34:52.747+0000] {subprocess.py:93} INFO - 경고: JSON의 '싼타페'에 해당하는 차종을 DB에서 찾을 수 없어 리뷰를 건너뜁니다.
[2025-09-11T07:34:52.748+0000] {subprocess.py:93} INFO - 경고: JSON의 '싼타페 Hybrid'에 해당하는 차종을 DB에서 찾을 수 없어 리뷰를 건너뜁니다.
[2025-09-11T07:34:52.759+0000] {subprocess.py:93} INFO - 경고: JSON의 '싼타페 Hybrid'에 해당하는 차종을 DB에서 찾을 수 없어 리뷰를 건너뜁니다.
[2025-09-11T07:34:52.773+0000] {subprocess.py:93} INFO - 경고: JSON의 '포터 II'에 해당하는 차종을 DB에서 찾을 수 없어 리뷰를 건너뜁니다.
[2025-09-11T07:34:52.799+0000] {subprocess.py:93} INFO - 경고: JSON의 '싼타페 Hybrid'에 해당하는 차종을 DB에서 찾을 수 없어 리뷰를 건너뜁니다.
[2025-09-11T07:34:52.800+0000] {subprocess.py:93} INFO - 경고: JSON의 '싼타페 Hybrid'에 해당하는 차종을 DB에서 찾을 수 없어 리뷰를 건너뜁니다.
[2025-09-11T07:34:52.824+0000] {subprocess.py:93} INFO - 경고: JSON의 '싼타페 Hybrid'에 해당하는 차종을 DB에서 찾을 수 없어 리뷰를 건너뜁니다.
[2025-09-11T07:34:52.825+0000] {subprocess.py:93} INFO - 경고: JSON의 '싼타페 Hybrid'에 해당하는 차종을 DB에서 찾을 수 없어 리뷰를 건너뜁니다.
[2025-09-11T07:34:52.825+0000] {subprocess.py:93} INFO - 경고: JSON의 '포터 II Electric 특장차'에 해당하는 차종을 DB에서 찾을 수 없어 리뷰를 건너뜁니다.
[2025-09-11T07:34:52.832+0000] {subprocess.py:93} INFO - 경고: JSON의 '싼타페 Hybrid'에 해당하는 차종을 DB에서 찾을 수 없어 리뷰를 건너뜁니다.
[2025-09-11T07:34:52.836+0000] {subprocess.py:93} INFO - 경고: JSON의 '쏘나타 택시'에 해당하는 차종을 DB에서 찾을 수 없어 리뷰를 건너뜁니다.
[2025-09-11T07:34:52.839+0000] {subprocess.py:93} INFO - 경고: JSON의 '싼타페 Hybrid'에 해당하는 차종을 DB에서 찾을 수 없어 리뷰를 건너뜁니다.
[2025-09-11T07:34:52.840+0000] {subprocess.py:93} INFO - 경고: JSON의 '싼타페'에 해당하는 차종을 DB에서 찾을 수 없어 리뷰를 건너뜁니다.
[2025-09-11T07:34:52.843+0000] {subprocess.py:93} INFO - 경고: JSON의 '싼타페 Hybrid'에 해당하는 차종을 DB에서 찾을 수 없어 리뷰를 건너뜁니다.
[2025-09-11T07:34:52.844+0000] {subprocess.py:93} INFO - 경고: JSON의 '싼타페 Hybrid'에 해당하는 차종을 DB에서 찾을 수 없어 리뷰를 건너뜁니다.
[2025-09-11T07:34:52.844+0000] {subprocess.py:93} INFO - 경고: JSON의 '싼타페'에 해당하는 차종을 DB에서 찾을 수 없어 리뷰를 건너뜁니다.
[2025-09-11T07:34:52.902+0000] {subprocess.py:93} INFO - 경고: JSON의 '싼타페 Hybrid'에 해당하는 차종을 DB에서 찾을 수 없어 리뷰를 건너뜁니다.
[2025-09-11T07:34:52.903+0000] {subprocess.py:93} INFO - 경고: JSON의 '싼타페 Hybrid'에 해당하는 차종을 DB에서 찾을 수 없어 리뷰를 건너뜁니다.
[2025-09-11T07:34:52.906+0000] {subprocess.py:93} INFO - 경고: JSON의 '싼타페 Hybrid'에 해당하는 차종을 DB에서 찾을 수 없어 리뷰를 건너뜁니다.
[2025-09-11T07:34:52.916+0000] {subprocess.py:93} INFO - 경고: JSON의 '포터 II Electric 특장차'에 해당하는 차종을 DB에서 찾을 수 없어 리뷰를 건너뜁니다.
[2025-09-11T07:34:52.916+0000] {subprocess.py:93} INFO - 경고: JSON의 '싼타페 Hybrid'에 해당하는 차종을 DB에서 찾을 수 없어 리뷰를 건너뜁니다.
[2025-09-11T07:34:52.952+0000] {subprocess.py:93} INFO - 경고: JSON의 '싼타페 Hybrid'에 해당하는 차종을 DB에서 찾을 수 없어 리뷰를 건너뜁니다.
[2025-09-11T07:34:52.953+0000] {subprocess.py:93} INFO - 경고: JSON의 '싼타페'에 해당하는 차종을 DB에서 찾을 수 없어 리뷰를 건너뜁니다.
[2025-09-11T07:34:52.971+0000] {subprocess.py:93} INFO - 경고: JSON의 '싼타페 Hybrid'에 해당하는 차종을 DB에서 찾을 수 없어 리뷰를 건너뜁니다.
[2025-09-11T07:34:52.993+0000] {subprocess.py:93} INFO - 경고: JSON의 '포터 II'에 해당하는 차종을 DB에서 찾을 수 없어 리뷰를 건너뜁니다.
[2025-09-11T07:34:53.002+0000] {subprocess.py:93} INFO - 경고: JSON의 '싼타페 Hybrid'에 해당하는 차종을 DB에서 찾을 수 없어 리뷰를 건너뜁니다.
[2025-09-11T07:34:53.008+0000] {subprocess.py:93} INFO - 경고: JSON의 '싼타페 Hybrid'에 해당하는 차종을 DB에서 찾을 수 없어 리뷰를 건너뜁니다.
[2025-09-11T07:34:53.008+0000] {subprocess.py:93} INFO - 경고: JSON의 '싼타페 Hybrid'에 해당하는 차종을 DB에서 찾을 수 없어 리뷰를 건너뜁니다.
[2025-09-11T07:34:53.022+0000] {subprocess.py:93} INFO - 경고: JSON의 '싼타페 Hybrid'에 해당하는 차종을 DB에서 찾을 수 없어 리뷰를 건너뜁니다.
[2025-09-11T07:34:53.034+0000] {subprocess.py:93} INFO - 경고: JSON의 '싼타페 Hybrid'에 해당하는 차종을 DB에서 찾을 수 없어 리뷰를 건너뜁니다.
[2025-09-11T07:34:53.038+0000] {subprocess.py:93} INFO - 경고: JSON의 '싼타페 Hybrid'에 해당하는 차종을 DB에서 찾을 수 없어 리뷰를 건너뜁니다.
[2025-09-11T07:34:53.039+0000] {subprocess.py:93} INFO - 경고: JSON의 '싼타페 Hybrid'에 해당하는 차종을 DB에서 찾을 수 없어 리뷰를 건너뜁니다.
[2025-09-11T07:34:53.043+0000] {subprocess.py:93} INFO - 경고: JSON의 '싼타페'에 해당하는 차종을 DB에서 찾을 수 없어 리뷰를 건너뜁니다.
[2025-09-11T07:34:53.043+0000] {subprocess.py:93} INFO - 경고: JSON의 '싼타페 Hybrid'에 해당하는 차종을 DB에서 찾을 수 없어 리뷰를 건너뜁니다.
[2025-09-11T07:34:53.047+0000] {subprocess.py:93} INFO - 경고: JSON의 '싼타페 Hybrid'에 해당하는 차종을 DB에서 찾을 수 없어 리뷰를 건너뜁니다.
[2025-09-11T07:34:53.047+0000] {subprocess.py:93} INFO - 경고: JSON의 '싼타페 Hybrid'에 해당하는 차종을 DB에서 찾을 수 없어 리뷰를 건너뜁니다.
[2025-09-11T07:34:53.063+0000] {subprocess.py:93} INFO - 경고: JSON의 '싼타페 Hybrid'에 해당하는 차종을 DB에서 찾을 수 없어 리뷰를 건너뜁니다.
[2025-09-11T07:34:53.076+0000] {subprocess.py:93} INFO - 경고: JSON의 '싼타페 Hybrid'에 해당하는 차종을 DB에서 찾을 수 없어 리뷰를 건너뜁니다.
[2025-09-11T07:34:53.091+0000] {subprocess.py:93} INFO - 경고: JSON의 '싼타페 Hybrid'에 해당하는 차종을 DB에서 찾을 수 없어 리뷰를 건너뜁니다.
[2025-09-11T07:34:53.092+0000] {subprocess.py:93} INFO - 경고: JSON의 '싼타페 Hybrid'에 해당하는 차종을 DB에서 찾을 수 없어 리뷰를 건너뜁니다.
[2025-09-11T07:34:53.100+0000] {subprocess.py:93} INFO - 경고: JSON의 '싼타페'에 해당하는 차종을 DB에서 찾을 수 없어 리뷰를 건너뜁니다.
[2025-09-11T07:34:53.101+0000] {subprocess.py:93} INFO - 경고: JSON의 '싼타페 Hybrid'에 해당하는 차종을 DB에서 찾을 수 없어 리뷰를 건너뜁니다.
[2025-09-11T07:34:53.102+0000] {subprocess.py:93} INFO - 경고: JSON의 '싼타페 Hybrid'에 해당하는 차종을 DB에서 찾을 수 없어 리뷰를 건너뜁니다.
[2025-09-11T07:34:53.117+0000] {subprocess.py:93} INFO - 경고: JSON의 '싼타페 Hybrid'에 해당하는 차종을 DB에서 찾을 수 없어 리뷰를 건너뜁니다.
[2025-09-11T07:34:53.130+0000] {subprocess.py:93} INFO - 경고: JSON의 '싼타페 Hybrid'에 해당하는 차종을 DB에서 찾을 수 없어 리뷰를 건너뜁니다.
[2025-09-11T07:34:53.175+0000] {subprocess.py:93} INFO - 경고: JSON의 '싼타페 Hybrid'에 해당하는 차종을 DB에서 찾을 수 없어 리뷰를 건너뜁니다.
[2025-09-11T07:34:53.183+0000] {subprocess.py:93} INFO - 경고: JSON의 '포터 II'에 해당하는 차종을 DB에서 찾을 수 없어 리뷰를 건너뜁니다.
[2025-09-11T07:34:53.190+0000] {subprocess.py:93} INFO - 경고: JSON의 '싼타페'에 해당하는 차종을 DB에서 찾을 수 없어 리뷰를 건너뜁니다.
[2025-09-11T07:34:53.216+0000] {subprocess.py:93} INFO - 경고: JSON의 '싼타페 Hybrid'에 해당하는 차종을 DB에서 찾을 수 없어 리뷰를 건너뜁니다.
[2025-09-11T07:34:53.233+0000] {subprocess.py:93} INFO - 경고: JSON의 '싼타페 Hybrid'에 해당하는 차종을 DB에서 찾을 수 없어 리뷰를 건너뜁니다.
[2025-09-11T07:34:53.279+0000] {subprocess.py:93} INFO - 경고: JSON의 '싼타페'에 해당하는 차종을 DB에서 찾을 수 없어 리뷰를 건너뜁니다.
[2025-09-11T07:34:53.286+0000] {subprocess.py:93} INFO - 경고: JSON의 '포터 II 특장차'에 해당하는 차종을 DB에서 찾을 수 없어 리뷰를 건너뜁니다.
[2025-09-11T07:34:53.287+0000] {subprocess.py:93} INFO - 경고: JSON의 '싼타페 Hybrid'에 해당하는 차종을 DB에서 찾을 수 없어 리뷰를 건너뜁니다.
[2025-09-11T07:34:53.310+0000] {subprocess.py:93} INFO - 경고: JSON의 '싼타페 Hybrid'에 해당하는 차종을 DB에서 찾을 수 없어 리뷰를 건너뜁니다.
[2025-09-11T07:34:53.321+0000] {subprocess.py:93} INFO - 경고: JSON의 '싼타페 Hybrid'에 해당하는 차종을 DB에서 찾을 수 없어 리뷰를 건너뜁니다.
[2025-09-11T07:34:53.335+0000] {subprocess.py:93} INFO - 경고: JSON의 '포터 II Electric'에 해당하는 차종을 DB에서 찾을 수 없어 리뷰를 건너뜁니다.
[2025-09-11T07:34:53.373+0000] {subprocess.py:93} INFO - 경고: JSON의 '싼타페 Hybrid'에 해당하는 차종을 DB에서 찾을 수 없어 리뷰를 건너뜁니다.
[2025-09-11T07:34:53.373+0000] {subprocess.py:93} INFO - 경고: JSON의 '싼타페 Hybrid'에 해당하는 차종을 DB에서 찾을 수 없어 리뷰를 건너뜁니다.
[2025-09-11T07:34:53.383+0000] {subprocess.py:93} INFO - 경고: JSON의 '싼타페 Hybrid'에 해당하는 차종을 DB에서 찾을 수 없어 리뷰를 건너뜁니다.
[2025-09-11T07:34:53.390+0000] {subprocess.py:93} INFO - 경고: JSON의 '싼타페 Hybrid'에 해당하는 차종을 DB에서 찾을 수 없어 리뷰를 건너뜁니다.
[2025-09-11T07:34:53.397+0000] {subprocess.py:93} INFO - 경고: JSON의 '싼타페 Hybrid'에 해당하는 차종을 DB에서 찾을 수 없어 리뷰를 건너뜁니다.
[2025-09-11T07:34:53.397+0000] {subprocess.py:93} INFO - 경고: JSON의 '싼타페 Hybrid'에 해당하는 차종을 DB에서 찾을 수 없어 리뷰를 건너뜁니다.
[2025-09-11T07:34:53.400+0000] {subprocess.py:93} INFO - 경고: JSON의 '싼타페 Hybrid'에 해당하는 차종을 DB에서 찾을 수 없어 리뷰를 건너뜁니다.
[2025-09-11T07:34:53.411+0000] {subprocess.py:93} INFO - 경고: JSON의 '싼타페 Hybrid'에 해당하는 차종을 DB에서 찾을 수 없어 리뷰를 건너뜁니다.
[2025-09-11T07:34:53.414+0000] {subprocess.py:93} INFO - 경고: JSON의 '싼타페 Hybrid'에 해당하는 차종을 DB에서 찾을 수 없어 리뷰를 건너뜁니다.
[2025-09-11T07:34:53.421+0000] {subprocess.py:93} INFO - 경고: JSON의 '싼타페 Hybrid'에 해당하는 차종을 DB에서 찾을 수 없어 리뷰를 건너뜁니다.
[2025-09-11T07:34:53.428+0000] {subprocess.py:93} INFO - 경고: JSON의 '싼타페'에 해당하는 차종을 DB에서 찾을 수 없어 리뷰를 건너뜁니다.
[2025-09-11T07:34:53.428+0000] {subprocess.py:93} INFO - 경고: JSON의 '싼타페'에 해당하는 차종을 DB에서 찾을 수 없어 리뷰를 건너뜁니다.
[2025-09-11T07:34:53.446+0000] {subprocess.py:93} INFO - 경고: JSON의 '포터 II'에 해당하는 차종을 DB에서 찾을 수 없어 리뷰를 건너뜁니다.
[2025-09-11T07:34:53.446+0000] {subprocess.py:93} INFO - 경고: JSON의 '싼타페 Hybrid'에 해당하는 차종을 DB에서 찾을 수 없어 리뷰를 건너뜁니다.
[2025-09-11T07:34:53.447+0000] {subprocess.py:93} INFO - 경고: JSON의 '싼타페'에 해당하는 차종을 DB에서 찾을 수 없어 리뷰를 건너뜁니다.
[2025-09-11T07:34:53.447+0000] {subprocess.py:93} INFO - 경고: JSON의 '싼타페'에 해당하는 차종을 DB에서 찾을 수 없어 리뷰를 건너뜁니다.
[2025-09-11T07:34:53.447+0000] {subprocess.py:93} INFO - 경고: JSON의 '싼타페 Hybrid'에 해당하는 차종을 DB에서 찾을 수 없어 리뷰를 건너뜁니다.
[2025-09-11T07:34:53.448+0000] {subprocess.py:93} INFO - 경고: JSON의 '싼타페'에 해당하는 차종을 DB에서 찾을 수 없어 리뷰를 건너뜁니다.
[2025-09-11T07:34:53.454+0000] {subprocess.py:93} INFO - 경고: JSON의 '싼타페'에 해당하는 차종을 DB에서 찾을 수 없어 리뷰를 건너뜁니다.
[2025-09-11T07:34:53.474+0000] {subprocess.py:93} INFO - 경고: JSON의 '싼타페 Hybrid'에 해당하는 차종을 DB에서 찾을 수 없어 리뷰를 건너뜁니다.
[2025-09-11T07:34:53.475+0000] {subprocess.py:93} INFO - 경고: JSON의 '싼타페 Hybrid'에 해당하는 차종을 DB에서 찾을 수 없어 리뷰를 건너뜁니다.
[2025-09-11T07:34:53.479+0000] {subprocess.py:93} INFO - 경고: JSON의 '싼타페 Hybrid'에 해당하는 차종을 DB에서 찾을 수 없어 리뷰를 건너뜁니다.
[2025-09-11T07:34:53.480+0000] {subprocess.py:93} INFO - 경고: JSON의 '싼타페 Hybrid'에 해당하는 차종을 DB에서 찾을 수 없어 리뷰를 건너뜁니다.
[2025-09-11T07:34:53.480+0000] {subprocess.py:93} INFO - 경고: JSON의 '싼타페 Hybrid'에 해당하는 차종을 DB에서 찾을 수 없어 리뷰를 건너뜁니다.
[2025-09-11T07:34:53.480+0000] {subprocess.py:93} INFO - 경고: JSON의 '싼타페 Hybrid'에 해당하는 차종을 DB에서 찾을 수 없어 리뷰를 건너뜁니다.
[2025-09-11T07:34:53.483+0000] {subprocess.py:93} INFO - 경고: JSON의 '싼타페 Hybrid'에 해당하는 차종을 DB에서 찾을 수 없어 리뷰를 건너뜁니다.
[2025-09-11T07:34:53.484+0000] {subprocess.py:93} INFO - 경고: JSON의 '싼타페 Hybrid'에 해당하는 차종을 DB에서 찾을 수 없어 리뷰를 건너뜁니다.
[2025-09-11T07:34:53.520+0000] {subprocess.py:93} INFO - 경고: JSON의 '싼타페 Hybrid'에 해당하는 차종을 DB에서 찾을 수 없어 리뷰를 건너뜁니다.
[2025-09-11T07:34:53.523+0000] {subprocess.py:93} INFO - 경고: JSON의 '포터 II Electric'에 해당하는 차종을 DB에서 찾을 수 없어 리뷰를 건너뜁니다.
[2025-09-11T07:34:53.527+0000] {subprocess.py:93} INFO - 경고: JSON의 '포터 II Electric'에 해당하는 차종을 DB에서 찾을 수 없어 리뷰를 건너뜁니다.
[2025-09-11T07:34:53.527+0000] {subprocess.py:93} INFO - 경고: JSON의 '포터 II'에 해당하는 차종을 DB에서 찾을 수 없어 리뷰를 건너뜁니다.
[2025-09-11T07:34:53.531+0000] {subprocess.py:93} INFO - 경고: JSON의 '싼타페'에 해당하는 차종을 DB에서 찾을 수 없어 리뷰를 건너뜁니다.
[2025-09-11T07:34:53.538+0000] {subprocess.py:93} INFO - 경고: JSON의 '싼타페 Hybrid'에 해당하는 차종을 DB에서 찾을 수 없어 리뷰를 건너뜁니다.
[2025-09-11T07:34:53.575+0000] {subprocess.py:93} INFO - 경고: JSON의 '싼타페 Hybrid'에 해당하는 차종을 DB에서 찾을 수 없어 리뷰를 건너뜁니다.
[2025-09-11T07:34:53.586+0000] {subprocess.py:93} INFO - 경고: JSON의 '싼타페 Hybrid'에 해당하는 차종을 DB에서 찾을 수 없어 리뷰를 건너뜁니다.
[2025-09-11T07:34:53.614+0000] {subprocess.py:93} INFO - 경고: JSON의 '싼타페 Hybrid'에 해당하는 차종을 DB에서 찾을 수 없어 리뷰를 건너뜁니다.
[2025-09-11T07:34:53.624+0000] {subprocess.py:93} INFO - 경고: JSON의 '싼타페 Hybrid'에 해당하는 차종을 DB에서 찾을 수 없어 리뷰를 건너뜁니다.
[2025-09-11T07:34:53.625+0000] {subprocess.py:93} INFO - 경고: JSON의 '싼타페 Hybrid'에 해당하는 차종을 DB에서 찾을 수 없어 리뷰를 건너뜁니다.
[2025-09-11T07:34:53.631+0000] {subprocess.py:93} INFO - 경고: JSON의 '싼타페'에 해당하는 차종을 DB에서 찾을 수 없어 리뷰를 건너뜁니다.
[2025-09-11T07:34:53.632+0000] {subprocess.py:93} INFO - 경고: JSON의 '싼타페'에 해당하는 차종을 DB에서 찾을 수 없어 리뷰를 건너뜁니다.
[2025-09-11T07:34:53.656+0000] {subprocess.py:93} INFO - 경고: JSON의 '싼타페 Hybrid'에 해당하는 차종을 DB에서 찾을 수 없어 리뷰를 건너뜁니다.
[2025-09-11T07:34:53.656+0000] {subprocess.py:93} INFO - 경고: JSON의 '쏘나타 택시'에 해당하는 차종을 DB에서 찾을 수 없어 리뷰를 건너뜁니다.
[2025-09-11T07:34:53.667+0000] {subprocess.py:93} INFO - 경고: JSON의 '싼타페 Hybrid'에 해당하는 차종을 DB에서 찾을 수 없어 리뷰를 건너뜁니다.
[2025-09-11T07:34:53.679+0000] {subprocess.py:93} INFO - 경고: JSON의 '싼타페'에 해당하는 차종을 DB에서 찾을 수 없어 리뷰를 건너뜁니다.
[2025-09-11T07:34:53.705+0000] {subprocess.py:93} INFO - 경고: JSON의 '싼타페 Hybrid'에 해당하는 차종을 DB에서 찾을 수 없어 리뷰를 건너뜁니다.
[2025-09-11T07:34:53.706+0000] {subprocess.py:93} INFO - 경고: JSON의 '싼타페 Hybrid'에 해당하는 차종을 DB에서 찾을 수 없어 리뷰를 건너뜁니다.
[2025-09-11T07:34:53.706+0000] {subprocess.py:93} INFO - 경고: JSON의 '싼타페 Hybrid'에 해당하는 차종을 DB에서 찾을 수 없어 리뷰를 건너뜁니다.
[2025-09-11T07:34:53.706+0000] {subprocess.py:93} INFO - 경고: JSON의 '싼타페 Hybrid'에 해당하는 차종을 DB에서 찾을 수 없어 리뷰를 건너뜁니다.
[2025-09-11T07:34:53.732+0000] {subprocess.py:93} INFO - 경고: JSON의 '싼타페'에 해당하는 차종을 DB에서 찾을 수 없어 리뷰를 건너뜁니다.
[2025-09-11T07:34:53.736+0000] {subprocess.py:93} INFO - 경고: JSON의 '싼타페'에 해당하는 차종을 DB에서 찾을 수 없어 리뷰를 건너뜁니다.
[2025-09-11T07:34:53.746+0000] {subprocess.py:93} INFO - 경고: JSON의 '싼타페 Hybrid'에 해당하는 차종을 DB에서 찾을 수 없어 리뷰를 건너뜁니다.
[2025-09-11T07:34:53.747+0000] {subprocess.py:93} INFO - 경고: JSON의 '싼타페 Hybrid'에 해당하는 차종을 DB에서 찾을 수 없어 리뷰를 건너뜁니다.
[2025-09-11T07:34:53.753+0000] {subprocess.py:93} INFO - 경고: JSON의 '싼타페 Hybrid'에 해당하는 차종을 DB에서 찾을 수 없어 리뷰를 건너뜁니다.
[2025-09-11T07:34:53.754+0000] {subprocess.py:93} INFO - 경고: JSON의 '포터 II Electric'에 해당하는 차종을 DB에서 찾을 수 없어 리뷰를 건너뜁니다.
[2025-09-11T07:34:53.778+0000] {subprocess.py:93} INFO - 경고: JSON의 '포터 II'에 해당하는 차종을 DB에서 찾을 수 없어 리뷰를 건너뜁니다.
[2025-09-11T07:34:53.803+0000] {subprocess.py:93} INFO - 경고: JSON의 '싼타페 Hybrid'에 해당하는 차종을 DB에서 찾을 수 없어 리뷰를 건너뜁니다.
[2025-09-11T07:34:53.815+0000] {subprocess.py:93} INFO - 경고: JSON의 '싼타페 Hybrid'에 해당하는 차종을 DB에서 찾을 수 없어 리뷰를 건너뜁니다.
[2025-09-11T07:34:53.823+0000] {subprocess.py:93} INFO - 경고: JSON의 '싼타페 Hybrid'에 해당하는 차종을 DB에서 찾을 수 없어 리뷰를 건너뜁니다.
[2025-09-11T07:34:53.839+0000] {subprocess.py:93} INFO - 경고: JSON의 '싼타페 Hybrid'에 해당하는 차종을 DB에서 찾을 수 없어 리뷰를 건너뜁니다.
[2025-09-11T07:34:53.844+0000] {subprocess.py:93} INFO - 경고: JSON의 '싼타페 Hybrid'에 해당하는 차종을 DB에서 찾을 수 없어 리뷰를 건너뜁니다.
[2025-09-11T07:34:53.856+0000] {subprocess.py:93} INFO - 경고: JSON의 '싼타페 Hybrid'에 해당하는 차종을 DB에서 찾을 수 없어 리뷰를 건너뜁니다.
[2025-09-11T07:34:53.874+0000] {subprocess.py:93} INFO - 경고: JSON의 '싼타페 Hybrid'에 해당하는 차종을 DB에서 찾을 수 없어 리뷰를 건너뜁니다.
[2025-09-11T07:34:53.874+0000] {subprocess.py:93} INFO - 경고: JSON의 '싼타페 Hybrid'에 해당하는 차종을 DB에서 찾을 수 없어 리뷰를 건너뜁니다.
[2025-09-11T07:34:53.882+0000] {subprocess.py:93} INFO - 경고: JSON의 '싼타페 Hybrid'에 해당하는 차종을 DB에서 찾을 수 없어 리뷰를 건너뜁니다.
[2025-09-11T07:34:53.890+0000] {subprocess.py:93} INFO - 경고: JSON의 '싼타페 Hybrid'에 해당하는 차종을 DB에서 찾을 수 없어 리뷰를 건너뜁니다.
[2025-09-11T07:34:53.901+0000] {subprocess.py:93} INFO - 경고: JSON의 '싼타페 Hybrid'에 해당하는 차종을 DB에서 찾을 수 없어 리뷰를 건너뜁니다.
[2025-09-11T07:34:53.909+0000] {subprocess.py:93} INFO - 경고: JSON의 '싼타페 Hybrid'에 해당하는 차종을 DB에서 찾을 수 없어 리뷰를 건너뜁니다.
[2025-09-11T07:34:53.912+0000] {subprocess.py:93} INFO - 경고: JSON의 '싼타페 Hybrid'에 해당하는 차종을 DB에서 찾을 수 없어 리뷰를 건너뜁니다.
[2025-09-11T07:34:53.920+0000] {subprocess.py:93} INFO - 경고: JSON의 '싼타페 Hybrid'에 해당하는 차종을 DB에서 찾을 수 없어 리뷰를 건너뜁니다.
[2025-09-11T07:34:53.921+0000] {subprocess.py:93} INFO - 경고: JSON의 '싼타페 Hybrid'에 해당하는 차종을 DB에서 찾을 수 없어 리뷰를 건너뜁니다.
[2025-09-11T07:34:53.922+0000] {subprocess.py:93} INFO - 경고: JSON의 '싼타페'에 해당하는 차종을 DB에서 찾을 수 없어 리뷰를 건너뜁니다.
[2025-09-11T07:34:53.925+0000] {subprocess.py:93} INFO - 경고: JSON의 '싼타페 Hybrid'에 해당하는 차종을 DB에서 찾을 수 없어 리뷰를 건너뜁니다.
[2025-09-11T07:34:53.925+0000] {subprocess.py:93} INFO - 경고: JSON의 '싼타페'에 해당하는 차종을 DB에서 찾을 수 없어 리뷰를 건너뜁니다.
[2025-09-11T07:34:53.925+0000] {subprocess.py:93} INFO - 경고: JSON의 '싼타페 Hybrid'에 해당하는 차종을 DB에서 찾을 수 없어 리뷰를 건너뜁니다.
[2025-09-11T07:34:53.925+0000] {subprocess.py:93} INFO - 경고: JSON의 '싼타페 Hybrid'에 해당하는 차종을 DB에서 찾을 수 없어 리뷰를 건너뜁니다.
[2025-09-11T07:34:53.926+0000] {subprocess.py:93} INFO - 경고: JSON의 '싼타페 Hybrid'에 해당하는 차종을 DB에서 찾을 수 없어 리뷰를 건너뜁니다.
[2025-09-11T07:34:53.933+0000] {subprocess.py:93} INFO - 경고: JSON의 '싼타페 Hybrid'에 해당하는 차종을 DB에서 찾을 수 없어 리뷰를 건너뜁니다.
[2025-09-11T07:34:53.933+0000] {subprocess.py:93} INFO - 경고: JSON의 '싼타페 Hybrid'에 해당하는 차종을 DB에서 찾을 수 없어 리뷰를 건너뜁니다.
[2025-09-11T07:34:53.950+0000] {subprocess.py:93} INFO - 경고: JSON의 '싼타페 Hybrid'에 해당하는 차종을 DB에서 찾을 수 없어 리뷰를 건너뜁니다.
[2025-09-11T07:34:53.983+0000] {subprocess.py:93} INFO - 경고: JSON의 '싼타페 Hybrid'에 해당하는 차종을 DB에서 찾을 수 없어 리뷰를 건너뜁니다.
[2025-09-11T07:34:53.987+0000] {subprocess.py:93} INFO - 경고: JSON의 '싼타페'에 해당하는 차종을 DB에서 찾을 수 없어 리뷰를 건너뜁니다.
[2025-09-11T07:34:53.998+0000] {subprocess.py:93} INFO - 경고: JSON의 '싼타페 Hybrid'에 해당하는 차종을 DB에서 찾을 수 없어 리뷰를 건너뜁니다.
[2025-09-11T07:34:54.008+0000] {subprocess.py:93} INFO - 경고: JSON의 '싼타페 Hybrid'에 해당하는 차종을 DB에서 찾을 수 없어 리뷰를 건너뜁니다.
[2025-09-11T07:34:54.020+0000] {subprocess.py:93} INFO - 경고: JSON의 '싼타페 Hybrid'에 해당하는 차종을 DB에서 찾을 수 없어 리뷰를 건너뜁니다.
[2025-09-11T07:34:54.020+0000] {subprocess.py:93} INFO - 경고: JSON의 '싼타페'에 해당하는 차종을 DB에서 찾을 수 없어 리뷰를 건너뜁니다.
[2025-09-11T07:34:54.024+0000] {subprocess.py:93} INFO - 경고: JSON의 '싼타페'에 해당하는 차종을 DB에서 찾을 수 없어 리뷰를 건너뜁니다.
[2025-09-11T07:34:54.024+0000] {subprocess.py:93} INFO - 경고: JSON의 '싼타페 Hybrid'에 해당하는 차종을 DB에서 찾을 수 없어 리뷰를 건너뜁니다.
[2025-09-11T07:34:54.028+0000] {subprocess.py:93} INFO - 경고: JSON의 '포터 II'에 해당하는 차종을 DB에서 찾을 수 없어 리뷰를 건너뜁니다.
[2025-09-11T07:34:54.064+0000] {subprocess.py:93} INFO - 경고: JSON의 '싼타페'에 해당하는 차종을 DB에서 찾을 수 없어 리뷰를 건너뜁니다.
[2025-09-11T07:34:54.064+0000] {subprocess.py:93} INFO - 경고: JSON의 '싼타페 Hybrid'에 해당하는 차종을 DB에서 찾을 수 없어 리뷰를 건너뜁니다.
[2025-09-11T07:34:54.068+0000] {subprocess.py:93} INFO - 경고: JSON의 '싼타페 Hybrid'에 해당하는 차종을 DB에서 찾을 수 없어 리뷰를 건너뜁니다.
[2025-09-11T07:34:54.084+0000] {subprocess.py:93} INFO - 경고: JSON의 '싼타페 Hybrid'에 해당하는 차종을 DB에서 찾을 수 없어 리뷰를 건너뜁니다.
[2025-09-11T07:34:54.092+0000] {subprocess.py:93} INFO - 경고: JSON의 '싼타페 Hybrid'에 해당하는 차종을 DB에서 찾을 수 없어 리뷰를 건너뜁니다.
[2025-09-11T07:34:54.125+0000] {subprocess.py:93} INFO - 경고: JSON의 '싼타페 Hybrid'에 해당하는 차종을 DB에서 찾을 수 없어 리뷰를 건너뜁니다.
[2025-09-11T07:34:54.126+0000] {subprocess.py:93} INFO - 경고: JSON의 '싼타페'에 해당하는 차종을 DB에서 찾을 수 없어 리뷰를 건너뜁니다.
[2025-09-11T07:34:54.171+0000] {subprocess.py:93} INFO - 경고: JSON의 '싼타페 Hybrid'에 해당하는 차종을 DB에서 찾을 수 없어 리뷰를 건너뜁니다.
[2025-09-11T07:34:54.179+0000] {subprocess.py:93} INFO - 경고: JSON의 '싼타페 Hybrid'에 해당하는 차종을 DB에서 찾을 수 없어 리뷰를 건너뜁니다.
[2025-09-11T07:34:54.185+0000] {subprocess.py:93} INFO - 경고: JSON의 '포터 II Electric'에 해당하는 차종을 DB에서 찾을 수 없어 리뷰를 건너뜁니다.
[2025-09-11T07:34:54.209+0000] {subprocess.py:93} INFO - 경고: JSON의 '싼타페'에 해당하는 차종을 DB에서 찾을 수 없어 리뷰를 건너뜁니다.
[2025-09-11T07:34:54.217+0000] {subprocess.py:93} INFO - 경고: JSON의 '포터 II Electric 특장차'에 해당하는 차종을 DB에서 찾을 수 없어 리뷰를 건너뜁니다.
[2025-09-11T07:34:54.218+0000] {subprocess.py:93} INFO - 경고: JSON의 '싼타페 Hybrid'에 해당하는 차종을 DB에서 찾을 수 없어 리뷰를 건너뜁니다.
[2025-09-11T07:34:54.226+0000] {subprocess.py:93} INFO - 경고: JSON의 '싼타페 Hybrid'에 해당하는 차종을 DB에서 찾을 수 없어 리뷰를 건너뜁니다.
[2025-09-11T07:34:54.267+0000] {subprocess.py:93} INFO - 경고: JSON의 '쏘나타 택시'에 해당하는 차종을 DB에서 찾을 수 없어 리뷰를 건너뜁니다.
[2025-09-11T07:34:54.267+0000] {subprocess.py:93} INFO - 경고: JSON의 '싼타페 Hybrid'에 해당하는 차종을 DB에서 찾을 수 없어 리뷰를 건너뜁니다.
[2025-09-11T07:34:54.290+0000] {subprocess.py:93} INFO - 경고: JSON의 '싼타페'에 해당하는 차종을 DB에서 찾을 수 없어 리뷰를 건너뜁니다.
[2025-09-11T07:34:54.301+0000] {subprocess.py:93} INFO - 경고: JSON의 '싼타페 Hybrid'에 해당하는 차종을 DB에서 찾을 수 없어 리뷰를 건너뜁니다.
[2025-09-11T07:34:54.302+0000] {subprocess.py:93} INFO - 경고: JSON의 '싼타페'에 해당하는 차종을 DB에서 찾을 수 없어 리뷰를 건너뜁니다.
[2025-09-11T07:34:54.312+0000] {subprocess.py:93} INFO - 경고: JSON의 '싼타페 Hybrid'에 해당하는 차종을 DB에서 찾을 수 없어 리뷰를 건너뜁니다.
[2025-09-11T07:34:54.319+0000] {subprocess.py:93} INFO - 경고: JSON의 '싼타페 Hybrid'에 해당하는 차종을 DB에서 찾을 수 없어 리뷰를 건너뜁니다.
[2025-09-11T07:34:54.320+0000] {subprocess.py:93} INFO - 경고: JSON의 '싼타페 Hybrid'에 해당하는 차종을 DB에서 찾을 수 없어 리뷰를 건너뜁니다.
[2025-09-11T07:34:54.320+0000] {subprocess.py:93} INFO - 경고: JSON의 '싼타페 Hybrid'에 해당하는 차종을 DB에서 찾을 수 없어 리뷰를 건너뜁니다.
[2025-09-11T07:34:54.330+0000] {subprocess.py:93} INFO - 경고: JSON의 '포터 II'에 해당하는 차종을 DB에서 찾을 수 없어 리뷰를 건너뜁니다.
[2025-09-11T07:34:54.334+0000] {subprocess.py:93} INFO - 경고: JSON의 '싼타페 Hybrid'에 해당하는 차종을 DB에서 찾을 수 없어 리뷰를 건너뜁니다.
[2025-09-11T07:34:54.354+0000] {subprocess.py:93} INFO - 경고: JSON의 '싼타페 Hybrid'에 해당하는 차종을 DB에서 찾을 수 없어 리뷰를 건너뜁니다.
[2025-09-11T07:34:54.387+0000] {subprocess.py:93} INFO - 경고: JSON의 '싼타페'에 해당하는 차종을 DB에서 찾을 수 없어 리뷰를 건너뜁니다.
[2025-09-11T07:34:54.409+0000] {subprocess.py:93} INFO - 경고: JSON의 '포터 II'에 해당하는 차종을 DB에서 찾을 수 없어 리뷰를 건너뜁니다.
[2025-09-11T07:34:54.426+0000] {subprocess.py:93} INFO - 경고: JSON의 '싼타페 Hybrid'에 해당하는 차종을 DB에서 찾을 수 없어 리뷰를 건너뜁니다.
[2025-09-11T07:34:54.438+0000] {subprocess.py:93} INFO - 경고: JSON의 '싼타페'에 해당하는 차종을 DB에서 찾을 수 없어 리뷰를 건너뜁니다.
[2025-09-11T07:34:54.442+0000] {subprocess.py:93} INFO - 경고: JSON의 '싼타페'에 해당하는 차종을 DB에서 찾을 수 없어 리뷰를 건너뜁니다.
[2025-09-11T07:34:54.443+0000] {subprocess.py:93} INFO - 경고: JSON의 '싼타페 Hybrid'에 해당하는 차종을 DB에서 찾을 수 없어 리뷰를 건너뜁니다.
[2025-09-11T07:34:54.443+0000] {subprocess.py:93} INFO - 경고: JSON의 '싼타페 Hybrid'에 해당하는 차종을 DB에서 찾을 수 없어 리뷰를 건너뜁니다.
[2025-09-11T07:34:54.443+0000] {subprocess.py:93} INFO - 경고: JSON의 '싼타페 Hybrid'에 해당하는 차종을 DB에서 찾을 수 없어 리뷰를 건너뜁니다.
[2025-09-11T07:34:54.450+0000] {subprocess.py:93} INFO - 경고: JSON의 '싼타페 Hybrid'에 해당하는 차종을 DB에서 찾을 수 없어 리뷰를 건너뜁니다.
[2025-09-11T07:34:54.451+0000] {subprocess.py:93} INFO - 경고: JSON의 '싼타페'에 해당하는 차종을 DB에서 찾을 수 없어 리뷰를 건너뜁니다.
[2025-09-11T07:34:54.454+0000] {subprocess.py:93} INFO - 경고: JSON의 '싼타페 Hybrid'에 해당하는 차종을 DB에서 찾을 수 없어 리뷰를 건너뜁니다.
[2025-09-11T07:34:54.458+0000] {subprocess.py:93} INFO - 경고: JSON의 '싼타페 Hybrid'에 해당하는 차종을 DB에서 찾을 수 없어 리뷰를 건너뜁니다.
[2025-09-11T07:34:54.465+0000] {subprocess.py:93} INFO - 경고: JSON의 '싼타페 Hybrid'에 해당하는 차종을 DB에서 찾을 수 없어 리뷰를 건너뜁니다.
[2025-09-11T07:34:54.487+0000] {subprocess.py:93} INFO - 경고: JSON의 '포터 II Electric 특장차'에 해당하는 차종을 DB에서 찾을 수 없어 리뷰를 건너뜁니다.
[2025-09-11T07:34:54.488+0000] {subprocess.py:93} INFO - 경고: JSON의 '싼타페 Hybrid'에 해당하는 차종을 DB에서 찾을 수 없어 리뷰를 건너뜁니다.
[2025-09-11T07:34:54.503+0000] {subprocess.py:93} INFO - 경고: JSON의 '싼타페'에 해당하는 차종을 DB에서 찾을 수 없어 리뷰를 건너뜁니다.
[2025-09-11T07:34:54.507+0000] {subprocess.py:93} INFO - 경고: JSON의 '싼타페 Hybrid'에 해당하는 차종을 DB에서 찾을 수 없어 리뷰를 건너뜁니다.
[2025-09-11T07:34:54.537+0000] {subprocess.py:93} INFO - 경고: JSON의 '쏘나타 택시'에 해당하는 차종을 DB에서 찾을 수 없어 리뷰를 건너뜁니다.
[2025-09-11T07:34:54.581+0000] {subprocess.py:93} INFO - 경고: JSON의 '싼타페 Hybrid'에 해당하는 차종을 DB에서 찾을 수 없어 리뷰를 건너뜁니다.
[2025-09-11T07:34:54.600+0000] {subprocess.py:93} INFO - 경고: JSON의 '포터 II'에 해당하는 차종을 DB에서 찾을 수 없어 리뷰를 건너뜁니다.
[2025-09-11T07:34:54.626+0000] {subprocess.py:93} INFO - 경고: JSON의 '싼타페 Hybrid'에 해당하는 차종을 DB에서 찾을 수 없어 리뷰를 건너뜁니다.
[2025-09-11T07:34:54.634+0000] {subprocess.py:93} INFO - 경고: JSON의 '싼타페 Hybrid'에 해당하는 차종을 DB에서 찾을 수 없어 리뷰를 건너뜁니다.
[2025-09-11T07:34:54.645+0000] {subprocess.py:93} INFO - 경고: JSON의 '싼타페 Hybrid'에 해당하는 차종을 DB에서 찾을 수 없어 리뷰를 건너뜁니다.
[2025-09-11T07:34:54.671+0000] {subprocess.py:93} INFO - 경고: JSON의 '싼타페'에 해당하는 차종을 DB에서 찾을 수 없어 리뷰를 건너뜁니다.
[2025-09-11T07:34:54.676+0000] {subprocess.py:93} INFO - 경고: JSON의 '포터 II'에 해당하는 차종을 DB에서 찾을 수 없어 리뷰를 건너뜁니다.
[2025-09-11T07:34:54.688+0000] {subprocess.py:93} INFO - 경고: JSON의 '포터 II Electric'에 해당하는 차종을 DB에서 찾을 수 없어 리뷰를 건너뜁니다.
[2025-09-11T07:34:54.697+0000] {subprocess.py:93} INFO - 경고: JSON의 '싼타페 Hybrid'에 해당하는 차종을 DB에서 찾을 수 없어 리뷰를 건너뜁니다.
[2025-09-11T07:34:54.706+0000] {subprocess.py:93} INFO - 경고: JSON의 '싼타페 Hybrid'에 해당하는 차종을 DB에서 찾을 수 없어 리뷰를 건너뜁니다.
[2025-09-11T07:34:54.706+0000] {subprocess.py:93} INFO - 경고: JSON의 '싼타페 Hybrid'에 해당하는 차종을 DB에서 찾을 수 없어 리뷰를 건너뜁니다.
[2025-09-11T07:34:54.710+0000] {subprocess.py:93} INFO - 경고: JSON의 '싼타페'에 해당하는 차종을 DB에서 찾을 수 없어 리뷰를 건너뜁니다.
[2025-09-11T07:34:54.738+0000] {subprocess.py:93} INFO - 경고: JSON의 '싼타페'에 해당하는 차종을 DB에서 찾을 수 없어 리뷰를 건너뜁니다.
[2025-09-11T07:34:54.746+0000] {subprocess.py:93} INFO - 경고: JSON의 '싼타페 Hybrid'에 해당하는 차종을 DB에서 찾을 수 없어 리뷰를 건너뜁니다.
[2025-09-11T07:34:54.794+0000] {subprocess.py:93} INFO - 경고: JSON의 '싼타페 Hybrid'에 해당하는 차종을 DB에서 찾을 수 없어 리뷰를 건너뜁니다.
[2025-09-11T07:34:54.795+0000] {subprocess.py:93} INFO - 경고: JSON의 '싼타페 Hybrid'에 해당하는 차종을 DB에서 찾을 수 없어 리뷰를 건너뜁니다.
[2025-09-11T07:34:54.809+0000] {subprocess.py:93} INFO - 경고: JSON의 '싼타페 Hybrid'에 해당하는 차종을 DB에서 찾을 수 없어 리뷰를 건너뜁니다.
[2025-09-11T07:34:54.809+0000] {subprocess.py:93} INFO - 경고: JSON의 '싼타페 Hybrid'에 해당하는 차종을 DB에서 찾을 수 없어 리뷰를 건너뜁니다.
[2025-09-11T07:34:54.848+0000] {subprocess.py:93} INFO - 경고: JSON의 '쏘나타 택시'에 해당하는 차종을 DB에서 찾을 수 없어 리뷰를 건너뜁니다.
[2025-09-11T07:34:54.892+0000] {subprocess.py:93} INFO - 경고: JSON의 '싼타페 Hybrid'에 해당하는 차종을 DB에서 찾을 수 없어 리뷰를 건너뜁니다.
[2025-09-11T07:34:54.903+0000] {subprocess.py:93} INFO - 경고: JSON의 '싼타페 Hybrid'에 해당하는 차종을 DB에서 찾을 수 없어 리뷰를 건너뜁니다.
[2025-09-11T07:34:54.914+0000] {subprocess.py:93} INFO - 경고: JSON의 '싼타페 Hybrid'에 해당하는 차종을 DB에서 찾을 수 없어 리뷰를 건너뜁니다.
[2025-09-11T07:34:54.918+0000] {subprocess.py:93} INFO - 경고: JSON의 '싼타페 Hybrid'에 해당하는 차종을 DB에서 찾을 수 없어 리뷰를 건너뜁니다.
[2025-09-11T07:34:54.925+0000] {subprocess.py:93} INFO - 경고: JSON의 '싼타페'에 해당하는 차종을 DB에서 찾을 수 없어 리뷰를 건너뜁니다.
[2025-09-11T07:34:54.929+0000] {subprocess.py:93} INFO - 경고: JSON의 '싼타페 Hybrid'에 해당하는 차종을 DB에서 찾을 수 없어 리뷰를 건너뜁니다.
[2025-09-11T07:34:54.945+0000] {subprocess.py:93} INFO - 경고: JSON의 '싼타페 Hybrid'에 해당하는 차종을 DB에서 찾을 수 없어 리뷰를 건너뜁니다.
[2025-09-11T07:34:54.974+0000] {subprocess.py:93} INFO - 경고: JSON의 '싼타페 Hybrid'에 해당하는 차종을 DB에서 찾을 수 없어 리뷰를 건너뜁니다.
[2025-09-11T07:34:54.975+0000] {subprocess.py:93} INFO - 경고: JSON의 '싼타페 Hybrid'에 해당하는 차종을 DB에서 찾을 수 없어 리뷰를 건너뜁니다.
[2025-09-11T07:34:54.992+0000] {subprocess.py:93} INFO - 경고: JSON의 '싼타페 Hybrid'에 해당하는 차종을 DB에서 찾을 수 없어 리뷰를 건너뜁니다.
[2025-09-11T07:34:54.993+0000] {subprocess.py:93} INFO - 경고: JSON의 '싼타페'에 해당하는 차종을 DB에서 찾을 수 없어 리뷰를 건너뜁니다.
[2025-09-11T07:34:55.002+0000] {subprocess.py:93} INFO - 경고: JSON의 '싼타페 Hybrid'에 해당하는 차종을 DB에서 찾을 수 없어 리뷰를 건너뜁니다.
[2025-09-11T07:34:55.003+0000] {subprocess.py:93} INFO - 경고: JSON의 '포터 II Electric'에 해당하는 차종을 DB에서 찾을 수 없어 리뷰를 건너뜁니다.
[2025-09-11T07:34:55.003+0000] {subprocess.py:93} INFO - 경고: JSON의 '싼타페 Hybrid'에 해당하는 차종을 DB에서 찾을 수 없어 리뷰를 건너뜁니다.
[2025-09-11T07:34:55.012+0000] {subprocess.py:93} INFO - 경고: JSON의 '싼타페 Hybrid'에 해당하는 차종을 DB에서 찾을 수 없어 리뷰를 건너뜁니다.
[2025-09-11T07:34:55.022+0000] {subprocess.py:93} INFO - 경고: JSON의 '싼타페 Hybrid'에 해당하는 차종을 DB에서 찾을 수 없어 리뷰를 건너뜁니다.
[2025-09-11T07:34:55.028+0000] {subprocess.py:93} INFO - 경고: JSON의 '포터 II'에 해당하는 차종을 DB에서 찾을 수 없어 리뷰를 건너뜁니다.
[2025-09-11T07:34:55.035+0000] {subprocess.py:93} INFO - 경고: JSON의 '쏘나타 택시'에 해당하는 차종을 DB에서 찾을 수 없어 리뷰를 건너뜁니다.
[2025-09-11T07:34:55.036+0000] {subprocess.py:93} INFO - 경고: JSON의 '싼타페 Hybrid'에 해당하는 차종을 DB에서 찾을 수 없어 리뷰를 건너뜁니다.
[2025-09-11T07:34:55.037+0000] {subprocess.py:93} INFO - 경고: JSON의 '싼타페 Hybrid'에 해당하는 차종을 DB에서 찾을 수 없어 리뷰를 건너뜁니다.
[2025-09-11T07:34:55.037+0000] {subprocess.py:93} INFO - 경고: JSON의 '싼타페'에 해당하는 차종을 DB에서 찾을 수 없어 리뷰를 건너뜁니다.
[2025-09-11T07:34:55.071+0000] {subprocess.py:93} INFO - 경고: JSON의 '싼타페 Hybrid'에 해당하는 차종을 DB에서 찾을 수 없어 리뷰를 건너뜁니다.
[2025-09-11T07:34:55.072+0000] {subprocess.py:93} INFO - 경고: JSON의 '싼타페 Hybrid'에 해당하는 차종을 DB에서 찾을 수 없어 리뷰를 건너뜁니다.
[2025-09-11T07:34:55.083+0000] {subprocess.py:93} INFO - 경고: JSON의 '싼타페 Hybrid'에 해당하는 차종을 DB에서 찾을 수 없어 리뷰를 건너뜁니다.
[2025-09-11T07:34:55.087+0000] {subprocess.py:93} INFO - 경고: JSON의 '싼타페 Hybrid'에 해당하는 차종을 DB에서 찾을 수 없어 리뷰를 건너뜁니다.
[2025-09-11T07:34:55.087+0000] {subprocess.py:93} INFO - 경고: JSON의 '싼타페 Hybrid'에 해당하는 차종을 DB에서 찾을 수 없어 리뷰를 건너뜁니다.
[2025-09-11T07:34:55.091+0000] {subprocess.py:93} INFO - 경고: JSON의 '싼타페 Hybrid'에 해당하는 차종을 DB에서 찾을 수 없어 리뷰를 건너뜁니다.
[2025-09-11T07:34:55.102+0000] {subprocess.py:93} INFO - 경고: JSON의 '싼타페'에 해당하는 차종을 DB에서 찾을 수 없어 리뷰를 건너뜁니다.
[2025-09-11T07:34:55.138+0000] {subprocess.py:93} INFO - 경고: JSON의 '싼타페'에 해당하는 차종을 DB에서 찾을 수 없어 리뷰를 건너뜁니다.
[2025-09-11T07:34:55.149+0000] {subprocess.py:93} INFO - 경고: JSON의 '싼타페'에 해당하는 차종을 DB에서 찾을 수 없어 리뷰를 건너뜁니다.
[2025-09-11T07:34:55.153+0000] {subprocess.py:93} INFO - 경고: JSON의 '싼타페 Hybrid'에 해당하는 차종을 DB에서 찾을 수 없어 리뷰를 건너뜁니다.
[2025-09-11T07:34:55.153+0000] {subprocess.py:93} INFO - 경고: JSON의 '싼타페 Hybrid'에 해당하는 차종을 DB에서 찾을 수 없어 리뷰를 건너뜁니다.
[2025-09-11T07:34:55.157+0000] {subprocess.py:93} INFO - 경고: JSON의 '싼타페 Hybrid'에 해당하는 차종을 DB에서 찾을 수 없어 리뷰를 건너뜁니다.
[2025-09-11T07:34:55.164+0000] {subprocess.py:93} INFO - 경고: JSON의 '포터 II Electric'에 해당하는 차종을 DB에서 찾을 수 없어 리뷰를 건너뜁니다.
[2025-09-11T07:34:55.171+0000] {subprocess.py:93} INFO - 경고: JSON의 '싼타페 Hybrid'에 해당하는 차종을 DB에서 찾을 수 없어 리뷰를 건너뜁니다.
[2025-09-11T07:34:55.175+0000] {subprocess.py:93} INFO - 경고: JSON의 '싼타페 Hybrid'에 해당하는 차종을 DB에서 찾을 수 없어 리뷰를 건너뜁니다.
[2025-09-11T07:34:55.179+0000] {subprocess.py:93} INFO - 경고: JSON의 '싼타페 Hybrid'에 해당하는 차종을 DB에서 찾을 수 없어 리뷰를 건너뜁니다.
[2025-09-11T07:34:55.180+0000] {subprocess.py:93} INFO - 경고: JSON의 '싼타페 Hybrid'에 해당하는 차종을 DB에서 찾을 수 없어 리뷰를 건너뜁니다.
[2025-09-11T07:34:55.180+0000] {subprocess.py:93} INFO - 경고: JSON의 '싼타페'에 해당하는 차종을 DB에서 찾을 수 없어 리뷰를 건너뜁니다.
[2025-09-11T07:34:55.180+0000] {subprocess.py:93} INFO - 경고: JSON의 '싼타페'에 해당하는 차종을 DB에서 찾을 수 없어 리뷰를 건너뜁니다.
[2025-09-11T07:34:55.201+0000] {subprocess.py:93} INFO - 경고: JSON의 '싼타페 Hybrid'에 해당하는 차종을 DB에서 찾을 수 없어 리뷰를 건너뜁니다.
[2025-09-11T07:34:55.208+0000] {subprocess.py:93} INFO - 경고: JSON의 '싼타페 Hybrid'에 해당하는 차종을 DB에서 찾을 수 없어 리뷰를 건너뜁니다.
[2025-09-11T07:34:55.209+0000] {subprocess.py:93} INFO - 경고: JSON의 '싼타페 Hybrid'에 해당하는 차종을 DB에서 찾을 수 없어 리뷰를 건너뜁니다.
[2025-09-11T07:34:55.209+0000] {subprocess.py:93} INFO - 경고: JSON의 '싼타페 Hybrid'에 해당하는 차종을 DB에서 찾을 수 없어 리뷰를 건너뜁니다.
[2025-09-11T07:34:55.216+0000] {subprocess.py:93} INFO - 경고: JSON의 '싼타페 Hybrid'에 해당하는 차종을 DB에서 찾을 수 없어 리뷰를 건너뜁니다.
[2025-09-11T07:34:55.239+0000] {subprocess.py:93} INFO - 경고: JSON의 '싼타페 Hybrid'에 해당하는 차종을 DB에서 찾을 수 없어 리뷰를 건너뜁니다.
[2025-09-11T07:34:55.239+0000] {subprocess.py:93} INFO - 경고: JSON의 '싼타페 Hybrid'에 해당하는 차종을 DB에서 찾을 수 없어 리뷰를 건너뜁니다.
[2025-09-11T07:34:55.239+0000] {subprocess.py:93} INFO - 경고: JSON의 '싼타페 Hybrid'에 해당하는 차종을 DB에서 찾을 수 없어 리뷰를 건너뜁니다.
[2025-09-11T07:34:55.240+0000] {subprocess.py:93} INFO - 경고: JSON의 '싼타페 Hybrid'에 해당하는 차종을 DB에서 찾을 수 없어 리뷰를 건너뜁니다.
[2025-09-11T07:34:55.240+0000] {subprocess.py:93} INFO - 경고: JSON의 '싼타페'에 해당하는 차종을 DB에서 찾을 수 없어 리뷰를 건너뜁니다.
[2025-09-11T07:34:55.240+0000] {subprocess.py:93} INFO - 경고: JSON의 '싼타페'에 해당하는 차종을 DB에서 찾을 수 없어 리뷰를 건너뜁니다.
[2025-09-11T07:34:55.243+0000] {subprocess.py:93} INFO - 경고: JSON의 '싼타페 Hybrid'에 해당하는 차종을 DB에서 찾을 수 없어 리뷰를 건너뜁니다.
[2025-09-11T07:34:55.248+0000] {subprocess.py:93} INFO - 경고: JSON의 '싼타페 Hybrid'에 해당하는 차종을 DB에서 찾을 수 없어 리뷰를 건너뜁니다.
[2025-09-11T07:34:55.264+0000] {subprocess.py:93} INFO - 경고: JSON의 '싼타페 Hybrid'에 해당하는 차종을 DB에서 찾을 수 없어 리뷰를 건너뜁니다.
[2025-09-11T07:34:55.264+0000] {subprocess.py:93} INFO - 경고: JSON의 '싼타페 Hybrid'에 해당하는 차종을 DB에서 찾을 수 없어 리뷰를 건너뜁니다.
[2025-09-11T07:34:55.271+0000] {subprocess.py:93} INFO - 경고: JSON의 '싼타페 Hybrid'에 해당하는 차종을 DB에서 찾을 수 없어 리뷰를 건너뜁니다.
[2025-09-11T07:34:55.279+0000] {subprocess.py:93} INFO - 경고: JSON의 '싼타페 Hybrid'에 해당하는 차종을 DB에서 찾을 수 없어 리뷰를 건너뜁니다.
[2025-09-11T07:34:55.283+0000] {subprocess.py:93} INFO - 경고: JSON의 '싼타페 Hybrid'에 해당하는 차종을 DB에서 찾을 수 없어 리뷰를 건너뜁니다.
[2025-09-11T07:34:55.328+0000] {subprocess.py:93} INFO - 경고: JSON의 '싼타페 Hybrid'에 해당하는 차종을 DB에서 찾을 수 없어 리뷰를 건너뜁니다.
[2025-09-11T07:34:55.348+0000] {subprocess.py:93} INFO - 경고: JSON의 '싼타페 Hybrid'에 해당하는 차종을 DB에서 찾을 수 없어 리뷰를 건너뜁니다.
[2025-09-11T07:34:55.365+0000] {subprocess.py:93} INFO - 경고: JSON의 '싼타페 Hybrid'에 해당하는 차종을 DB에서 찾을 수 없어 리뷰를 건너뜁니다.
[2025-09-11T07:34:55.366+0000] {subprocess.py:93} INFO - 경고: JSON의 '싼타페 Hybrid'에 해당하는 차종을 DB에서 찾을 수 없어 리뷰를 건너뜁니다.
[2025-09-11T07:34:55.366+0000] {subprocess.py:93} INFO - 경고: JSON의 '싼타페 Hybrid'에 해당하는 차종을 DB에서 찾을 수 없어 리뷰를 건너뜁니다.
[2025-09-11T07:34:55.366+0000] {subprocess.py:93} INFO - 경고: JSON의 '싼타페 Hybrid'에 해당하는 차종을 DB에서 찾을 수 없어 리뷰를 건너뜁니다.
[2025-09-11T07:34:55.373+0000] {subprocess.py:93} INFO - 경고: JSON의 '싼타페 Hybrid'에 해당하는 차종을 DB에서 찾을 수 없어 리뷰를 건너뜁니다.
[2025-09-11T07:34:55.389+0000] {subprocess.py:93} INFO - 경고: JSON의 '싼타페 Hybrid'에 해당하는 차종을 DB에서 찾을 수 없어 리뷰를 건너뜁니다.
[2025-09-11T07:34:55.400+0000] {subprocess.py:93} INFO - 경고: JSON의 '싼타페 Hybrid'에 해당하는 차종을 DB에서 찾을 수 없어 리뷰를 건너뜁니다.
[2025-09-11T07:34:55.401+0000] {subprocess.py:93} INFO - 경고: JSON의 '싼타페 Hybrid'에 해당하는 차종을 DB에서 찾을 수 없어 리뷰를 건너뜁니다.
[2025-09-11T07:34:55.415+0000] {subprocess.py:93} INFO - 경고: JSON의 '싼타페 Hybrid'에 해당하는 차종을 DB에서 찾을 수 없어 리뷰를 건너뜁니다.
[2025-09-11T07:34:55.419+0000] {subprocess.py:93} INFO - 경고: JSON의 '싼타페 Hybrid'에 해당하는 차종을 DB에서 찾을 수 없어 리뷰를 건너뜁니다.
[2025-09-11T07:34:55.419+0000] {subprocess.py:93} INFO - 경고: JSON의 '포터 II 특장차'에 해당하는 차종을 DB에서 찾을 수 없어 리뷰를 건너뜁니다.
[2025-09-11T07:34:55.426+0000] {subprocess.py:93} INFO - 경고: JSON의 '싼타페 Hybrid'에 해당하는 차종을 DB에서 찾을 수 없어 리뷰를 건너뜁니다.
[2025-09-11T07:34:55.434+0000] {subprocess.py:93} INFO - 경고: JSON의 '싼타페 Hybrid'에 해당하는 차종을 DB에서 찾을 수 없어 리뷰를 건너뜁니다.
[2025-09-11T07:34:55.438+0000] {subprocess.py:93} INFO - 경고: JSON의 '싼타페 Hybrid'에 해당하는 차종을 DB에서 찾을 수 없어 리뷰를 건너뜁니다.
[2025-09-11T07:34:55.445+0000] {subprocess.py:93} INFO - 경고: JSON의 '싼타페 Hybrid'에 해당하는 차종을 DB에서 찾을 수 없어 리뷰를 건너뜁니다.
[2025-09-11T07:34:55.446+0000] {subprocess.py:93} INFO - 경고: JSON의 '싼타페 Hybrid'에 해당하는 차종을 DB에서 찾을 수 없어 리뷰를 건너뜁니다.
[2025-09-11T07:34:55.449+0000] {subprocess.py:93} INFO - 경고: JSON의 '싼타페 Hybrid'에 해당하는 차종을 DB에서 찾을 수 없어 리뷰를 건너뜁니다.
[2025-09-11T07:34:55.450+0000] {subprocess.py:93} INFO - 경고: JSON의 '싼타페 Hybrid'에 해당하는 차종을 DB에서 찾을 수 없어 리뷰를 건너뜁니다.
[2025-09-11T07:34:55.461+0000] {subprocess.py:93} INFO - 경고: JSON의 '포터 II'에 해당하는 차종을 DB에서 찾을 수 없어 리뷰를 건너뜁니다.
[2025-09-11T07:34:55.479+0000] {subprocess.py:93} INFO - 경고: JSON의 '싼타페 Hybrid'에 해당하는 차종을 DB에서 찾을 수 없어 리뷰를 건너뜁니다.
[2025-09-11T07:34:55.523+0000] {subprocess.py:93} INFO - 경고: JSON의 '싼타페 Hybrid'에 해당하는 차종을 DB에서 찾을 수 없어 리뷰를 건너뜁니다.
[2025-09-11T07:34:55.544+0000] {subprocess.py:93} INFO - 경고: JSON의 '싼타페 Hybrid'에 해당하는 차종을 DB에서 찾을 수 없어 리뷰를 건너뜁니다.
[2025-09-11T07:34:55.545+0000] {subprocess.py:93} INFO - 경고: JSON의 '싼타페 Hybrid'에 해당하는 차종을 DB에서 찾을 수 없어 리뷰를 건너뜁니다.
[2025-09-11T07:34:55.545+0000] {subprocess.py:93} INFO - 경고: JSON의 '싼타페 Hybrid'에 해당하는 차종을 DB에서 찾을 수 없어 리뷰를 건너뜁니다.
[2025-09-11T07:34:55.545+0000] {subprocess.py:93} INFO - 경고: JSON의 '싼타페'에 해당하는 차종을 DB에서 찾을 수 없어 리뷰를 건너뜁니다.
[2025-09-11T07:34:55.552+0000] {subprocess.py:93} INFO - 경고: JSON의 '싼타페 Hybrid'에 해당하는 차종을 DB에서 찾을 수 없어 리뷰를 건너뜁니다.
[2025-09-11T07:34:55.580+0000] {subprocess.py:93} INFO - 경고: JSON의 '싼타페 Hybrid'에 해당하는 차종을 DB에서 찾을 수 없어 리뷰를 건너뜁니다.
[2025-09-11T07:34:55.580+0000] {subprocess.py:93} INFO - 경고: JSON의 '싼타페 Hybrid'에 해당하는 차종을 DB에서 찾을 수 없어 리뷰를 건너뜁니다.
[2025-09-11T07:34:55.581+0000] {subprocess.py:93} INFO - 경고: JSON의 '싼타페 Hybrid'에 해당하는 차종을 DB에서 찾을 수 없어 리뷰를 건너뜁니다.
[2025-09-11T07:34:55.597+0000] {subprocess.py:93} INFO - 경고: JSON의 '싼타페 Hybrid'에 해당하는 차종을 DB에서 찾을 수 없어 리뷰를 건너뜁니다.
[2025-09-11T07:34:55.604+0000] {subprocess.py:93} INFO - 경고: JSON의 '싼타페'에 해당하는 차종을 DB에서 찾을 수 없어 리뷰를 건너뜁니다.
[2025-09-11T07:34:55.604+0000] {subprocess.py:93} INFO - 경고: JSON의 '싼타페 Hybrid'에 해당하는 차종을 DB에서 찾을 수 없어 리뷰를 건너뜁니다.
[2025-09-11T07:34:55.604+0000] {subprocess.py:93} INFO - 경고: JSON의 '싼타페 Hybrid'에 해당하는 차종을 DB에서 찾을 수 없어 리뷰를 건너뜁니다.
[2025-09-11T07:34:55.605+0000] {subprocess.py:93} INFO - 경고: JSON의 '싼타페 Hybrid'에 해당하는 차종을 DB에서 찾을 수 없어 리뷰를 건너뜁니다.
[2025-09-11T07:34:55.607+0000] {subprocess.py:93} INFO - 경고: JSON의 '싼타페 Hybrid'에 해당하는 차종을 DB에서 찾을 수 없어 리뷰를 건너뜁니다.
[2025-09-11T07:34:55.608+0000] {subprocess.py:93} INFO - 경고: JSON의 '싼타페 Hybrid'에 해당하는 차종을 DB에서 찾을 수 없어 리뷰를 건너뜁니다.
[2025-09-11T07:34:55.618+0000] {subprocess.py:93} INFO - 경고: JSON의 '싼타페 Hybrid'에 해당하는 차종을 DB에서 찾을 수 없어 리뷰를 건너뜁니다.
[2025-09-11T07:34:55.622+0000] {subprocess.py:93} INFO - 경고: JSON의 '싼타페'에 해당하는 차종을 DB에서 찾을 수 없어 리뷰를 건너뜁니다.
[2025-09-11T07:34:55.650+0000] {subprocess.py:93} INFO - 경고: JSON의 '싼타페 Hybrid'에 해당하는 차종을 DB에서 찾을 수 없어 리뷰를 건너뜁니다.
[2025-09-11T07:34:55.657+0000] {subprocess.py:93} INFO - 경고: JSON의 '싼타페'에 해당하는 차종을 DB에서 찾을 수 없어 리뷰를 건너뜁니다.
[2025-09-11T07:34:55.675+0000] {subprocess.py:93} INFO - 경고: JSON의 '싼타페'에 해당하는 차종을 DB에서 찾을 수 없어 리뷰를 건너뜁니다.
[2025-09-11T07:34:55.675+0000] {subprocess.py:93} INFO - 경고: JSON의 '싼타페 Hybrid'에 해당하는 차종을 DB에서 찾을 수 없어 리뷰를 건너뜁니다.
[2025-09-11T07:34:55.682+0000] {subprocess.py:93} INFO - 경고: JSON의 '싼타페 Hybrid'에 해당하는 차종을 DB에서 찾을 수 없어 리뷰를 건너뜁니다.
[2025-09-11T07:34:55.692+0000] {subprocess.py:93} INFO - 경고: JSON의 '싼타페 Hybrid'에 해당하는 차종을 DB에서 찾을 수 없어 리뷰를 건너뜁니다.
[2025-09-11T07:34:55.704+0000] {subprocess.py:93} INFO - 경고: JSON의 '싼타페 Hybrid'에 해당하는 차종을 DB에서 찾을 수 없어 리뷰를 건너뜁니다.
[2025-09-11T07:34:55.704+0000] {subprocess.py:93} INFO - 경고: JSON의 '싼타페 Hybrid'에 해당하는 차종을 DB에서 찾을 수 없어 리뷰를 건너뜁니다.
[2025-09-11T07:34:55.714+0000] {subprocess.py:93} INFO - 경고: JSON의 '싼타페 Hybrid'에 해당하는 차종을 DB에서 찾을 수 없어 리뷰를 건너뜁니다.
[2025-09-11T07:34:55.729+0000] {subprocess.py:93} INFO - 경고: JSON의 '싼타페 Hybrid'에 해당하는 차종을 DB에서 찾을 수 없어 리뷰를 건너뜁니다.
[2025-09-11T07:34:55.743+0000] {subprocess.py:93} INFO - 경고: JSON의 '싼타페'에 해당하는 차종을 DB에서 찾을 수 없어 리뷰를 건너뜁니다.
[2025-09-11T07:34:55.751+0000] {subprocess.py:93} INFO - 경고: JSON의 '싼타페 Hybrid'에 해당하는 차종을 DB에서 찾을 수 없어 리뷰를 건너뜁니다.
[2025-09-11T07:34:55.755+0000] {subprocess.py:93} INFO - 경고: JSON의 '싼타페 Hybrid'에 해당하는 차종을 DB에서 찾을 수 없어 리뷰를 건너뜁니다.
[2025-09-11T07:34:55.769+0000] {subprocess.py:93} INFO - 경고: JSON의 '싼타페'에 해당하는 차종을 DB에서 찾을 수 없어 리뷰를 건너뜁니다.
[2025-09-11T07:34:55.803+0000] {subprocess.py:93} INFO - 경고: JSON의 '싼타페 Hybrid'에 해당하는 차종을 DB에서 찾을 수 없어 리뷰를 건너뜁니다.
[2025-09-11T07:34:55.807+0000] {subprocess.py:93} INFO - 경고: JSON의 '싼타페'에 해당하는 차종을 DB에서 찾을 수 없어 리뷰를 건너뜁니다.
[2025-09-11T07:34:55.818+0000] {subprocess.py:93} INFO - 경고: JSON의 '싼타페 Hybrid'에 해당하는 차종을 DB에서 찾을 수 없어 리뷰를 건너뜁니다.
[2025-09-11T07:34:55.821+0000] {subprocess.py:93} INFO - 경고: JSON의 '싼타페 Hybrid'에 해당하는 차종을 DB에서 찾을 수 없어 리뷰를 건너뜁니다.
[2025-09-11T07:34:55.821+0000] {subprocess.py:93} INFO - 경고: JSON의 '싼타페 Hybrid'에 해당하는 차종을 DB에서 찾을 수 없어 리뷰를 건너뜁니다.
[2025-09-11T07:34:55.821+0000] {subprocess.py:93} INFO - 경고: JSON의 '싼타페'에 해당하는 차종을 DB에서 찾을 수 없어 리뷰를 건너뜁니다.
[2025-09-11T07:34:55.834+0000] {subprocess.py:93} INFO - 경고: JSON의 '싼타페 Hybrid'에 해당하는 차종을 DB에서 찾을 수 없어 리뷰를 건너뜁니다.
[2025-09-11T07:34:55.834+0000] {subprocess.py:93} INFO - 경고: JSON의 '싼타페'에 해당하는 차종을 DB에서 찾을 수 없어 리뷰를 건너뜁니다.
[2025-09-11T07:34:55.835+0000] {subprocess.py:93} INFO - 경고: JSON의 '싼타페 Hybrid'에 해당하는 차종을 DB에서 찾을 수 없어 리뷰를 건너뜁니다.
[2025-09-11T07:34:55.846+0000] {subprocess.py:93} INFO - 경고: JSON의 '싼타페'에 해당하는 차종을 DB에서 찾을 수 없어 리뷰를 건너뜁니다.
[2025-09-11T07:34:55.868+0000] {subprocess.py:93} INFO - 경고: JSON의 '싼타페 Hybrid'에 해당하는 차종을 DB에서 찾을 수 없어 리뷰를 건너뜁니다.
[2025-09-11T07:34:55.869+0000] {subprocess.py:93} INFO - 경고: JSON의 '싼타페 Hybrid'에 해당하는 차종을 DB에서 찾을 수 없어 리뷰를 건너뜁니다.
[2025-09-11T07:34:55.869+0000] {subprocess.py:93} INFO - 경고: JSON의 '싼타페'에 해당하는 차종을 DB에서 찾을 수 없어 리뷰를 건너뜁니다.
[2025-09-11T07:34:55.884+0000] {subprocess.py:93} INFO - 경고: JSON의 '싼타페 Hybrid'에 해당하는 차종을 DB에서 찾을 수 없어 리뷰를 건너뜁니다.
[2025-09-11T07:34:55.884+0000] {subprocess.py:93} INFO - 경고: JSON의 '싼타페 Hybrid'에 해당하는 차종을 DB에서 찾을 수 없어 리뷰를 건너뜁니다.
[2025-09-11T07:34:55.885+0000] {subprocess.py:93} INFO - 경고: JSON의 '싼타페'에 해당하는 차종을 DB에서 찾을 수 없어 리뷰를 건너뜁니다.
[2025-09-11T07:34:55.885+0000] {subprocess.py:93} INFO - 경고: JSON의 '싼타페'에 해당하는 차종을 DB에서 찾을 수 없어 리뷰를 건너뜁니다.
[2025-09-11T07:34:55.888+0000] {subprocess.py:93} INFO - 경고: JSON의 '싼타페 Hybrid'에 해당하는 차종을 DB에서 찾을 수 없어 리뷰를 건너뜁니다.
[2025-09-11T07:34:55.889+0000] {subprocess.py:93} INFO - 경고: JSON의 '싼타페'에 해당하는 차종을 DB에서 찾을 수 없어 리뷰를 건너뜁니다.
[2025-09-11T07:34:55.889+0000] {subprocess.py:93} INFO - 경고: JSON의 '싼타페'에 해당하는 차종을 DB에서 찾을 수 없어 리뷰를 건너뜁니다.
[2025-09-11T07:34:55.897+0000] {subprocess.py:93} INFO - 경고: JSON의 '싼타페 Hybrid'에 해당하는 차종을 DB에서 찾을 수 없어 리뷰를 건너뜁니다.
[2025-09-11T07:34:55.898+0000] {subprocess.py:93} INFO - 경고: JSON의 '싼타페 Hybrid'에 해당하는 차종을 DB에서 찾을 수 없어 리뷰를 건너뜁니다.
[2025-09-11T07:34:55.902+0000] {subprocess.py:93} INFO - 경고: JSON의 '싼타페 Hybrid'에 해당하는 차종을 DB에서 찾을 수 없어 리뷰를 건너뜁니다.
[2025-09-11T07:34:55.906+0000] {subprocess.py:93} INFO - 경고: JSON의 '싼타페 Hybrid'에 해당하는 차종을 DB에서 찾을 수 없어 리뷰를 건너뜁니다.
[2025-09-11T07:34:55.906+0000] {subprocess.py:93} INFO - 경고: JSON의 '싼타페 Hybrid'에 해당하는 차종을 DB에서 찾을 수 없어 리뷰를 건너뜁니다.
[2025-09-11T07:34:55.914+0000] {subprocess.py:93} INFO - 경고: JSON의 '싼타페 Hybrid'에 해당하는 차종을 DB에서 찾을 수 없어 리뷰를 건너뜁니다.
[2025-09-11T07:34:55.922+0000] {subprocess.py:93} INFO - 경고: JSON의 '싼타페 Hybrid'에 해당하는 차종을 DB에서 찾을 수 없어 리뷰를 건너뜁니다.
[2025-09-11T07:34:55.933+0000] {subprocess.py:93} INFO - 경고: JSON의 '싼타페 Hybrid'에 해당하는 차종을 DB에서 찾을 수 없어 리뷰를 건너뜁니다.
[2025-09-11T07:34:55.934+0000] {subprocess.py:93} INFO - 경고: JSON의 '싼타페 Hybrid'에 해당하는 차종을 DB에서 찾을 수 없어 리뷰를 건너뜁니다.
[2025-09-11T07:34:55.948+0000] {subprocess.py:93} INFO - 경고: JSON의 '싼타페 Hybrid'에 해당하는 차종을 DB에서 찾을 수 없어 리뷰를 건너뜁니다.
[2025-09-11T07:34:55.952+0000] {subprocess.py:93} INFO - 경고: JSON의 '포터 II Electric'에 해당하는 차종을 DB에서 찾을 수 없어 리뷰를 건너뜁니다.
[2025-09-11T07:34:55.972+0000] {subprocess.py:93} INFO - 경고: JSON의 '포터 II'에 해당하는 차종을 DB에서 찾을 수 없어 리뷰를 건너뜁니다.
[2025-09-11T07:34:55.986+0000] {subprocess.py:93} INFO - 경고: JSON의 '포터 II'에 해당하는 차종을 DB에서 찾을 수 없어 리뷰를 건너뜁니다.
[2025-09-11T07:34:55.986+0000] {subprocess.py:93} INFO - 경고: JSON의 '싼타페 Hybrid'에 해당하는 차종을 DB에서 찾을 수 없어 리뷰를 건너뜁니다.
[2025-09-11T07:34:56.077+0000] {subprocess.py:93} INFO - 경고: JSON의 '싼타페 Hybrid'에 해당하는 차종을 DB에서 찾을 수 없어 리뷰를 건너뜁니다.
[2025-09-11T07:34:56.085+0000] {subprocess.py:93} INFO - 경고: JSON의 '싼타페'에 해당하는 차종을 DB에서 찾을 수 없어 리뷰를 건너뜁니다.
[2025-09-11T07:34:56.089+0000] {subprocess.py:93} INFO - 경고: JSON의 '싼타페 Hybrid'에 해당하는 차종을 DB에서 찾을 수 없어 리뷰를 건너뜁니다.
[2025-09-11T07:34:56.100+0000] {subprocess.py:93} INFO - 경고: JSON의 '쏘나타 택시'에 해당하는 차종을 DB에서 찾을 수 없어 리뷰를 건너뜁니다.
[2025-09-11T07:34:56.122+0000] {subprocess.py:93} INFO - 경고: JSON의 '싼타페'에 해당하는 차종을 DB에서 찾을 수 없어 리뷰를 건너뜁니다.
[2025-09-11T07:34:56.130+0000] {subprocess.py:93} INFO - 경고: JSON의 '싼타페 Hybrid'에 해당하는 차종을 DB에서 찾을 수 없어 리뷰를 건너뜁니다.
[2025-09-11T07:34:56.184+0000] {subprocess.py:93} INFO - 경고: JSON의 '싼타페 Hybrid'에 해당하는 차종을 DB에서 찾을 수 없어 리뷰를 건너뜁니다.
[2025-09-11T07:34:56.191+0000] {subprocess.py:93} INFO - 경고: JSON의 '싼타페 Hybrid'에 해당하는 차종을 DB에서 찾을 수 없어 리뷰를 건너뜁니다.
[2025-09-11T07:34:56.191+0000] {subprocess.py:93} INFO - 경고: JSON의 '싼타페 Hybrid'에 해당하는 차종을 DB에서 찾을 수 없어 리뷰를 건너뜁니다.
[2025-09-11T07:34:56.205+0000] {subprocess.py:93} INFO - 경고: JSON의 '싼타페 Hybrid'에 해당하는 차종을 DB에서 찾을 수 없어 리뷰를 건너뜁니다.
[2025-09-11T07:34:56.212+0000] {subprocess.py:93} INFO - 경고: JSON의 '싼타페'에 해당하는 차종을 DB에서 찾을 수 없어 리뷰를 건너뜁니다.
[2025-09-11T07:34:56.223+0000] {subprocess.py:93} INFO - 경고: JSON의 '싼타페 Hybrid'에 해당하는 차종을 DB에서 찾을 수 없어 리뷰를 건너뜁니다.
[2025-09-11T07:34:56.224+0000] {subprocess.py:93} INFO - 경고: JSON의 '싼타페 Hybrid'에 해당하는 차종을 DB에서 찾을 수 없어 리뷰를 건너뜁니다.
[2025-09-11T07:34:56.231+0000] {subprocess.py:93} INFO - 경고: JSON의 '싼타페 Hybrid'에 해당하는 차종을 DB에서 찾을 수 없어 리뷰를 건너뜁니다.
[2025-09-11T07:34:56.231+0000] {subprocess.py:93} INFO - 경고: JSON의 '포터 II Electric'에 해당하는 차종을 DB에서 찾을 수 없어 리뷰를 건너뜁니다.
[2025-09-11T07:34:56.237+0000] {subprocess.py:93} INFO - 경고: JSON의 '싼타페 Hybrid'에 해당하는 차종을 DB에서 찾을 수 없어 리뷰를 건너뜁니다.
[2025-09-11T07:34:56.259+0000] {subprocess.py:93} INFO - 경고: JSON의 '싼타페 Hybrid'에 해당하는 차종을 DB에서 찾을 수 없어 리뷰를 건너뜁니다.
[2025-09-11T07:34:56.270+0000] {subprocess.py:93} INFO - 경고: JSON의 '싼타페 Hybrid'에 해당하는 차종을 DB에서 찾을 수 없어 리뷰를 건너뜁니다.
[2025-09-11T07:34:56.295+0000] {subprocess.py:93} INFO - 경고: JSON의 '포터 II'에 해당하는 차종을 DB에서 찾을 수 없어 리뷰를 건너뜁니다.
[2025-09-11T07:34:56.295+0000] {subprocess.py:93} INFO - 경고: JSON의 '싼타페 Hybrid'에 해당하는 차종을 DB에서 찾을 수 없어 리뷰를 건너뜁니다.
[2025-09-11T07:34:56.300+0000] {subprocess.py:93} INFO - 경고: JSON의 '싼타페 Hybrid'에 해당하는 차종을 DB에서 찾을 수 없어 리뷰를 건너뜁니다.
[2025-09-11T07:34:56.300+0000] {subprocess.py:93} INFO - 경고: JSON의 '싼타페 Hybrid'에 해당하는 차종을 DB에서 찾을 수 없어 리뷰를 건너뜁니다.
[2025-09-11T07:34:56.303+0000] {subprocess.py:93} INFO - 경고: JSON의 '싼타페'에 해당하는 차종을 DB에서 찾을 수 없어 리뷰를 건너뜁니다.
[2025-09-11T07:34:56.323+0000] {subprocess.py:93} INFO - 경고: JSON의 '포터 II'에 해당하는 차종을 DB에서 찾을 수 없어 리뷰를 건너뜁니다.
[2025-09-11T07:34:56.334+0000] {subprocess.py:93} INFO - 경고: JSON의 '싼타페'에 해당하는 차종을 DB에서 찾을 수 없어 리뷰를 건너뜁니다.
[2025-09-11T07:34:56.355+0000] {subprocess.py:93} INFO - 경고: JSON의 '쏘나타 택시'에 해당하는 차종을 DB에서 찾을 수 없어 리뷰를 건너뜁니다.
[2025-09-11T07:34:56.399+0000] {subprocess.py:93} INFO - 경고: JSON의 '싼타페'에 해당하는 차종을 DB에서 찾을 수 없어 리뷰를 건너뜁니다.
[2025-09-11T07:34:56.406+0000] {subprocess.py:93} INFO - 경고: JSON의 '싼타페 Hybrid'에 해당하는 차종을 DB에서 찾을 수 없어 리뷰를 건너뜁니다.
[2025-09-11T07:34:56.407+0000] {subprocess.py:93} INFO - 경고: JSON의 '싼타페 Hybrid'에 해당하는 차종을 DB에서 찾을 수 없어 리뷰를 건너뜁니다.
[2025-09-11T07:34:56.418+0000] {subprocess.py:93} INFO - 경고: JSON의 '포터 II'에 해당하는 차종을 DB에서 찾을 수 없어 리뷰를 건너뜁니다.
[2025-09-11T07:34:56.451+0000] {subprocess.py:93} INFO - 경고: JSON의 '싼타페 Hybrid'에 해당하는 차종을 DB에서 찾을 수 없어 리뷰를 건너뜁니다.
[2025-09-11T07:34:56.506+0000] {subprocess.py:93} INFO - 경고: JSON의 '싼타페 Hybrid'에 해당하는 차종을 DB에서 찾을 수 없어 리뷰를 건너뜁니다.
[2025-09-11T07:34:56.514+0000] {subprocess.py:93} INFO - 경고: JSON의 '싼타페'에 해당하는 차종을 DB에서 찾을 수 없어 리뷰를 건너뜁니다.
[2025-09-11T07:34:56.518+0000] {subprocess.py:93} INFO - 경고: JSON의 '싼타페 Hybrid'에 해당하는 차종을 DB에서 찾을 수 없어 리뷰를 건너뜁니다.
[2025-09-11T07:34:56.536+0000] {subprocess.py:93} INFO - 경고: JSON의 '싼타페 Hybrid'에 해당하는 차종을 DB에서 찾을 수 없어 리뷰를 건너뜁니다.
[2025-09-11T07:34:56.543+0000] {subprocess.py:93} INFO - 경고: JSON의 '싼타페 Hybrid'에 해당하는 차종을 DB에서 찾을 수 없어 리뷰를 건너뜁니다.
[2025-09-11T07:34:56.554+0000] {subprocess.py:93} INFO - 경고: JSON의 '싼타페 Hybrid'에 해당하는 차종을 DB에서 찾을 수 없어 리뷰를 건너뜁니다.
[2025-09-11T07:34:56.555+0000] {subprocess.py:93} INFO - 경고: JSON의 '싼타페 Hybrid'에 해당하는 차종을 DB에서 찾을 수 없어 리뷰를 건너뜁니다.
[2025-09-11T07:34:56.572+0000] {subprocess.py:93} INFO - 경고: JSON의 '싼타페 Hybrid'에 해당하는 차종을 DB에서 찾을 수 없어 리뷰를 건너뜁니다.
[2025-09-11T07:34:56.579+0000] {subprocess.py:93} INFO - 경고: JSON의 '싼타페 Hybrid'에 해당하는 차종을 DB에서 찾을 수 없어 리뷰를 건너뜁니다.
[2025-09-11T07:34:56.587+0000] {subprocess.py:93} INFO - 경고: JSON의 '싼타페 Hybrid'에 해당하는 차종을 DB에서 찾을 수 없어 리뷰를 건너뜁니다.
[2025-09-11T07:34:56.591+0000] {subprocess.py:93} INFO - 경고: JSON의 '싼타페 Hybrid'에 해당하는 차종을 DB에서 찾을 수 없어 리뷰를 건너뜁니다.
[2025-09-11T07:34:56.594+0000] {subprocess.py:93} INFO - 경고: JSON의 '싼타페 Hybrid'에 해당하는 차종을 DB에서 찾을 수 없어 리뷰를 건너뜁니다.
[2025-09-11T07:34:56.598+0000] {subprocess.py:93} INFO - 경고: JSON의 '싼타페 Hybrid'에 해당하는 차종을 DB에서 찾을 수 없어 리뷰를 건너뜁니다.
[2025-09-11T07:34:56.598+0000] {subprocess.py:93} INFO - 경고: JSON의 '싼타페 Hybrid'에 해당하는 차종을 DB에서 찾을 수 없어 리뷰를 건너뜁니다.
[2025-09-11T07:34:56.615+0000] {subprocess.py:93} INFO - 경고: JSON의 '포터 II'에 해당하는 차종을 DB에서 찾을 수 없어 리뷰를 건너뜁니다.
[2025-09-11T07:34:56.646+0000] {subprocess.py:93} INFO - 경고: JSON의 '포터 II'에 해당하는 차종을 DB에서 찾을 수 없어 리뷰를 건너뜁니다.
[2025-09-11T07:34:56.657+0000] {subprocess.py:93} INFO - 경고: JSON의 '싼타페 Hybrid'에 해당하는 차종을 DB에서 찾을 수 없어 리뷰를 건너뜁니다.
[2025-09-11T07:34:56.699+0000] {subprocess.py:93} INFO - 경고: JSON의 '싼타페'에 해당하는 차종을 DB에서 찾을 수 없어 리뷰를 건너뜁니다.
[2025-09-11T07:34:56.703+0000] {subprocess.py:93} INFO - 경고: JSON의 '싼타페'에 해당하는 차종을 DB에서 찾을 수 없어 리뷰를 건너뜁니다.
[2025-09-11T07:34:56.707+0000] {subprocess.py:93} INFO - 경고: JSON의 '싼타페 Hybrid'에 해당하는 차종을 DB에서 찾을 수 없어 리뷰를 건너뜁니다.
[2025-09-11T07:34:56.714+0000] {subprocess.py:93} INFO - 경고: JSON의 '쏘나타 택시'에 해당하는 차종을 DB에서 찾을 수 없어 리뷰를 건너뜁니다.
[2025-09-11T07:34:56.725+0000] {subprocess.py:93} INFO - 경고: JSON의 '싼타페'에 해당하는 차종을 DB에서 찾을 수 없어 리뷰를 건너뜁니다.
[2025-09-11T07:34:56.726+0000] {subprocess.py:93} INFO - 경고: JSON의 '싼타페 Hybrid'에 해당하는 차종을 DB에서 찾을 수 없어 리뷰를 건너뜁니다.
[2025-09-11T07:34:56.759+0000] {subprocess.py:93} INFO - 경고: JSON의 '싼타페 Hybrid'에 해당하는 차종을 DB에서 찾을 수 없어 리뷰를 건너뜁니다.
[2025-09-11T07:34:56.784+0000] {subprocess.py:93} INFO - 경고: JSON의 '싼타페 Hybrid'에 해당하는 차종을 DB에서 찾을 수 없어 리뷰를 건너뜁니다.
[2025-09-11T07:34:56.814+0000] {subprocess.py:93} INFO - 경고: JSON의 '쏘나타 택시'에 해당하는 차종을 DB에서 찾을 수 없어 리뷰를 건너뜁니다.
[2025-09-11T07:34:56.821+0000] {subprocess.py:93} INFO - 경고: JSON의 '싼타페 Hybrid'에 해당하는 차종을 DB에서 찾을 수 없어 리뷰를 건너뜁니다.
[2025-09-11T07:34:56.821+0000] {subprocess.py:93} INFO - 경고: JSON의 '싼타페 Hybrid'에 해당하는 차종을 DB에서 찾을 수 없어 리뷰를 건너뜁니다.
[2025-09-11T07:34:56.839+0000] {subprocess.py:93} INFO - 경고: JSON의 '싼타페'에 해당하는 차종을 DB에서 찾을 수 없어 리뷰를 건너뜁니다.
[2025-09-11T07:34:56.850+0000] {subprocess.py:93} INFO - 경고: JSON의 '싼타페 Hybrid'에 해당하는 차종을 DB에서 찾을 수 없어 리뷰를 건너뜁니다.
[2025-09-11T07:34:56.853+0000] {subprocess.py:93} INFO - 경고: JSON의 '싼타페 Hybrid'에 해당하는 차종을 DB에서 찾을 수 없어 리뷰를 건너뜁니다.
[2025-09-11T07:34:56.870+0000] {subprocess.py:93} INFO - 경고: JSON의 '싼타페 Hybrid'에 해당하는 차종을 DB에서 찾을 수 없어 리뷰를 건너뜁니다.
[2025-09-11T07:34:56.877+0000] {subprocess.py:93} INFO - 경고: JSON의 '싼타페 Hybrid'에 해당하는 차종을 DB에서 찾을 수 없어 리뷰를 건너뜁니다.
[2025-09-11T07:34:56.888+0000] {subprocess.py:93} INFO - 경고: JSON의 '싼타페 Hybrid'에 해당하는 차종을 DB에서 찾을 수 없어 리뷰를 건너뜁니다.
[2025-09-11T07:34:56.898+0000] {subprocess.py:93} INFO - 경고: JSON의 '싼타페 Hybrid'에 해당하는 차종을 DB에서 찾을 수 없어 리뷰를 건너뜁니다.
[2025-09-11T07:34:56.905+0000] {subprocess.py:93} INFO - 경고: JSON의 '포터 II'에 해당하는 차종을 DB에서 찾을 수 없어 리뷰를 건너뜁니다.
[2025-09-11T07:34:56.935+0000] {subprocess.py:93} INFO - 경고: JSON의 '포터 II Electric'에 해당하는 차종을 DB에서 찾을 수 없어 리뷰를 건너뜁니다.
[2025-09-11T07:34:56.936+0000] {subprocess.py:93} INFO - 경고: JSON의 '쏘나타 택시'에 해당하는 차종을 DB에서 찾을 수 없어 리뷰를 건너뜁니다.
[2025-09-11T07:34:56.942+0000] {subprocess.py:93} INFO - 경고: JSON의 '쏘나타 택시'에 해당하는 차종을 DB에서 찾을 수 없어 리뷰를 건너뜁니다.
[2025-09-11T07:34:56.985+0000] {subprocess.py:93} INFO - 경고: JSON의 '싼타페 Hybrid'에 해당하는 차종을 DB에서 찾을 수 없어 리뷰를 건너뜁니다.
[2025-09-11T07:34:57.010+0000] {subprocess.py:93} INFO - 경고: JSON의 '싼타페 Hybrid'에 해당하는 차종을 DB에서 찾을 수 없어 리뷰를 건너뜁니다.
[2025-09-11T07:34:57.032+0000] {subprocess.py:93} INFO - 경고: JSON의 '싼타페 Hybrid'에 해당하는 차종을 DB에서 찾을 수 없어 리뷰를 건너뜁니다.
[2025-09-11T07:34:57.060+0000] {subprocess.py:93} INFO - 경고: JSON의 '싼타페'에 해당하는 차종을 DB에서 찾을 수 없어 리뷰를 건너뜁니다.
[2025-09-11T07:34:57.060+0000] {subprocess.py:93} INFO - 경고: JSON의 '싼타페 Hybrid'에 해당하는 차종을 DB에서 찾을 수 없어 리뷰를 건너뜁니다.
[2025-09-11T07:34:57.071+0000] {subprocess.py:93} INFO - 
[2025-09-11T07:34:57.071+0000] {subprocess.py:93} INFO - 총 0개의 새로운 리뷰가 추가되었습니다.
[2025-09-11T07:34:57.072+0000] {subprocess.py:93} INFO - 총 4481개의 리뷰가 업데이트되었습니다.
[2025-09-11T07:34:57.072+0000] {subprocess.py:93} INFO - 총 1389개의 리뷰를 건너뛰었습니다.
[2025-09-11T07:34:57.072+0000] {subprocess.py:93} INFO - 리뷰 임포트가 완료되었습니다.
[2025-09-11T07:34:57.073+0000] {subprocess.py:93} INFO - 3. '/app/text_data/DB/hyundai_car_history.json'에서 차량 역사 데이터 임포트를 시작합니다...
[2025-09-11T07:34:57.076+0000] {subprocess.py:93} INFO - 경고: JSON의 '포니(110) (1975~1985)'에 해당하는 차종을 DB에서 찾을 수 없어 히스토리를 건너뜁니다.
[2025-09-11T07:34:57.077+0000] {subprocess.py:93} INFO - 경고: JSON의 '포니2(110) (1982~1988)'에 해당하는 차종을 DB에서 찾을 수 없어 히스토리를 건너뜁니다.
[2025-09-11T07:34:57.077+0000] {subprocess.py:93} INFO - 경고: JSON의 '엑셀(X) (1985~1989)'에 해당하는 차종을 DB에서 찾을 수 없어 히스토리를 건너뜁니다.
[2025-09-11T07:34:57.077+0000] {subprocess.py:93} INFO - 경고: JSON의 '엑센트(X3) (1994~1997)'에 해당하는 차종을 DB에서 찾을 수 없어 히스토리를 건너뜁니다.
[2025-09-11T07:34:57.077+0000] {subprocess.py:93} INFO - 경고: JSON의 '엑센트(X3) F/L (1997~1999)'에 해당하는 차종을 DB에서 찾을 수 없어 히스토리를 건너뜁니다.
[2025-09-11T07:34:57.078+0000] {subprocess.py:93} INFO - 경고: JSON의 '베르나(LC) (1999~2002)'에 해당하는 차종을 DB에서 찾을 수 없어 히스토리를 건너뜁니다.
[2025-09-11T07:34:57.078+0000] {subprocess.py:93} INFO - 경고: JSON의 '뉴 베르나(LC) (2002~2005)'에 해당하는 차종을 DB에서 찾을 수 없어 히스토리를 건너뜁니다.
[2025-09-11T07:34:57.078+0000] {subprocess.py:93} INFO - 경고: JSON의 '베르나(MC) (2005~2009)'에 해당하는 차종을 DB에서 찾을 수 없어 히스토리를 건너뜁니다.
[2025-09-11T07:34:57.079+0000] {subprocess.py:93} INFO - 경고: JSON의 '베르나 트랜스폼(MC) (2009~2010)'에 해당하는 차종을 DB에서 찾을 수 없어 히스토리를 건너뜁니다.
[2025-09-11T07:34:57.079+0000] {subprocess.py:93} INFO - 경고: JSON의 '엑센트(RB) (2010~2019)'에 해당하는 차종을 DB에서 찾을 수 없어 히스토리를 건너뜁니다.
[2025-09-11T07:34:57.079+0000] {subprocess.py:93} INFO - 경고: JSON의 '클릭(TB) (2002~2005)'에 해당하는 차종을 DB에서 찾을 수 없어 히스토리를 건너뜁니다.
[2025-09-11T07:34:57.079+0000] {subprocess.py:93} INFO - 경고: JSON의 '클릭(TB) F/L (2005~2011)'에 해당하는 차종을 DB에서 찾을 수 없어 히스토리를 건너뜁니다.
[2025-09-11T07:34:57.080+0000] {subprocess.py:93} INFO - 경고: JSON의 '2026 캐스퍼 일렉트릭 (2024.07~)'에 해당하는 차종을 DB에서 찾을 수 없어 히스토리를 건너뜁니다.
[2025-09-11T07:34:57.080+0000] {subprocess.py:93} INFO - 경고: JSON의 'i30(FD) (2007~2011)'에 해당하는 차종을 DB에서 찾을 수 없어 히스토리를 건너뜁니다.
[2025-09-11T07:34:57.080+0000] {subprocess.py:93} INFO - 경고: JSON의 'i30(GD) (2011~2015)'에 해당하는 차종을 DB에서 찾을 수 없어 히스토리를 건너뜁니다.
[2025-09-11T07:34:57.080+0000] {subprocess.py:93} INFO - 경고: JSON의 '더 뉴 i30(GD) (2015~2016)'에 해당하는 차종을 DB에서 찾을 수 없어 히스토리를 건너뜁니다.
[2025-09-11T07:34:57.081+0000] {subprocess.py:93} INFO - 경고: JSON의 'i30(PD) (2016~2020)'에 해당하는 차종을 DB에서 찾을 수 없어 히스토리를 건너뜁니다.
[2025-09-11T07:34:57.081+0000] {subprocess.py:93} INFO - 경고: JSON의 '벨로스터(FS) (2011~2015)'에 해당하는 차종을 DB에서 찾을 수 없어 히스토리를 건너뜁니다.
[2025-09-11T07:34:57.081+0000] {subprocess.py:93} INFO - 경고: JSON의 '더 뉴 벨로스터(FS) (2015~2017)'에 해당하는 차종을 DB에서 찾을 수 없어 히스토리를 건너뜁니다.
[2025-09-11T07:34:57.081+0000] {subprocess.py:93} INFO - 경고: JSON의 '벨로스터(JS) (2018~2020)'에 해당하는 차종을 DB에서 찾을 수 없어 히스토리를 건너뜁니다.
[2025-09-11T07:34:57.081+0000] {subprocess.py:93} INFO - 경고: JSON의 '벨로스터 N(JS) (2018~2022)'에 해당하는 차종을 DB에서 찾을 수 없어 히스토리를 건너뜁니다.
[2025-09-11T07:34:57.082+0000] {subprocess.py:93} INFO - 경고: JSON의 '엘란트라(J) (1990~1993)'에 해당하는 차종을 DB에서 찾을 수 없어 히스토리를 건너뜁니다.
[2025-09-11T07:34:57.082+0000] {subprocess.py:93} INFO - 경고: JSON의 '엘란트라(J) F/L (1993~1996)'에 해당하는 차종을 DB에서 찾을 수 없어 히스토리를 건너뜁니다.
[2025-09-11T07:34:57.132+0000] {subprocess.py:93} INFO - 경고: JSON의 '아이오닉 HEV(AE) (2016~2019)'에 해당하는 차종을 DB에서 찾을 수 없어 히스토리를 건너뜁니다.
[2025-09-11T07:34:57.133+0000] {subprocess.py:93} INFO - 경고: JSON의 '아이오닉 EV(AE) (2016~2019)'에 해당하는 차종을 DB에서 찾을 수 없어 히스토리를 건너뜁니다.
[2025-09-11T07:34:57.134+0000] {subprocess.py:93} INFO - 경고: JSON의 '아이오닉 PHEV(AE) (2017~2019)'에 해당하는 차종을 DB에서 찾을 수 없어 히스토리를 건너뜁니다.
[2025-09-11T07:34:57.134+0000] {subprocess.py:93} INFO - 경고: JSON의 '아이오닉(AE) F/L (2019~2021)'에 해당하는 차종을 DB에서 찾을 수 없어 히스토리를 건너뜁니다.
[2025-09-11T07:34:57.134+0000] {subprocess.py:93} INFO - 경고: JSON의 '아이오닉 EV(AE) F/L (2019~2021)'에 해당하는 차종을 DB에서 찾을 수 없어 히스토리를 건너뜁니다.
[2025-09-11T07:34:57.135+0000] {subprocess.py:93} INFO - 경고: JSON의 'i40(VF) (2011~2015)'에 해당하는 차종을 DB에서 찾을 수 없어 히스토리를 건너뜁니다.
[2025-09-11T07:34:57.135+0000] {subprocess.py:93} INFO - 경고: JSON의 '더 뉴 i40(VF) (2015~2019)'에 해당하는 차종을 DB에서 찾을 수 없어 히스토리를 건너뜁니다.
[2025-09-11T07:34:57.135+0000] {subprocess.py:93} INFO - 경고: JSON의 '스텔라(Y) (1983~1997)'에 해당하는 차종을 DB에서 찾을 수 없어 히스토리를 건너뜁니다.
[2025-09-11T07:34:57.136+0000] {subprocess.py:93} INFO - 경고: JSON의 '쏘나타 (1985~1993)'에 해당하는 차종을 DB에서 찾을 수 없어 히스토리를 건너뜁니다.
[2025-09-11T07:34:57.136+0000] {subprocess.py:93} INFO - 경고: JSON의 '쏘나타2 (1993~1996)'에 해당하는 차종을 DB에서 찾을 수 없어 히스토리를 건너뜁니다.
[2025-09-11T07:34:57.136+0000] {subprocess.py:93} INFO - 경고: JSON의 '쏘나타3 (1996~1998)'에 해당하는 차종을 DB에서 찾을 수 없어 히스토리를 건너뜁니다.
[2025-09-11T07:34:57.136+0000] {subprocess.py:93} INFO - 경고: JSON의 'EF쏘나타 (1998~2001)'에 해당하는 차종을 DB에서 찾을 수 없어 히스토리를 건너뜁니다.
[2025-09-11T07:34:57.137+0000] {subprocess.py:93} INFO - 경고: JSON의 '뉴 EF쏘나타 (2001~2004)'에 해당하는 차종을 DB에서 찾을 수 없어 히스토리를 건너뜁니다.
[2025-09-11T07:34:57.137+0000] {subprocess.py:93} INFO - 경고: JSON의 'NF쏘나타 (2004~2007)'에 해당하는 차종을 DB에서 찾을 수 없어 히스토리를 건너뜁니다.
[2025-09-11T07:34:57.137+0000] {subprocess.py:93} INFO - 경고: JSON의 'NF쏘나타 트랜스폼 (2007~2009)'에 해당하는 차종을 DB에서 찾을 수 없어 히스토리를 건너뜁니다.
[2025-09-11T07:34:57.137+0000] {subprocess.py:93} INFO - 경고: JSON의 'YF쏘나타 (2009~2014)'에 해당하는 차종을 DB에서 찾을 수 없어 히스토리를 건너뜁니다.
[2025-09-11T07:34:57.138+0000] {subprocess.py:93} INFO - 경고: JSON의 'YF쏘나타 HEV (2011~2014)'에 해당하는 차종을 DB에서 찾을 수 없어 히스토리를 건너뜁니다.
[2025-09-11T07:34:57.138+0000] {subprocess.py:93} INFO - 경고: JSON의 'LF쏘나타 (2014~2017)'에 해당하는 차종을 DB에서 찾을 수 없어 히스토리를 건너뜁니다.
[2025-09-11T07:34:57.138+0000] {subprocess.py:93} INFO - 경고: JSON의 'LF쏘나타 HEV (2014~2017)'에 해당하는 차종을 DB에서 찾을 수 없어 히스토리를 건너뜁니다.
[2025-09-11T07:34:57.138+0000] {subprocess.py:93} INFO - 경고: JSON의 'LF쏘나타 PHEV (2015~2017)'에 해당하는 차종을 DB에서 찾을 수 없어 히스토리를 건너뜁니다.
[2025-09-11T07:34:57.139+0000] {subprocess.py:93} INFO - 경고: JSON의 'LF쏘나타 뉴 라이즈 (2017.03~)'에 해당하는 차종을 DB에서 찾을 수 없어 히스토리를 건너뜁니다.
[2025-09-11T07:34:57.139+0000] {subprocess.py:93} INFO - 경고: JSON의 'LF쏘나타 뉴 라이즈 HEV (2017~2019)'에 해당하는 차종을 DB에서 찾을 수 없어 히스토리를 건너뜁니다.
[2025-09-11T07:34:57.139+0000] {subprocess.py:93} INFO - 경고: JSON의 'LF쏘나타 뉴 라이즈PHEV (2017~2019)'에 해당하는 차종을 DB에서 찾을 수 없어 히스토리를 건너뜁니다.
[2025-09-11T07:34:57.139+0000] {subprocess.py:93} INFO - 경고: JSON의 '쏘나타(DN8) (2019~2023)'에 해당하는 차종을 DB에서 찾을 수 없어 히스토리를 건너뜁니다.
[2025-09-11T07:34:57.140+0000] {subprocess.py:93} INFO - 경고: JSON의 '쏘나타(DN8) F/L (2023.05~)'에 해당하는 차종을 DB에서 찾을 수 없어 히스토리를 건너뜁니다.
[2025-09-11T07:34:57.182+0000] {subprocess.py:93} INFO - 경고: JSON의 '마르샤(H) (1995~1998)'에 해당하는 차종을 DB에서 찾을 수 없어 히스토리를 건너뜁니다.
[2025-09-11T07:34:57.182+0000] {subprocess.py:93} INFO - 경고: JSON의 '아슬란(AG) (2014~2018)'에 해당하는 차종을 DB에서 찾을 수 없어 히스토리를 건너뜁니다.
[2025-09-11T07:34:57.182+0000] {subprocess.py:93} INFO - 경고: JSON의 '다이너스티(LX) (1996~2005)'에 해당하는 차종을 DB에서 찾을 수 없어 히스토리를 건너뜁니다.
[2025-09-11T07:34:57.183+0000] {subprocess.py:93} INFO - 경고: JSON의 '에쿠스(LZ) (1999~2009)'에 해당하는 차종을 DB에서 찾을 수 없어 히스토리를 건너뜁니다.
[2025-09-11T07:34:57.183+0000] {subprocess.py:93} INFO - 경고: JSON의 '에쿠스(VI) (2009~2015)'에 해당하는 차종을 DB에서 찾을 수 없어 히스토리를 건너뜁니다.
[2025-09-11T07:34:57.183+0000] {subprocess.py:93} INFO - 경고: JSON의 '제네시스(BH) (2008~2013)'에 해당하는 차종을 DB에서 찾을 수 없어 히스토리를 건너뜁니다.
[2025-09-11T07:34:57.183+0000] {subprocess.py:93} INFO - 경고: JSON의 '제네시스(DH) (2013~2016)'에 해당하는 차종을 DB에서 찾을 수 없어 히스토리를 건너뜁니다.
[2025-09-11T07:34:57.183+0000] {subprocess.py:93} INFO - 경고: JSON의 '아토스(MX) (1997~2002)'에 해당하는 차종을 DB에서 찾을 수 없어 히스토리를 건너뜁니다.
[2025-09-11T07:34:57.183+0000] {subprocess.py:93} INFO - 경고: JSON의 '2026 캐스퍼 (2021.09~)'에 해당하는 차종을 DB에서 찾을 수 없어 히스토리를 건너뜁니다.
[2025-09-11T07:34:57.184+0000] {subprocess.py:93} INFO - 경고: JSON의 '2026 캐스퍼 (2024.10~)'에 해당하는 차종을 DB에서 찾을 수 없어 히스토리를 건너뜁니다.
[2025-09-11T07:34:57.184+0000] {subprocess.py:93} INFO - 경고: JSON의 '스쿠프(SLC) (1990~1995)'에 해당하는 차종을 DB에서 찾을 수 없어 히스토리를 건너뜁니다.
[2025-09-11T07:34:57.184+0000] {subprocess.py:93} INFO - 경고: JSON의 '티뷰론(RD) (1996~2001)'에 해당하는 차종을 DB에서 찾을 수 없어 히스토리를 건너뜁니다.
[2025-09-11T07:34:57.184+0000] {subprocess.py:93} INFO - 경고: JSON의 '투스카니(GK) (2001~2006)'에 해당하는 차종을 DB에서 찾을 수 없어 히스토리를 건너뜁니다.
[2025-09-11T07:34:57.184+0000] {subprocess.py:93} INFO - 경고: JSON의 '투스카니(GK) F/L (2006~2008)'에 해당하는 차종을 DB에서 찾을 수 없어 히스토리를 건너뜁니다.
[2025-09-11T07:34:57.184+0000] {subprocess.py:93} INFO - 경고: JSON의 '제네시스 쿠페(BK) (2008~2011)'에 해당하는 차종을 DB에서 찾을 수 없어 히스토리를 건너뜁니다.
[2025-09-11T07:34:57.184+0000] {subprocess.py:93} INFO - 경고: JSON의 '더 뉴 제네시스 쿠페(BK) (2011~2016)'에 해당하는 차종을 DB에서 찾을 수 없어 히스토리를 건너뜁니다.
[2025-09-11T07:34:57.185+0000] {subprocess.py:93} INFO - 
[2025-09-11T07:34:57.185+0000] {subprocess.py:93} INFO - 총 0개의 새로운 차량 역사가 추가되었습니다.
[2025-09-11T07:34:57.185+0000] {subprocess.py:93} INFO - 총 30개의 차량 역사가 업데이트되었습니다.
[2025-09-11T07:34:57.185+0000] {subprocess.py:93} INFO - 총 64개의 차량 역사를 건너뛰었습니다.
[2025-09-11T07:34:57.185+0000] {subprocess.py:93} INFO - 차량 역사 임포트가 완료되었습니다.
[2025-09-11T07:34:57.185+0000] {subprocess.py:93} INFO - 4. 차량별 집계 통계를 계산합니다...
[2025-09-11T07:34:57.198+0000] {subprocess.py:93} INFO -   쏘나타 디 엣지: 평균 평점 4.9
[2025-09-11T07:34:57.200+0000] {subprocess.py:93} INFO -     공간: "공간이 적당해요" (290회, 64.6%)
[2025-09-11T07:34:57.201+0000] {subprocess.py:93} INFO -     성능: "편의기능이 다양해요" (221회, 49.2%)
[2025-09-11T07:34:57.201+0000] {subprocess.py:93} INFO -     디자인: "마음에 쏙 들어요" (276회, 61.5%)
[2025-09-11T07:34:57.201+0000] {subprocess.py:93} INFO -     승차감: "운전이 즐거워요" (403회, 89.8%)
[2025-09-11T07:34:57.209+0000] {subprocess.py:93} INFO -   아이오닉 5: 평균 평점 4.9
[2025-09-11T07:34:57.211+0000] {subprocess.py:93} INFO -     공간: "뒷좌석이 넓어요" (116회, 47.9%)
[2025-09-11T07:34:57.212+0000] {subprocess.py:93} INFO -     성능: "주행감이 훌륭해요" (98회, 40.5%)
[2025-09-11T07:34:57.212+0000] {subprocess.py:93} INFO -     디자인: "마음에 쏙 들어요" (120회, 49.6%)
[2025-09-11T07:34:57.212+0000] {subprocess.py:93} INFO -     승차감: "운전이 즐거워요" (216회, 89.3%)
[2025-09-11T07:34:57.222+0000] {subprocess.py:93} INFO -   스타리아: 평균 평점 4.85
[2025-09-11T07:34:57.223+0000] {subprocess.py:93} INFO -     공간: "공간이 적당해요" (57회, 39.9%)
[2025-09-11T07:34:57.224+0000] {subprocess.py:93} INFO -     성능: "편의기능이 다양해요" (82회, 57.3%)
[2025-09-11T07:34:57.224+0000] {subprocess.py:93} INFO -     디자인: "마음에 쏙 들어요" (79회, 55.2%)
[2025-09-11T07:34:57.224+0000] {subprocess.py:93} INFO -     승차감: "운전이 즐거워요" (116회, 81.1%)
[2025-09-11T07:34:57.249+0000] {subprocess.py:93} INFO -   디 올 뉴 팰리세이드: 평균 평점 4.88
[2025-09-11T07:34:57.253+0000] {subprocess.py:93} INFO -     공간: "많은 짐도 거뜬해요" (355회, 42.1%)
[2025-09-11T07:34:57.253+0000] {subprocess.py:93} INFO -     성능: "편의기능이 다양해요" (378회, 44.8%)
[2025-09-11T07:34:57.253+0000] {subprocess.py:93} INFO -     디자인: "마음에 쏙 들어요" (521회, 61.8%)
[2025-09-11T07:34:57.253+0000] {subprocess.py:93} INFO -     승차감: "운전이 즐거워요" (691회, 82.0%)
[2025-09-11T07:34:57.268+0000] {subprocess.py:93} INFO -   코나: 평균 평점 4.93
[2025-09-11T07:34:57.270+0000] {subprocess.py:93} INFO -     공간: "공간이 적당해요" (254회, 72.0%)
[2025-09-11T07:34:57.271+0000] {subprocess.py:93} INFO -     성능: "편의기능이 다양해요" (170회, 48.2%)
[2025-09-11T07:34:57.271+0000] {subprocess.py:93} INFO -     디자인: "마음에 쏙 들어요" (226회, 64.0%)
[2025-09-11T07:34:57.272+0000] {subprocess.py:93} INFO -     승차감: "운전이 즐거워요" (329회, 93.2%)
[2025-09-11T07:34:57.274+0000] {subprocess.py:93} INFO -   디 올 뉴 넥쏘: 평균 평점 4.83
[2025-09-11T07:34:57.275+0000] {subprocess.py:93} INFO -     공간: "공간이 적당해요" (16회, 80.0%)
[2025-09-11T07:34:57.276+0000] {subprocess.py:93} INFO -     성능: "편의기능이 다양해요" (7회, 35.0%)
[2025-09-11T07:34:57.276+0000] {subprocess.py:93} INFO -     디자인: "마음에 쏙 들어요" (9회, 45.0%)
[2025-09-11T07:34:57.276+0000] {subprocess.py:93} INFO -     승차감: "운전이 즐거워요" (16회, 80.0%)
[2025-09-11T07:34:57.294+0000] {subprocess.py:93} INFO -   그랜저: 평균 평점 4.9
[2025-09-11T07:34:57.296+0000] {subprocess.py:93} INFO -     공간: "뒷좌석이 넓어요" (395회, 56.3%)
[2025-09-11T07:34:57.296+0000] {subprocess.py:93} INFO -     성능: "편의기능이 다양해요" (275회, 39.2%)
[2025-09-11T07:34:57.297+0000] {subprocess.py:93} INFO -     디자인: "마음에 쏙 들어요" (401회, 57.1%)
[2025-09-11T07:34:57.297+0000] {subprocess.py:93} INFO -     승차감: "운전이 즐거워요" (593회, 84.5%)
[2025-09-11T07:34:57.300+0000] {subprocess.py:93} INFO -   ST1: 평균 평점 5.0
[2025-09-11T07:34:57.302+0000] {subprocess.py:93} INFO -     공간: "많은 짐도 거뜬해요" (8회, 53.3%)
[2025-09-11T07:34:57.302+0000] {subprocess.py:93} INFO -     성능: "주행감이 훌륭해요" (7회, 46.7%)
[2025-09-11T07:34:57.302+0000] {subprocess.py:93} INFO -     디자인: "마음에 쏙 들어요" (11회, 73.3%)
[2025-09-11T07:34:57.302+0000] {subprocess.py:93} INFO -     승차감: "운전이 즐거워요" (15회, 100.0%)
[2025-09-11T07:34:57.307+0000] {subprocess.py:93} INFO -   아이오닉 9: 평균 평점 4.88
[2025-09-11T07:34:57.309+0000] {subprocess.py:93} INFO -     공간: "뒷좌석이 넓어요" (69회, 50.4%)
[2025-09-11T07:34:57.309+0000] {subprocess.py:93} INFO -     성능: "주행감이 훌륭해요" (83회, 60.6%)
[2025-09-11T07:34:57.309+0000] {subprocess.py:93} INFO -     디자인: "매력적이에요" (72회, 52.6%)
[2025-09-11T07:34:57.309+0000] {subprocess.py:93} INFO -     승차감: "운전이 즐거워요" (109회, 79.6%)
[2025-09-11T07:34:57.314+0000] {subprocess.py:93} INFO -   베뉴: 평균 평점 4.95
[2025-09-11T07:34:57.316+0000] {subprocess.py:93} INFO -     공간: "공간이 적당해요" (115회, 89.1%)
[2025-09-11T07:34:57.316+0000] {subprocess.py:93} INFO -     성능: "연비가 좋아요" (47회, 36.4%)
[2025-09-11T07:34:57.316+0000] {subprocess.py:93} INFO -     디자인: "마음에 쏙 들어요" (97회, 75.2%)
[2025-09-11T07:34:57.316+0000] {subprocess.py:93} INFO -     승차감: "운전이 즐거워요" (122회, 94.6%)
[2025-09-11T07:34:57.318+0000] {subprocess.py:93} INFO -   아이오닉 5 N: 평균 평점 5.0
[2025-09-11T07:34:57.319+0000] {subprocess.py:93} INFO -     공간: "뒷좌석이 넓어요" (4회, 66.7%)
[2025-09-11T07:34:57.319+0000] {subprocess.py:93} INFO -     성능: "주행감이 훌륭해요" (5회, 83.3%)
[2025-09-11T07:34:57.320+0000] {subprocess.py:93} INFO -     디자인: "매력적이에요" (4회, 66.7%)
[2025-09-11T07:34:57.320+0000] {subprocess.py:93} INFO -     승차감: "운전이 즐거워요" (4회, 66.7%)
[2025-09-11T07:34:57.337+0000] {subprocess.py:93} INFO -   아반떼 N: 평균 평점 4.89
[2025-09-11T07:34:57.339+0000] {subprocess.py:93} INFO -     공간: "공간이 적당해요" (474회, 68.4%)
[2025-09-11T07:34:57.340+0000] {subprocess.py:93} INFO -     성능: "연비가 좋아요" (278회, 40.1%)
[2025-09-11T07:34:57.340+0000] {subprocess.py:93} INFO -     디자인: "마음에 쏙 들어요" (415회, 59.9%)
[2025-09-11T07:34:57.340+0000] {subprocess.py:93} INFO -     승차감: "운전이 즐거워요" (610회, 88.0%)
[2025-09-11T07:34:57.358+0000] {subprocess.py:93} INFO -   투싼: 평균 평점 4.86
[2025-09-11T07:34:57.360+0000] {subprocess.py:93} INFO -     공간: "공간이 적당해요" (284회, 44.7%)
[2025-09-11T07:34:57.361+0000] {subprocess.py:93} INFO -     성능: "편의기능이 다양해요" (265회, 41.7%)
[2025-09-11T07:34:57.362+0000] {subprocess.py:93} INFO -     디자인: "마음에 쏙 들어요" (419회, 66.0%)
[2025-09-11T07:34:57.362+0000] {subprocess.py:93} INFO -     승차감: "운전이 즐거워요" (572회, 90.1%)
[2025-09-11T07:34:57.367+0000] {subprocess.py:93} INFO -   더 뉴 아이오닉 6: 평균 평점 4.86
[2025-09-11T07:34:57.369+0000] {subprocess.py:93} INFO -     공간: "뒷좌석이 넓어요" (70회, 61.4%)
[2025-09-11T07:34:57.369+0000] {subprocess.py:93} INFO -     성능: "주행감이 훌륭해요" (63회, 55.3%)
[2025-09-11T07:34:57.369+0000] {subprocess.py:93} INFO -     디자인: "매력적이에요" (55회, 48.2%)
[2025-09-11T07:34:57.369+0000] {subprocess.py:93} INFO -     승차감: "운전이 즐거워요" (103회, 90.4%)
[2025-09-11T07:34:57.370+0000] {subprocess.py:93} INFO - 집계 통계 계산이 완료되었습니다.
[2025-09-11T07:34:57.370+0000] {subprocess.py:93} INFO - 
[2025-09-11T07:34:57.370+0000] {subprocess.py:93} INFO - 모든 데이터 임포트 작업이 완료되었습니다.
[2025-09-11T07:34:58.858+0000] {subprocess.py:97} INFO - Command exited with return code 0
[2025-09-11T07:34:58.905+0000] {taskinstance.py:1138} INFO - Marking task as SUCCESS. dag_id=update_car_data, task_id=import_car_data, execution_date=20250911T073408, start_date=20250911T073432, end_date=20250911T073458
[2025-09-11T07:34:58.932+0000] {local_task_job_runner.py:234} INFO - Task exited with return code 0
[2025-09-11T07:34:58.959+0000] {taskinstance.py:3280} INFO - 0 downstream tasks scheduled from follow-on schedule check
